E:\fl-experiment\.venv\Lib\site-packages\torch\cuda\__init__.py:61: FutureWarning: The pynvml package is deprecated. Please install nvidia-ml-py instead. If you did not install pynvml directly, please report this to the maintainers of the package that installed pynvml for you.
  import pynvml  # type: ignore[import]
2026-09-24 18:50:20,294 fflow.py init [line:848] INFO PROCESS ID:	31584
2026-09-24 18:50:20,294 fflow.py init [line:849] INFO Initializing devices: cuda:0 will be used for this running.
2026-09-24 18:50:20,294 fflow.py init [line:852] INFO BENCHMARK:	flgo.benchmark.mnist_classification
2026-09-24 18:50:20,294 fflow.py init [line:853] INFO TASK:			E:\Federated Machine Learning\FL-Byzantine-Library\mnist_dir20
2026-09-24 18:50:20,330 fflow.py init [line:854] INFO MODEL:		flgo.benchmark.mnist_classification.model.cnn
2026-09-24 18:50:20,330 fflow.py init [line:855] INFO ALGORITHM:	research_algorithm
2026-09-24 18:50:21,316 fflow.py init [line:901] INFO SCENE:		horizontal FL with 1 <class 'flgo_byzantine.research_algorithm.Server'>, 20 <class 'flgo_byzantine.research_algorithm.Client'>
2026-09-24 18:50:21,434 fflow.py init [line:918] INFO SIMULATOR:	<class 'flgo.simulator.default_simulator.Simulator'>
2026-09-24 18:50:25,620 fflow.py init [line:931] INFO Ready to start.
2026-09-24 18:50:25,620 fedbase.py run [line:300] INFO --------------Initial Evaluation--------------
2026-09-24 18:50:25,620 simple_logger.py log_once [line:14] INFO Current_time:0
2026-09-24 18:50:27,159 simple_logger.py log_once [line:28] INFO test_accuracy                 0.0875
2026-09-24 18:50:27,159 simple_logger.py log_once [line:28] INFO test_loss                     2.3101
2026-09-24 18:50:27,159 simple_logger.py log_once [line:28] INFO val_accuracy                  0.0866
2026-09-24 18:50:27,159 simple_logger.py log_once [line:28] INFO mean_val_accuracy             0.0874
2026-09-24 18:50:27,159 simple_logger.py log_once [line:28] INFO std_val_accuracy              0.2312
2026-09-24 18:50:27,159 simple_logger.py log_once [line:28] INFO val_loss                      2.3109
2026-09-24 18:50:27,159 simple_logger.py log_once [line:28] INFO mean_val_loss                 2.3111
2026-09-24 18:50:27,159 simple_logger.py log_once [line:28] INFO std_val_loss                  0.0785
2026-09-24 18:50:27,159 fedbase.py run [line:303] INFO Eval Time Cost:               1.5390s
2026-09-24 18:50:27,171 asyncbase.py iterate [line:68] INFO Select clients [np.int64(7), np.int64(16), np.int64(18), np.int64(1), np.int64(9), np.int64(19)] at time 1.
2026-09-24 18:50:29,089 asyncbase.py iterate [line:73] INFO Receive new models from clients [16] at time 1
2026-09-24 18:50:29,116 fedbase.py run [line:311] INFO --------------Round 1--------------
2026-09-24 18:50:29,116 simple_logger.py log_once [line:14] INFO Current_time:1
2026-09-24 18:50:30,560 simple_logger.py log_once [line:28] INFO test_accuracy                 0.1815
2026-09-24 18:50:30,560 simple_logger.py log_once [line:28] INFO test_loss                     5.7216
2026-09-24 18:50:30,560 simple_logger.py log_once [line:28] INFO val_accuracy                  0.1865
2026-09-24 18:50:30,560 simple_logger.py log_once [line:28] INFO mean_val_accuracy             0.1861
2026-09-24 18:50:30,560 simple_logger.py log_once [line:28] INFO std_val_accuracy              0.3511
2026-09-24 18:50:30,560 simple_logger.py log_once [line:28] INFO val_loss                      5.6871
2026-09-24 18:50:30,560 simple_logger.py log_once [line:28] INFO mean_val_loss                 5.6905
2026-09-24 18:50:30,560 simple_logger.py log_once [line:28] INFO std_val_loss                  3.3005
2026-09-24 18:50:30,560 fedbase.py run [line:316] INFO Eval Time Cost:               1.4439s
2026-09-24 18:50:30,569 asyncbase.py iterate [line:68] INFO Select clients [np.int64(15)] at time 2.
2026-09-24 18:50:30,890 asyncbase.py iterate [line:73] INFO Receive new models from clients [7] at time 2
2026-09-24 18:50:30,917 fedbase.py run [line:311] INFO --------------Round 2--------------
2026-09-24 18:50:30,917 simple_logger.py log_once [line:14] INFO Current_time:2
2026-09-24 18:50:32,404 simple_logger.py log_once [line:28] INFO test_accuracy                 0.1689
2026-09-24 18:50:32,404 simple_logger.py log_once [line:28] INFO test_loss                     5.7486
2026-09-24 18:50:32,404 simple_logger.py log_once [line:28] INFO val_accuracy                  0.1735
2026-09-24 18:50:32,404 simple_logger.py log_once [line:28] INFO mean_val_accuracy             0.1734
2026-09-24 18:50:32,404 simple_logger.py log_once [line:28] INFO std_val_accuracy              0.2962
2026-09-24 18:50:32,404 simple_logger.py log_once [line:28] INFO val_loss                      5.7153
2026-09-24 18:50:32,404 simple_logger.py log_once [line:28] INFO mean_val_loss                 5.7246
2026-09-24 18:50:32,404 simple_logger.py log_once [line:28] INFO std_val_loss                  3.7992
2026-09-24 18:50:32,404 fedbase.py run [line:316] INFO Eval Time Cost:               1.4873s
2026-09-24 18:50:32,415 asyncbase.py iterate [line:73] INFO Receive new models from clients [1, 19, 18] at time 3
2026-09-24 18:50:32,459 fedbase.py run [line:311] INFO --------------Round 3--------------
2026-09-24 18:50:32,459 simple_logger.py log_once [line:14] INFO Current_time:3
2026-09-24 18:50:33,910 simple_logger.py log_once [line:28] INFO test_accuracy                 0.2239
2026-09-24 18:50:33,910 simple_logger.py log_once [line:28] INFO test_loss                     6.5237
2026-09-24 18:50:33,911 simple_logger.py log_once [line:28] INFO val_accuracy                  0.2314
2026-09-24 18:50:33,911 simple_logger.py log_once [line:28] INFO mean_val_accuracy             0.2316
2026-09-24 18:50:33,911 simple_logger.py log_once [line:28] INFO std_val_accuracy              0.3422
2026-09-24 18:50:33,911 simple_logger.py log_once [line:28] INFO val_loss                      6.4528
2026-09-24 18:50:33,911 simple_logger.py log_once [line:28] INFO mean_val_loss                 6.4688
2026-09-24 18:50:33,911 simple_logger.py log_once [line:28] INFO std_val_loss                  4.7437
2026-09-24 18:50:33,911 fedbase.py run [line:316] INFO Eval Time Cost:               1.4515s
2026-09-24 18:50:33,921 asyncbase.py iterate [line:68] INFO Select clients [np.int64(2), np.int64(7), np.int64(11), np.int64(12)] at time 4.
2026-09-24 18:50:35,167 asyncbase.py iterate [line:73] INFO Receive new models from clients [9, 12, 15] at time 4
2026-09-24 18:50:35,211 fedbase.py run [line:311] INFO --------------Round 4--------------
2026-09-24 18:50:35,212 simple_logger.py log_once [line:14] INFO Current_time:4
2026-09-24 18:50:36,688 simple_logger.py log_once [line:28] INFO test_accuracy                 0.0892
2026-09-24 18:50:36,688 simple_logger.py log_once [line:28] INFO test_loss                     3.0530
2026-09-24 18:50:36,688 simple_logger.py log_once [line:28] INFO val_accuracy                  0.0907
2026-09-24 18:50:36,688 simple_logger.py log_once [line:28] INFO mean_val_accuracy             0.0904
2026-09-24 18:50:36,688 simple_logger.py log_once [line:28] INFO std_val_accuracy              0.2536
2026-09-24 18:50:36,688 simple_logger.py log_once [line:28] INFO val_loss                      3.0481
2026-09-24 18:50:36,688 simple_logger.py log_once [line:28] INFO mean_val_loss                 3.0494
2026-09-24 18:50:36,688 simple_logger.py log_once [line:28] INFO std_val_loss                  1.1777
2026-09-24 18:50:36,688 fedbase.py run [line:316] INFO Eval Time Cost:               1.4768s
2026-09-24 18:50:36,698 asyncbase.py iterate [line:68] INFO Select clients [np.int64(16), np.int64(12), np.int64(0)] at time 5.
2026-09-24 18:50:37,609 asyncbase.py iterate [line:73] INFO Receive new models from clients [2, 11, 12] at time 6
2026-09-24 18:50:37,652 fedbase.py run [line:311] INFO --------------Round 5--------------
2026-09-24 18:50:37,652 simple_logger.py log_once [line:14] INFO Current_time:6
2026-09-24 18:50:39,110 simple_logger.py log_once [line:28] INFO test_accuracy                 0.1046
2026-09-24 18:50:39,110 simple_logger.py log_once [line:28] INFO test_loss                     3.0509
2026-09-24 18:50:39,110 simple_logger.py log_once [line:28] INFO val_accuracy                  0.1078
2026-09-24 18:50:39,110 simple_logger.py log_once [line:28] INFO mean_val_accuracy             0.1089
2026-09-24 18:50:39,110 simple_logger.py log_once [line:28] INFO std_val_accuracy              0.2643
2026-09-24 18:50:39,110 simple_logger.py log_once [line:28] INFO val_loss                      3.0444
2026-09-24 18:50:39,110 simple_logger.py log_once [line:28] INFO mean_val_loss                 3.0414
2026-09-24 18:50:39,110 simple_logger.py log_once [line:28] INFO std_val_loss                  1.3623
2026-09-24 18:50:39,110 fedbase.py run [line:316] INFO Eval Time Cost:               1.4584s
2026-09-24 18:50:39,120 asyncbase.py iterate [line:68] INFO Select clients [np.int64(6)] at time 7.
2026-09-24 18:50:39,424 asyncbase.py iterate [line:73] INFO Receive new models from clients [7, 16, 6] at time 7
2026-09-24 18:50:39,471 fedbase.py run [line:311] INFO --------------Round 6--------------
2026-09-24 18:50:39,471 simple_logger.py log_once [line:14] INFO Current_time:7
2026-09-24 18:50:40,921 simple_logger.py log_once [line:28] INFO test_accuracy                 0.1954
2026-09-24 18:50:40,921 simple_logger.py log_once [line:28] INFO test_loss                     2.1662
2026-09-24 18:50:40,921 simple_logger.py log_once [line:28] INFO val_accuracy                  0.2018
2026-09-24 18:50:40,921 simple_logger.py log_once [line:28] INFO mean_val_accuracy             0.2022
2026-09-24 18:50:40,921 simple_logger.py log_once [line:28] INFO std_val_accuracy              0.3785
2026-09-24 18:50:40,921 simple_logger.py log_once [line:28] INFO val_loss                      2.1641
2026-09-24 18:50:40,921 simple_logger.py log_once [line:28] INFO mean_val_loss                 2.1632
2026-09-24 18:50:40,921 simple_logger.py log_once [line:28] INFO std_val_loss                  0.3315
2026-09-24 18:50:40,921 fedbase.py run [line:316] INFO Eval Time Cost:               1.4502s
2026-09-24 18:50:40,932 asyncbase.py iterate [line:68] INFO Select clients [np.int64(1), np.int64(16), np.int64(13), np.int64(14), np.int64(19)] at time 8.
2026-09-24 18:50:42,483 asyncbase.py iterate [line:73] INFO Receive new models from clients [0] at time 8
2026-09-24 18:50:42,506 fedbase.py run [line:311] INFO --------------Round 7--------------
2026-09-24 18:50:42,506 simple_logger.py log_once [line:14] INFO Current_time:8
2026-09-24 18:50:43,955 simple_logger.py log_once [line:28] INFO test_accuracy                 0.1032
2026-09-24 18:50:43,955 simple_logger.py log_once [line:28] INFO test_loss                     3.1800
2026-09-24 18:50:43,955 simple_logger.py log_once [line:28] INFO val_accuracy                  0.0983
2026-09-24 18:50:43,955 simple_logger.py log_once [line:28] INFO mean_val_accuracy             0.0993
2026-09-24 18:50:43,955 simple_logger.py log_once [line:28] INFO std_val_accuracy              0.2871
2026-09-24 18:50:43,955 simple_logger.py log_once [line:28] INFO val_loss                      3.1837
2026-09-24 18:50:43,955 simple_logger.py log_once [line:28] INFO mean_val_loss                 3.1804
2026-09-24 18:50:43,955 simple_logger.py log_once [line:28] INFO std_val_loss                  1.3636
2026-09-24 18:50:43,955 fedbase.py run [line:316] INFO Eval Time Cost:               1.4496s
2026-09-24 18:50:43,965 asyncbase.py iterate [line:68] INFO Select clients [np.int64(7)] at time 9.
2026-09-24 18:50:44,300 asyncbase.py iterate [line:73] INFO Receive new models from clients [19, 7] at time 9
2026-09-24 18:50:44,345 fedbase.py run [line:311] INFO --------------Round 8--------------
2026-09-24 18:50:44,345 simple_logger.py log_once [line:14] INFO Current_time:9
2026-09-24 18:50:45,823 simple_logger.py log_once [line:28] INFO test_accuracy                 0.1956
2026-09-24 18:50:45,824 simple_logger.py log_once [line:28] INFO test_loss                     2.9479
2026-09-24 18:50:45,824 simple_logger.py log_once [line:28] INFO val_accuracy                  0.1976
2026-09-24 18:50:45,824 simple_logger.py log_once [line:28] INFO mean_val_accuracy             0.1981
2026-09-24 18:50:45,824 simple_logger.py log_once [line:28] INFO std_val_accuracy              0.3530
2026-09-24 18:50:45,824 simple_logger.py log_once [line:28] INFO val_loss                      2.9563
2026-09-24 18:50:45,824 simple_logger.py log_once [line:28] INFO mean_val_loss                 2.9544
2026-09-24 18:50:45,824 simple_logger.py log_once [line:28] INFO std_val_loss                  1.7308
2026-09-24 18:50:45,824 fedbase.py run [line:316] INFO Eval Time Cost:               1.4788s
2026-09-24 18:50:45,833 asyncbase.py iterate [line:68] INFO Select clients [np.int64(19), np.int64(4)] at time 10.
2026-09-24 18:50:46,450 asyncbase.py iterate [line:73] INFO Receive new models from clients [1] at time 10
2026-09-24 18:50:46,472 fedbase.py run [line:311] INFO --------------Round 9--------------
2026-09-24 18:50:46,472 simple_logger.py log_once [line:14] INFO Current_time:10
2026-09-24 18:50:47,930 simple_logger.py log_once [line:28] INFO test_accuracy                 0.2733
2026-09-24 18:50:47,930 simple_logger.py log_once [line:28] INFO test_loss                     9.2637
2026-09-24 18:50:47,930 simple_logger.py log_once [line:28] INFO val_accuracy                  0.2734
2026-09-24 18:50:47,930 simple_logger.py log_once [line:28] INFO mean_val_accuracy             0.2741
2026-09-24 18:50:47,930 simple_logger.py log_once [line:28] INFO std_val_accuracy              0.4024
2026-09-24 18:50:47,930 simple_logger.py log_once [line:28] INFO val_loss                      9.1930
2026-09-24 18:50:47,930 simple_logger.py log_once [line:28] INFO mean_val_loss                 9.1903
2026-09-24 18:50:47,930 simple_logger.py log_once [line:28] INFO std_val_loss                  6.4834
2026-09-24 18:50:47,930 fedbase.py run [line:316] INFO Eval Time Cost:               1.4578s
2026-09-24 18:50:47,939 asyncbase.py iterate [line:68] INFO Select clients [np.int64(0)] at time 11.
2026-09-24 18:50:48,240 asyncbase.py iterate [line:73] INFO Receive new models from clients [16, 14, 13] at time 11
2026-09-24 18:50:48,290 fedbase.py run [line:311] INFO --------------Round 10--------------
2026-09-24 18:50:48,290 simple_logger.py log_once [line:14] INFO Current_time:11
2026-09-24 18:50:49,735 simple_logger.py log_once [line:28] INFO test_accuracy                 0.3407
2026-09-24 18:50:49,736 simple_logger.py log_once [line:28] INFO test_loss                     8.0304
2026-09-24 18:50:49,736 simple_logger.py log_once [line:28] INFO val_accuracy                  0.3446
2026-09-24 18:50:49,736 simple_logger.py log_once [line:28] INFO mean_val_accuracy             0.3445
2026-09-24 18:50:49,736 simple_logger.py log_once [line:28] INFO std_val_accuracy              0.4087
2026-09-24 18:50:49,736 simple_logger.py log_once [line:28] INFO val_loss                      7.9246
2026-09-24 18:50:49,736 simple_logger.py log_once [line:28] INFO mean_val_loss                 7.9418
2026-09-24 18:50:49,736 simple_logger.py log_once [line:28] INFO std_val_loss                  6.9225
2026-09-24 18:50:49,736 fedbase.py run [line:316] INFO Eval Time Cost:               1.4456s
2026-09-24 18:50:49,744 asyncbase.py iterate [line:68] INFO Select clients [np.int64(3), np.int64(7), np.int64(2)] at time 12.
2026-09-24 18:50:50,656 asyncbase.py iterate [line:73] INFO Receive new models from clients [0, 2] at time 12
2026-09-24 18:50:50,698 fedbase.py run [line:311] INFO --------------Round 11--------------
2026-09-24 18:50:50,698 simple_logger.py log_once [line:14] INFO Current_time:12
2026-09-24 18:50:52,147 simple_logger.py log_once [line:28] INFO test_accuracy                 0.1032
2026-09-24 18:50:52,147 simple_logger.py log_once [line:28] INFO test_loss                     8.5651
2026-09-24 18:50:52,147 simple_logger.py log_once [line:28] INFO val_accuracy                  0.0983
2026-09-24 18:50:52,147 simple_logger.py log_once [line:28] INFO mean_val_accuracy             0.0993
2026-09-24 18:50:52,147 simple_logger.py log_once [line:28] INFO std_val_accuracy              0.2871
2026-09-24 18:50:52,147 simple_logger.py log_once [line:28] INFO val_loss                      8.5515
2026-09-24 18:50:52,147 simple_logger.py log_once [line:28] INFO mean_val_loss                 8.5489
2026-09-24 18:50:52,147 simple_logger.py log_once [line:28] INFO std_val_loss                  4.9303
2026-09-24 18:50:52,147 fedbase.py run [line:316] INFO Eval Time Cost:               1.4485s
2026-09-24 18:50:52,155 asyncbase.py iterate [line:68] INFO Select clients [np.int64(13), np.int64(12)] at time 13.
2026-09-24 18:50:52,770 asyncbase.py iterate [line:73] INFO Receive new models from clients [4, 19] at time 13
2026-09-24 18:50:52,814 fedbase.py run [line:311] INFO --------------Round 12--------------
2026-09-24 18:50:52,814 simple_logger.py log_once [line:14] INFO Current_time:13
2026-09-24 18:50:54,261 simple_logger.py log_once [line:28] INFO test_accuracy                 0.1032
2026-09-24 18:50:54,261 simple_logger.py log_once [line:28] INFO test_loss                     12.4539
2026-09-24 18:50:54,261 simple_logger.py log_once [line:28] INFO val_accuracy                  0.0983
2026-09-24 18:50:54,261 simple_logger.py log_once [line:28] INFO mean_val_accuracy             0.0993
2026-09-24 18:50:54,261 simple_logger.py log_once [line:28] INFO std_val_accuracy              0.2871
2026-09-24 18:50:54,261 simple_logger.py log_once [line:28] INFO val_loss                      12.4252
2026-09-24 18:50:54,261 simple_logger.py log_once [line:28] INFO mean_val_loss                 12.4239
2026-09-24 18:50:54,261 simple_logger.py log_once [line:28] INFO std_val_loss                  7.3810
2026-09-24 18:50:54,261 fedbase.py run [line:316] INFO Eval Time Cost:               1.4473s
2026-09-24 18:50:54,269 asyncbase.py iterate [line:68] INFO Select clients [np.int64(5), np.int64(16)] at time 14.
2026-09-24 18:50:54,884 asyncbase.py iterate [line:73] INFO Receive new models from clients [3, 12, 7] at time 14
2026-09-24 18:50:54,934 fedbase.py run [line:311] INFO --------------Round 13--------------
2026-09-24 18:50:54,934 simple_logger.py log_once [line:14] INFO Current_time:14
2026-09-24 18:50:56,390 simple_logger.py log_once [line:28] INFO test_accuracy                 0.0895
2026-09-24 18:50:56,390 simple_logger.py log_once [line:28] INFO test_loss                     2.3261
2026-09-24 18:50:56,390 simple_logger.py log_once [line:28] INFO val_accuracy                  0.0905
2026-09-24 18:50:56,390 simple_logger.py log_once [line:28] INFO mean_val_accuracy             0.0902
2026-09-24 18:50:56,390 simple_logger.py log_once [line:28] INFO std_val_accuracy              0.2492
2026-09-24 18:50:56,390 simple_logger.py log_once [line:28] INFO val_loss                      2.3287
2026-09-24 18:50:56,391 simple_logger.py log_once [line:28] INFO mean_val_loss                 2.3292
2026-09-24 18:50:56,391 simple_logger.py log_once [line:28] INFO std_val_loss                  0.2634
2026-09-24 18:50:56,391 fedbase.py run [line:316] INFO Eval Time Cost:               1.4569s
2026-09-24 18:50:56,399 asyncbase.py iterate [line:68] INFO Select clients [np.int64(17), np.int64(3)] at time 15.
2026-09-24 18:50:57,024 asyncbase.py iterate [line:73] INFO Receive new models from clients [5, 13] at time 15
2026-09-24 18:50:57,066 fedbase.py run [line:311] INFO --------------Round 14--------------
2026-09-24 18:50:57,067 simple_logger.py log_once [line:14] INFO Current_time:15
2026-09-24 18:50:58,529 simple_logger.py log_once [line:28] INFO test_accuracy                 0.1010
2026-09-24 18:50:58,529 simple_logger.py log_once [line:28] INFO test_loss                     6.6266
2026-09-24 18:50:58,529 simple_logger.py log_once [line:28] INFO val_accuracy                  0.1020
2026-09-24 18:50:58,529 simple_logger.py log_once [line:28] INFO mean_val_accuracy             0.1016
2026-09-24 18:50:58,529 simple_logger.py log_once [line:28] INFO std_val_accuracy              0.2730
2026-09-24 18:50:58,529 simple_logger.py log_once [line:28] INFO val_loss                      6.6473
2026-09-24 18:50:58,529 simple_logger.py log_once [line:28] INFO mean_val_loss                 6.6609
2026-09-24 18:50:58,529 simple_logger.py log_once [line:28] INFO std_val_loss                  4.1277
2026-09-24 18:50:58,529 fedbase.py run [line:316] INFO Eval Time Cost:               1.4623s
2026-09-24 18:50:58,537 asyncbase.py iterate [line:68] INFO Select clients [np.int64(7), np.int64(14), np.int64(12)] at time 16.
2026-09-24 18:50:59,459 asyncbase.py iterate [line:73] INFO Receive new models from clients [3] at time 16
2026-09-24 18:50:59,481 fedbase.py run [line:311] INFO --------------Round 15--------------
2026-09-24 18:50:59,481 simple_logger.py log_once [line:14] INFO Current_time:16
2026-09-24 18:51:00,974 simple_logger.py log_once [line:28] INFO test_accuracy                 0.1009
2026-09-24 18:51:00,974 simple_logger.py log_once [line:28] INFO test_loss                     10.5643
2026-09-24 18:51:00,974 simple_logger.py log_once [line:28] INFO val_accuracy                  0.0999
2026-09-24 18:51:00,974 simple_logger.py log_once [line:28] INFO mean_val_accuracy             0.0994
2026-09-24 18:51:00,974 simple_logger.py log_once [line:28] INFO std_val_accuracy              0.2889
2026-09-24 18:51:00,974 simple_logger.py log_once [line:28] INFO val_loss                      10.5897
2026-09-24 18:51:00,974 simple_logger.py log_once [line:28] INFO mean_val_loss                 10.6165
2026-09-24 18:51:00,974 simple_logger.py log_once [line:28] INFO std_val_loss                  5.5429
2026-09-24 18:51:00,974 fedbase.py run [line:316] INFO Eval Time Cost:               1.4928s
2026-09-24 18:51:00,982 asyncbase.py iterate [line:73] INFO Receive new models from clients [7, 14, 16] at time 17
2026-09-24 18:51:01,033 fedbase.py run [line:311] INFO --------------Round 16--------------
2026-09-24 18:51:01,033 simple_logger.py log_once [line:14] INFO Current_time:17
2026-09-24 18:51:02,480 simple_logger.py log_once [line:28] INFO test_accuracy                 0.1009
2026-09-24 18:51:02,480 simple_logger.py log_once [line:28] INFO test_loss                     12.2575
2026-09-24 18:51:02,480 simple_logger.py log_once [line:28] INFO val_accuracy                  0.0999
2026-09-24 18:51:02,480 simple_logger.py log_once [line:28] INFO mean_val_accuracy             0.0994
2026-09-24 18:51:02,480 simple_logger.py log_once [line:28] INFO std_val_accuracy              0.2889
2026-09-24 18:51:02,480 simple_logger.py log_once [line:28] INFO val_loss                      12.2684
2026-09-24 18:51:02,480 simple_logger.py log_once [line:28] INFO mean_val_loss                 12.2923
2026-09-24 18:51:02,480 simple_logger.py log_once [line:28] INFO std_val_loss                  5.6669
2026-09-24 18:51:02,480 fedbase.py run [line:316] INFO Eval Time Cost:               1.4476s
2026-09-24 18:51:02,489 asyncbase.py iterate [line:68] INFO Select clients [np.int64(19), np.int64(13), np.int64(2)] at time 18.
2026-09-24 18:51:03,439 asyncbase.py iterate [line:73] INFO Receive new models from clients [12, 17, 13] at time 18
2026-09-24 18:51:03,490 fedbase.py run [line:311] INFO --------------Round 17--------------
2026-09-24 18:51:03,490 simple_logger.py log_once [line:14] INFO Current_time:18
2026-09-24 18:51:04,940 simple_logger.py log_once [line:28] INFO test_accuracy                 0.1010
2026-09-24 18:51:04,940 simple_logger.py log_once [line:28] INFO test_loss                     2.9102
2026-09-24 18:51:04,940 simple_logger.py log_once [line:28] INFO val_accuracy                  0.1020
2026-09-24 18:51:04,940 simple_logger.py log_once [line:28] INFO mean_val_accuracy             0.1016
2026-09-24 18:51:04,940 simple_logger.py log_once [line:28] INFO std_val_accuracy              0.2730
2026-09-24 18:51:04,940 simple_logger.py log_once [line:28] INFO val_loss                      2.9032
2026-09-24 18:51:04,940 simple_logger.py log_once [line:28] INFO mean_val_loss                 2.9070
2026-09-24 18:51:04,940 simple_logger.py log_once [line:28] INFO std_val_loss                  1.2087
2026-09-24 18:51:04,940 fedbase.py run [line:316] INFO Eval Time Cost:               1.4507s
2026-09-24 18:51:04,949 asyncbase.py iterate [line:68] INFO Select clients [np.int64(5), np.int64(11), np.int64(9), np.int64(15)] at time 19.
2026-09-24 18:51:06,180 asyncbase.py iterate [line:73] INFO Receive new models from clients [2, 11] at time 19
2026-09-24 18:51:06,223 fedbase.py run [line:311] INFO --------------Round 18--------------
2026-09-24 18:51:06,223 simple_logger.py log_once [line:14] INFO Current_time:19
2026-09-24 18:51:07,680 simple_logger.py log_once [line:28] INFO test_accuracy                 0.1925
2026-09-24 18:51:07,680 simple_logger.py log_once [line:28] INFO test_loss                     4.6613
2026-09-24 18:51:07,680 simple_logger.py log_once [line:28] INFO val_accuracy                  0.1953
2026-09-24 18:51:07,680 simple_logger.py log_once [line:28] INFO mean_val_accuracy             0.1959
2026-09-24 18:51:07,680 simple_logger.py log_once [line:28] INFO std_val_accuracy              0.3495
2026-09-24 18:51:07,680 simple_logger.py log_once [line:28] INFO val_loss                      4.5777
2026-09-24 18:51:07,680 simple_logger.py log_once [line:28] INFO mean_val_loss                 4.5745
2026-09-24 18:51:07,680 simple_logger.py log_once [line:28] INFO std_val_loss                  3.1950
2026-09-24 18:51:07,681 fedbase.py run [line:316] INFO Eval Time Cost:               1.4573s
2026-09-24 18:51:07,689 asyncbase.py iterate [line:68] INFO Select clients [np.int64(6)] at time 20.
2026-09-24 18:51:08,000 asyncbase.py iterate [line:73] INFO Receive new models from clients [19] at time 20
2026-09-24 18:51:08,022 fedbase.py run [line:311] INFO --------------Round 19--------------
2026-09-24 18:51:08,022 simple_logger.py log_once [line:14] INFO Current_time:20
2026-09-24 18:51:09,472 simple_logger.py log_once [line:28] INFO test_accuracy                 0.1028
2026-09-24 18:51:09,472 simple_logger.py log_once [line:28] INFO test_loss                     45.8875
2026-09-24 18:51:09,472 simple_logger.py log_once [line:28] INFO val_accuracy                  0.1043
2026-09-24 18:51:09,472 simple_logger.py log_once [line:28] INFO mean_val_accuracy             0.1043
2026-09-24 18:51:09,472 simple_logger.py log_once [line:28] INFO std_val_accuracy              0.2848
2026-09-24 18:51:09,473 simple_logger.py log_once [line:28] INFO val_loss                      45.3579
2026-09-24 18:51:09,473 simple_logger.py log_once [line:28] INFO mean_val_loss                 45.3389
2026-09-24 18:51:09,473 simple_logger.py log_once [line:28] INFO std_val_loss                  22.1411
2026-09-24 18:51:09,473 fedbase.py run [line:316] INFO Eval Time Cost:               1.4502s
2026-09-24 18:51:09,481 asyncbase.py iterate [line:68] INFO Select clients [np.int64(12), np.int64(7)] at time 21.
2026-09-24 18:51:10,090 asyncbase.py iterate [line:73] INFO Receive new models from clients [15, 7] at time 21
2026-09-24 18:51:10,133 fedbase.py run [line:311] INFO --------------Round 20--------------
2026-09-24 18:51:10,133 simple_logger.py log_once [line:14] INFO Current_time:21
2026-09-24 18:51:11,580 simple_logger.py log_once [line:28] INFO test_accuracy                 0.1028
2026-09-24 18:51:11,580 simple_logger.py log_once [line:28] INFO test_loss                     3.2040
2026-09-24 18:51:11,580 simple_logger.py log_once [line:28] INFO val_accuracy                  0.1043
2026-09-24 18:51:11,580 simple_logger.py log_once [line:28] INFO mean_val_accuracy             0.1043
2026-09-24 18:51:11,580 simple_logger.py log_once [line:28] INFO std_val_accuracy              0.2848
2026-09-24 18:51:11,580 simple_logger.py log_once [line:28] INFO val_loss                      3.1910
2026-09-24 18:51:11,580 simple_logger.py log_once [line:28] INFO mean_val_loss                 3.1901
2026-09-24 18:51:11,580 simple_logger.py log_once [line:28] INFO std_val_loss                  1.5229
2026-09-24 18:51:11,580 fedbase.py run [line:316] INFO Eval Time Cost:               1.4465s
2026-09-24 18:51:11,588 asyncbase.py iterate [line:68] INFO Select clients [np.int64(3), np.int64(2)] at time 22.
2026-09-24 18:51:12,208 asyncbase.py iterate [line:73] INFO Receive new models from clients [9, 2, 5, 6] at time 22
2026-09-24 18:51:12,266 fedbase.py run [line:311] INFO --------------Round 21--------------
2026-09-24 18:51:12,266 simple_logger.py log_once [line:14] INFO Current_time:22
2026-09-24 18:51:13,723 simple_logger.py log_once [line:28] INFO test_accuracy                 0.1134
2026-09-24 18:51:13,723 simple_logger.py log_once [line:28] INFO test_loss                     2.5449
2026-09-24 18:51:13,723 simple_logger.py log_once [line:28] INFO val_accuracy                  0.1181
2026-09-24 18:51:13,723 simple_logger.py log_once [line:28] INFO mean_val_accuracy             0.1183
2026-09-24 18:51:13,723 simple_logger.py log_once [line:28] INFO std_val_accuracy              0.2641
2026-09-24 18:51:13,723 simple_logger.py log_once [line:28] INFO val_loss                      2.5340
2026-09-24 18:51:13,724 simple_logger.py log_once [line:28] INFO mean_val_loss                 2.5327
2026-09-24 18:51:13,724 simple_logger.py log_once [line:28] INFO std_val_loss                  0.8918
2026-09-24 18:51:13,724 fedbase.py run [line:316] INFO Eval Time Cost:               1.4580s
2026-09-24 18:51:13,732 asyncbase.py iterate [line:68] INFO Select clients [np.int64(15), np.int64(5), np.int64(14), np.int64(9)] at time 23.
2026-09-24 18:51:14,956 asyncbase.py iterate [line:73] INFO Receive new models from clients [15, 9] at time 23
2026-09-24 18:51:15,002 fedbase.py run [line:311] INFO --------------Round 22--------------
2026-09-24 18:51:15,002 simple_logger.py log_once [line:14] INFO Current_time:23
2026-09-24 18:51:16,453 simple_logger.py log_once [line:28] INFO test_accuracy                 0.1839
2026-09-24 18:51:16,453 simple_logger.py log_once [line:28] INFO test_loss                     5.2661
2026-09-24 18:51:16,453 simple_logger.py log_once [line:28] INFO val_accuracy                  0.1736
2026-09-24 18:51:16,453 simple_logger.py log_once [line:28] INFO mean_val_accuracy             0.1738
2026-09-24 18:51:16,453 simple_logger.py log_once [line:28] INFO std_val_accuracy              0.3353
2026-09-24 18:51:16,453 simple_logger.py log_once [line:28] INFO val_loss                      5.2346
2026-09-24 18:51:16,453 simple_logger.py log_once [line:28] INFO mean_val_loss                 5.2364
2026-09-24 18:51:16,453 simple_logger.py log_once [line:28] INFO std_val_loss                  3.1834
2026-09-24 18:51:16,453 fedbase.py run [line:316] INFO Eval Time Cost:               1.4516s
2026-09-24 18:51:16,461 asyncbase.py iterate [line:68] INFO Select clients [np.int64(9), np.int64(4)] at time 24.
2026-09-24 18:51:17,073 asyncbase.py iterate [line:73] INFO Receive new models from clients [14, 3, 12] at time 24
2026-09-24 18:51:17,126 fedbase.py run [line:311] INFO --------------Round 23--------------
2026-09-24 18:51:17,126 simple_logger.py log_once [line:14] INFO Current_time:24
2026-09-24 18:51:18,624 simple_logger.py log_once [line:28] INFO test_accuracy                 0.1326
2026-09-24 18:51:18,624 simple_logger.py log_once [line:28] INFO test_loss                     3.7265
2026-09-24 18:51:18,624 simple_logger.py log_once [line:28] INFO val_accuracy                  0.1332
2026-09-24 18:51:18,624 simple_logger.py log_once [line:28] INFO mean_val_accuracy             0.1326
2026-09-24 18:51:18,624 simple_logger.py log_once [line:28] INFO std_val_accuracy              0.2866
2026-09-24 18:51:18,624 simple_logger.py log_once [line:28] INFO val_loss                      3.7241
2026-09-24 18:51:18,624 simple_logger.py log_once [line:28] INFO mean_val_loss                 3.7263
2026-09-24 18:51:18,624 simple_logger.py log_once [line:28] INFO std_val_loss                  1.8464
2026-09-24 18:51:18,624 fedbase.py run [line:316] INFO Eval Time Cost:               1.4983s
2026-09-24 18:51:18,632 asyncbase.py iterate [line:68] INFO Select clients [np.int64(19), np.int64(11)] at time 25.
2026-09-24 18:51:19,244 asyncbase.py iterate [line:73] INFO Receive new models from clients [4, 5, 9] at time 25
2026-09-24 18:51:19,296 fedbase.py run [line:311] INFO --------------Round 24--------------
2026-09-24 18:51:19,296 simple_logger.py log_once [line:14] INFO Current_time:25
2026-09-24 18:51:20,747 simple_logger.py log_once [line:28] INFO test_accuracy                 0.0982
2026-09-24 18:51:20,747 simple_logger.py log_once [line:28] INFO test_loss                     2.5655
2026-09-24 18:51:20,747 simple_logger.py log_once [line:28] INFO val_accuracy                  0.0990
2026-09-24 18:51:20,747 simple_logger.py log_once [line:28] INFO mean_val_accuracy             0.0994
2026-09-24 18:51:20,747 simple_logger.py log_once [line:28] INFO std_val_accuracy              0.2796
2026-09-24 18:51:20,747 simple_logger.py log_once [line:28] INFO val_loss                      2.5694
2026-09-24 18:51:20,747 simple_logger.py log_once [line:28] INFO mean_val_loss                 2.5695
2026-09-24 18:51:20,747 simple_logger.py log_once [line:28] INFO std_val_loss                  0.8908
2026-09-24 18:51:20,747 fedbase.py run [line:316] INFO Eval Time Cost:               1.4508s
2026-09-24 18:51:20,755 asyncbase.py iterate [line:68] INFO Select clients [np.int64(9), np.int64(18), np.int64(14), np.int64(1)] at time 26.
2026-09-24 18:51:22,072 asyncbase.py iterate [line:73] INFO Receive new models from clients [19, 9, 1, 14] at time 26
2026-09-24 18:51:22,129 fedbase.py run [line:311] INFO --------------Round 25--------------
2026-09-24 18:51:22,129 simple_logger.py log_once [line:14] INFO Current_time:26
2026-09-24 18:51:23,569 simple_logger.py log_once [line:28] INFO test_accuracy                 0.0699
2026-09-24 18:51:23,570 simple_logger.py log_once [line:28] INFO test_loss                     2.7026
2026-09-24 18:51:23,570 simple_logger.py log_once [line:28] INFO val_accuracy                  0.0735
2026-09-24 18:51:23,570 simple_logger.py log_once [line:28] INFO mean_val_accuracy             0.0729
2026-09-24 18:51:23,570 simple_logger.py log_once [line:28] INFO std_val_accuracy              0.1809
2026-09-24 18:51:23,570 simple_logger.py log_once [line:28] INFO val_loss                      2.6957
2026-09-24 18:51:23,570 simple_logger.py log_once [line:28] INFO mean_val_loss                 2.6958
2026-09-24 18:51:23,570 simple_logger.py log_once [line:28] INFO std_val_loss                  0.8724
2026-09-24 18:51:23,570 fedbase.py run [line:316] INFO Eval Time Cost:               1.4404s
2026-09-24 18:51:23,579 asyncbase.py iterate [line:68] INFO Select clients [np.int64(9), np.int64(14), np.int64(13), np.int64(6)] at time 27.
2026-09-24 18:51:24,815 asyncbase.py iterate [line:73] INFO Receive new models from clients [13] at time 27
2026-09-24 18:51:24,836 fedbase.py run [line:311] INFO --------------Round 26--------------
2026-09-24 18:51:24,836 simple_logger.py log_once [line:14] INFO Current_time:27
2026-09-24 18:51:26,299 simple_logger.py log_once [line:28] INFO test_accuracy                 0.1010
2026-09-24 18:51:26,299 simple_logger.py log_once [line:28] INFO test_loss                     5.4658
2026-09-24 18:51:26,299 simple_logger.py log_once [line:28] INFO val_accuracy                  0.1020
2026-09-24 18:51:26,299 simple_logger.py log_once [line:28] INFO mean_val_accuracy             0.1016
2026-09-24 18:51:26,299 simple_logger.py log_once [line:28] INFO std_val_accuracy              0.2730
2026-09-24 18:51:26,299 simple_logger.py log_once [line:28] INFO val_loss                      5.4485
2026-09-24 18:51:26,299 simple_logger.py log_once [line:28] INFO mean_val_loss                 5.4499
2026-09-24 18:51:26,299 simple_logger.py log_once [line:28] INFO std_val_loss                  2.0833
2026-09-24 18:51:26,299 fedbase.py run [line:316] INFO Eval Time Cost:               1.4631s
2026-09-24 18:51:26,308 asyncbase.py iterate [line:68] INFO Select clients [np.int64(0)] at time 28.
2026-09-24 18:51:26,619 asyncbase.py iterate [line:73] INFO Receive new models from clients [18, 0, 14, 11] at time 28
2026-09-24 18:51:26,679 fedbase.py run [line:311] INFO --------------Round 27--------------
2026-09-24 18:51:26,679 simple_logger.py log_once [line:14] INFO Current_time:28
2026-09-24 18:51:28,127 simple_logger.py log_once [line:28] INFO test_accuracy                 0.1010
2026-09-24 18:51:28,127 simple_logger.py log_once [line:28] INFO test_loss                     4.3864
2026-09-24 18:51:28,127 simple_logger.py log_once [line:28] INFO val_accuracy                  0.1020
2026-09-24 18:51:28,127 simple_logger.py log_once [line:28] INFO mean_val_accuracy             0.1016
2026-09-24 18:51:28,127 simple_logger.py log_once [line:28] INFO std_val_accuracy              0.2730
2026-09-24 18:51:28,127 simple_logger.py log_once [line:28] INFO val_loss                      4.3904
2026-09-24 18:51:28,127 simple_logger.py log_once [line:28] INFO mean_val_loss                 4.3894
2026-09-24 18:51:28,127 simple_logger.py log_once [line:28] INFO std_val_loss                  1.5898
2026-09-24 18:51:28,127 fedbase.py run [line:316] INFO Eval Time Cost:               1.4480s
2026-09-24 18:51:28,136 asyncbase.py iterate [line:68] INFO Select clients [np.int64(7), np.int64(1), np.int64(8), np.int64(13)] at time 29.
2026-09-24 18:51:29,381 asyncbase.py iterate [line:73] INFO Receive new models from clients [9, 13, 6] at time 29
2026-09-24 18:51:29,432 fedbase.py run [line:311] INFO --------------Round 28--------------
2026-09-24 18:51:29,432 simple_logger.py log_once [line:14] INFO Current_time:29
2026-09-24 18:51:30,887 simple_logger.py log_once [line:28] INFO test_accuracy                 0.1010
2026-09-24 18:51:30,888 simple_logger.py log_once [line:28] INFO test_loss                     4.9893
2026-09-24 18:51:30,888 simple_logger.py log_once [line:28] INFO val_accuracy                  0.1020
2026-09-24 18:51:30,888 simple_logger.py log_once [line:28] INFO mean_val_accuracy             0.1016
2026-09-24 18:51:30,888 simple_logger.py log_once [line:28] INFO std_val_accuracy              0.2730
2026-09-24 18:51:30,888 simple_logger.py log_once [line:28] INFO val_loss                      4.9923
2026-09-24 18:51:30,888 simple_logger.py log_once [line:28] INFO mean_val_loss                 4.9889
2026-09-24 18:51:30,888 simple_logger.py log_once [line:28] INFO std_val_loss                  1.9334
2026-09-24 18:51:30,888 fedbase.py run [line:316] INFO Eval Time Cost:               1.4555s
2026-09-24 18:51:30,897 asyncbase.py iterate [line:68] INFO Select clients [np.int64(3), np.int64(9), np.int64(17)] at time 30.
2026-09-24 18:51:31,823 asyncbase.py iterate [line:73] INFO Receive new models from clients [1, 7, 3] at time 30
2026-09-24 18:51:31,875 fedbase.py run [line:311] INFO --------------Round 29--------------
2026-09-24 18:51:31,875 simple_logger.py log_once [line:14] INFO Current_time:30
2026-09-24 18:51:33,316 simple_logger.py log_once [line:28] INFO test_accuracy                 0.1010
2026-09-24 18:51:33,316 simple_logger.py log_once [line:28] INFO test_loss                     3.3084
2026-09-24 18:51:33,316 simple_logger.py log_once [line:28] INFO val_accuracy                  0.1020
2026-09-24 18:51:33,316 simple_logger.py log_once [line:28] INFO mean_val_accuracy             0.1016
2026-09-24 18:51:33,316 simple_logger.py log_once [line:28] INFO std_val_accuracy              0.2730
2026-09-24 18:51:33,316 simple_logger.py log_once [line:28] INFO val_loss                      3.3098
2026-09-24 18:51:33,316 simple_logger.py log_once [line:28] INFO mean_val_loss                 3.3060
2026-09-24 18:51:33,316 simple_logger.py log_once [line:28] INFO std_val_loss                  1.4080
2026-09-24 18:51:33,316 fedbase.py run [line:316] INFO Eval Time Cost:               1.4407s
2026-09-24 18:51:33,324 asyncbase.py iterate [line:68] INFO Select clients [np.int64(2), np.int64(3), np.int64(18)] at time 31.
2026-09-24 18:51:34,252 asyncbase.py iterate [line:73] INFO Receive new models from clients [3, 18] at time 31
2026-09-24 18:51:34,296 fedbase.py run [line:311] INFO --------------Round 30--------------
2026-09-24 18:51:34,296 simple_logger.py log_once [line:14] INFO Current_time:31
2026-09-24 18:51:35,741 simple_logger.py log_once [line:28] INFO test_accuracy                 0.1135
2026-09-24 18:51:35,741 simple_logger.py log_once [line:28] INFO test_loss                     2.9727
2026-09-24 18:51:35,741 simple_logger.py log_once [line:28] INFO val_accuracy                  0.1119
2026-09-24 18:51:35,741 simple_logger.py log_once [line:28] INFO mean_val_accuracy             0.1111
2026-09-24 18:51:35,741 simple_logger.py log_once [line:28] INFO std_val_accuracy              0.2974
2026-09-24 18:51:35,741 simple_logger.py log_once [line:28] INFO val_loss                      2.9846
2026-09-24 18:51:35,741 simple_logger.py log_once [line:28] INFO mean_val_loss                 2.9873
2026-09-24 18:51:35,741 simple_logger.py log_once [line:28] INFO std_val_loss                  1.1015
2026-09-24 18:51:35,741 fedbase.py run [line:316] INFO Eval Time Cost:               1.4449s
2026-09-24 18:51:35,749 asyncbase.py iterate [line:68] INFO Select clients [np.int64(10)] at time 32.
2026-09-24 18:51:36,056 asyncbase.py iterate [line:73] INFO Receive new models from clients [2, 8, 17] at time 32
2026-09-24 18:51:36,109 fedbase.py run [line:311] INFO --------------Round 31--------------
2026-09-24 18:51:36,109 simple_logger.py log_once [line:14] INFO Current_time:32
2026-09-24 18:51:37,571 simple_logger.py log_once [line:28] INFO test_accuracy                 0.1135
2026-09-24 18:51:37,571 simple_logger.py log_once [line:28] INFO test_loss                     2.9420
2026-09-24 18:51:37,571 simple_logger.py log_once [line:28] INFO val_accuracy                  0.1119
2026-09-24 18:51:37,571 simple_logger.py log_once [line:28] INFO mean_val_accuracy             0.1111
2026-09-24 18:51:37,571 simple_logger.py log_once [line:28] INFO std_val_accuracy              0.2974
2026-09-24 18:51:37,571 simple_logger.py log_once [line:28] INFO val_loss                      2.9475
2026-09-24 18:51:37,571 simple_logger.py log_once [line:28] INFO mean_val_loss                 2.9496
2026-09-24 18:51:37,571 simple_logger.py log_once [line:28] INFO std_val_loss                  1.0178
2026-09-24 18:51:37,571 fedbase.py run [line:316] INFO Eval Time Cost:               1.4623s
2026-09-24 18:51:37,580 asyncbase.py iterate [line:68] INFO Select clients [np.int64(4), np.int64(5), np.int64(17), np.int64(19)] at time 33.
2026-09-24 18:51:38,801 asyncbase.py iterate [line:73] INFO Receive new models from clients [9, 17] at time 33
2026-09-24 18:51:38,845 fedbase.py run [line:311] INFO --------------Round 32--------------
2026-09-24 18:51:38,845 simple_logger.py log_once [line:14] INFO Current_time:33
2026-09-24 18:51:40,301 simple_logger.py log_once [line:28] INFO test_accuracy                 0.1032
2026-09-24 18:51:40,301 simple_logger.py log_once [line:28] INFO test_loss                     2.9227
2026-09-24 18:51:40,301 simple_logger.py log_once [line:28] INFO val_accuracy                  0.0983
2026-09-24 18:51:40,301 simple_logger.py log_once [line:28] INFO mean_val_accuracy             0.0993
2026-09-24 18:51:40,301 simple_logger.py log_once [line:28] INFO std_val_accuracy              0.2871
2026-09-24 18:51:40,301 simple_logger.py log_once [line:28] INFO val_loss                      2.9384
2026-09-24 18:51:40,301 simple_logger.py log_once [line:28] INFO mean_val_loss                 2.9360
2026-09-24 18:51:40,301 simple_logger.py log_once [line:28] INFO std_val_loss                  1.1408
2026-09-24 18:51:40,301 fedbase.py run [line:316] INFO Eval Time Cost:               1.4559s
2026-09-24 18:51:40,309 asyncbase.py iterate [line:68] INFO Select clients [np.int64(8), np.int64(17)] at time 34.
2026-09-24 18:51:40,921 asyncbase.py iterate [line:73] INFO Receive new models from clients [5, 8] at time 34
2026-09-24 18:51:40,965 fedbase.py run [line:311] INFO --------------Round 33--------------
2026-09-24 18:51:40,966 simple_logger.py log_once [line:14] INFO Current_time:34
2026-09-24 18:51:42,418 simple_logger.py log_once [line:28] INFO test_accuracy                 0.1135
2026-09-24 18:51:42,419 simple_logger.py log_once [line:28] INFO test_loss                     3.4179
2026-09-24 18:51:42,419 simple_logger.py log_once [line:28] INFO val_accuracy                  0.1119
2026-09-24 18:51:42,419 simple_logger.py log_once [line:28] INFO mean_val_accuracy             0.1111
2026-09-24 18:51:42,419 simple_logger.py log_once [line:28] INFO std_val_accuracy              0.2974
2026-09-24 18:51:42,419 simple_logger.py log_once [line:28] INFO val_loss                      3.4317
2026-09-24 18:51:42,419 simple_logger.py log_once [line:28] INFO mean_val_loss                 3.4282
2026-09-24 18:51:42,419 simple_logger.py log_once [line:28] INFO std_val_loss                  1.5177
2026-09-24 18:51:42,419 fedbase.py run [line:316] INFO Eval Time Cost:               1.4533s
2026-09-24 18:51:42,427 asyncbase.py iterate [line:68] INFO Select clients [np.int64(14)] at time 35.
2026-09-24 18:51:42,732 asyncbase.py iterate [line:73] INFO Receive new models from clients [4, 10, 19] at time 35
2026-09-24 18:51:42,783 fedbase.py run [line:311] INFO --------------Round 34--------------
2026-09-24 18:51:42,783 simple_logger.py log_once [line:14] INFO Current_time:35
2026-09-24 18:51:44,233 simple_logger.py log_once [line:28] INFO test_accuracy                 0.0980
2026-09-24 18:51:44,233 simple_logger.py log_once [line:28] INFO test_loss                     3.2078
2026-09-24 18:51:44,233 simple_logger.py log_once [line:28] INFO val_accuracy                  0.0990
2026-09-24 18:51:44,233 simple_logger.py log_once [line:28] INFO mean_val_accuracy             0.1000
2026-09-24 18:51:44,233 simple_logger.py log_once [line:28] INFO std_val_accuracy              0.2627
2026-09-24 18:51:44,233 simple_logger.py log_once [line:28] INFO val_loss                      3.2101
2026-09-24 18:51:44,233 simple_logger.py log_once [line:28] INFO mean_val_loss                 3.2044
2026-09-24 18:51:44,233 simple_logger.py log_once [line:28] INFO std_val_loss                  1.7478
2026-09-24 18:51:44,233 fedbase.py run [line:316] INFO Eval Time Cost:               1.4497s
2026-09-24 18:51:44,241 asyncbase.py iterate [line:68] INFO Select clients [np.int64(9), np.int64(5), np.int64(8)] at time 36.
2026-09-24 18:51:45,185 asyncbase.py iterate [line:73] INFO Receive new models from clients [17, 9, 8, 5] at time 36
2026-09-24 18:51:45,244 fedbase.py run [line:311] INFO --------------Round 35--------------
2026-09-24 18:51:45,244 simple_logger.py log_once [line:14] INFO Current_time:36
2026-09-24 18:51:46,705 simple_logger.py log_once [line:28] INFO test_accuracy                 0.0980
2026-09-24 18:51:46,705 simple_logger.py log_once [line:28] INFO test_loss                     3.2121
2026-09-24 18:51:46,705 simple_logger.py log_once [line:28] INFO val_accuracy                  0.0990
2026-09-24 18:51:46,705 simple_logger.py log_once [line:28] INFO mean_val_accuracy             0.1000
2026-09-24 18:51:46,705 simple_logger.py log_once [line:28] INFO std_val_accuracy              0.2627
2026-09-24 18:51:46,705 simple_logger.py log_once [line:28] INFO val_loss                      3.2174
2026-09-24 18:51:46,705 simple_logger.py log_once [line:28] INFO mean_val_loss                 3.2126
2026-09-24 18:51:46,705 simple_logger.py log_once [line:28] INFO std_val_loss                  1.6769
2026-09-24 18:51:46,705 fedbase.py run [line:316] INFO Eval Time Cost:               1.4616s
2026-09-24 18:51:46,714 asyncbase.py iterate [line:68] INFO Select clients [np.int64(11), np.int64(9), np.int64(2), np.int64(10), np.int64(3)] at time 37.
2026-09-24 18:51:48,235 asyncbase.py iterate [line:73] INFO Receive new models from clients [11, 9] at time 37
2026-09-24 18:51:48,280 fedbase.py run [line:311] INFO --------------Round 36--------------
2026-09-24 18:51:48,281 simple_logger.py log_once [line:14] INFO Current_time:37
2026-09-24 18:51:49,788 simple_logger.py log_once [line:28] INFO test_accuracy                 0.1032
2026-09-24 18:51:49,788 simple_logger.py log_once [line:28] INFO test_loss                     3.8814
2026-09-24 18:51:49,788 simple_logger.py log_once [line:28] INFO val_accuracy                  0.0983
2026-09-24 18:51:49,788 simple_logger.py log_once [line:28] INFO mean_val_accuracy             0.0993
2026-09-24 18:51:49,788 simple_logger.py log_once [line:28] INFO std_val_accuracy              0.2871
2026-09-24 18:51:49,788 simple_logger.py log_once [line:28] INFO val_loss                      3.9002
2026-09-24 18:51:49,789 simple_logger.py log_once [line:28] INFO mean_val_loss                 3.8923
2026-09-24 18:51:49,789 simple_logger.py log_once [line:28] INFO std_val_loss                  1.7414
2026-09-24 18:51:49,789 fedbase.py run [line:316] INFO Eval Time Cost:               1.5081s
2026-09-24 18:51:49,798 asyncbase.py iterate [line:68] INFO Select clients [np.int64(13), np.int64(0)] at time 38.
2026-09-24 18:51:50,407 asyncbase.py iterate [line:73] INFO Receive new models from clients [2, 0, 14] at time 38
2026-09-24 18:51:50,459 fedbase.py run [line:311] INFO --------------Round 37--------------
2026-09-24 18:51:50,459 simple_logger.py log_once [line:14] INFO Current_time:38
2026-09-24 18:51:51,999 simple_logger.py log_once [line:28] INFO test_accuracy                 0.1032
2026-09-24 18:51:51,999 simple_logger.py log_once [line:28] INFO test_loss                     3.4672
2026-09-24 18:51:51,999 simple_logger.py log_once [line:28] INFO val_accuracy                  0.0983
2026-09-24 18:51:51,999 simple_logger.py log_once [line:28] INFO mean_val_accuracy             0.0993
2026-09-24 18:51:51,999 simple_logger.py log_once [line:28] INFO std_val_accuracy              0.2871
2026-09-24 18:51:51,999 simple_logger.py log_once [line:28] INFO val_loss                      3.4825
2026-09-24 18:51:51,999 simple_logger.py log_once [line:28] INFO mean_val_loss                 3.4783
2026-09-24 18:51:51,999 simple_logger.py log_once [line:28] INFO std_val_loss                  1.4325
2026-09-24 18:51:51,999 fedbase.py run [line:316] INFO Eval Time Cost:               1.5399s
2026-09-24 18:51:52,008 asyncbase.py iterate [line:68] INFO Select clients [np.int64(2), np.int64(12), np.int64(9)] at time 39.
2026-09-24 18:51:52,951 asyncbase.py iterate [line:73] INFO Receive new models from clients [10, 3, 13] at time 39
2026-09-24 18:51:53,002 fedbase.py run [line:311] INFO --------------Round 38--------------
2026-09-24 18:51:53,002 simple_logger.py log_once [line:14] INFO Current_time:39
2026-09-24 18:51:54,504 simple_logger.py log_once [line:28] INFO test_accuracy                 0.0892
2026-09-24 18:51:54,504 simple_logger.py log_once [line:28] INFO test_loss                     3.0714
2026-09-24 18:51:54,504 simple_logger.py log_once [line:28] INFO val_accuracy                  0.0907
2026-09-24 18:51:54,504 simple_logger.py log_once [line:28] INFO mean_val_accuracy             0.0904
2026-09-24 18:51:54,504 simple_logger.py log_once [line:28] INFO std_val_accuracy              0.2536
2026-09-24 18:51:54,504 simple_logger.py log_once [line:28] INFO val_loss                      3.0762
2026-09-24 18:51:54,504 simple_logger.py log_once [line:28] INFO mean_val_loss                 3.0776
2026-09-24 18:51:54,504 simple_logger.py log_once [line:28] INFO std_val_loss                  1.1614
2026-09-24 18:51:54,504 fedbase.py run [line:316] INFO Eval Time Cost:               1.5021s
2026-09-24 18:51:54,513 asyncbase.py iterate [line:68] INFO Select clients [np.int64(7), np.int64(6), np.int64(5)] at time 40.
2026-09-24 18:51:55,446 asyncbase.py iterate [line:73] INFO Receive new models from clients [6, 2] at time 41
2026-09-24 18:51:55,492 fedbase.py run [line:311] INFO --------------Round 39--------------
2026-09-24 18:51:55,492 simple_logger.py log_once [line:14] INFO Current_time:41
2026-09-24 18:51:56,959 simple_logger.py log_once [line:28] INFO test_accuracy                 0.1003
2026-09-24 18:51:56,959 simple_logger.py log_once [line:28] INFO test_loss                     2.9325
2026-09-24 18:51:56,959 simple_logger.py log_once [line:28] INFO val_accuracy                  0.1021
2026-09-24 18:51:56,959 simple_logger.py log_once [line:28] INFO mean_val_accuracy             0.1022
2026-09-24 18:51:56,959 simple_logger.py log_once [line:28] INFO std_val_accuracy              0.2721
2026-09-24 18:51:56,959 simple_logger.py log_once [line:28] INFO val_loss                      2.9253
2026-09-24 18:51:56,959 simple_logger.py log_once [line:28] INFO mean_val_loss                 2.9273
2026-09-24 18:51:56,960 simple_logger.py log_once [line:28] INFO std_val_loss                  1.0960
2026-09-24 18:51:56,960 fedbase.py run [line:316] INFO Eval Time Cost:               1.4679s
2026-09-24 18:51:56,969 asyncbase.py iterate [line:68] INFO Select clients [np.int64(15)] at time 42.
2026-09-24 18:51:57,285 asyncbase.py iterate [line:73] INFO Receive new models from clients [5, 9, 12, 15] at time 42
2026-09-24 18:51:57,344 fedbase.py run [line:311] INFO --------------Round 40--------------
2026-09-24 18:51:57,344 simple_logger.py log_once [line:14] INFO Current_time:42
2026-09-24 18:51:58,793 simple_logger.py log_once [line:28] INFO test_accuracy                 0.0958
2026-09-24 18:51:58,793 simple_logger.py log_once [line:28] INFO test_loss                     2.7360
2026-09-24 18:51:58,793 simple_logger.py log_once [line:28] INFO val_accuracy                  0.0981
2026-09-24 18:51:58,793 simple_logger.py log_once [line:28] INFO mean_val_accuracy             0.0983
2026-09-24 18:51:58,793 simple_logger.py log_once [line:28] INFO std_val_accuracy              0.2826
2026-09-24 18:51:58,793 simple_logger.py log_once [line:28] INFO val_loss                      2.7286
2026-09-24 18:51:58,793 simple_logger.py log_once [line:28] INFO mean_val_loss                 2.7329
2026-09-24 18:51:58,793 simple_logger.py log_once [line:28] INFO std_val_loss                  0.9803
2026-09-24 18:51:58,793 fedbase.py run [line:316] INFO Eval Time Cost:               1.4492s
2026-09-24 18:51:58,802 asyncbase.py iterate [line:68] INFO Select clients [np.int64(14), np.int64(8), np.int64(0), np.int64(12), np.int64(11)] at time 43.
2026-09-24 18:52:00,343 asyncbase.py iterate [line:73] INFO Receive new models from clients [7] at time 43
2026-09-24 18:52:00,365 fedbase.py run [line:311] INFO --------------Round 41--------------
2026-09-24 18:52:00,365 simple_logger.py log_once [line:14] INFO Current_time:43
2026-09-24 18:52:01,812 simple_logger.py log_once [line:28] INFO test_accuracy                 0.0982
2026-09-24 18:52:01,812 simple_logger.py log_once [line:28] INFO test_loss                     4.7148
2026-09-24 18:52:01,812 simple_logger.py log_once [line:28] INFO val_accuracy                  0.0989
2026-09-24 18:52:01,812 simple_logger.py log_once [line:28] INFO mean_val_accuracy             0.0993
2026-09-24 18:52:01,812 simple_logger.py log_once [line:28] INFO std_val_accuracy              0.2797
2026-09-24 18:52:01,812 simple_logger.py log_once [line:28] INFO val_loss                      4.7014
2026-09-24 18:52:01,812 simple_logger.py log_once [line:28] INFO mean_val_loss                 4.7039
2026-09-24 18:52:01,812 simple_logger.py log_once [line:28] INFO std_val_loss                  1.8824
2026-09-24 18:52:01,812 fedbase.py run [line:316] INFO Eval Time Cost:               1.4470s
2026-09-24 18:52:01,820 asyncbase.py iterate [line:68] INFO Select clients [np.int64(3)] at time 44.
2026-09-24 18:52:02,132 asyncbase.py iterate [line:73] INFO Receive new models from clients [0, 3, 12, 8] at time 44
2026-09-24 18:52:02,191 fedbase.py run [line:311] INFO --------------Round 42--------------
2026-09-24 18:52:02,191 simple_logger.py log_once [line:14] INFO Current_time:44
2026-09-24 18:52:03,652 simple_logger.py log_once [line:28] INFO test_accuracy                 0.0982
2026-09-24 18:52:03,652 simple_logger.py log_once [line:28] INFO test_loss                     3.9673
2026-09-24 18:52:03,652 simple_logger.py log_once [line:28] INFO val_accuracy                  0.0989
2026-09-24 18:52:03,652 simple_logger.py log_once [line:28] INFO mean_val_accuracy             0.0993
2026-09-24 18:52:03,652 simple_logger.py log_once [line:28] INFO std_val_accuracy              0.2797
2026-09-24 18:52:03,652 simple_logger.py log_once [line:28] INFO val_loss                      3.9656
2026-09-24 18:52:03,652 simple_logger.py log_once [line:28] INFO mean_val_loss                 3.9636
2026-09-24 18:52:03,652 simple_logger.py log_once [line:28] INFO std_val_loss                  1.4841
2026-09-24 18:52:03,652 fedbase.py run [line:316] INFO Eval Time Cost:               1.4610s
2026-09-24 18:52:03,660 asyncbase.py iterate [line:68] INFO Select clients [np.int64(0), np.int64(17), np.int64(7)] at time 45.
2026-09-24 18:52:04,600 asyncbase.py iterate [line:73] INFO Receive new models from clients [11, 14, 7] at time 45
2026-09-24 18:52:04,651 fedbase.py run [line:311] INFO --------------Round 43--------------
2026-09-24 18:52:04,651 simple_logger.py log_once [line:14] INFO Current_time:45
2026-09-24 18:52:06,112 simple_logger.py log_once [line:28] INFO test_accuracy                 0.0982
2026-09-24 18:52:06,112 simple_logger.py log_once [line:28] INFO test_loss                     4.5108
2026-09-24 18:52:06,112 simple_logger.py log_once [line:28] INFO val_accuracy                  0.0989
2026-09-24 18:52:06,113 simple_logger.py log_once [line:28] INFO mean_val_accuracy             0.0993
2026-09-24 18:52:06,113 simple_logger.py log_once [line:28] INFO std_val_accuracy              0.2797
2026-09-24 18:52:06,113 simple_logger.py log_once [line:28] INFO val_loss                      4.5141
2026-09-24 18:52:06,113 simple_logger.py log_once [line:28] INFO mean_val_loss                 4.5098
2026-09-24 18:52:06,113 simple_logger.py log_once [line:28] INFO std_val_loss                  2.0584
2026-09-24 18:52:06,113 fedbase.py run [line:316] INFO Eval Time Cost:               1.4614s
2026-09-24 18:52:06,121 asyncbase.py iterate [line:68] INFO Select clients [np.int64(8), np.int64(15), np.int64(1), np.int64(10)] at time 46.
2026-09-24 18:52:07,348 asyncbase.py iterate [line:73] INFO Receive new models from clients [17, 8, 1] at time 46
2026-09-24 18:52:07,401 fedbase.py run [line:311] INFO --------------Round 44--------------
2026-09-24 18:52:07,401 simple_logger.py log_once [line:14] INFO Current_time:46
2026-09-24 18:52:08,867 simple_logger.py log_once [line:28] INFO test_accuracy                 0.0962
2026-09-24 18:52:08,867 simple_logger.py log_once [line:28] INFO test_loss                     5.1086
2026-09-24 18:52:08,867 simple_logger.py log_once [line:28] INFO val_accuracy                  0.0979
2026-09-24 18:52:08,867 simple_logger.py log_once [line:28] INFO mean_val_accuracy             0.0981
2026-09-24 18:52:08,867 simple_logger.py log_once [line:28] INFO std_val_accuracy              0.2822
2026-09-24 18:52:08,867 simple_logger.py log_once [line:28] INFO val_loss                      5.0616
2026-09-24 18:52:08,867 simple_logger.py log_once [line:28] INFO mean_val_loss                 5.0605
2026-09-24 18:52:08,867 simple_logger.py log_once [line:28] INFO std_val_loss                  1.8007
2026-09-24 18:52:08,867 fedbase.py run [line:316] INFO Eval Time Cost:               1.4667s
2026-09-24 18:52:08,876 asyncbase.py iterate [line:68] INFO Select clients [np.int64(18), np.int64(4), np.int64(1)] at time 47.
2026-09-24 18:52:09,803 asyncbase.py iterate [line:73] INFO Receive new models from clients [15, 10, 1, 0] at time 47
2026-09-24 18:52:09,861 fedbase.py run [line:311] INFO --------------Round 45--------------
2026-09-24 18:52:09,862 simple_logger.py log_once [line:14] INFO Current_time:47
2026-09-24 18:52:11,328 simple_logger.py log_once [line:28] INFO test_accuracy                 0.0958
2026-09-24 18:52:11,328 simple_logger.py log_once [line:28] INFO test_loss                     2.8104
2026-09-24 18:52:11,328 simple_logger.py log_once [line:28] INFO val_accuracy                  0.0981
2026-09-24 18:52:11,328 simple_logger.py log_once [line:28] INFO mean_val_accuracy             0.0983
2026-09-24 18:52:11,328 simple_logger.py log_once [line:28] INFO std_val_accuracy              0.2826
2026-09-24 18:52:11,328 simple_logger.py log_once [line:28] INFO val_loss                      2.8061
2026-09-24 18:52:11,328 simple_logger.py log_once [line:28] INFO mean_val_loss                 2.8029
2026-09-24 18:52:11,328 simple_logger.py log_once [line:28] INFO std_val_loss                  1.0516
2026-09-24 18:52:11,328 fedbase.py run [line:316] INFO Eval Time Cost:               1.4666s
2026-09-24 18:52:11,336 asyncbase.py iterate [line:68] INFO Select clients [np.int64(9), np.int64(14), np.int64(10)] at time 48.
2026-09-24 18:52:12,257 asyncbase.py iterate [line:73] INFO Receive new models from clients [9] at time 48
2026-09-24 18:52:12,279 fedbase.py run [line:311] INFO --------------Round 46--------------
2026-09-24 18:52:12,279 simple_logger.py log_once [line:14] INFO Current_time:48
2026-09-24 18:52:13,727 simple_logger.py log_once [line:28] INFO test_accuracy                 0.1032
2026-09-24 18:52:13,727 simple_logger.py log_once [line:28] INFO test_loss                     4.9428
2026-09-24 18:52:13,727 simple_logger.py log_once [line:28] INFO val_accuracy                  0.0983
2026-09-24 18:52:13,727 simple_logger.py log_once [line:28] INFO mean_val_accuracy             0.0993
2026-09-24 18:52:13,727 simple_logger.py log_once [line:28] INFO std_val_accuracy              0.2871
2026-09-24 18:52:13,727 simple_logger.py log_once [line:28] INFO val_loss                      4.9714
2026-09-24 18:52:13,727 simple_logger.py log_once [line:28] INFO mean_val_loss                 4.9655
2026-09-24 18:52:13,728 simple_logger.py log_once [line:28] INFO std_val_loss                  1.7439
2026-09-24 18:52:13,728 fedbase.py run [line:316] INFO Eval Time Cost:               1.4488s
2026-09-24 18:52:13,736 asyncbase.py iterate [line:68] INFO Select clients [np.int64(16), np.int64(1)] at time 49.
2026-09-24 18:52:14,355 asyncbase.py iterate [line:73] INFO Receive new models from clients [10] at time 49
2026-09-24 18:52:14,379 fedbase.py run [line:311] INFO --------------Round 47--------------
2026-09-24 18:52:14,379 simple_logger.py log_once [line:14] INFO Current_time:49
2026-09-24 18:52:15,831 simple_logger.py log_once [line:28] INFO test_accuracy                 0.0892
2026-09-24 18:52:15,831 simple_logger.py log_once [line:28] INFO test_loss                     4.9530
2026-09-24 18:52:15,831 simple_logger.py log_once [line:28] INFO val_accuracy                  0.0907
2026-09-24 18:52:15,832 simple_logger.py log_once [line:28] INFO mean_val_accuracy             0.0904
2026-09-24 18:52:15,832 simple_logger.py log_once [line:28] INFO std_val_accuracy              0.2536
2026-09-24 18:52:15,832 simple_logger.py log_once [line:28] INFO val_loss                      4.9709
2026-09-24 18:52:15,832 simple_logger.py log_once [line:28] INFO mean_val_loss                 4.9674
2026-09-24 18:52:15,832 simple_logger.py log_once [line:28] INFO std_val_loss                  2.0491
2026-09-24 18:52:15,832 fedbase.py run [line:316] INFO Eval Time Cost:               1.4529s
2026-09-24 18:52:15,840 asyncbase.py iterate [line:68] INFO Select clients [np.int64(10)] at time 50.
2026-09-24 18:52:16,154 asyncbase.py iterate [line:73] INFO Receive new models from clients [18, 4] at time 50
2026-09-24 18:52:16,199 fedbase.py run [line:311] INFO --------------Round 48--------------
2026-09-24 18:52:16,199 simple_logger.py log_once [line:14] INFO Current_time:50
2026-09-24 18:52:17,664 simple_logger.py log_once [line:28] INFO test_accuracy                 0.0892
2026-09-24 18:52:17,664 simple_logger.py log_once [line:28] INFO test_loss                     5.1480
2026-09-24 18:52:17,664 simple_logger.py log_once [line:28] INFO val_accuracy                  0.0907
2026-09-24 18:52:17,664 simple_logger.py log_once [line:28] INFO mean_val_accuracy             0.0904
2026-09-24 18:52:17,664 simple_logger.py log_once [line:28] INFO std_val_accuracy              0.2536
2026-09-24 18:52:17,664 simple_logger.py log_once [line:28] INFO val_loss                      5.1799
2026-09-24 18:52:17,664 simple_logger.py log_once [line:28] INFO mean_val_loss                 5.1823
2026-09-24 18:52:17,664 simple_logger.py log_once [line:28] INFO std_val_loss                  2.6066
2026-09-24 18:52:17,664 fedbase.py run [line:316] INFO Eval Time Cost:               1.4652s
2026-09-24 18:52:17,673 asyncbase.py iterate [line:68] INFO Select clients [np.int64(3), np.int64(2)] at time 51.
2026-09-24 18:52:18,293 asyncbase.py iterate [line:73] INFO Receive new models from clients [16, 2, 14] at time 51
2026-09-24 18:52:18,345 fedbase.py run [line:311] INFO --------------Round 49--------------
2026-09-24 18:52:18,345 simple_logger.py log_once [line:14] INFO Current_time:51
2026-09-24 18:52:19,796 simple_logger.py log_once [line:28] INFO test_accuracy                 0.0892
2026-09-24 18:52:19,796 simple_logger.py log_once [line:28] INFO test_loss                     4.5664
2026-09-24 18:52:19,797 simple_logger.py log_once [line:28] INFO val_accuracy                  0.0907
2026-09-24 18:52:19,797 simple_logger.py log_once [line:28] INFO mean_val_accuracy             0.0904
2026-09-24 18:52:19,797 simple_logger.py log_once [line:28] INFO std_val_accuracy              0.2536
2026-09-24 18:52:19,797 simple_logger.py log_once [line:28] INFO val_loss                      4.5809
2026-09-24 18:52:19,797 simple_logger.py log_once [line:28] INFO mean_val_loss                 4.5885
2026-09-24 18:52:19,797 simple_logger.py log_once [line:28] INFO std_val_loss                  2.1179
2026-09-24 18:52:19,797 fedbase.py run [line:316] INFO Eval Time Cost:               1.4514s
2026-09-24 18:52:19,806 asyncbase.py iterate [line:68] INFO Select clients [np.int64(16), np.int64(17)] at time 52.
2026-09-24 18:52:20,421 asyncbase.py iterate [line:73] INFO Receive new models from clients [1] at time 52
2026-09-24 18:52:20,443 fedbase.py run [line:311] INFO --------------Round 50--------------
2026-09-24 18:52:20,443 simple_logger.py log_once [line:14] INFO Current_time:52
2026-09-24 18:52:21,916 simple_logger.py log_once [line:28] INFO test_accuracy                 0.0958
2026-09-24 18:52:21,916 simple_logger.py log_once [line:28] INFO test_loss                     5.0263
2026-09-24 18:52:21,916 simple_logger.py log_once [line:28] INFO val_accuracy                  0.0981
2026-09-24 18:52:21,916 simple_logger.py log_once [line:28] INFO mean_val_accuracy             0.0983
2026-09-24 18:52:21,916 simple_logger.py log_once [line:28] INFO std_val_accuracy              0.2826
2026-09-24 18:52:21,916 simple_logger.py log_once [line:28] INFO val_loss                      5.0020
2026-09-24 18:52:21,916 simple_logger.py log_once [line:28] INFO mean_val_loss                 5.0130
2026-09-24 18:52:21,916 simple_logger.py log_once [line:28] INFO std_val_loss                  2.8005
2026-09-24 18:52:21,916 fedbase.py run [line:316] INFO Eval Time Cost:               1.4725s
2026-09-24 18:52:21,924 asyncbase.py iterate [line:68] INFO Select clients [np.int64(15), np.int64(0)] at time 53.
2026-09-24 18:52:22,538 asyncbase.py iterate [line:73] INFO Receive new models from clients [17, 16, 10, 3] at time 53
2026-09-24 18:52:22,596 fedbase.py run [line:311] INFO --------------Round 51--------------
2026-09-24 18:52:22,596 simple_logger.py log_once [line:14] INFO Current_time:53
2026-09-24 18:52:24,095 simple_logger.py log_once [line:28] INFO test_accuracy                 0.0958
2026-09-24 18:52:24,095 simple_logger.py log_once [line:28] INFO test_loss                     4.9304
2026-09-24 18:52:24,095 simple_logger.py log_once [line:28] INFO val_accuracy                  0.0981
2026-09-24 18:52:24,095 simple_logger.py log_once [line:28] INFO mean_val_accuracy             0.0983
2026-09-24 18:52:24,095 simple_logger.py log_once [line:28] INFO std_val_accuracy              0.2826
2026-09-24 18:52:24,095 simple_logger.py log_once [line:28] INFO val_loss                      4.8930
2026-09-24 18:52:24,095 simple_logger.py log_once [line:28] INFO mean_val_loss                 4.9043
2026-09-24 18:52:24,095 simple_logger.py log_once [line:28] INFO std_val_loss                  2.7841
2026-09-24 18:52:24,096 fedbase.py run [line:316] INFO Eval Time Cost:               1.4997s
2026-09-24 18:52:24,104 asyncbase.py iterate [line:68] INFO Select clients [np.int64(14), np.int64(8), np.int64(7), np.int64(10)] at time 54.
2026-09-24 18:52:25,329 asyncbase.py iterate [line:73] INFO Receive new models from clients [14] at time 54
2026-09-24 18:52:25,350 fedbase.py run [line:311] INFO --------------Round 52--------------
2026-09-24 18:52:25,350 simple_logger.py log_once [line:14] INFO Current_time:54
2026-09-24 18:52:26,819 simple_logger.py log_once [line:28] INFO test_accuracy                 0.0974
2026-09-24 18:52:26,819 simple_logger.py log_once [line:28] INFO test_loss                     5.9400
2026-09-24 18:52:26,819 simple_logger.py log_once [line:28] INFO val_accuracy                  0.0972
2026-09-24 18:52:26,819 simple_logger.py log_once [line:28] INFO mean_val_accuracy             0.0962
2026-09-24 18:52:26,819 simple_logger.py log_once [line:28] INFO std_val_accuracy              0.2801
2026-09-24 18:52:26,819 simple_logger.py log_once [line:28] INFO val_loss                      5.9129
2026-09-24 18:52:26,819 simple_logger.py log_once [line:28] INFO mean_val_loss                 5.9307
2026-09-24 18:52:26,819 simple_logger.py log_once [line:28] INFO std_val_loss                  2.9361
2026-09-24 18:52:26,819 fedbase.py run [line:316] INFO Eval Time Cost:               1.4692s
2026-09-24 18:52:26,828 asyncbase.py iterate [line:68] INFO Select clients [np.int64(4)] at time 55.
2026-09-24 18:52:27,135 asyncbase.py iterate [line:73] INFO Receive new models from clients [10, 15, 0] at time 55
2026-09-24 18:52:27,186 fedbase.py run [line:311] INFO --------------Round 53--------------
2026-09-24 18:52:27,186 simple_logger.py log_once [line:14] INFO Current_time:55
2026-09-24 18:52:28,653 simple_logger.py log_once [line:28] INFO test_accuracy                 0.0974
2026-09-24 18:52:28,653 simple_logger.py log_once [line:28] INFO test_loss                     7.4299
2026-09-24 18:52:28,653 simple_logger.py log_once [line:28] INFO val_accuracy                  0.0972
2026-09-24 18:52:28,653 simple_logger.py log_once [line:28] INFO mean_val_accuracy             0.0962
2026-09-24 18:52:28,653 simple_logger.py log_once [line:28] INFO std_val_accuracy              0.2801
2026-09-24 18:52:28,653 simple_logger.py log_once [line:28] INFO val_loss                      7.4194
2026-09-24 18:52:28,653 simple_logger.py log_once [line:28] INFO mean_val_loss                 7.4350
2026-09-24 18:52:28,653 simple_logger.py log_once [line:28] INFO std_val_loss                  2.8043
2026-09-24 18:52:28,653 fedbase.py run [line:316] INFO Eval Time Cost:               1.4667s
2026-09-24 18:52:28,661 asyncbase.py iterate [line:68] INFO Select clients [np.int64(18), np.int64(12)] at time 56.
2026-09-24 18:52:29,287 asyncbase.py iterate [line:73] INFO Receive new models from clients [4, 12] at time 56
2026-09-24 18:52:29,330 fedbase.py run [line:311] INFO --------------Round 54--------------
2026-09-24 18:52:29,330 simple_logger.py log_once [line:14] INFO Current_time:56
2026-09-24 18:52:30,884 simple_logger.py log_once [line:28] INFO test_accuracy                 0.0892
2026-09-24 18:52:30,884 simple_logger.py log_once [line:28] INFO test_loss                     2.8501
2026-09-24 18:52:30,884 simple_logger.py log_once [line:28] INFO val_accuracy                  0.0907
2026-09-24 18:52:30,884 simple_logger.py log_once [line:28] INFO mean_val_accuracy             0.0904
2026-09-24 18:52:30,884 simple_logger.py log_once [line:28] INFO std_val_accuracy              0.2536
2026-09-24 18:52:30,884 simple_logger.py log_once [line:28] INFO val_loss                      2.8480
2026-09-24 18:52:30,884 simple_logger.py log_once [line:28] INFO mean_val_loss                 2.8516
2026-09-24 18:52:30,884 simple_logger.py log_once [line:28] INFO std_val_loss                  1.1892
2026-09-24 18:52:30,884 fedbase.py run [line:316] INFO Eval Time Cost:               1.5544s
2026-09-24 18:52:30,893 asyncbase.py iterate [line:68] INFO Select clients [np.int64(19), np.int64(14)] at time 57.
2026-09-24 18:52:31,509 asyncbase.py iterate [line:73] INFO Receive new models from clients [18, 8, 7] at time 57
2026-09-24 18:52:31,562 fedbase.py run [line:311] INFO --------------Round 55--------------
2026-09-24 18:52:31,562 simple_logger.py log_once [line:14] INFO Current_time:57
2026-09-24 18:52:33,020 simple_logger.py log_once [line:28] INFO test_accuracy                 0.3454
2026-09-24 18:52:33,020 simple_logger.py log_once [line:28] INFO test_loss                     2.6531
2026-09-24 18:52:33,020 simple_logger.py log_once [line:28] INFO val_accuracy                  0.3478
2026-09-24 18:52:33,020 simple_logger.py log_once [line:28] INFO mean_val_accuracy             0.3482
2026-09-24 18:52:33,020 simple_logger.py log_once [line:28] INFO std_val_accuracy              0.4000
2026-09-24 18:52:33,020 simple_logger.py log_once [line:28] INFO val_loss                      2.6404
2026-09-24 18:52:33,020 simple_logger.py log_once [line:28] INFO mean_val_loss                 2.6405
2026-09-24 18:52:33,020 simple_logger.py log_once [line:28] INFO std_val_loss                  1.5218
2026-09-24 18:52:33,020 fedbase.py run [line:316] INFO Eval Time Cost:               1.4583s
2026-09-24 18:52:33,029 asyncbase.py iterate [line:68] INFO Select clients [np.int64(15), np.int64(3), np.int64(4), np.int64(9)] at time 58.
2026-09-24 18:52:34,261 asyncbase.py iterate [line:73] INFO Receive new models from clients [14, 9, 19] at time 58
2026-09-24 18:52:34,313 fedbase.py run [line:311] INFO --------------Round 56--------------
2026-09-24 18:52:34,313 simple_logger.py log_once [line:14] INFO Current_time:58
2026-09-24 18:52:35,772 simple_logger.py log_once [line:28] INFO test_accuracy                 0.3192
2026-09-24 18:52:35,772 simple_logger.py log_once [line:28] INFO test_loss                     2.5324
2026-09-24 18:52:35,772 simple_logger.py log_once [line:28] INFO val_accuracy                  0.3140
2026-09-24 18:52:35,772 simple_logger.py log_once [line:28] INFO mean_val_accuracy             0.3155
2026-09-24 18:52:35,772 simple_logger.py log_once [line:28] INFO std_val_accuracy              0.2904
2026-09-24 18:52:35,772 simple_logger.py log_once [line:28] INFO val_loss                      2.5367
2026-09-24 18:52:35,772 simple_logger.py log_once [line:28] INFO mean_val_loss                 2.5329
2026-09-24 18:52:35,772 simple_logger.py log_once [line:28] INFO std_val_loss                  1.8406
2026-09-24 18:52:35,772 fedbase.py run [line:316] INFO Eval Time Cost:               1.4591s
2026-09-24 18:52:35,780 asyncbase.py iterate [line:68] INFO Select clients [np.int64(5), np.int64(1), np.int64(10)] at time 59.
2026-09-24 18:52:36,707 asyncbase.py iterate [line:73] INFO Receive new models from clients [5] at time 59
2026-09-24 18:52:36,729 fedbase.py run [line:311] INFO --------------Round 57--------------
2026-09-24 18:52:36,729 simple_logger.py log_once [line:14] INFO Current_time:59
2026-09-24 18:52:38,194 simple_logger.py log_once [line:28] INFO test_accuracy                 0.1135
2026-09-24 18:52:38,194 simple_logger.py log_once [line:28] INFO test_loss                     8.1405
2026-09-24 18:52:38,194 simple_logger.py log_once [line:28] INFO val_accuracy                  0.1119
2026-09-24 18:52:38,194 simple_logger.py log_once [line:28] INFO mean_val_accuracy             0.1111
2026-09-24 18:52:38,194 simple_logger.py log_once [line:28] INFO std_val_accuracy              0.2974
2026-09-24 18:52:38,194 simple_logger.py log_once [line:28] INFO val_loss                      8.1890
2026-09-24 18:52:38,194 simple_logger.py log_once [line:28] INFO mean_val_loss                 8.1911
2026-09-24 18:52:38,194 simple_logger.py log_once [line:28] INFO std_val_loss                  4.1072
2026-09-24 18:52:38,194 fedbase.py run [line:316] INFO Eval Time Cost:               1.4646s
2026-09-24 18:52:38,203 asyncbase.py iterate [line:68] INFO Select clients [np.int64(18)] at time 60.
2026-09-24 18:52:38,516 asyncbase.py iterate [line:73] INFO Receive new models from clients [4] at time 60
2026-09-24 18:52:38,538 fedbase.py run [line:311] INFO --------------Round 58--------------
2026-09-24 18:52:38,538 simple_logger.py log_once [line:14] INFO Current_time:60
2026-09-24 18:52:39,995 simple_logger.py log_once [line:28] INFO test_accuracy                 0.1139
2026-09-24 18:52:39,996 simple_logger.py log_once [line:28] INFO test_loss                     21.4775
2026-09-24 18:52:39,996 simple_logger.py log_once [line:28] INFO val_accuracy                  0.1129
2026-09-24 18:52:39,996 simple_logger.py log_once [line:28] INFO mean_val_accuracy             0.1121
2026-09-24 18:52:39,996 simple_logger.py log_once [line:28] INFO std_val_accuracy              0.2973
2026-09-24 18:52:39,996 simple_logger.py log_once [line:28] INFO val_loss                      21.5700
2026-09-24 18:52:39,996 simple_logger.py log_once [line:28] INFO mean_val_loss                 21.5761
2026-09-24 18:52:39,996 simple_logger.py log_once [line:28] INFO std_val_loss                  10.4253
2026-09-24 18:52:39,996 fedbase.py run [line:316] INFO Eval Time Cost:               1.4577s
2026-09-24 18:52:40,004 asyncbase.py iterate [line:68] INFO Select clients [np.int64(2)] at time 61.
2026-09-24 18:52:40,316 asyncbase.py iterate [line:73] INFO Receive new models from clients [15, 3] at time 61
2026-09-24 18:52:40,361 fedbase.py run [line:311] INFO --------------Round 59--------------
2026-09-24 18:52:40,361 simple_logger.py log_once [line:14] INFO Current_time:61
2026-09-24 18:52:41,836 simple_logger.py log_once [line:28] INFO test_accuracy                 0.1374
2026-09-24 18:52:41,836 simple_logger.py log_once [line:28] INFO test_loss                     12.5880
2026-09-24 18:52:41,836 simple_logger.py log_once [line:28] INFO val_accuracy                  0.1369
2026-09-24 18:52:41,836 simple_logger.py log_once [line:28] INFO mean_val_accuracy             0.1362
2026-09-24 18:52:41,836 simple_logger.py log_once [line:28] INFO std_val_accuracy              0.3002
2026-09-24 18:52:41,836 simple_logger.py log_once [line:28] INFO val_loss                      12.7123
2026-09-24 18:52:41,836 simple_logger.py log_once [line:28] INFO mean_val_loss                 12.7236
2026-09-24 18:52:41,836 simple_logger.py log_once [line:28] INFO std_val_loss                  7.0393
2026-09-24 18:52:41,836 fedbase.py run [line:316] INFO Eval Time Cost:               1.4752s
2026-09-24 18:52:41,844 asyncbase.py iterate [line:68] INFO Select clients [np.int64(15), np.int64(13)] at time 62.
2026-09-24 18:52:42,462 asyncbase.py iterate [line:73] INFO Receive new models from clients [10, 18, 15, 1] at time 62
2026-09-24 18:52:42,521 fedbase.py run [line:311] INFO --------------Round 60--------------
2026-09-24 18:52:42,521 simple_logger.py log_once [line:14] INFO Current_time:62
2026-09-24 18:52:43,981 simple_logger.py log_once [line:28] INFO test_accuracy                 0.2494
2026-09-24 18:52:43,981 simple_logger.py log_once [line:28] INFO test_loss                     3.4850
2026-09-24 18:52:43,981 simple_logger.py log_once [line:28] INFO val_accuracy                  0.2473
2026-09-24 18:52:43,981 simple_logger.py log_once [line:28] INFO mean_val_accuracy             0.2463
2026-09-24 18:52:43,981 simple_logger.py log_once [line:28] INFO std_val_accuracy              0.3578
2026-09-24 18:52:43,981 simple_logger.py log_once [line:28] INFO val_loss                      3.4841
2026-09-24 18:52:43,981 simple_logger.py log_once [line:28] INFO mean_val_loss                 3.4929
2026-09-24 18:52:43,981 simple_logger.py log_once [line:28] INFO std_val_loss                  2.3039
2026-09-24 18:52:43,981 fedbase.py run [line:316] INFO Eval Time Cost:               1.4598s
2026-09-24 18:52:43,990 asyncbase.py iterate [line:68] INFO Select clients [np.int64(12), np.int64(9), np.int64(17), np.int64(11)] at time 63.
2026-09-24 18:52:45,205 asyncbase.py iterate [line:73] INFO Receive new models from clients [12] at time 63
2026-09-24 18:52:45,227 fedbase.py run [line:311] INFO --------------Round 61--------------
2026-09-24 18:52:45,227 simple_logger.py log_once [line:14] INFO Current_time:63
2026-09-24 18:52:46,692 simple_logger.py log_once [line:28] INFO test_accuracy                 0.1821
2026-09-24 18:52:46,692 simple_logger.py log_once [line:28] INFO test_loss                     5.8404
2026-09-24 18:52:46,693 simple_logger.py log_once [line:28] INFO val_accuracy                  0.1828
2026-09-24 18:52:46,693 simple_logger.py log_once [line:28] INFO mean_val_accuracy             0.1835
2026-09-24 18:52:46,693 simple_logger.py log_once [line:28] INFO std_val_accuracy              0.3555
2026-09-24 18:52:46,693 simple_logger.py log_once [line:28] INFO val_loss                      5.7839
2026-09-24 18:52:46,693 simple_logger.py log_once [line:28] INFO mean_val_loss                 5.7780
2026-09-24 18:52:46,693 simple_logger.py log_once [line:28] INFO std_val_loss                  3.0638
2026-09-24 18:52:46,693 fedbase.py run [line:316] INFO Eval Time Cost:               1.4655s
2026-09-24 18:52:46,701 asyncbase.py iterate [line:68] INFO Select clients [np.int64(0)] at time 64.
2026-09-24 18:52:47,005 asyncbase.py iterate [line:73] INFO Receive new models from clients [13, 2] at time 64
2026-09-24 18:52:47,050 fedbase.py run [line:311] INFO --------------Round 62--------------
2026-09-24 18:52:47,050 simple_logger.py log_once [line:14] INFO Current_time:64
2026-09-24 18:52:48,509 simple_logger.py log_once [line:28] INFO test_accuracy                 0.1934
2026-09-24 18:52:48,509 simple_logger.py log_once [line:28] INFO test_loss                     9.1570
2026-09-24 18:52:48,509 simple_logger.py log_once [line:28] INFO val_accuracy                  0.1967
2026-09-24 18:52:48,509 simple_logger.py log_once [line:28] INFO mean_val_accuracy             0.1971
2026-09-24 18:52:48,509 simple_logger.py log_once [line:28] INFO std_val_accuracy              0.3053
2026-09-24 18:52:48,509 simple_logger.py log_once [line:28] INFO val_loss                      9.0761
2026-09-24 18:52:48,509 simple_logger.py log_once [line:28] INFO mean_val_loss                 9.0698
2026-09-24 18:52:48,509 simple_logger.py log_once [line:28] INFO std_val_loss                  6.1261
2026-09-24 18:52:48,509 fedbase.py run [line:316] INFO Eval Time Cost:               1.4590s
2026-09-24 18:52:48,518 asyncbase.py iterate [line:68] INFO Select clients [np.int64(18), np.int64(10)] at time 65.
2026-09-24 18:52:49,161 asyncbase.py iterate [line:73] INFO Receive new models from clients [0] at time 65
2026-09-24 18:52:49,182 fedbase.py run [line:311] INFO --------------Round 63--------------
2026-09-24 18:52:49,182 simple_logger.py log_once [line:14] INFO Current_time:65
2026-09-24 18:52:50,658 simple_logger.py log_once [line:28] INFO test_accuracy                 0.1076
2026-09-24 18:52:50,658 simple_logger.py log_once [line:28] INFO test_loss                     10.9228
2026-09-24 18:52:50,658 simple_logger.py log_once [line:28] INFO val_accuracy                  0.1031
2026-09-24 18:52:50,658 simple_logger.py log_once [line:28] INFO mean_val_accuracy             0.1042
2026-09-24 18:52:50,658 simple_logger.py log_once [line:28] INFO std_val_accuracy              0.2858
2026-09-24 18:52:50,658 simple_logger.py log_once [line:28] INFO val_loss                      10.9012
2026-09-24 18:52:50,658 simple_logger.py log_once [line:28] INFO mean_val_loss                 10.8922
2026-09-24 18:52:50,658 simple_logger.py log_once [line:28] INFO std_val_loss                  5.0166
2026-09-24 18:52:50,659 fedbase.py run [line:316] INFO Eval Time Cost:               1.4765s
2026-09-24 18:52:50,667 asyncbase.py iterate [line:68] INFO Select clients [np.int64(15)] at time 66.
2026-09-24 18:52:50,974 asyncbase.py iterate [line:73] INFO Receive new models from clients [11, 15, 9, 18, 17] at time 66
2026-09-24 18:52:51,039 fedbase.py run [line:311] INFO --------------Round 64--------------
2026-09-24 18:52:51,039 simple_logger.py log_once [line:14] INFO Current_time:66
2026-09-24 18:52:52,481 simple_logger.py log_once [line:28] INFO test_accuracy                 0.2307
2026-09-24 18:52:52,481 simple_logger.py log_once [line:28] INFO test_loss                     2.3977
2026-09-24 18:52:52,481 simple_logger.py log_once [line:28] INFO val_accuracy                  0.2326
2026-09-24 18:52:52,481 simple_logger.py log_once [line:28] INFO mean_val_accuracy             0.2329
2026-09-24 18:52:52,481 simple_logger.py log_once [line:28] INFO std_val_accuracy              0.3436
2026-09-24 18:52:52,481 simple_logger.py log_once [line:28] INFO val_loss                      2.3949
2026-09-24 18:52:52,481 simple_logger.py log_once [line:28] INFO mean_val_loss                 2.3948
2026-09-24 18:52:52,481 simple_logger.py log_once [line:28] INFO std_val_loss                  1.0266
2026-09-24 18:52:52,481 fedbase.py run [line:316] INFO Eval Time Cost:               1.4418s
2026-09-24 18:52:52,489 asyncbase.py iterate [line:68] INFO Select clients [np.int64(9), np.int64(13), np.int64(8), np.int64(11), np.int64(3)] at time 67.
2026-09-24 18:52:54,027 asyncbase.py iterate [line:73] INFO Receive new models from clients [10] at time 67
2026-09-24 18:52:54,049 fedbase.py run [line:311] INFO --------------Round 65--------------
2026-09-24 18:52:54,049 simple_logger.py log_once [line:14] INFO Current_time:67
2026-09-24 18:52:55,519 simple_logger.py log_once [line:28] INFO test_accuracy                 0.3412
2026-09-24 18:52:55,519 simple_logger.py log_once [line:28] INFO test_loss                     2.1059
2026-09-24 18:52:55,519 simple_logger.py log_once [line:28] INFO val_accuracy                  0.3345
2026-09-24 18:52:55,519 simple_logger.py log_once [line:28] INFO mean_val_accuracy             0.3354
2026-09-24 18:52:55,519 simple_logger.py log_once [line:28] INFO std_val_accuracy              0.3995
2026-09-24 18:52:55,519 simple_logger.py log_once [line:28] INFO val_loss                      2.1057
2026-09-24 18:52:55,519 simple_logger.py log_once [line:28] INFO mean_val_loss                 2.1052
2026-09-24 18:52:55,519 simple_logger.py log_once [line:28] INFO std_val_loss                  0.7766
2026-09-24 18:52:55,519 fedbase.py run [line:316] INFO Eval Time Cost:               1.4706s
2026-09-24 18:52:55,528 asyncbase.py iterate [line:73] INFO Receive new models from clients [8, 9] at time 68
2026-09-24 18:52:55,572 fedbase.py run [line:311] INFO --------------Round 66--------------
2026-09-24 18:52:55,572 simple_logger.py log_once [line:14] INFO Current_time:68
2026-09-24 18:52:57,038 simple_logger.py log_once [line:28] INFO test_accuracy                 0.2586
2026-09-24 18:52:57,038 simple_logger.py log_once [line:28] INFO test_loss                     2.0814
2026-09-24 18:52:57,038 simple_logger.py log_once [line:28] INFO val_accuracy                  0.2589
2026-09-24 18:52:57,038 simple_logger.py log_once [line:28] INFO mean_val_accuracy             0.2598
2026-09-24 18:52:57,038 simple_logger.py log_once [line:28] INFO std_val_accuracy              0.3271
2026-09-24 18:52:57,038 simple_logger.py log_once [line:28] INFO val_loss                      2.0830
2026-09-24 18:52:57,038 simple_logger.py log_once [line:28] INFO mean_val_loss                 2.0811
2026-09-24 18:52:57,038 simple_logger.py log_once [line:28] INFO std_val_loss                  0.8742
2026-09-24 18:52:57,038 fedbase.py run [line:316] INFO Eval Time Cost:               1.4661s
2026-09-24 18:52:57,047 asyncbase.py iterate [line:68] INFO Select clients [np.int64(6), np.int64(7), np.int64(15)] at time 69.
2026-09-24 18:52:57,972 asyncbase.py iterate [line:73] INFO Receive new models from clients [3, 15, 7] at time 69
2026-09-24 18:52:58,024 fedbase.py run [line:311] INFO --------------Round 67--------------
2026-09-24 18:52:58,024 simple_logger.py log_once [line:14] INFO Current_time:69
2026-09-24 18:52:59,483 simple_logger.py log_once [line:28] INFO test_accuracy                 0.2753
2026-09-24 18:52:59,483 simple_logger.py log_once [line:28] INFO test_loss                     2.2982
2026-09-24 18:52:59,483 simple_logger.py log_once [line:28] INFO val_accuracy                  0.2678
2026-09-24 18:52:59,484 simple_logger.py log_once [line:28] INFO mean_val_accuracy             0.2672
2026-09-24 18:52:59,484 simple_logger.py log_once [line:28] INFO std_val_accuracy              0.3713
2026-09-24 18:52:59,484 simple_logger.py log_once [line:28] INFO val_loss                      2.3128
2026-09-24 18:52:59,484 simple_logger.py log_once [line:28] INFO mean_val_loss                 2.3129
2026-09-24 18:52:59,484 simple_logger.py log_once [line:28] INFO std_val_loss                  1.3216
2026-09-24 18:52:59,484 fedbase.py run [line:316] INFO Eval Time Cost:               1.4594s
2026-09-24 18:52:59,493 asyncbase.py iterate [line:68] INFO Select clients [np.int64(16), np.int64(4), np.int64(3)] at time 70.
2026-09-24 18:53:00,421 asyncbase.py iterate [line:73] INFO Receive new models from clients [13, 11] at time 70
2026-09-24 18:53:00,465 fedbase.py run [line:311] INFO --------------Round 68--------------
2026-09-24 18:53:00,465 simple_logger.py log_once [line:14] INFO Current_time:70
2026-09-24 18:53:01,914 simple_logger.py log_once [line:28] INFO test_accuracy                 0.3785
2026-09-24 18:53:01,914 simple_logger.py log_once [line:28] INFO test_loss                     3.5877
2026-09-24 18:53:01,914 simple_logger.py log_once [line:28] INFO val_accuracy                  0.3638
2026-09-24 18:53:01,914 simple_logger.py log_once [line:28] INFO mean_val_accuracy             0.3648
2026-09-24 18:53:01,914 simple_logger.py log_once [line:28] INFO std_val_accuracy              0.3557
2026-09-24 18:53:01,914 simple_logger.py log_once [line:28] INFO val_loss                      3.6185
2026-09-24 18:53:01,915 simple_logger.py log_once [line:28] INFO mean_val_loss                 3.6134
2026-09-24 18:53:01,915 simple_logger.py log_once [line:28] INFO std_val_loss                  3.1309
2026-09-24 18:53:01,915 fedbase.py run [line:316] INFO Eval Time Cost:               1.4495s
2026-09-24 18:53:01,923 asyncbase.py iterate [line:68] INFO Select clients [np.int64(7)] at time 71.
2026-09-24 18:53:02,228 asyncbase.py iterate [line:73] INFO Receive new models from clients [4, 16] at time 71
2026-09-24 18:53:02,272 fedbase.py run [line:311] INFO --------------Round 69--------------
2026-09-24 18:53:02,272 simple_logger.py log_once [line:14] INFO Current_time:71
2026-09-24 18:53:03,814 simple_logger.py log_once [line:28] INFO test_accuracy                 0.3656
2026-09-24 18:53:03,815 simple_logger.py log_once [line:28] INFO test_loss                     5.8563
2026-09-24 18:53:03,815 simple_logger.py log_once [line:28] INFO val_accuracy                  0.3647
2026-09-24 18:53:03,815 simple_logger.py log_once [line:28] INFO mean_val_accuracy             0.3664
2026-09-24 18:53:03,815 simple_logger.py log_once [line:28] INFO std_val_accuracy              0.3921
2026-09-24 18:53:03,815 simple_logger.py log_once [line:28] INFO val_loss                      5.8141
2026-09-24 18:53:03,815 simple_logger.py log_once [line:28] INFO mean_val_loss                 5.7972
2026-09-24 18:53:03,815 simple_logger.py log_once [line:28] INFO std_val_loss                  5.4505
2026-09-24 18:53:03,815 fedbase.py run [line:316] INFO Eval Time Cost:               1.5428s
2026-09-24 18:53:03,823 asyncbase.py iterate [line:68] INFO Select clients [np.int64(10), np.int64(18)] at time 72.
2026-09-24 18:53:04,459 asyncbase.py iterate [line:73] INFO Receive new models from clients [6, 3, 18] at time 72
2026-09-24 18:53:04,510 fedbase.py run [line:311] INFO --------------Round 70--------------
2026-09-24 18:53:04,510 simple_logger.py log_once [line:14] INFO Current_time:72
2026-09-24 18:53:06,008 simple_logger.py log_once [line:28] INFO test_accuracy                 0.2538
2026-09-24 18:53:06,008 simple_logger.py log_once [line:28] INFO test_loss                     8.4029
2026-09-24 18:53:06,008 simple_logger.py log_once [line:28] INFO val_accuracy                  0.2464
2026-09-24 18:53:06,008 simple_logger.py log_once [line:28] INFO mean_val_accuracy             0.2461
2026-09-24 18:53:06,008 simple_logger.py log_once [line:28] INFO std_val_accuracy              0.3637
2026-09-24 18:53:06,008 simple_logger.py log_once [line:28] INFO val_loss                      8.3111
2026-09-24 18:53:06,008 simple_logger.py log_once [line:28] INFO mean_val_loss                 8.3114
2026-09-24 18:53:06,008 simple_logger.py log_once [line:28] INFO std_val_loss                  5.5224
2026-09-24 18:53:06,008 fedbase.py run [line:316] INFO Eval Time Cost:               1.4977s
2026-09-24 18:53:06,018 asyncbase.py iterate [line:68] INFO Select clients [np.int64(16), np.int64(8), np.int64(14)] at time 73.
2026-09-24 18:53:06,954 asyncbase.py iterate [line:68] INFO Select clients [np.int64(11)] at time 74.
2026-09-24 18:53:07,267 asyncbase.py iterate [line:73] INFO Receive new models from clients [16, 7] at time 74
2026-09-24 18:53:07,342 fedbase.py run [line:311] INFO --------------Round 71--------------
2026-09-24 18:53:07,342 simple_logger.py log_once [line:14] INFO Current_time:74
2026-09-24 18:53:08,799 simple_logger.py log_once [line:28] INFO test_accuracy                 0.2614
2026-09-24 18:53:08,799 simple_logger.py log_once [line:28] INFO test_loss                     2.2501
2026-09-24 18:53:08,799 simple_logger.py log_once [line:28] INFO val_accuracy                  0.2628
2026-09-24 18:53:08,799 simple_logger.py log_once [line:28] INFO mean_val_accuracy             0.2626
2026-09-24 18:53:08,799 simple_logger.py log_once [line:28] INFO std_val_accuracy              0.2708
2026-09-24 18:53:08,799 simple_logger.py log_once [line:28] INFO val_loss                      2.2651
2026-09-24 18:53:08,799 simple_logger.py log_once [line:28] INFO mean_val_loss                 2.2657
2026-09-24 18:53:08,799 simple_logger.py log_once [line:28] INFO std_val_loss                  1.0212
2026-09-24 18:53:08,799 fedbase.py run [line:316] INFO Eval Time Cost:               1.4568s
2026-09-24 18:53:08,809 asyncbase.py iterate [line:68] INFO Select clients [np.int64(1), np.int64(0)] at time 75.
2026-09-24 18:53:09,460 asyncbase.py iterate [line:73] INFO Receive new models from clients [11, 8, 10, 14] at time 75
2026-09-24 18:53:09,518 fedbase.py run [line:311] INFO --------------Round 72--------------
2026-09-24 18:53:09,518 simple_logger.py log_once [line:14] INFO Current_time:75
2026-09-24 18:53:10,967 simple_logger.py log_once [line:28] INFO test_accuracy                 0.2453
2026-09-24 18:53:10,967 simple_logger.py log_once [line:28] INFO test_loss                     2.2524
2026-09-24 18:53:10,967 simple_logger.py log_once [line:28] INFO val_accuracy                  0.2436
2026-09-24 18:53:10,967 simple_logger.py log_once [line:28] INFO mean_val_accuracy             0.2437
2026-09-24 18:53:10,967 simple_logger.py log_once [line:28] INFO std_val_accuracy              0.2677
2026-09-24 18:53:10,967 simple_logger.py log_once [line:28] INFO val_loss                      2.2649
2026-09-24 18:53:10,967 simple_logger.py log_once [line:28] INFO mean_val_loss                 2.2643
2026-09-24 18:53:10,967 simple_logger.py log_once [line:28] INFO std_val_loss                  0.8997
2026-09-24 18:53:10,967 fedbase.py run [line:316] INFO Eval Time Cost:               1.4492s
2026-09-24 18:53:10,977 asyncbase.py iterate [line:68] INFO Select clients [np.int64(16), np.int64(7), np.int64(9), np.int64(10)] at time 76.
2026-09-24 18:53:12,233 asyncbase.py iterate [line:73] INFO Receive new models from clients [9] at time 76
2026-09-24 18:53:12,255 fedbase.py run [line:311] INFO --------------Round 73--------------
2026-09-24 18:53:12,255 simple_logger.py log_once [line:14] INFO Current_time:76
2026-09-24 18:53:13,711 simple_logger.py log_once [line:28] INFO test_accuracy                 0.1907
2026-09-24 18:53:13,712 simple_logger.py log_once [line:28] INFO test_loss                     4.9759
2026-09-24 18:53:13,712 simple_logger.py log_once [line:28] INFO val_accuracy                  0.1860
2026-09-24 18:53:13,712 simple_logger.py log_once [line:28] INFO mean_val_accuracy             0.1866
2026-09-24 18:53:13,712 simple_logger.py log_once [line:28] INFO std_val_accuracy              0.3657
2026-09-24 18:53:13,712 simple_logger.py log_once [line:28] INFO val_loss                      4.9370
2026-09-24 18:53:13,712 simple_logger.py log_once [line:28] INFO mean_val_loss                 4.9340
2026-09-24 18:53:13,712 simple_logger.py log_once [line:28] INFO std_val_loss                  2.5063
2026-09-24 18:53:13,712 fedbase.py run [line:316] INFO Eval Time Cost:               1.4569s
2026-09-24 18:53:13,721 asyncbase.py iterate [line:68] INFO Select clients [np.int64(2)] at time 77.
2026-09-24 18:53:14,039 asyncbase.py iterate [line:73] INFO Receive new models from clients [0, 1, 10] at time 77
2026-09-24 18:53:14,090 fedbase.py run [line:311] INFO --------------Round 74--------------
2026-09-24 18:53:14,090 simple_logger.py log_once [line:14] INFO Current_time:77
2026-09-24 18:53:15,550 simple_logger.py log_once [line:28] INFO test_accuracy                 0.1465
2026-09-24 18:53:15,550 simple_logger.py log_once [line:28] INFO test_loss                     6.8054
2026-09-24 18:53:15,550 simple_logger.py log_once [line:28] INFO val_accuracy                  0.1367
2026-09-24 18:53:15,550 simple_logger.py log_once [line:28] INFO mean_val_accuracy             0.1376
2026-09-24 18:53:15,550 simple_logger.py log_once [line:28] INFO std_val_accuracy              0.2959
2026-09-24 18:53:15,550 simple_logger.py log_once [line:28] INFO val_loss                      6.7757
2026-09-24 18:53:15,550 simple_logger.py log_once [line:28] INFO mean_val_loss                 6.7714
2026-09-24 18:53:15,550 simple_logger.py log_once [line:28] INFO std_val_loss                  3.2264
2026-09-24 18:53:15,550 fedbase.py run [line:316] INFO Eval Time Cost:               1.4595s
2026-09-24 18:53:15,558 asyncbase.py iterate [line:68] INFO Select clients [np.int64(14), np.int64(13)] at time 78.
2026-09-24 18:53:16,199 asyncbase.py iterate [line:68] INFO Select clients [np.int64(9)] at time 79.
2026-09-24 18:53:16,507 asyncbase.py iterate [line:73] INFO Receive new models from clients [16, 13, 2, 14, 7] at time 79
2026-09-24 18:53:16,572 fedbase.py run [line:311] INFO --------------Round 75--------------
2026-09-24 18:53:16,572 simple_logger.py log_once [line:14] INFO Current_time:79
2026-09-24 18:53:18,027 simple_logger.py log_once [line:28] INFO test_accuracy                 0.2066
2026-09-24 18:53:18,027 simple_logger.py log_once [line:28] INFO test_loss                     2.3050
2026-09-24 18:53:18,027 simple_logger.py log_once [line:28] INFO val_accuracy                  0.2034
2026-09-24 18:53:18,027 simple_logger.py log_once [line:28] INFO mean_val_accuracy             0.2029
2026-09-24 18:53:18,027 simple_logger.py log_once [line:28] INFO std_val_accuracy              0.2708
2026-09-24 18:53:18,027 simple_logger.py log_once [line:28] INFO val_loss                      2.3203
2026-09-24 18:53:18,027 simple_logger.py log_once [line:28] INFO mean_val_loss                 2.3224
2026-09-24 18:53:18,027 simple_logger.py log_once [line:28] INFO std_val_loss                  0.6792
2026-09-24 18:53:18,027 fedbase.py run [line:316] INFO Eval Time Cost:               1.4549s
2026-09-24 18:53:18,036 asyncbase.py iterate [line:68] INFO Select clients [np.int64(0), np.int64(11), np.int64(14), np.int64(5), np.int64(16)] at time 80.
2026-09-24 18:53:19,676 asyncbase.py iterate [line:73] INFO Receive new models from clients [9, 0] at time 80
2026-09-24 18:53:19,721 fedbase.py run [line:311] INFO --------------Round 76--------------
2026-09-24 18:53:19,721 simple_logger.py log_once [line:14] INFO Current_time:80
2026-09-24 18:53:21,216 simple_logger.py log_once [line:28] INFO test_accuracy                 0.3173
2026-09-24 18:53:21,216 simple_logger.py log_once [line:28] INFO test_loss                     1.8568
2026-09-24 18:53:21,216 simple_logger.py log_once [line:28] INFO val_accuracy                  0.3104
2026-09-24 18:53:21,216 simple_logger.py log_once [line:28] INFO mean_val_accuracy             0.3109
2026-09-24 18:53:21,216 simple_logger.py log_once [line:28] INFO std_val_accuracy              0.3466
2026-09-24 18:53:21,216 simple_logger.py log_once [line:28] INFO val_loss                      1.8644
2026-09-24 18:53:21,216 simple_logger.py log_once [line:28] INFO mean_val_loss                 1.8634
2026-09-24 18:53:21,216 simple_logger.py log_once [line:28] INFO std_val_loss                  0.8141
2026-09-24 18:53:21,217 fedbase.py run [line:316] INFO Eval Time Cost:               1.4955s
2026-09-24 18:53:21,226 asyncbase.py iterate [line:68] INFO Select clients [np.int64(12)] at time 81.
2026-09-24 18:53:21,537 asyncbase.py iterate [line:73] INFO Receive new models from clients [14, 16] at time 81
2026-09-24 18:53:21,581 fedbase.py run [line:311] INFO --------------Round 77--------------
2026-09-24 18:53:21,581 simple_logger.py log_once [line:14] INFO Current_time:81
2026-09-24 18:53:23,069 simple_logger.py log_once [line:28] INFO test_accuracy                 0.2987
2026-09-24 18:53:23,069 simple_logger.py log_once [line:28] INFO test_loss                     2.4473
2026-09-24 18:53:23,069 simple_logger.py log_once [line:28] INFO val_accuracy                  0.2890
2026-09-24 18:53:23,069 simple_logger.py log_once [line:28] INFO mean_val_accuracy             0.2893
2026-09-24 18:53:23,069 simple_logger.py log_once [line:28] INFO std_val_accuracy              0.3601
2026-09-24 18:53:23,069 simple_logger.py log_once [line:28] INFO val_loss                      2.4437
2026-09-24 18:53:23,069 simple_logger.py log_once [line:28] INFO mean_val_loss                 2.4432
2026-09-24 18:53:23,069 simple_logger.py log_once [line:28] INFO std_val_loss                  1.5106
2026-09-24 18:53:23,069 fedbase.py run [line:316] INFO Eval Time Cost:               1.4880s
2026-09-24 18:53:23,078 asyncbase.py iterate [line:68] INFO Select clients [np.int64(4), np.int64(1), np.int64(14)] at time 82.
2026-09-24 18:53:24,058 asyncbase.py iterate [line:73] INFO Receive new models from clients [11, 14] at time 82
2026-09-24 18:53:24,101 fedbase.py run [line:311] INFO --------------Round 78--------------
2026-09-24 18:53:24,101 simple_logger.py log_once [line:14] INFO Current_time:82
2026-09-24 18:53:25,708 simple_logger.py log_once [line:28] INFO test_accuracy                 0.4303
2026-09-24 18:53:25,708 simple_logger.py log_once [line:28] INFO test_loss                     2.3345
2026-09-24 18:53:25,708 simple_logger.py log_once [line:28] INFO val_accuracy                  0.4284
2026-09-24 18:53:25,708 simple_logger.py log_once [line:28] INFO mean_val_accuracy             0.4288
2026-09-24 18:53:25,708 simple_logger.py log_once [line:28] INFO std_val_accuracy              0.3712
2026-09-24 18:53:25,708 simple_logger.py log_once [line:28] INFO val_loss                      2.3280
2026-09-24 18:53:25,708 simple_logger.py log_once [line:28] INFO mean_val_loss                 2.3259
2026-09-24 18:53:25,708 simple_logger.py log_once [line:28] INFO std_val_loss                  1.9248
2026-09-24 18:53:25,708 fedbase.py run [line:316] INFO Eval Time Cost:               1.6069s
2026-09-24 18:53:25,717 asyncbase.py iterate [line:68] INFO Select clients [np.int64(0), np.int64(15)] at time 83.
2026-09-24 18:53:26,336 asyncbase.py iterate [line:73] INFO Receive new models from clients [1, 15, 5, 12, 0] at time 83
2026-09-24 18:53:26,401 fedbase.py run [line:311] INFO --------------Round 79--------------
2026-09-24 18:53:26,401 simple_logger.py log_once [line:14] INFO Current_time:83
2026-09-24 18:53:27,890 simple_logger.py log_once [line:28] INFO test_accuracy                 0.4260
2026-09-24 18:53:27,890 simple_logger.py log_once [line:28] INFO test_loss                     2.5053
2026-09-24 18:53:27,890 simple_logger.py log_once [line:28] INFO val_accuracy                  0.4127
2026-09-24 18:53:27,890 simple_logger.py log_once [line:28] INFO mean_val_accuracy             0.4130
2026-09-24 18:53:27,890 simple_logger.py log_once [line:28] INFO std_val_accuracy              0.3478
2026-09-24 18:53:27,890 simple_logger.py log_once [line:28] INFO val_loss                      2.5215
2026-09-24 18:53:27,890 simple_logger.py log_once [line:28] INFO mean_val_loss                 2.5176
2026-09-24 18:53:27,890 simple_logger.py log_once [line:28] INFO std_val_loss                  2.1367
2026-09-24 18:53:27,890 fedbase.py run [line:316] INFO Eval Time Cost:               1.4895s
2026-09-24 18:53:27,898 asyncbase.py iterate [line:68] INFO Select clients [np.int64(15), np.int64(13), np.int64(6), np.int64(8)] at time 84.
2026-09-24 18:53:29,140 asyncbase.py iterate [line:73] INFO Receive new models from clients [13] at time 84
2026-09-24 18:53:29,162 fedbase.py run [line:311] INFO --------------Round 80--------------
2026-09-24 18:53:29,162 simple_logger.py log_once [line:14] INFO Current_time:84
2026-09-24 18:53:30,635 simple_logger.py log_once [line:28] INFO test_accuracy                 0.1010
2026-09-24 18:53:30,635 simple_logger.py log_once [line:28] INFO test_loss                     11.7173
2026-09-24 18:53:30,635 simple_logger.py log_once [line:28] INFO val_accuracy                  0.1020
2026-09-24 18:53:30,635 simple_logger.py log_once [line:28] INFO mean_val_accuracy             0.1016
2026-09-24 18:53:30,635 simple_logger.py log_once [line:28] INFO std_val_accuracy              0.2730
2026-09-24 18:53:30,635 simple_logger.py log_once [line:28] INFO val_loss                      11.6525
2026-09-24 18:53:30,635 simple_logger.py log_once [line:28] INFO mean_val_loss                 11.6604
2026-09-24 18:53:30,635 simple_logger.py log_once [line:28] INFO std_val_loss                  4.3796
2026-09-24 18:53:30,635 fedbase.py run [line:316] INFO Eval Time Cost:               1.4734s
2026-09-24 18:53:30,644 asyncbase.py iterate [line:68] INFO Select clients [np.int64(16), np.int64(14)] at time 85.
2026-09-24 18:53:31,269 asyncbase.py iterate [line:73] INFO Receive new models from clients [6, 14, 4] at time 85
2026-09-24 18:53:31,320 fedbase.py run [line:311] INFO --------------Round 81--------------
2026-09-24 18:53:31,320 simple_logger.py log_once [line:14] INFO Current_time:85
2026-09-24 18:53:32,784 simple_logger.py log_once [line:28] INFO test_accuracy                 0.4278
2026-09-24 18:53:32,784 simple_logger.py log_once [line:28] INFO test_loss                     1.6360
2026-09-24 18:53:32,784 simple_logger.py log_once [line:28] INFO val_accuracy                  0.4182
2026-09-24 18:53:32,784 simple_logger.py log_once [line:28] INFO mean_val_accuracy             0.4183
2026-09-24 18:53:32,784 simple_logger.py log_once [line:28] INFO std_val_accuracy              0.2475
2026-09-24 18:53:32,784 simple_logger.py log_once [line:28] INFO val_loss                      1.6592
2026-09-24 18:53:32,784 simple_logger.py log_once [line:28] INFO mean_val_loss                 1.6599
2026-09-24 18:53:32,784 simple_logger.py log_once [line:28] INFO std_val_loss                  0.4165
2026-09-24 18:53:32,784 fedbase.py run [line:316] INFO Eval Time Cost:               1.4638s
2026-09-24 18:53:32,792 asyncbase.py iterate [line:68] INFO Select clients [np.int64(4), np.int64(5), np.int64(1)] at time 86.
2026-09-24 18:53:33,723 asyncbase.py iterate [line:73] INFO Receive new models from clients [15] at time 86
2026-09-24 18:53:33,744 fedbase.py run [line:311] INFO --------------Round 82--------------
2026-09-24 18:53:33,744 simple_logger.py log_once [line:14] INFO Current_time:86
2026-09-24 18:53:35,259 simple_logger.py log_once [line:28] INFO test_accuracy                 0.4063
2026-09-24 18:53:35,259 simple_logger.py log_once [line:28] INFO test_loss                     1.6487
2026-09-24 18:53:35,259 simple_logger.py log_once [line:28] INFO val_accuracy                  0.3952
2026-09-24 18:53:35,259 simple_logger.py log_once [line:28] INFO mean_val_accuracy             0.3948
2026-09-24 18:53:35,259 simple_logger.py log_once [line:28] INFO std_val_accuracy              0.2815
2026-09-24 18:53:35,259 simple_logger.py log_once [line:28] INFO val_loss                      1.6729
2026-09-24 18:53:35,259 simple_logger.py log_once [line:28] INFO mean_val_loss                 1.6743
2026-09-24 18:53:35,259 simple_logger.py log_once [line:28] INFO std_val_loss                  0.5431
2026-09-24 18:53:35,259 fedbase.py run [line:316] INFO Eval Time Cost:               1.5148s
2026-09-24 18:53:35,267 asyncbase.py iterate [line:68] INFO Select clients [np.int64(17)] at time 87.
2026-09-24 18:53:35,575 asyncbase.py iterate [line:73] INFO Receive new models from clients [8, 4, 16, 5] at time 87
2026-09-24 18:53:35,636 fedbase.py run [line:311] INFO --------------Round 83--------------
2026-09-24 18:53:35,636 simple_logger.py log_once [line:14] INFO Current_time:87
2026-09-24 18:53:37,160 simple_logger.py log_once [line:28] INFO test_accuracy                 0.2363
2026-09-24 18:53:37,160 simple_logger.py log_once [line:28] INFO test_loss                     2.1687
2026-09-24 18:53:37,160 simple_logger.py log_once [line:28] INFO val_accuracy                  0.2338
2026-09-24 18:53:37,160 simple_logger.py log_once [line:28] INFO mean_val_accuracy             0.2332
2026-09-24 18:53:37,160 simple_logger.py log_once [line:28] INFO std_val_accuracy              0.3065
2026-09-24 18:53:37,160 simple_logger.py log_once [line:28] INFO val_loss                      2.1925
2026-09-24 18:53:37,160 simple_logger.py log_once [line:28] INFO mean_val_loss                 2.1972
2026-09-24 18:53:37,160 simple_logger.py log_once [line:28] INFO std_val_loss                  0.9942
2026-09-24 18:53:37,160 fedbase.py run [line:316] INFO Eval Time Cost:               1.5239s
2026-09-24 18:53:37,168 asyncbase.py iterate [line:68] INFO Select clients [np.int64(10), np.int64(13), np.int64(5), np.int64(16)] at time 88.
2026-09-24 18:53:38,419 asyncbase.py iterate [line:73] INFO Receive new models from clients [1, 16, 17, 13] at time 88
2026-09-24 18:53:38,477 fedbase.py run [line:311] INFO --------------Round 84--------------
2026-09-24 18:53:38,477 simple_logger.py log_once [line:14] INFO Current_time:88
2026-09-24 18:53:39,948 simple_logger.py log_once [line:28] INFO test_accuracy                 0.3952
2026-09-24 18:53:39,948 simple_logger.py log_once [line:28] INFO test_loss                     1.6538
2026-09-24 18:53:39,948 simple_logger.py log_once [line:28] INFO val_accuracy                  0.4011
2026-09-24 18:53:39,948 simple_logger.py log_once [line:28] INFO mean_val_accuracy             0.4008
2026-09-24 18:53:39,948 simple_logger.py log_once [line:28] INFO std_val_accuracy              0.3650
2026-09-24 18:53:39,948 simple_logger.py log_once [line:28] INFO val_loss                      1.6521
2026-09-24 18:53:39,948 simple_logger.py log_once [line:28] INFO mean_val_loss                 1.6535
2026-09-24 18:53:39,948 simple_logger.py log_once [line:28] INFO std_val_loss                  0.9372
2026-09-24 18:53:39,948 fedbase.py run [line:316] INFO Eval Time Cost:               1.4710s
2026-09-24 18:53:39,957 asyncbase.py iterate [line:68] INFO Select clients [np.int64(8), np.int64(12), np.int64(15), np.int64(3)] at time 89.
2026-09-24 18:53:41,216 asyncbase.py iterate [line:73] INFO Receive new models from clients [12] at time 89
2026-09-24 18:53:41,239 fedbase.py run [line:311] INFO --------------Round 85--------------
2026-09-24 18:53:41,239 simple_logger.py log_once [line:14] INFO Current_time:89
2026-09-24 18:53:42,761 simple_logger.py log_once [line:28] INFO test_accuracy                 0.2072
2026-09-24 18:53:42,762 simple_logger.py log_once [line:28] INFO test_loss                     5.0057
2026-09-24 18:53:42,762 simple_logger.py log_once [line:28] INFO val_accuracy                  0.2094
2026-09-24 18:53:42,762 simple_logger.py log_once [line:28] INFO mean_val_accuracy             0.2101
2026-09-24 18:53:42,762 simple_logger.py log_once [line:28] INFO std_val_accuracy              0.3543
2026-09-24 18:53:42,762 simple_logger.py log_once [line:28] INFO val_loss                      5.0100
2026-09-24 18:53:42,762 simple_logger.py log_once [line:28] INFO mean_val_loss                 5.0023
2026-09-24 18:53:42,762 simple_logger.py log_once [line:28] INFO std_val_loss                  2.7266
2026-09-24 18:53:42,762 fedbase.py run [line:316] INFO Eval Time Cost:               1.5229s
2026-09-24 18:53:42,771 asyncbase.py iterate [line:68] INFO Select clients [np.int64(1)] at time 90.
2026-09-24 18:53:43,083 asyncbase.py iterate [line:73] INFO Receive new models from clients [10, 15, 8] at time 90
2026-09-24 18:53:43,134 fedbase.py run [line:311] INFO --------------Round 86--------------
2026-09-24 18:53:43,134 simple_logger.py log_once [line:14] INFO Current_time:90
2026-09-24 18:53:44,593 simple_logger.py log_once [line:28] INFO test_accuracy                 0.1835
2026-09-24 18:53:44,593 simple_logger.py log_once [line:28] INFO test_loss                     6.6512
2026-09-24 18:53:44,593 simple_logger.py log_once [line:28] INFO val_accuracy                  0.1836
2026-09-24 18:53:44,593 simple_logger.py log_once [line:28] INFO mean_val_accuracy             0.1845
2026-09-24 18:53:44,593 simple_logger.py log_once [line:28] INFO std_val_accuracy              0.3305
2026-09-24 18:53:44,593 simple_logger.py log_once [line:28] INFO val_loss                      6.5955
2026-09-24 18:53:44,593 simple_logger.py log_once [line:28] INFO mean_val_loss                 6.5902
2026-09-24 18:53:44,593 simple_logger.py log_once [line:28] INFO std_val_loss                  3.6621
2026-09-24 18:53:44,593 fedbase.py run [line:316] INFO Eval Time Cost:               1.4588s
2026-09-24 18:53:44,602 asyncbase.py iterate [line:68] INFO Select clients [np.int64(10), np.int64(6), np.int64(19)] at time 91.
2026-09-24 18:53:45,529 asyncbase.py iterate [line:73] INFO Receive new models from clients [5, 3, 10] at time 91
2026-09-24 18:53:45,581 fedbase.py run [line:311] INFO --------------Round 87--------------
2026-09-24 18:53:45,581 simple_logger.py log_once [line:14] INFO Current_time:91
2026-09-24 18:53:47,032 simple_logger.py log_once [line:28] INFO test_accuracy                 0.2194
2026-09-24 18:53:47,033 simple_logger.py log_once [line:28] INFO test_loss                     4.4263
2026-09-24 18:53:47,033 simple_logger.py log_once [line:28] INFO val_accuracy                  0.2190
2026-09-24 18:53:47,033 simple_logger.py log_once [line:28] INFO mean_val_accuracy             0.2197
2026-09-24 18:53:47,033 simple_logger.py log_once [line:28] INFO std_val_accuracy              0.3526
2026-09-24 18:53:47,033 simple_logger.py log_once [line:28] INFO val_loss                      4.3826
2026-09-24 18:53:47,033 simple_logger.py log_once [line:28] INFO mean_val_loss                 4.3785
2026-09-24 18:53:47,033 simple_logger.py log_once [line:28] INFO std_val_loss                  2.5283
2026-09-24 18:53:47,033 fedbase.py run [line:316] INFO Eval Time Cost:               1.4518s
2026-09-24 18:53:47,041 asyncbase.py iterate [line:68] INFO Select clients [np.int64(10), np.int64(18), np.int64(2)] at time 92.
2026-09-24 18:53:47,971 asyncbase.py iterate [line:73] INFO Receive new models from clients [19, 2, 1, 10] at time 93
2026-09-24 18:53:48,028 fedbase.py run [line:311] INFO --------------Round 88--------------
2026-09-24 18:53:48,028 simple_logger.py log_once [line:14] INFO Current_time:93
2026-09-24 18:53:49,481 simple_logger.py log_once [line:28] INFO test_accuracy                 0.5633
2026-09-24 18:53:49,481 simple_logger.py log_once [line:28] INFO test_loss                     1.3531
2026-09-24 18:53:49,481 simple_logger.py log_once [line:28] INFO val_accuracy                  0.5575
2026-09-24 18:53:49,481 simple_logger.py log_once [line:28] INFO mean_val_accuracy             0.5578
2026-09-24 18:53:49,481 simple_logger.py log_once [line:28] INFO std_val_accuracy              0.3357
2026-09-24 18:53:49,481 simple_logger.py log_once [line:28] INFO val_loss                      1.3665
2026-09-24 18:53:49,481 simple_logger.py log_once [line:28] INFO mean_val_loss                 1.3655
2026-09-24 18:53:49,481 simple_logger.py log_once [line:28] INFO std_val_loss                  1.0121
2026-09-24 18:53:49,481 fedbase.py run [line:316] INFO Eval Time Cost:               1.4528s
2026-09-24 18:53:49,490 asyncbase.py iterate [line:68] INFO Select clients [np.int64(19), np.int64(3), np.int64(16), np.int64(12)] at time 94.
2026-09-24 18:53:50,715 asyncbase.py iterate [line:73] INFO Receive new models from clients [6] at time 94
2026-09-24 18:53:50,737 fedbase.py run [line:311] INFO --------------Round 89--------------
2026-09-24 18:53:50,737 simple_logger.py log_once [line:14] INFO Current_time:94
2026-09-24 18:53:52,189 simple_logger.py log_once [line:28] INFO test_accuracy                 0.1980
2026-09-24 18:53:52,189 simple_logger.py log_once [line:28] INFO test_loss                     7.0622
2026-09-24 18:53:52,189 simple_logger.py log_once [line:28] INFO val_accuracy                  0.2020
2026-09-24 18:53:52,189 simple_logger.py log_once [line:28] INFO mean_val_accuracy             0.2023
2026-09-24 18:53:52,189 simple_logger.py log_once [line:28] INFO std_val_accuracy              0.3878
2026-09-24 18:53:52,189 simple_logger.py log_once [line:28] INFO val_loss                      7.0481
2026-09-24 18:53:52,189 simple_logger.py log_once [line:28] INFO mean_val_loss                 7.0493
2026-09-24 18:53:52,189 simple_logger.py log_once [line:28] INFO std_val_loss                  3.7851
2026-09-24 18:53:52,189 fedbase.py run [line:316] INFO Eval Time Cost:               1.4523s
2026-09-24 18:53:52,197 asyncbase.py iterate [line:68] INFO Select clients [np.int64(15)] at time 95.
2026-09-24 18:53:52,515 asyncbase.py iterate [line:73] INFO Receive new models from clients [18, 3, 12, 16] at time 95
2026-09-24 18:53:52,573 fedbase.py run [line:311] INFO --------------Round 90--------------
2026-09-24 18:53:52,573 simple_logger.py log_once [line:14] INFO Current_time:95
2026-09-24 18:53:54,042 simple_logger.py log_once [line:28] INFO test_accuracy                 0.2686
2026-09-24 18:53:54,042 simple_logger.py log_once [line:28] INFO test_loss                     6.1070
2026-09-24 18:53:54,042 simple_logger.py log_once [line:28] INFO val_accuracy                  0.2716
2026-09-24 18:53:54,042 simple_logger.py log_once [line:28] INFO mean_val_accuracy             0.2715
2026-09-24 18:53:54,042 simple_logger.py log_once [line:28] INFO std_val_accuracy              0.4019
2026-09-24 18:53:54,042 simple_logger.py log_once [line:28] INFO val_loss                      6.1145
2026-09-24 18:53:54,042 simple_logger.py log_once [line:28] INFO mean_val_loss                 6.1227
2026-09-24 18:53:54,042 simple_logger.py log_once [line:28] INFO std_val_loss                  3.9619
2026-09-24 18:53:54,042 fedbase.py run [line:316] INFO Eval Time Cost:               1.4686s
2026-09-24 18:53:54,051 asyncbase.py iterate [line:68] INFO Select clients [np.int64(11), np.int64(14), np.int64(2), np.int64(4)] at time 96.
2026-09-24 18:53:55,268 asyncbase.py iterate [line:73] INFO Receive new models from clients [14, 4] at time 96
2026-09-24 18:53:55,312 fedbase.py run [line:311] INFO --------------Round 91--------------
2026-09-24 18:53:55,312 simple_logger.py log_once [line:14] INFO Current_time:96
2026-09-24 18:53:56,768 simple_logger.py log_once [line:28] INFO test_accuracy                 0.3803
2026-09-24 18:53:56,769 simple_logger.py log_once [line:28] INFO test_loss                     1.9302
2026-09-24 18:53:56,769 simple_logger.py log_once [line:28] INFO val_accuracy                  0.3756
2026-09-24 18:53:56,769 simple_logger.py log_once [line:28] INFO mean_val_accuracy             0.3750
2026-09-24 18:53:56,769 simple_logger.py log_once [line:28] INFO std_val_accuracy              0.3609
2026-09-24 18:53:56,769 simple_logger.py log_once [line:28] INFO val_loss                      1.9419
2026-09-24 18:53:56,769 simple_logger.py log_once [line:28] INFO mean_val_loss                 1.9423
2026-09-24 18:53:56,769 simple_logger.py log_once [line:28] INFO std_val_loss                  1.3399
2026-09-24 18:53:56,769 fedbase.py run [line:316] INFO Eval Time Cost:               1.4566s
2026-09-24 18:53:56,778 asyncbase.py iterate [line:68] INFO Select clients [np.int64(7)] at time 97.
2026-09-24 18:53:57,092 asyncbase.py iterate [line:73] INFO Receive new models from clients [19] at time 97
2026-09-24 18:53:57,113 fedbase.py run [line:311] INFO --------------Round 92--------------
2026-09-24 18:53:57,113 simple_logger.py log_once [line:14] INFO Current_time:97
2026-09-24 18:53:58,580 simple_logger.py log_once [line:28] INFO test_accuracy                 0.3780
2026-09-24 18:53:58,580 simple_logger.py log_once [line:28] INFO test_loss                     2.4192
2026-09-24 18:53:58,580 simple_logger.py log_once [line:28] INFO val_accuracy                  0.3797
2026-09-24 18:53:58,580 simple_logger.py log_once [line:28] INFO mean_val_accuracy             0.3791
2026-09-24 18:53:58,580 simple_logger.py log_once [line:28] INFO std_val_accuracy              0.3769
2026-09-24 18:53:58,580 simple_logger.py log_once [line:28] INFO val_loss                      2.4241
2026-09-24 18:53:58,580 simple_logger.py log_once [line:28] INFO mean_val_loss                 2.4243
2026-09-24 18:53:58,580 simple_logger.py log_once [line:28] INFO std_val_loss                  2.1610
2026-09-24 18:53:58,580 fedbase.py run [line:316] INFO Eval Time Cost:               1.4668s
2026-09-24 18:53:58,588 asyncbase.py iterate [line:68] INFO Select clients [np.int64(3), np.int64(19)] at time 98.
2026-09-24 18:53:59,211 asyncbase.py iterate [line:73] INFO Receive new models from clients [11, 15, 2] at time 98
2026-09-24 18:53:59,261 fedbase.py run [line:311] INFO --------------Round 93--------------
2026-09-24 18:53:59,261 simple_logger.py log_once [line:14] INFO Current_time:98
2026-09-24 18:54:00,725 simple_logger.py log_once [line:28] INFO test_accuracy                 0.4216
2026-09-24 18:54:00,725 simple_logger.py log_once [line:28] INFO test_loss                     2.0941
2026-09-24 18:54:00,725 simple_logger.py log_once [line:28] INFO val_accuracy                  0.4114
2026-09-24 18:54:00,725 simple_logger.py log_once [line:28] INFO mean_val_accuracy             0.4109
2026-09-24 18:54:00,725 simple_logger.py log_once [line:28] INFO std_val_accuracy              0.3569
2026-09-24 18:54:00,725 simple_logger.py log_once [line:28] INFO val_loss                      2.1074
2026-09-24 18:54:00,725 simple_logger.py log_once [line:28] INFO mean_val_loss                 2.1073
2026-09-24 18:54:00,725 simple_logger.py log_once [line:28] INFO std_val_loss                  1.7365
2026-09-24 18:54:00,726 fedbase.py run [line:316] INFO Eval Time Cost:               1.4646s
2026-09-24 18:54:00,734 asyncbase.py iterate [line:68] INFO Select clients [np.int64(13), np.int64(0)] at time 99.
2026-09-24 18:54:01,353 asyncbase.py iterate [line:73] INFO Receive new models from clients [0] at time 99
2026-09-24 18:54:01,376 fedbase.py run [line:311] INFO --------------Round 94--------------
2026-09-24 18:54:01,377 simple_logger.py log_once [line:14] INFO Current_time:99
2026-09-24 18:54:02,840 simple_logger.py log_once [line:28] INFO test_accuracy                 0.2459
2026-09-24 18:54:02,840 simple_logger.py log_once [line:28] INFO test_loss                     4.2719
2026-09-24 18:54:02,840 simple_logger.py log_once [line:28] INFO val_accuracy                  0.2335
2026-09-24 18:54:02,840 simple_logger.py log_once [line:28] INFO mean_val_accuracy             0.2340
2026-09-24 18:54:02,840 simple_logger.py log_once [line:28] INFO std_val_accuracy              0.3577
2026-09-24 18:54:02,840 simple_logger.py log_once [line:28] INFO val_loss                      4.2687
2026-09-24 18:54:02,840 simple_logger.py log_once [line:28] INFO mean_val_loss                 4.2643
2026-09-24 18:54:02,840 simple_logger.py log_once [line:28] INFO std_val_loss                  2.4789
2026-09-24 18:54:02,840 fedbase.py run [line:316] INFO Eval Time Cost:               1.4639s
2026-09-24 18:54:02,849 asyncbase.py iterate [line:68] INFO Select clients [np.int64(5), np.int64(14)] at time 100.
2026-09-24 18:54:03,500 asyncbase.py iterate [line:73] INFO Receive new models from clients [13, 7, 5] at time 100
2026-09-24 18:54:03,553 fedbase.py run [line:311] INFO --------------Round 95--------------
2026-09-24 18:54:03,553 simple_logger.py log_once [line:14] INFO Current_time:100
2026-09-24 18:54:05,014 simple_logger.py log_once [line:28] INFO test_accuracy                 0.2605
2026-09-24 18:54:05,014 simple_logger.py log_once [line:28] INFO test_loss                     3.9313
2026-09-24 18:54:05,014 simple_logger.py log_once [line:28] INFO val_accuracy                  0.2472
2026-09-24 18:54:05,014 simple_logger.py log_once [line:28] INFO mean_val_accuracy             0.2477
2026-09-24 18:54:05,014 simple_logger.py log_once [line:28] INFO std_val_accuracy              0.3760
2026-09-24 18:54:05,014 simple_logger.py log_once [line:28] INFO val_loss                      3.9386
2026-09-24 18:54:05,014 simple_logger.py log_once [line:28] INFO mean_val_loss                 3.9348
2026-09-24 18:54:05,014 simple_logger.py log_once [line:28] INFO std_val_loss                  2.2817
2026-09-24 18:54:05,014 fedbase.py run [line:316] INFO Eval Time Cost:               1.4611s
2026-09-24 18:54:05,023 asyncbase.py iterate [line:68] INFO Select clients [np.int64(10), np.int64(12)] at time 101.
2026-09-24 18:54:05,644 asyncbase.py iterate [line:73] INFO Receive new models from clients [3, 19] at time 101
2026-09-24 18:54:05,688 fedbase.py run [line:311] INFO --------------Round 96--------------
2026-09-24 18:54:05,688 simple_logger.py log_once [line:14] INFO Current_time:101
2026-09-24 18:54:07,221 simple_logger.py log_once [line:28] INFO test_accuracy                 0.2728
2026-09-24 18:54:07,221 simple_logger.py log_once [line:28] INFO test_loss                     2.3373
2026-09-24 18:54:07,221 simple_logger.py log_once [line:28] INFO val_accuracy                  0.2626
2026-09-24 18:54:07,221 simple_logger.py log_once [line:28] INFO mean_val_accuracy             0.2626
2026-09-24 18:54:07,221 simple_logger.py log_once [line:28] INFO std_val_accuracy              0.3661
2026-09-24 18:54:07,221 simple_logger.py log_once [line:28] INFO val_loss                      2.3639
2026-09-24 18:54:07,221 simple_logger.py log_once [line:28] INFO mean_val_loss                 2.3632
2026-09-24 18:54:07,221 simple_logger.py log_once [line:28] INFO std_val_loss                  1.1813
2026-09-24 18:54:07,221 fedbase.py run [line:316] INFO Eval Time Cost:               1.5334s
2026-09-24 18:54:07,230 asyncbase.py iterate [line:68] INFO Select clients [np.int64(7), np.int64(6)] at time 102.
2026-09-24 18:54:07,840 asyncbase.py iterate [line:73] INFO Receive new models from clients [14, 12, 7] at time 102
2026-09-24 18:54:07,891 fedbase.py run [line:311] INFO --------------Round 97--------------
2026-09-24 18:54:07,892 simple_logger.py log_once [line:14] INFO Current_time:102
2026-09-24 18:54:09,364 simple_logger.py log_once [line:28] INFO test_accuracy                 0.4747
2026-09-24 18:54:09,364 simple_logger.py log_once [line:28] INFO test_loss                     1.4658
2026-09-24 18:54:09,364 simple_logger.py log_once [line:28] INFO val_accuracy                  0.4618
2026-09-24 18:54:09,364 simple_logger.py log_once [line:28] INFO mean_val_accuracy             0.4618
2026-09-24 18:54:09,364 simple_logger.py log_once [line:28] INFO std_val_accuracy              0.3320
2026-09-24 18:54:09,364 simple_logger.py log_once [line:28] INFO val_loss                      1.5030
2026-09-24 18:54:09,364 simple_logger.py log_once [line:28] INFO mean_val_loss                 1.5032
2026-09-24 18:54:09,364 simple_logger.py log_once [line:28] INFO std_val_loss                  0.7313
2026-09-24 18:54:09,364 fedbase.py run [line:316] INFO Eval Time Cost:               1.4726s
2026-09-24 18:54:09,373 asyncbase.py iterate [line:68] INFO Select clients [np.int64(17), np.int64(15), np.int64(3), np.int64(12)] at time 103.
2026-09-24 18:54:10,611 asyncbase.py iterate [line:73] INFO Receive new models from clients [10, 12] at time 103
2026-09-24 18:54:10,656 fedbase.py run [line:311] INFO --------------Round 98--------------
2026-09-24 18:54:10,656 simple_logger.py log_once [line:14] INFO Current_time:103
2026-09-24 18:54:12,101 simple_logger.py log_once [line:28] INFO test_accuracy                 0.1732
2026-09-24 18:54:12,101 simple_logger.py log_once [line:28] INFO test_loss                     4.4528
2026-09-24 18:54:12,101 simple_logger.py log_once [line:28] INFO val_accuracy                  0.1745
2026-09-24 18:54:12,101 simple_logger.py log_once [line:28] INFO mean_val_accuracy             0.1747
2026-09-24 18:54:12,102 simple_logger.py log_once [line:28] INFO std_val_accuracy              0.2620
2026-09-24 18:54:12,102 simple_logger.py log_once [line:28] INFO val_loss                      4.5193
2026-09-24 18:54:12,102 simple_logger.py log_once [line:28] INFO mean_val_loss                 4.5170
2026-09-24 18:54:12,102 simple_logger.py log_once [line:28] INFO std_val_loss                  2.4301
2026-09-24 18:54:12,102 fedbase.py run [line:316] INFO Eval Time Cost:               1.4458s
2026-09-24 18:54:12,110 asyncbase.py iterate [line:68] INFO Select clients [np.int64(1)] at time 104.
2026-09-24 18:54:12,422 asyncbase.py iterate [line:73] INFO Receive new models from clients [17] at time 104
2026-09-24 18:54:12,443 fedbase.py run [line:311] INFO --------------Round 99--------------
2026-09-24 18:54:12,443 simple_logger.py log_once [line:14] INFO Current_time:104
2026-09-24 18:54:13,897 simple_logger.py log_once [line:28] INFO test_accuracy                 0.3392
2026-09-24 18:54:13,898 simple_logger.py log_once [line:28] INFO test_loss                     5.3699
2026-09-24 18:54:13,898 simple_logger.py log_once [line:28] INFO val_accuracy                  0.3399
2026-09-24 18:54:13,898 simple_logger.py log_once [line:28] INFO mean_val_accuracy             0.3401
2026-09-24 18:54:13,898 simple_logger.py log_once [line:28] INFO std_val_accuracy              0.3311
2026-09-24 18:54:13,898 simple_logger.py log_once [line:28] INFO val_loss                      5.3095
2026-09-24 18:54:13,898 simple_logger.py log_once [line:28] INFO mean_val_loss                 5.3132
2026-09-24 18:54:13,898 simple_logger.py log_once [line:28] INFO std_val_loss                  4.7314
2026-09-24 18:54:13,898 fedbase.py run [line:316] INFO Eval Time Cost:               1.4543s
2026-09-24 18:54:13,906 asyncbase.py iterate [line:73] INFO Receive new models from clients [6, 1, 3] at time 105
2026-09-24 18:54:13,958 fedbase.py run [line:311] INFO --------------Round 100--------------
2026-09-24 18:54:13,958 simple_logger.py log_once [line:14] INFO Current_time:105
2026-09-24 18:54:15,430 simple_logger.py log_once [line:28] INFO test_accuracy                 0.4586
2026-09-24 18:54:15,431 simple_logger.py log_once [line:28] INFO test_loss                     2.8639
2026-09-24 18:54:15,431 simple_logger.py log_once [line:28] INFO val_accuracy                  0.4684
2026-09-24 18:54:15,431 simple_logger.py log_once [line:28] INFO mean_val_accuracy             0.4692
2026-09-24 18:54:15,431 simple_logger.py log_once [line:28] INFO std_val_accuracy              0.3863
2026-09-24 18:54:15,431 simple_logger.py log_once [line:28] INFO val_loss                      2.8461
2026-09-24 18:54:15,431 simple_logger.py log_once [line:28] INFO mean_val_loss                 2.8466
2026-09-24 18:54:15,431 simple_logger.py log_once [line:28] INFO std_val_loss                  2.6996
2026-09-24 18:54:15,431 fedbase.py run [line:316] INFO Eval Time Cost:               1.4729s
2026-09-24 18:54:15,431 fedbase.py run [line:324] INFO =================End==================
2026-09-24 18:54:15,431 fedbase.py run [line:325] INFO Total Time Cost:              229.8106s
