E:\fl-experiment\.venv\Lib\site-packages\torch\cuda\__init__.py:61: FutureWarning: The pynvml package is deprecated. Please install nvidia-ml-py instead. If you did not install pynvml directly, please report this to the maintainers of the package that installed pynvml for you.
  import pynvml  # type: ignore[import]
2026-09-24 19:10:13,649 fflow.py init [line:848] INFO PROCESS ID:	16580
2026-09-24 19:10:13,649 fflow.py init [line:849] INFO Initializing devices: cuda:0 will be used for this running.
2026-09-24 19:10:13,649 fflow.py init [line:852] INFO BENCHMARK:	flgo.benchmark.mnist_classification
2026-09-24 19:10:13,649 fflow.py init [line:853] INFO TASK:			E:\Federated Machine Learning\FL-Byzantine-Library\mnist_dir20
2026-09-24 19:10:13,658 fflow.py init [line:854] INFO MODEL:		flgo.benchmark.mnist_classification.model.cnn
2026-09-24 19:10:13,658 fflow.py init [line:855] INFO ALGORITHM:	research_algorithm
2026-09-24 19:10:14,782 fflow.py init [line:901] INFO SCENE:		horizontal FL with 1 <class 'flgo_byzantine.research_algorithm.Server'>, 20 <class 'flgo_byzantine.research_algorithm.Client'>
2026-09-24 19:10:14,872 fflow.py init [line:918] INFO SIMULATOR:	<class 'flgo.simulator.default_simulator.Simulator'>
2026-09-24 19:10:19,295 fflow.py init [line:931] INFO Ready to start.
2026-09-24 19:10:19,296 fedbase.py run [line:300] INFO --------------Initial Evaluation--------------
2026-09-24 19:10:19,296 simple_logger.py log_once [line:14] INFO Current_time:0
2026-09-24 19:10:20,902 simple_logger.py log_once [line:28] INFO test_accuracy                 0.0875
2026-09-24 19:10:20,902 simple_logger.py log_once [line:28] INFO test_loss                     2.3101
2026-09-24 19:10:20,902 simple_logger.py log_once [line:28] INFO val_accuracy                  0.0866
2026-09-24 19:10:20,902 simple_logger.py log_once [line:28] INFO mean_val_accuracy             0.0874
2026-09-24 19:10:20,902 simple_logger.py log_once [line:28] INFO std_val_accuracy              0.2312
2026-09-24 19:10:20,902 simple_logger.py log_once [line:28] INFO val_loss                      2.3109
2026-09-24 19:10:20,902 simple_logger.py log_once [line:28] INFO mean_val_loss                 2.3111
2026-09-24 19:10:20,902 simple_logger.py log_once [line:28] INFO std_val_loss                  0.0785
2026-09-24 19:10:20,902 fedbase.py run [line:303] INFO Eval Time Cost:               1.6064s
2026-09-24 19:10:20,912 asyncbase.py iterate [line:68] INFO Select clients [np.int64(5), np.int64(16), np.int64(0), np.int64(4), np.int64(9), np.int64(11)] at time 1.
2026-09-24 19:10:22,870 asyncbase.py iterate [line:73] INFO Receive new models from clients [11] at time 1
2026-09-24 19:10:22,913 fedbase.py run [line:311] INFO --------------Round 1--------------
2026-09-24 19:10:22,913 simple_logger.py log_once [line:14] INFO Current_time:1
2026-09-24 19:10:24,474 simple_logger.py log_once [line:28] INFO test_accuracy                 0.2848
2026-09-24 19:10:24,474 simple_logger.py log_once [line:28] INFO test_loss                     5.9780
2026-09-24 19:10:24,474 simple_logger.py log_once [line:28] INFO val_accuracy                  0.2775
2026-09-24 19:10:24,474 simple_logger.py log_once [line:28] INFO mean_val_accuracy             0.2792
2026-09-24 19:10:24,474 simple_logger.py log_once [line:28] INFO std_val_accuracy              0.3993
2026-09-24 19:10:24,474 simple_logger.py log_once [line:28] INFO val_loss                      5.9287
2026-09-24 19:10:24,474 simple_logger.py log_once [line:28] INFO mean_val_loss                 5.9160
2026-09-24 19:10:24,474 simple_logger.py log_once [line:28] INFO std_val_loss                  3.6224
2026-09-24 19:10:24,474 fedbase.py run [line:316] INFO Eval Time Cost:               1.5614s
2026-09-24 19:10:24,483 asyncbase.py iterate [line:73] INFO Receive new models from clients [9, 0] at time 2
2026-09-24 19:10:24,527 fedbase.py run [line:311] INFO --------------Round 2--------------
2026-09-24 19:10:24,527 simple_logger.py log_once [line:14] INFO Current_time:2
2026-09-24 19:10:26,030 simple_logger.py log_once [line:28] INFO test_accuracy                 0.1215
2026-09-24 19:10:26,030 simple_logger.py log_once [line:28] INFO test_loss                     12.8631
2026-09-24 19:10:26,030 simple_logger.py log_once [line:28] INFO val_accuracy                  0.1163
2026-09-24 19:10:26,030 simple_logger.py log_once [line:28] INFO mean_val_accuracy             0.1175
2026-09-24 19:10:26,030 simple_logger.py log_once [line:28] INFO std_val_accuracy              0.2864
2026-09-24 19:10:26,030 simple_logger.py log_once [line:28] INFO val_loss                      12.8771
2026-09-24 19:10:26,030 simple_logger.py log_once [line:28] INFO mean_val_loss                 12.8503
2026-09-24 19:10:26,030 simple_logger.py log_once [line:28] INFO std_val_loss                  6.6846
2026-09-24 19:10:26,030 fedbase.py run [line:316] INFO Eval Time Cost:               1.5031s
2026-09-24 19:10:26,041 asyncbase.py iterate [line:68] INFO Select clients [np.int64(3), np.int64(8), np.int64(18)] at time 3.
2026-09-24 19:10:26,997 asyncbase.py iterate [line:73] INFO Receive new models from clients [16, 5] at time 3
2026-09-24 19:10:27,035 fedbase.py run [line:311] INFO --------------Round 3--------------
2026-09-24 19:10:27,035 simple_logger.py log_once [line:14] INFO Current_time:3
2026-09-24 19:10:28,515 simple_logger.py log_once [line:28] INFO test_accuracy                 0.1039
2026-09-24 19:10:28,515 simple_logger.py log_once [line:28] INFO test_loss                     17.6264
2026-09-24 19:10:28,515 simple_logger.py log_once [line:28] INFO val_accuracy                  0.0985
2026-09-24 19:10:28,515 simple_logger.py log_once [line:28] INFO mean_val_accuracy             0.0995
2026-09-24 19:10:28,515 simple_logger.py log_once [line:28] INFO std_val_accuracy              0.2871
2026-09-24 19:10:28,515 simple_logger.py log_once [line:28] INFO val_loss                      17.6584
2026-09-24 19:10:28,515 simple_logger.py log_once [line:28] INFO mean_val_loss                 17.6302
2026-09-24 19:10:28,515 simple_logger.py log_once [line:28] INFO std_val_loss                  10.0826
2026-09-24 19:10:28,515 fedbase.py run [line:316] INFO Eval Time Cost:               1.4795s
2026-09-24 19:10:28,524 asyncbase.py iterate [line:68] INFO Select clients [np.int64(2), np.int64(10)] at time 4.
2026-09-24 19:10:29,176 asyncbase.py iterate [line:73] INFO Receive new models from clients [8, 4, 18] at time 4
2026-09-24 19:10:29,224 fedbase.py run [line:311] INFO --------------Round 4--------------
2026-09-24 19:10:29,224 simple_logger.py log_once [line:14] INFO Current_time:4
2026-09-24 19:10:30,701 simple_logger.py log_once [line:28] INFO test_accuracy                 0.2102
2026-09-24 19:10:30,701 simple_logger.py log_once [line:28] INFO test_loss                     3.1046
2026-09-24 19:10:30,701 simple_logger.py log_once [line:28] INFO val_accuracy                  0.2082
2026-09-24 19:10:30,701 simple_logger.py log_once [line:28] INFO mean_val_accuracy             0.2084
2026-09-24 19:10:30,701 simple_logger.py log_once [line:28] INFO std_val_accuracy              0.3673
2026-09-24 19:10:30,701 simple_logger.py log_once [line:28] INFO val_loss                      3.0873
2026-09-24 19:10:30,701 simple_logger.py log_once [line:28] INFO mean_val_loss                 3.0878
2026-09-24 19:10:30,701 simple_logger.py log_once [line:28] INFO std_val_loss                  1.4857
2026-09-24 19:10:30,701 fedbase.py run [line:316] INFO Eval Time Cost:               1.4774s
2026-09-24 19:10:30,710 asyncbase.py iterate [line:68] INFO Select clients [np.int64(8), np.int64(1), np.int64(4)] at time 5.
2026-09-24 19:10:31,639 asyncbase.py iterate [line:73] INFO Receive new models from clients [10] at time 5
2026-09-24 19:10:31,666 fedbase.py run [line:311] INFO --------------Round 5--------------
2026-09-24 19:10:31,666 simple_logger.py log_once [line:14] INFO Current_time:5
2026-09-24 19:10:33,141 simple_logger.py log_once [line:28] INFO test_accuracy                 0.0892
2026-09-24 19:10:33,141 simple_logger.py log_once [line:28] INFO test_loss                     8.5348
2026-09-24 19:10:33,141 simple_logger.py log_once [line:28] INFO val_accuracy                  0.0907
2026-09-24 19:10:33,141 simple_logger.py log_once [line:28] INFO mean_val_accuracy             0.0904
2026-09-24 19:10:33,141 simple_logger.py log_once [line:28] INFO std_val_accuracy              0.2536
2026-09-24 19:10:33,141 simple_logger.py log_once [line:28] INFO val_loss                      8.4813
2026-09-24 19:10:33,141 simple_logger.py log_once [line:28] INFO mean_val_loss                 8.4903
2026-09-24 19:10:33,141 simple_logger.py log_once [line:28] INFO std_val_loss                  4.4892
2026-09-24 19:10:33,141 fedbase.py run [line:316] INFO Eval Time Cost:               1.4751s
2026-09-24 19:10:33,150 asyncbase.py iterate [line:68] INFO Select clients [np.int64(6)] at time 6.
2026-09-24 19:10:33,462 asyncbase.py iterate [line:73] INFO Receive new models from clients [2, 8, 3] at time 6
2026-09-24 19:10:33,514 fedbase.py run [line:311] INFO --------------Round 6--------------
2026-09-24 19:10:33,514 simple_logger.py log_once [line:14] INFO Current_time:6
2026-09-24 19:10:34,973 simple_logger.py log_once [line:28] INFO test_accuracy                 0.0892
2026-09-24 19:10:34,973 simple_logger.py log_once [line:28] INFO test_loss                     15.9034
2026-09-24 19:10:34,973 simple_logger.py log_once [line:28] INFO val_accuracy                  0.0907
2026-09-24 19:10:34,973 simple_logger.py log_once [line:28] INFO mean_val_accuracy             0.0904
2026-09-24 19:10:34,973 simple_logger.py log_once [line:28] INFO std_val_accuracy              0.2536
2026-09-24 19:10:34,973 simple_logger.py log_once [line:28] INFO val_loss                      15.7360
2026-09-24 19:10:34,973 simple_logger.py log_once [line:28] INFO mean_val_loss                 15.7689
2026-09-24 19:10:34,973 simple_logger.py log_once [line:28] INFO std_val_loss                  11.0854
2026-09-24 19:10:34,973 fedbase.py run [line:316] INFO Eval Time Cost:               1.4586s
2026-09-24 19:10:34,982 asyncbase.py iterate [line:68] INFO Select clients [np.int64(14), np.int64(15), np.int64(2)] at time 7.
2026-09-24 19:10:35,923 asyncbase.py iterate [line:73] INFO Receive new models from clients [14, 2] at time 7
2026-09-24 19:10:35,972 fedbase.py run [line:311] INFO --------------Round 7--------------
2026-09-24 19:10:35,972 simple_logger.py log_once [line:14] INFO Current_time:7
2026-09-24 19:10:37,446 simple_logger.py log_once [line:28] INFO test_accuracy                 0.2124
2026-09-24 19:10:37,446 simple_logger.py log_once [line:28] INFO test_loss                     3.4077
2026-09-24 19:10:37,446 simple_logger.py log_once [line:28] INFO val_accuracy                  0.2149
2026-09-24 19:10:37,446 simple_logger.py log_once [line:28] INFO mean_val_accuracy             0.2141
2026-09-24 19:10:37,446 simple_logger.py log_once [line:28] INFO std_val_accuracy              0.3239
2026-09-24 19:10:37,446 simple_logger.py log_once [line:28] INFO val_loss                      3.3780
2026-09-24 19:10:37,446 simple_logger.py log_once [line:28] INFO mean_val_loss                 3.3867
2026-09-24 19:10:37,446 simple_logger.py log_once [line:28] INFO std_val_loss                  2.1672
2026-09-24 19:10:37,446 fedbase.py run [line:316] INFO Eval Time Cost:               1.4744s
2026-09-24 19:10:37,456 asyncbase.py iterate [line:68] INFO Select clients [np.int64(3), np.int64(0)] at time 8.
2026-09-24 19:10:38,066 asyncbase.py iterate [line:73] INFO Receive new models from clients [1, 6, 3, 4] at time 8
2026-09-24 19:10:38,134 fedbase.py run [line:311] INFO --------------Round 8--------------
2026-09-24 19:10:38,134 simple_logger.py log_once [line:14] INFO Current_time:8
2026-09-24 19:10:39,592 simple_logger.py log_once [line:28] INFO test_accuracy                 0.1028
2026-09-24 19:10:39,592 simple_logger.py log_once [line:28] INFO test_loss                     3.0770
2026-09-24 19:10:39,592 simple_logger.py log_once [line:28] INFO val_accuracy                  0.1043
2026-09-24 19:10:39,592 simple_logger.py log_once [line:28] INFO mean_val_accuracy             0.1043
2026-09-24 19:10:39,592 simple_logger.py log_once [line:28] INFO std_val_accuracy              0.2848
2026-09-24 19:10:39,592 simple_logger.py log_once [line:28] INFO val_loss                      3.0582
2026-09-24 19:10:39,592 simple_logger.py log_once [line:28] INFO mean_val_loss                 3.0634
2026-09-24 19:10:39,592 simple_logger.py log_once [line:28] INFO std_val_loss                  1.5073
2026-09-24 19:10:39,592 fedbase.py run [line:316] INFO Eval Time Cost:               1.4576s
2026-09-24 19:10:39,600 asyncbase.py iterate [line:68] INFO Select clients [np.int64(7), np.int64(19), np.int64(5), np.int64(11)] at time 9.
2026-09-24 19:10:40,852 asyncbase.py iterate [line:73] INFO Receive new models from clients [0, 15] at time 10
2026-09-24 19:10:40,902 fedbase.py run [line:311] INFO --------------Round 9--------------
2026-09-24 19:10:40,902 simple_logger.py log_once [line:14] INFO Current_time:10
2026-09-24 19:10:42,351 simple_logger.py log_once [line:28] INFO test_accuracy                 0.0974
2026-09-24 19:10:42,351 simple_logger.py log_once [line:28] INFO test_loss                     2.5900
2026-09-24 19:10:42,351 simple_logger.py log_once [line:28] INFO val_accuracy                  0.0972
2026-09-24 19:10:42,351 simple_logger.py log_once [line:28] INFO mean_val_accuracy             0.0962
2026-09-24 19:10:42,351 simple_logger.py log_once [line:28] INFO std_val_accuracy              0.2801
2026-09-24 19:10:42,351 simple_logger.py log_once [line:28] INFO val_loss                      2.5929
2026-09-24 19:10:42,351 simple_logger.py log_once [line:28] INFO mean_val_loss                 2.5942
2026-09-24 19:10:42,351 simple_logger.py log_once [line:28] INFO std_val_loss                  0.7980
2026-09-24 19:10:42,351 fedbase.py run [line:316] INFO Eval Time Cost:               1.4489s
2026-09-24 19:10:42,360 asyncbase.py iterate [line:68] INFO Select clients [np.int64(4)] at time 11.
2026-09-24 19:10:42,667 asyncbase.py iterate [line:73] INFO Receive new models from clients [7] at time 11
2026-09-24 19:10:42,692 fedbase.py run [line:311] INFO --------------Round 10--------------
2026-09-24 19:10:42,692 simple_logger.py log_once [line:14] INFO Current_time:11
2026-09-24 19:10:44,147 simple_logger.py log_once [line:28] INFO test_accuracy                 0.1826
2026-09-24 19:10:44,148 simple_logger.py log_once [line:28] INFO test_loss                     4.2295
2026-09-24 19:10:44,148 simple_logger.py log_once [line:28] INFO val_accuracy                  0.1820
2026-09-24 19:10:44,148 simple_logger.py log_once [line:28] INFO mean_val_accuracy             0.1815
2026-09-24 19:10:44,148 simple_logger.py log_once [line:28] INFO std_val_accuracy              0.3496
2026-09-24 19:10:44,148 simple_logger.py log_once [line:28] INFO val_loss                      4.2430
2026-09-24 19:10:44,148 simple_logger.py log_once [line:28] INFO mean_val_loss                 4.2441
2026-09-24 19:10:44,148 simple_logger.py log_once [line:28] INFO std_val_loss                  1.7667
2026-09-24 19:10:44,148 fedbase.py run [line:316] INFO Eval Time Cost:               1.4557s
2026-09-24 19:10:44,157 asyncbase.py iterate [line:68] INFO Select clients [np.int64(9)] at time 12.
2026-09-24 19:10:44,463 asyncbase.py iterate [line:73] INFO Receive new models from clients [4, 5, 11, 19] at time 12
2026-09-24 19:10:44,533 fedbase.py run [line:311] INFO --------------Round 11--------------
2026-09-24 19:10:44,534 simple_logger.py log_once [line:14] INFO Current_time:12
2026-09-24 19:10:45,997 simple_logger.py log_once [line:28] INFO test_accuracy                 0.0982
2026-09-24 19:10:45,997 simple_logger.py log_once [line:28] INFO test_loss                     4.3819
2026-09-24 19:10:45,997 simple_logger.py log_once [line:28] INFO val_accuracy                  0.0989
2026-09-24 19:10:45,997 simple_logger.py log_once [line:28] INFO mean_val_accuracy             0.0993
2026-09-24 19:10:45,997 simple_logger.py log_once [line:28] INFO std_val_accuracy              0.2797
2026-09-24 19:10:45,997 simple_logger.py log_once [line:28] INFO val_loss                      4.3977
2026-09-24 19:10:45,997 simple_logger.py log_once [line:28] INFO mean_val_loss                 4.3980
2026-09-24 19:10:45,997 simple_logger.py log_once [line:28] INFO std_val_loss                  1.7278
2026-09-24 19:10:45,997 fedbase.py run [line:316] INFO Eval Time Cost:               1.4636s
2026-09-24 19:10:46,007 asyncbase.py iterate [line:68] INFO Select clients [np.int64(7), np.int64(13), np.int64(1), np.int64(18)] at time 13.
2026-09-24 19:10:47,277 asyncbase.py iterate [line:68] INFO Select clients [np.int64(19)] at time 14.
2026-09-24 19:10:47,587 asyncbase.py iterate [line:73] INFO Receive new models from clients [18] at time 14
2026-09-24 19:10:47,613 fedbase.py run [line:311] INFO --------------Round 12--------------
2026-09-24 19:10:47,613 simple_logger.py log_once [line:14] INFO Current_time:14
2026-09-24 19:10:49,074 simple_logger.py log_once [line:28] INFO test_accuracy                 0.1135
2026-09-24 19:10:49,074 simple_logger.py log_once [line:28] INFO test_loss                     8.0731
2026-09-24 19:10:49,074 simple_logger.py log_once [line:28] INFO val_accuracy                  0.1119
2026-09-24 19:10:49,074 simple_logger.py log_once [line:28] INFO mean_val_accuracy             0.1111
2026-09-24 19:10:49,074 simple_logger.py log_once [line:28] INFO std_val_accuracy              0.2974
2026-09-24 19:10:49,074 simple_logger.py log_once [line:28] INFO val_loss                      8.0373
2026-09-24 19:10:49,074 simple_logger.py log_once [line:28] INFO mean_val_loss                 8.0462
2026-09-24 19:10:49,074 simple_logger.py log_once [line:28] INFO std_val_loss                  3.0957
2026-09-24 19:10:49,074 fedbase.py run [line:316] INFO Eval Time Cost:               1.4614s
2026-09-24 19:10:49,082 asyncbase.py iterate [line:68] INFO Select clients [np.int64(11)] at time 15.
2026-09-24 19:10:49,392 asyncbase.py iterate [line:73] INFO Receive new models from clients [13, 9, 19] at time 15
2026-09-24 19:10:49,452 fedbase.py run [line:311] INFO --------------Round 13--------------
2026-09-24 19:10:49,452 simple_logger.py log_once [line:14] INFO Current_time:15
2026-09-24 19:10:50,920 simple_logger.py log_once [line:28] INFO test_accuracy                 0.1135
2026-09-24 19:10:50,920 simple_logger.py log_once [line:28] INFO test_loss                     6.0155
2026-09-24 19:10:50,920 simple_logger.py log_once [line:28] INFO val_accuracy                  0.1119
2026-09-24 19:10:50,920 simple_logger.py log_once [line:28] INFO mean_val_accuracy             0.1111
2026-09-24 19:10:50,920 simple_logger.py log_once [line:28] INFO std_val_accuracy              0.2974
2026-09-24 19:10:50,920 simple_logger.py log_once [line:28] INFO val_loss                      6.0143
2026-09-24 19:10:50,920 simple_logger.py log_once [line:28] INFO mean_val_loss                 6.0193
2026-09-24 19:10:50,920 simple_logger.py log_once [line:28] INFO std_val_loss                  2.3882
2026-09-24 19:10:50,920 fedbase.py run [line:316] INFO Eval Time Cost:               1.4685s
2026-09-24 19:10:50,928 asyncbase.py iterate [line:68] INFO Select clients [np.int64(9), np.int64(3)] at time 16.
2026-09-24 19:10:51,540 asyncbase.py iterate [line:73] INFO Receive new models from clients [1, 7] at time 16
2026-09-24 19:10:51,591 fedbase.py run [line:311] INFO --------------Round 14--------------
2026-09-24 19:10:51,591 simple_logger.py log_once [line:14] INFO Current_time:16
2026-09-24 19:10:53,063 simple_logger.py log_once [line:28] INFO test_accuracy                 0.1135
2026-09-24 19:10:53,063 simple_logger.py log_once [line:28] INFO test_loss                     7.2707
2026-09-24 19:10:53,063 simple_logger.py log_once [line:28] INFO val_accuracy                  0.1119
2026-09-24 19:10:53,063 simple_logger.py log_once [line:28] INFO mean_val_accuracy             0.1111
2026-09-24 19:10:53,063 simple_logger.py log_once [line:28] INFO std_val_accuracy              0.2974
2026-09-24 19:10:53,063 simple_logger.py log_once [line:28] INFO val_loss                      7.2599
2026-09-24 19:10:53,063 simple_logger.py log_once [line:28] INFO mean_val_loss                 7.2663
2026-09-24 19:10:53,063 simple_logger.py log_once [line:28] INFO std_val_loss                  2.9561
2026-09-24 19:10:53,063 fedbase.py run [line:316] INFO Eval Time Cost:               1.4723s
2026-09-24 19:10:53,073 asyncbase.py iterate [line:68] INFO Select clients [np.int64(1), np.int64(4)] at time 17.
2026-09-24 19:10:53,687 asyncbase.py iterate [line:73] INFO Receive new models from clients [3, 1] at time 17
2026-09-24 19:10:53,740 fedbase.py run [line:311] INFO --------------Round 15--------------
2026-09-24 19:10:53,740 simple_logger.py log_once [line:14] INFO Current_time:17
2026-09-24 19:10:55,242 simple_logger.py log_once [line:28] INFO test_accuracy                 0.1820
2026-09-24 19:10:55,242 simple_logger.py log_once [line:28] INFO test_loss                     4.2153
2026-09-24 19:10:55,242 simple_logger.py log_once [line:28] INFO val_accuracy                  0.1843
2026-09-24 19:10:55,242 simple_logger.py log_once [line:28] INFO mean_val_accuracy             0.1841
2026-09-24 19:10:55,242 simple_logger.py log_once [line:28] INFO std_val_accuracy              0.3563
2026-09-24 19:10:55,243 simple_logger.py log_once [line:28] INFO val_loss                      4.1674
2026-09-24 19:10:55,243 simple_logger.py log_once [line:28] INFO mean_val_loss                 4.1737
2026-09-24 19:10:55,243 simple_logger.py log_once [line:28] INFO std_val_loss                  2.3800
2026-09-24 19:10:55,243 fedbase.py run [line:316] INFO Eval Time Cost:               1.5029s
2026-09-24 19:10:55,251 asyncbase.py iterate [line:68] INFO Select clients [np.int64(6), np.int64(17), np.int64(7)] at time 18.
2026-09-24 19:10:56,172 asyncbase.py iterate [line:73] INFO Receive new models from clients [11, 9, 7, 17, 4] at time 18
2026-09-24 19:10:56,248 fedbase.py run [line:311] INFO --------------Round 16--------------
2026-09-24 19:10:56,248 simple_logger.py log_once [line:14] INFO Current_time:18
2026-09-24 19:10:57,720 simple_logger.py log_once [line:28] INFO test_accuracy                 0.1915
2026-09-24 19:10:57,720 simple_logger.py log_once [line:28] INFO test_loss                     2.5482
2026-09-24 19:10:57,720 simple_logger.py log_once [line:28] INFO val_accuracy                  0.1904
2026-09-24 19:10:57,720 simple_logger.py log_once [line:28] INFO mean_val_accuracy             0.1902
2026-09-24 19:10:57,720 simple_logger.py log_once [line:28] INFO std_val_accuracy              0.3646
2026-09-24 19:10:57,720 simple_logger.py log_once [line:28] INFO val_loss                      2.5543
2026-09-24 19:10:57,720 simple_logger.py log_once [line:28] INFO mean_val_loss                 2.5542
2026-09-24 19:10:57,720 simple_logger.py log_once [line:28] INFO std_val_loss                  1.0872
2026-09-24 19:10:57,720 fedbase.py run [line:316] INFO Eval Time Cost:               1.4723s
2026-09-24 19:10:57,729 asyncbase.py iterate [line:68] INFO Select clients [np.int64(10), np.int64(8), np.int64(18), np.int64(5), np.int64(15)] at time 19.
2026-09-24 19:10:59,276 asyncbase.py iterate [line:73] INFO Receive new models from clients [15] at time 19
2026-09-24 19:10:59,303 fedbase.py run [line:311] INFO --------------Round 17--------------
2026-09-24 19:10:59,303 simple_logger.py log_once [line:14] INFO Current_time:19
2026-09-24 19:11:00,777 simple_logger.py log_once [line:28] INFO test_accuracy                 0.1502
2026-09-24 19:11:00,777 simple_logger.py log_once [line:28] INFO test_loss                     6.6099
2026-09-24 19:11:00,777 simple_logger.py log_once [line:28] INFO val_accuracy                  0.1543
2026-09-24 19:11:00,777 simple_logger.py log_once [line:28] INFO mean_val_accuracy             0.1541
2026-09-24 19:11:00,777 simple_logger.py log_once [line:28] INFO std_val_accuracy              0.3078
2026-09-24 19:11:00,777 simple_logger.py log_once [line:28] INFO val_loss                      6.5689
2026-09-24 19:11:00,777 simple_logger.py log_once [line:28] INFO mean_val_loss                 6.5746
2026-09-24 19:11:00,777 simple_logger.py log_once [line:28] INFO std_val_loss                  3.9336
2026-09-24 19:11:00,777 fedbase.py run [line:316] INFO Eval Time Cost:               1.4737s
2026-09-24 19:11:00,786 asyncbase.py iterate [line:68] INFO Select clients [np.int64(12)] at time 20.
2026-09-24 19:11:01,094 asyncbase.py iterate [line:73] INFO Receive new models from clients [10, 12, 5, 6] at time 20
2026-09-24 19:11:01,163 fedbase.py run [line:311] INFO --------------Round 18--------------
2026-09-24 19:11:01,163 simple_logger.py log_once [line:14] INFO Current_time:20
2026-09-24 19:11:02,614 simple_logger.py log_once [line:28] INFO test_accuracy                 0.1150
2026-09-24 19:11:02,614 simple_logger.py log_once [line:28] INFO test_loss                     6.1089
2026-09-24 19:11:02,614 simple_logger.py log_once [line:28] INFO val_accuracy                  0.1135
2026-09-24 19:11:02,614 simple_logger.py log_once [line:28] INFO mean_val_accuracy             0.1128
2026-09-24 19:11:02,614 simple_logger.py log_once [line:28] INFO std_val_accuracy              0.2970
2026-09-24 19:11:02,614 simple_logger.py log_once [line:28] INFO val_loss                      6.0839
2026-09-24 19:11:02,614 simple_logger.py log_once [line:28] INFO mean_val_loss                 6.1030
2026-09-24 19:11:02,614 simple_logger.py log_once [line:28] INFO std_val_loss                  4.6106
2026-09-24 19:11:02,614 fedbase.py run [line:316] INFO Eval Time Cost:               1.4513s
2026-09-24 19:11:02,623 asyncbase.py iterate [line:68] INFO Select clients [np.int64(15), np.int64(10), np.int64(14), np.int64(12)] at time 21.
2026-09-24 19:11:03,868 asyncbase.py iterate [line:73] INFO Receive new models from clients [18, 12] at time 21
2026-09-24 19:11:03,919 fedbase.py run [line:311] INFO --------------Round 19--------------
2026-09-24 19:11:03,919 simple_logger.py log_once [line:14] INFO Current_time:21
2026-09-24 19:11:05,392 simple_logger.py log_once [line:28] INFO test_accuracy                 0.0892
2026-09-24 19:11:05,392 simple_logger.py log_once [line:28] INFO test_loss                     15.6638
2026-09-24 19:11:05,392 simple_logger.py log_once [line:28] INFO val_accuracy                  0.0907
2026-09-24 19:11:05,392 simple_logger.py log_once [line:28] INFO mean_val_accuracy             0.0904
2026-09-24 19:11:05,392 simple_logger.py log_once [line:28] INFO std_val_accuracy              0.2536
2026-09-24 19:11:05,392 simple_logger.py log_once [line:28] INFO val_loss                      15.5715
2026-09-24 19:11:05,392 simple_logger.py log_once [line:28] INFO mean_val_loss                 15.5808
2026-09-24 19:11:05,392 simple_logger.py log_once [line:28] INFO std_val_loss                  8.4037
2026-09-24 19:11:05,392 fedbase.py run [line:316] INFO Eval Time Cost:               1.4729s
2026-09-24 19:11:05,401 asyncbase.py iterate [line:68] INFO Select clients [np.int64(6), np.int64(0)] at time 22.
2026-09-24 19:11:06,016 asyncbase.py iterate [line:73] INFO Receive new models from clients [8] at time 22
2026-09-24 19:11:06,042 fedbase.py run [line:311] INFO --------------Round 20--------------
2026-09-24 19:11:06,042 simple_logger.py log_once [line:14] INFO Current_time:22
2026-09-24 19:11:07,507 simple_logger.py log_once [line:28] INFO test_accuracy                 0.0980
2026-09-24 19:11:07,507 simple_logger.py log_once [line:28] INFO test_loss                     2.6989
2026-09-24 19:11:07,507 simple_logger.py log_once [line:28] INFO val_accuracy                  0.0990
2026-09-24 19:11:07,507 simple_logger.py log_once [line:28] INFO mean_val_accuracy             0.1000
2026-09-24 19:11:07,507 simple_logger.py log_once [line:28] INFO std_val_accuracy              0.2627
2026-09-24 19:11:07,507 simple_logger.py log_once [line:28] INFO val_loss                      2.6646
2026-09-24 19:11:07,507 simple_logger.py log_once [line:28] INFO mean_val_loss                 2.6648
2026-09-24 19:11:07,507 simple_logger.py log_once [line:28] INFO std_val_loss                  1.1499
2026-09-24 19:11:07,507 fedbase.py run [line:316] INFO Eval Time Cost:               1.4651s
2026-09-24 19:11:07,515 asyncbase.py iterate [line:73] INFO Receive new models from clients [15, 10, 0] at time 23
2026-09-24 19:11:07,573 fedbase.py run [line:311] INFO --------------Round 21--------------
2026-09-24 19:11:07,573 simple_logger.py log_once [line:14] INFO Current_time:23
2026-09-24 19:11:09,043 simple_logger.py log_once [line:28] INFO test_accuracy                 0.0981
2026-09-24 19:11:09,043 simple_logger.py log_once [line:28] INFO test_loss                     3.9120
2026-09-24 19:11:09,043 simple_logger.py log_once [line:28] INFO val_accuracy                  0.0990
2026-09-24 19:11:09,043 simple_logger.py log_once [line:28] INFO mean_val_accuracy             0.1000
2026-09-24 19:11:09,043 simple_logger.py log_once [line:28] INFO std_val_accuracy              0.2627
2026-09-24 19:11:09,043 simple_logger.py log_once [line:28] INFO val_loss                      3.8235
2026-09-24 19:11:09,043 simple_logger.py log_once [line:28] INFO mean_val_loss                 3.8288
2026-09-24 19:11:09,043 simple_logger.py log_once [line:28] INFO std_val_loss                  2.7314
2026-09-24 19:11:09,043 fedbase.py run [line:316] INFO Eval Time Cost:               1.4701s
2026-09-24 19:11:09,053 asyncbase.py iterate [line:68] INFO Select clients [np.int64(0), np.int64(9), np.int64(16)] at time 24.
2026-09-24 19:11:09,975 asyncbase.py iterate [line:73] INFO Receive new models from clients [14, 0, 6] at time 24
2026-09-24 19:11:10,034 fedbase.py run [line:311] INFO --------------Round 22--------------
2026-09-24 19:11:10,034 simple_logger.py log_once [line:14] INFO Current_time:24
2026-09-24 19:11:11,499 simple_logger.py log_once [line:28] INFO test_accuracy                 0.1032
2026-09-24 19:11:11,500 simple_logger.py log_once [line:28] INFO test_loss                     2.6971
2026-09-24 19:11:11,500 simple_logger.py log_once [line:28] INFO val_accuracy                  0.0983
2026-09-24 19:11:11,500 simple_logger.py log_once [line:28] INFO mean_val_accuracy             0.0993
2026-09-24 19:11:11,500 simple_logger.py log_once [line:28] INFO std_val_accuracy              0.2871
2026-09-24 19:11:11,500 simple_logger.py log_once [line:28] INFO val_loss                      2.6992
2026-09-24 19:11:11,500 simple_logger.py log_once [line:28] INFO mean_val_loss                 2.6954
2026-09-24 19:11:11,500 simple_logger.py log_once [line:28] INFO std_val_loss                  0.8598
2026-09-24 19:11:11,500 fedbase.py run [line:316] INFO Eval Time Cost:               1.4659s
2026-09-24 19:11:11,510 asyncbase.py iterate [line:68] INFO Select clients [np.int64(15), np.int64(1), np.int64(14), np.int64(10)] at time 25.
2026-09-24 19:11:12,754 asyncbase.py iterate [line:73] INFO Receive new models from clients [16, 14] at time 25
2026-09-24 19:11:12,803 fedbase.py run [line:311] INFO --------------Round 23--------------
2026-09-24 19:11:12,803 simple_logger.py log_once [line:14] INFO Current_time:25
2026-09-24 19:11:14,258 simple_logger.py log_once [line:28] INFO test_accuracy                 0.0974
2026-09-24 19:11:14,259 simple_logger.py log_once [line:28] INFO test_loss                     2.9543
2026-09-24 19:11:14,259 simple_logger.py log_once [line:28] INFO val_accuracy                  0.0972
2026-09-24 19:11:14,259 simple_logger.py log_once [line:28] INFO mean_val_accuracy             0.0962
2026-09-24 19:11:14,259 simple_logger.py log_once [line:28] INFO std_val_accuracy              0.2801
2026-09-24 19:11:14,259 simple_logger.py log_once [line:28] INFO val_loss                      2.9514
2026-09-24 19:11:14,259 simple_logger.py log_once [line:28] INFO mean_val_loss                 2.9522
2026-09-24 19:11:14,259 simple_logger.py log_once [line:28] INFO std_val_loss                  1.1267
2026-09-24 19:11:14,259 fedbase.py run [line:316] INFO Eval Time Cost:               1.4561s
2026-09-24 19:11:14,269 asyncbase.py iterate [line:68] INFO Select clients [np.int64(8)] at time 26.
2026-09-24 19:11:14,571 asyncbase.py iterate [line:73] INFO Receive new models from clients [1, 9, 8] at time 26
2026-09-24 19:11:14,627 fedbase.py run [line:311] INFO --------------Round 24--------------
2026-09-24 19:11:14,628 simple_logger.py log_once [line:14] INFO Current_time:26
2026-09-24 19:11:16,092 simple_logger.py log_once [line:28] INFO test_accuracy                 0.0958
2026-09-24 19:11:16,092 simple_logger.py log_once [line:28] INFO test_loss                     3.4627
2026-09-24 19:11:16,092 simple_logger.py log_once [line:28] INFO val_accuracy                  0.0981
2026-09-24 19:11:16,092 simple_logger.py log_once [line:28] INFO mean_val_accuracy             0.0983
2026-09-24 19:11:16,092 simple_logger.py log_once [line:28] INFO std_val_accuracy              0.2826
2026-09-24 19:11:16,092 simple_logger.py log_once [line:28] INFO val_loss                      3.4579
2026-09-24 19:11:16,092 simple_logger.py log_once [line:28] INFO mean_val_loss                 3.4583
2026-09-24 19:11:16,092 simple_logger.py log_once [line:28] INFO std_val_loss                  1.5382
2026-09-24 19:11:16,092 fedbase.py run [line:316] INFO Eval Time Cost:               1.4646s
2026-09-24 19:11:16,102 asyncbase.py iterate [line:68] INFO Select clients [np.int64(6), np.int64(18), np.int64(7)] at time 27.
2026-09-24 19:11:17,025 asyncbase.py iterate [line:73] INFO Receive new models from clients [15] at time 27
2026-09-24 19:11:17,051 fedbase.py run [line:311] INFO --------------Round 25--------------
2026-09-24 19:11:17,051 simple_logger.py log_once [line:14] INFO Current_time:27
2026-09-24 19:11:18,508 simple_logger.py log_once [line:28] INFO test_accuracy                 0.0974
2026-09-24 19:11:18,508 simple_logger.py log_once [line:28] INFO test_loss                     5.0046
2026-09-24 19:11:18,508 simple_logger.py log_once [line:28] INFO val_accuracy                  0.0972
2026-09-24 19:11:18,508 simple_logger.py log_once [line:28] INFO mean_val_accuracy             0.0962
2026-09-24 19:11:18,508 simple_logger.py log_once [line:28] INFO std_val_accuracy              0.2801
2026-09-24 19:11:18,508 simple_logger.py log_once [line:28] INFO val_loss                      4.9794
2026-09-24 19:11:18,508 simple_logger.py log_once [line:28] INFO mean_val_loss                 4.9816
2026-09-24 19:11:18,508 simple_logger.py log_once [line:28] INFO std_val_loss                  2.0595
2026-09-24 19:11:18,508 fedbase.py run [line:316] INFO Eval Time Cost:               1.4571s
2026-09-24 19:11:18,518 asyncbase.py iterate [line:68] INFO Select clients [np.int64(17), np.int64(11)] at time 28.
2026-09-24 19:11:19,151 asyncbase.py iterate [line:73] INFO Receive new models from clients [10] at time 28
2026-09-24 19:11:19,177 fedbase.py run [line:311] INFO --------------Round 26--------------
2026-09-24 19:11:19,177 simple_logger.py log_once [line:14] INFO Current_time:28
2026-09-24 19:11:20,642 simple_logger.py log_once [line:28] INFO test_accuracy                 0.0962
2026-09-24 19:11:20,642 simple_logger.py log_once [line:28] INFO test_loss                     6.9442
2026-09-24 19:11:20,642 simple_logger.py log_once [line:28] INFO val_accuracy                  0.1015
2026-09-24 19:11:20,642 simple_logger.py log_once [line:28] INFO mean_val_accuracy             0.1012
2026-09-24 19:11:20,642 simple_logger.py log_once [line:28] INFO std_val_accuracy              0.2548
2026-09-24 19:11:20,642 simple_logger.py log_once [line:28] INFO val_loss                      6.8950
2026-09-24 19:11:20,642 simple_logger.py log_once [line:28] INFO mean_val_loss                 6.9065
2026-09-24 19:11:20,642 simple_logger.py log_once [line:28] INFO std_val_loss                  3.0313
2026-09-24 19:11:20,642 fedbase.py run [line:316] INFO Eval Time Cost:               1.4655s
2026-09-24 19:11:20,660 asyncbase.py iterate [line:73] INFO Receive new models from clients [17, 7, 11, 6, 18] at time 30
2026-09-24 19:11:20,738 fedbase.py run [line:311] INFO --------------Round 27--------------
2026-09-24 19:11:20,738 simple_logger.py log_once [line:14] INFO Current_time:30
2026-09-24 19:11:22,217 simple_logger.py log_once [line:28] INFO test_accuracy                 0.0892
2026-09-24 19:11:22,217 simple_logger.py log_once [line:28] INFO test_loss                     6.0389
2026-09-24 19:11:22,217 simple_logger.py log_once [line:28] INFO val_accuracy                  0.0907
2026-09-24 19:11:22,217 simple_logger.py log_once [line:28] INFO mean_val_accuracy             0.0904
2026-09-24 19:11:22,217 simple_logger.py log_once [line:28] INFO std_val_accuracy              0.2536
2026-09-24 19:11:22,217 simple_logger.py log_once [line:28] INFO val_loss                      6.0107
2026-09-24 19:11:22,217 simple_logger.py log_once [line:28] INFO mean_val_loss                 6.0148
2026-09-24 19:11:22,217 simple_logger.py log_once [line:28] INFO std_val_loss                  2.0601
2026-09-24 19:11:22,218 fedbase.py run [line:316] INFO Eval Time Cost:               1.4796s
2026-09-24 19:11:22,227 asyncbase.py iterate [line:68] INFO Select clients [np.int64(4), np.int64(2), np.int64(16), np.int64(17), np.int64(6), np.int64(0)] at time 31.
2026-09-24 19:11:24,094 asyncbase.py iterate [line:73] INFO Receive new models from clients [17] at time 31
2026-09-24 19:11:24,120 fedbase.py run [line:311] INFO --------------Round 28--------------
2026-09-24 19:11:24,120 simple_logger.py log_once [line:14] INFO Current_time:31
2026-09-24 19:11:25,580 simple_logger.py log_once [line:28] INFO test_accuracy                 0.1010
2026-09-24 19:11:25,580 simple_logger.py log_once [line:28] INFO test_loss                     4.5456
2026-09-24 19:11:25,580 simple_logger.py log_once [line:28] INFO val_accuracy                  0.1020
2026-09-24 19:11:25,580 simple_logger.py log_once [line:28] INFO mean_val_accuracy             0.1016
2026-09-24 19:11:25,580 simple_logger.py log_once [line:28] INFO std_val_accuracy              0.2730
2026-09-24 19:11:25,580 simple_logger.py log_once [line:28] INFO val_loss                      4.5157
2026-09-24 19:11:25,580 simple_logger.py log_once [line:28] INFO mean_val_loss                 4.5194
2026-09-24 19:11:25,580 simple_logger.py log_once [line:28] INFO std_val_loss                  2.0377
2026-09-24 19:11:25,580 fedbase.py run [line:316] INFO Eval Time Cost:               1.4602s
2026-09-24 19:11:25,590 asyncbase.py iterate [line:73] INFO Receive new models from clients [2] at time 32
2026-09-24 19:11:25,616 fedbase.py run [line:311] INFO --------------Round 29--------------
2026-09-24 19:11:25,617 simple_logger.py log_once [line:14] INFO Current_time:32
2026-09-24 19:11:27,107 simple_logger.py log_once [line:28] INFO test_accuracy                 0.1028
2026-09-24 19:11:27,107 simple_logger.py log_once [line:28] INFO test_loss                     6.7990
2026-09-24 19:11:27,107 simple_logger.py log_once [line:28] INFO val_accuracy                  0.1043
2026-09-24 19:11:27,107 simple_logger.py log_once [line:28] INFO mean_val_accuracy             0.1043
2026-09-24 19:11:27,107 simple_logger.py log_once [line:28] INFO std_val_accuracy              0.2848
2026-09-24 19:11:27,107 simple_logger.py log_once [line:28] INFO val_loss                      6.7704
2026-09-24 19:11:27,107 simple_logger.py log_once [line:28] INFO mean_val_loss                 6.7770
2026-09-24 19:11:27,107 simple_logger.py log_once [line:28] INFO std_val_loss                  3.4782
2026-09-24 19:11:27,108 fedbase.py run [line:316] INFO Eval Time Cost:               1.4911s
2026-09-24 19:11:27,116 asyncbase.py iterate [line:68] INFO Select clients [np.int64(12)] at time 33.
2026-09-24 19:11:27,426 asyncbase.py iterate [line:73] INFO Receive new models from clients [4, 0, 12] at time 33
2026-09-24 19:11:27,484 fedbase.py run [line:311] INFO --------------Round 30--------------
2026-09-24 19:11:27,485 simple_logger.py log_once [line:14] INFO Current_time:33
2026-09-24 19:11:28,951 simple_logger.py log_once [line:28] INFO test_accuracy                 0.1028
2026-09-24 19:11:28,951 simple_logger.py log_once [line:28] INFO test_loss                     6.2476
2026-09-24 19:11:28,951 simple_logger.py log_once [line:28] INFO val_accuracy                  0.1043
2026-09-24 19:11:28,951 simple_logger.py log_once [line:28] INFO mean_val_accuracy             0.1043
2026-09-24 19:11:28,951 simple_logger.py log_once [line:28] INFO std_val_accuracy              0.2848
2026-09-24 19:11:28,951 simple_logger.py log_once [line:28] INFO val_loss                      6.2489
2026-09-24 19:11:28,951 simple_logger.py log_once [line:28] INFO mean_val_loss                 6.2511
2026-09-24 19:11:28,951 simple_logger.py log_once [line:28] INFO std_val_loss                  4.0477
2026-09-24 19:11:28,951 fedbase.py run [line:316] INFO Eval Time Cost:               1.4668s
2026-09-24 19:11:28,960 asyncbase.py iterate [line:68] INFO Select clients [np.int64(3), np.int64(19), np.int64(7)] at time 34.
2026-09-24 19:11:29,888 asyncbase.py iterate [line:73] INFO Receive new models from clients [6, 3, 16] at time 34
2026-09-24 19:11:29,953 fedbase.py run [line:311] INFO --------------Round 31--------------
2026-09-24 19:11:29,954 simple_logger.py log_once [line:14] INFO Current_time:34
2026-09-24 19:11:31,423 simple_logger.py log_once [line:28] INFO test_accuracy                 0.1028
2026-09-24 19:11:31,423 simple_logger.py log_once [line:28] INFO test_loss                     5.0425
2026-09-24 19:11:31,423 simple_logger.py log_once [line:28] INFO val_accuracy                  0.1043
2026-09-24 19:11:31,423 simple_logger.py log_once [line:28] INFO mean_val_accuracy             0.1043
2026-09-24 19:11:31,423 simple_logger.py log_once [line:28] INFO std_val_accuracy              0.2848
2026-09-24 19:11:31,423 simple_logger.py log_once [line:28] INFO val_loss                      5.0492
2026-09-24 19:11:31,423 simple_logger.py log_once [line:28] INFO mean_val_loss                 5.0516
2026-09-24 19:11:31,423 simple_logger.py log_once [line:28] INFO std_val_loss                  3.9394
2026-09-24 19:11:31,423 fedbase.py run [line:316] INFO Eval Time Cost:               1.4693s
2026-09-24 19:11:31,431 asyncbase.py iterate [line:68] INFO Select clients [np.int64(12), np.int64(9), np.int64(8)] at time 35.
2026-09-24 19:11:32,350 asyncbase.py iterate [line:73] INFO Receive new models from clients [19, 9, 8] at time 35
2026-09-24 19:11:32,408 fedbase.py run [line:311] INFO --------------Round 32--------------
2026-09-24 19:11:32,408 simple_logger.py log_once [line:14] INFO Current_time:35
2026-09-24 19:11:33,872 simple_logger.py log_once [line:28] INFO test_accuracy                 0.1028
2026-09-24 19:11:33,872 simple_logger.py log_once [line:28] INFO test_loss                     3.7158
2026-09-24 19:11:33,872 simple_logger.py log_once [line:28] INFO val_accuracy                  0.1043
2026-09-24 19:11:33,872 simple_logger.py log_once [line:28] INFO mean_val_accuracy             0.1043
2026-09-24 19:11:33,872 simple_logger.py log_once [line:28] INFO std_val_accuracy              0.2848
2026-09-24 19:11:33,872 simple_logger.py log_once [line:28] INFO val_loss                      3.7348
2026-09-24 19:11:33,872 simple_logger.py log_once [line:28] INFO mean_val_loss                 3.7312
2026-09-24 19:11:33,872 simple_logger.py log_once [line:28] INFO std_val_loss                  3.3086
2026-09-24 19:11:33,872 fedbase.py run [line:316] INFO Eval Time Cost:               1.4635s
2026-09-24 19:11:33,880 asyncbase.py iterate [line:68] INFO Select clients [np.int64(0), np.int64(9), np.int64(5), np.int64(14)] at time 36.
2026-09-24 19:11:35,116 asyncbase.py iterate [line:73] INFO Receive new models from clients [7, 5] at time 36
2026-09-24 19:11:35,166 fedbase.py run [line:311] INFO --------------Round 33--------------
2026-09-24 19:11:35,166 simple_logger.py log_once [line:14] INFO Current_time:36
2026-09-24 19:11:36,630 simple_logger.py log_once [line:28] INFO test_accuracy                 0.1135
2026-09-24 19:11:36,630 simple_logger.py log_once [line:28] INFO test_loss                     4.0657
2026-09-24 19:11:36,630 simple_logger.py log_once [line:28] INFO val_accuracy                  0.1119
2026-09-24 19:11:36,630 simple_logger.py log_once [line:28] INFO mean_val_accuracy             0.1111
2026-09-24 19:11:36,630 simple_logger.py log_once [line:28] INFO std_val_accuracy              0.2974
2026-09-24 19:11:36,630 simple_logger.py log_once [line:28] INFO val_loss                      4.0904
2026-09-24 19:11:36,630 simple_logger.py log_once [line:28] INFO mean_val_loss                 4.0890
2026-09-24 19:11:36,630 simple_logger.py log_once [line:28] INFO std_val_loss                  3.3583
2026-09-24 19:11:36,630 fedbase.py run [line:316] INFO Eval Time Cost:               1.4637s
2026-09-24 19:11:36,639 asyncbase.py iterate [line:68] INFO Select clients [np.int64(3), np.int64(2)] at time 37.
2026-09-24 19:11:37,264 asyncbase.py iterate [line:73] INFO Receive new models from clients [0, 12] at time 38
2026-09-24 19:11:37,315 fedbase.py run [line:311] INFO --------------Round 34--------------
2026-09-24 19:11:37,315 simple_logger.py log_once [line:14] INFO Current_time:38
2026-09-24 19:11:38,786 simple_logger.py log_once [line:28] INFO test_accuracy                 0.1032
2026-09-24 19:11:38,786 simple_logger.py log_once [line:28] INFO test_loss                     3.7561
2026-09-24 19:11:38,786 simple_logger.py log_once [line:28] INFO val_accuracy                  0.0983
2026-09-24 19:11:38,786 simple_logger.py log_once [line:28] INFO mean_val_accuracy             0.0993
2026-09-24 19:11:38,786 simple_logger.py log_once [line:28] INFO std_val_accuracy              0.2871
2026-09-24 19:11:38,786 simple_logger.py log_once [line:28] INFO val_loss                      3.7860
2026-09-24 19:11:38,786 simple_logger.py log_once [line:28] INFO mean_val_loss                 3.7810
2026-09-24 19:11:38,786 simple_logger.py log_once [line:28] INFO std_val_loss                  2.1359
2026-09-24 19:11:38,786 fedbase.py run [line:316] INFO Eval Time Cost:               1.4714s
2026-09-24 19:11:38,796 asyncbase.py iterate [line:68] INFO Select clients [np.int64(16), np.int64(7)] at time 39.
2026-09-24 19:11:39,406 asyncbase.py iterate [line:73] INFO Receive new models from clients [2, 9, 7, 3, 14] at time 39
2026-09-24 19:11:39,483 fedbase.py run [line:311] INFO --------------Round 35--------------
2026-09-24 19:11:39,483 simple_logger.py log_once [line:14] INFO Current_time:39
2026-09-24 19:11:40,951 simple_logger.py log_once [line:28] INFO test_accuracy                 0.1032
2026-09-24 19:11:40,951 simple_logger.py log_once [line:28] INFO test_loss                     3.7576
2026-09-24 19:11:40,951 simple_logger.py log_once [line:28] INFO val_accuracy                  0.0983
2026-09-24 19:11:40,951 simple_logger.py log_once [line:28] INFO mean_val_accuracy             0.0993
2026-09-24 19:11:40,951 simple_logger.py log_once [line:28] INFO std_val_accuracy              0.2871
2026-09-24 19:11:40,951 simple_logger.py log_once [line:28] INFO val_loss                      3.7865
2026-09-24 19:11:40,951 simple_logger.py log_once [line:28] INFO mean_val_loss                 3.7828
2026-09-24 19:11:40,951 simple_logger.py log_once [line:28] INFO std_val_loss                  1.6686
2026-09-24 19:11:40,951 fedbase.py run [line:316] INFO Eval Time Cost:               1.4680s
2026-09-24 19:11:40,962 asyncbase.py iterate [line:68] INFO Select clients [np.int64(15), np.int64(10), np.int64(3), np.int64(13), np.int64(11)] at time 40.
2026-09-24 19:11:42,500 asyncbase.py iterate [line:73] INFO Receive new models from clients [15] at time 40
2026-09-24 19:11:42,525 fedbase.py run [line:311] INFO --------------Round 36--------------
2026-09-24 19:11:42,525 simple_logger.py log_once [line:14] INFO Current_time:40
2026-09-24 19:11:43,996 simple_logger.py log_once [line:28] INFO test_accuracy                 0.0974
2026-09-24 19:11:43,996 simple_logger.py log_once [line:28] INFO test_loss                     4.6380
2026-09-24 19:11:43,996 simple_logger.py log_once [line:28] INFO val_accuracy                  0.0972
2026-09-24 19:11:43,996 simple_logger.py log_once [line:28] INFO mean_val_accuracy             0.0962
2026-09-24 19:11:43,996 simple_logger.py log_once [line:28] INFO std_val_accuracy              0.2801
2026-09-24 19:11:43,996 simple_logger.py log_once [line:28] INFO val_loss                      4.6530
2026-09-24 19:11:43,996 simple_logger.py log_once [line:28] INFO mean_val_loss                 4.6542
2026-09-24 19:11:43,996 simple_logger.py log_once [line:28] INFO std_val_loss                  1.9882
2026-09-24 19:11:43,996 fedbase.py run [line:316] INFO Eval Time Cost:               1.4712s
2026-09-24 19:11:44,005 asyncbase.py iterate [line:68] INFO Select clients [np.int64(14)] at time 41.
2026-09-24 19:11:44,319 asyncbase.py iterate [line:73] INFO Receive new models from clients [16, 14, 11] at time 41
2026-09-24 19:11:44,376 fedbase.py run [line:311] INFO --------------Round 37--------------
2026-09-24 19:11:44,376 simple_logger.py log_once [line:14] INFO Current_time:41
2026-09-24 19:11:45,857 simple_logger.py log_once [line:28] INFO test_accuracy                 0.0974
2026-09-24 19:11:45,857 simple_logger.py log_once [line:28] INFO test_loss                     4.1115
2026-09-24 19:11:45,857 simple_logger.py log_once [line:28] INFO val_accuracy                  0.0972
2026-09-24 19:11:45,857 simple_logger.py log_once [line:28] INFO mean_val_accuracy             0.0962
2026-09-24 19:11:45,857 simple_logger.py log_once [line:28] INFO std_val_accuracy              0.2801
2026-09-24 19:11:45,857 simple_logger.py log_once [line:28] INFO val_loss                      4.1129
2026-09-24 19:11:45,857 simple_logger.py log_once [line:28] INFO mean_val_loss                 4.1156
2026-09-24 19:11:45,857 simple_logger.py log_once [line:28] INFO std_val_loss                  1.5921
2026-09-24 19:11:45,857 fedbase.py run [line:316] INFO Eval Time Cost:               1.4810s
2026-09-24 19:11:45,866 asyncbase.py iterate [line:68] INFO Select clients [np.int64(8), np.int64(0), np.int64(2)] at time 42.
2026-09-24 19:11:46,781 asyncbase.py iterate [line:73] INFO Receive new models from clients [13] at time 42
2026-09-24 19:11:46,806 fedbase.py run [line:311] INFO --------------Round 38--------------
2026-09-24 19:11:46,806 simple_logger.py log_once [line:14] INFO Current_time:42
2026-09-24 19:11:48,274 simple_logger.py log_once [line:28] INFO test_accuracy                 0.1010
2026-09-24 19:11:48,274 simple_logger.py log_once [line:28] INFO test_loss                     7.3351
2026-09-24 19:11:48,274 simple_logger.py log_once [line:28] INFO val_accuracy                  0.1020
2026-09-24 19:11:48,274 simple_logger.py log_once [line:28] INFO mean_val_accuracy             0.1016
2026-09-24 19:11:48,274 simple_logger.py log_once [line:28] INFO std_val_accuracy              0.2730
2026-09-24 19:11:48,274 simple_logger.py log_once [line:28] INFO val_loss                      7.3135
2026-09-24 19:11:48,274 simple_logger.py log_once [line:28] INFO mean_val_loss                 7.3209
2026-09-24 19:11:48,274 simple_logger.py log_once [line:28] INFO std_val_loss                  2.9601
2026-09-24 19:11:48,274 fedbase.py run [line:316] INFO Eval Time Cost:               1.4682s
2026-09-24 19:11:48,283 asyncbase.py iterate [line:73] INFO Receive new models from clients [2, 10, 3] at time 43
2026-09-24 19:11:48,339 fedbase.py run [line:311] INFO --------------Round 39--------------
2026-09-24 19:11:48,339 simple_logger.py log_once [line:14] INFO Current_time:43
2026-09-24 19:11:49,820 simple_logger.py log_once [line:28] INFO test_accuracy                 0.1010
2026-09-24 19:11:49,820 simple_logger.py log_once [line:28] INFO test_loss                     6.5617
2026-09-24 19:11:49,820 simple_logger.py log_once [line:28] INFO val_accuracy                  0.1020
2026-09-24 19:11:49,820 simple_logger.py log_once [line:28] INFO mean_val_accuracy             0.1016
2026-09-24 19:11:49,820 simple_logger.py log_once [line:28] INFO std_val_accuracy              0.2730
2026-09-24 19:11:49,820 simple_logger.py log_once [line:28] INFO val_loss                      6.5241
2026-09-24 19:11:49,820 simple_logger.py log_once [line:28] INFO mean_val_loss                 6.5341
2026-09-24 19:11:49,820 simple_logger.py log_once [line:28] INFO std_val_loss                  2.8693
2026-09-24 19:11:49,820 fedbase.py run [line:316] INFO Eval Time Cost:               1.4807s
2026-09-24 19:11:49,829 asyncbase.py iterate [line:68] INFO Select clients [np.int64(11), np.int64(1), np.int64(3), np.int64(18)] at time 44.
2026-09-24 19:11:51,065 asyncbase.py iterate [line:73] INFO Receive new models from clients [0, 3] at time 44
2026-09-24 19:11:51,114 fedbase.py run [line:311] INFO --------------Round 40--------------
2026-09-24 19:11:51,114 simple_logger.py log_once [line:14] INFO Current_time:44
2026-09-24 19:11:52,591 simple_logger.py log_once [line:28] INFO test_accuracy                 0.1010
2026-09-24 19:11:52,591 simple_logger.py log_once [line:28] INFO test_loss                     4.5058
2026-09-24 19:11:52,591 simple_logger.py log_once [line:28] INFO val_accuracy                  0.1020
2026-09-24 19:11:52,591 simple_logger.py log_once [line:28] INFO mean_val_accuracy             0.1016
2026-09-24 19:11:52,591 simple_logger.py log_once [line:28] INFO std_val_accuracy              0.2730
2026-09-24 19:11:52,591 simple_logger.py log_once [line:28] INFO val_loss                      4.4896
2026-09-24 19:11:52,591 simple_logger.py log_once [line:28] INFO mean_val_loss                 4.4959
2026-09-24 19:11:52,591 simple_logger.py log_once [line:28] INFO std_val_loss                  1.9332
2026-09-24 19:11:52,591 fedbase.py run [line:316] INFO Eval Time Cost:               1.4773s
2026-09-24 19:11:52,600 asyncbase.py iterate [line:68] INFO Select clients [np.int64(14)] at time 45.
2026-09-24 19:11:52,915 asyncbase.py iterate [line:73] INFO Receive new models from clients [8, 14] at time 45
2026-09-24 19:11:52,963 fedbase.py run [line:311] INFO --------------Round 41--------------
2026-09-24 19:11:52,963 simple_logger.py log_once [line:14] INFO Current_time:45
2026-09-24 19:11:54,473 simple_logger.py log_once [line:28] INFO test_accuracy                 0.1010
2026-09-24 19:11:54,473 simple_logger.py log_once [line:28] INFO test_loss                     3.1704
2026-09-24 19:11:54,473 simple_logger.py log_once [line:28] INFO val_accuracy                  0.1020
2026-09-24 19:11:54,473 simple_logger.py log_once [line:28] INFO mean_val_accuracy             0.1016
2026-09-24 19:11:54,473 simple_logger.py log_once [line:28] INFO std_val_accuracy              0.2730
2026-09-24 19:11:54,473 simple_logger.py log_once [line:28] INFO val_loss                      3.1509
2026-09-24 19:11:54,473 simple_logger.py log_once [line:28] INFO mean_val_loss                 3.1560
2026-09-24 19:11:54,473 simple_logger.py log_once [line:28] INFO std_val_loss                  1.5112
2026-09-24 19:11:54,473 fedbase.py run [line:316] INFO Eval Time Cost:               1.5099s
2026-09-24 19:11:54,483 asyncbase.py iterate [line:68] INFO Select clients [np.int64(9), np.int64(2), np.int64(19)] at time 46.
2026-09-24 19:11:55,398 asyncbase.py iterate [line:73] INFO Receive new models from clients [18, 2] at time 46
2026-09-24 19:11:55,447 fedbase.py run [line:311] INFO --------------Round 42--------------
2026-09-24 19:11:55,447 simple_logger.py log_once [line:14] INFO Current_time:46
2026-09-24 19:11:56,924 simple_logger.py log_once [line:28] INFO test_accuracy                 0.1135
2026-09-24 19:11:56,924 simple_logger.py log_once [line:28] INFO test_loss                     4.4243
2026-09-24 19:11:56,924 simple_logger.py log_once [line:28] INFO val_accuracy                  0.1119
2026-09-24 19:11:56,924 simple_logger.py log_once [line:28] INFO mean_val_accuracy             0.1111
2026-09-24 19:11:56,924 simple_logger.py log_once [line:28] INFO std_val_accuracy              0.2974
2026-09-24 19:11:56,924 simple_logger.py log_once [line:28] INFO val_loss                      4.4089
2026-09-24 19:11:56,924 simple_logger.py log_once [line:28] INFO mean_val_loss                 4.4174
2026-09-24 19:11:56,924 simple_logger.py log_once [line:28] INFO std_val_loss                  2.1323
2026-09-24 19:11:56,924 fedbase.py run [line:316] INFO Eval Time Cost:               1.4768s
2026-09-24 19:11:56,932 asyncbase.py iterate [line:68] INFO Select clients [np.int64(0), np.int64(12)] at time 47.
2026-09-24 19:11:57,558 asyncbase.py iterate [line:73] INFO Receive new models from clients [11, 12, 1] at time 47
2026-09-24 19:11:57,616 fedbase.py run [line:311] INFO --------------Round 43--------------
2026-09-24 19:11:57,616 simple_logger.py log_once [line:14] INFO Current_time:47
2026-09-24 19:11:59,089 simple_logger.py log_once [line:28] INFO test_accuracy                 0.1135
2026-09-24 19:11:59,089 simple_logger.py log_once [line:28] INFO test_loss                     4.0421
2026-09-24 19:11:59,089 simple_logger.py log_once [line:28] INFO val_accuracy                  0.1119
2026-09-24 19:11:59,089 simple_logger.py log_once [line:28] INFO mean_val_accuracy             0.1111
2026-09-24 19:11:59,089 simple_logger.py log_once [line:28] INFO std_val_accuracy              0.2974
2026-09-24 19:11:59,089 simple_logger.py log_once [line:28] INFO val_loss                      4.0292
2026-09-24 19:11:59,089 simple_logger.py log_once [line:28] INFO mean_val_loss                 4.0304
2026-09-24 19:11:59,089 simple_logger.py log_once [line:28] INFO std_val_loss                  2.1942
2026-09-24 19:11:59,089 fedbase.py run [line:316] INFO Eval Time Cost:               1.4731s
2026-09-24 19:11:59,098 asyncbase.py iterate [line:68] INFO Select clients [np.int64(16), np.int64(10), np.int64(2)] at time 48.
2026-09-24 19:12:00,017 asyncbase.py iterate [line:73] INFO Receive new models from clients [2] at time 48
2026-09-24 19:12:00,043 fedbase.py run [line:311] INFO --------------Round 44--------------
2026-09-24 19:12:00,043 simple_logger.py log_once [line:14] INFO Current_time:48
2026-09-24 19:12:01,514 simple_logger.py log_once [line:28] INFO test_accuracy                 0.0980
2026-09-24 19:12:01,514 simple_logger.py log_once [line:28] INFO test_loss                     4.1351
2026-09-24 19:12:01,514 simple_logger.py log_once [line:28] INFO val_accuracy                  0.0990
2026-09-24 19:12:01,514 simple_logger.py log_once [line:28] INFO mean_val_accuracy             0.1000
2026-09-24 19:12:01,515 simple_logger.py log_once [line:28] INFO std_val_accuracy              0.2627
2026-09-24 19:12:01,515 simple_logger.py log_once [line:28] INFO val_loss                      4.1157
2026-09-24 19:12:01,515 simple_logger.py log_once [line:28] INFO mean_val_loss                 4.1135
2026-09-24 19:12:01,515 simple_logger.py log_once [line:28] INFO std_val_loss                  2.2534
2026-09-24 19:12:01,515 fedbase.py run [line:316] INFO Eval Time Cost:               1.4717s
2026-09-24 19:12:01,523 asyncbase.py iterate [line:73] INFO Receive new models from clients [19, 0, 9] at time 49
2026-09-24 19:12:01,585 fedbase.py run [line:311] INFO --------------Round 45--------------
2026-09-24 19:12:01,585 simple_logger.py log_once [line:14] INFO Current_time:49
2026-09-24 19:12:03,047 simple_logger.py log_once [line:28] INFO test_accuracy                 0.1028
2026-09-24 19:12:03,047 simple_logger.py log_once [line:28] INFO test_loss                     4.0257
2026-09-24 19:12:03,047 simple_logger.py log_once [line:28] INFO val_accuracy                  0.1043
2026-09-24 19:12:03,048 simple_logger.py log_once [line:28] INFO mean_val_accuracy             0.1043
2026-09-24 19:12:03,048 simple_logger.py log_once [line:28] INFO std_val_accuracy              0.2848
2026-09-24 19:12:03,048 simple_logger.py log_once [line:28] INFO val_loss                      4.0327
2026-09-24 19:12:03,048 simple_logger.py log_once [line:28] INFO mean_val_loss                 4.0237
2026-09-24 19:12:03,048 simple_logger.py log_once [line:28] INFO std_val_loss                  2.2628
2026-09-24 19:12:03,048 fedbase.py run [line:316] INFO Eval Time Cost:               1.4623s
2026-09-24 19:12:03,056 asyncbase.py iterate [line:68] INFO Select clients [np.int64(13), np.int64(3), np.int64(15), np.int64(5)] at time 50.
2026-09-24 19:12:04,303 asyncbase.py iterate [line:73] INFO Receive new models from clients [16, 3, 15] at time 50
2026-09-24 19:12:04,361 fedbase.py run [line:311] INFO --------------Round 46--------------
2026-09-24 19:12:04,361 simple_logger.py log_once [line:14] INFO Current_time:50
2026-09-24 19:12:05,836 simple_logger.py log_once [line:28] INFO test_accuracy                 0.1009
2026-09-24 19:12:05,836 simple_logger.py log_once [line:28] INFO test_loss                     5.0274
2026-09-24 19:12:05,836 simple_logger.py log_once [line:28] INFO val_accuracy                  0.0999
2026-09-24 19:12:05,836 simple_logger.py log_once [line:28] INFO mean_val_accuracy             0.0994
2026-09-24 19:12:05,836 simple_logger.py log_once [line:28] INFO std_val_accuracy              0.2889
2026-09-24 19:12:05,836 simple_logger.py log_once [line:28] INFO val_loss                      5.0394
2026-09-24 19:12:05,836 simple_logger.py log_once [line:28] INFO mean_val_loss                 5.0352
2026-09-24 19:12:05,836 simple_logger.py log_once [line:28] INFO std_val_loss                  2.3551
2026-09-24 19:12:05,836 fedbase.py run [line:316] INFO Eval Time Cost:               1.4751s
2026-09-24 19:12:05,845 asyncbase.py iterate [line:68] INFO Select clients [np.int64(0), np.int64(16), np.int64(2)] at time 51.
2026-09-24 19:12:06,763 asyncbase.py iterate [line:73] INFO Receive new models from clients [10, 16] at time 51
2026-09-24 19:12:06,813 fedbase.py run [line:311] INFO --------------Round 47--------------
2026-09-24 19:12:06,813 simple_logger.py log_once [line:14] INFO Current_time:51
2026-09-24 19:12:08,314 simple_logger.py log_once [line:28] INFO test_accuracy                 0.1009
2026-09-24 19:12:08,314 simple_logger.py log_once [line:28] INFO test_loss                     4.9718
2026-09-24 19:12:08,314 simple_logger.py log_once [line:28] INFO val_accuracy                  0.0999
2026-09-24 19:12:08,314 simple_logger.py log_once [line:28] INFO mean_val_accuracy             0.0994
2026-09-24 19:12:08,314 simple_logger.py log_once [line:28] INFO std_val_accuracy              0.2889
2026-09-24 19:12:08,314 simple_logger.py log_once [line:28] INFO val_loss                      4.9802
2026-09-24 19:12:08,314 simple_logger.py log_once [line:28] INFO mean_val_loss                 4.9798
2026-09-24 19:12:08,314 simple_logger.py log_once [line:28] INFO std_val_loss                  2.2864
2026-09-24 19:12:08,314 fedbase.py run [line:316] INFO Eval Time Cost:               1.5008s
2026-09-24 19:12:08,324 asyncbase.py iterate [line:68] INFO Select clients [np.int64(12), np.int64(6)] at time 52.
2026-09-24 19:12:08,942 asyncbase.py iterate [line:73] INFO Receive new models from clients [2, 6, 13, 5, 12] at time 52
2026-09-24 19:12:09,018 fedbase.py run [line:311] INFO --------------Round 48--------------
2026-09-24 19:12:09,018 simple_logger.py log_once [line:14] INFO Current_time:52
2026-09-24 19:12:10,486 simple_logger.py log_once [line:28] INFO test_accuracy                 0.1009
2026-09-24 19:12:10,486 simple_logger.py log_once [line:28] INFO test_loss                     3.1245
2026-09-24 19:12:10,486 simple_logger.py log_once [line:28] INFO val_accuracy                  0.0999
2026-09-24 19:12:10,486 simple_logger.py log_once [line:28] INFO mean_val_accuracy             0.0994
2026-09-24 19:12:10,486 simple_logger.py log_once [line:28] INFO std_val_accuracy              0.2889
2026-09-24 19:12:10,486 simple_logger.py log_once [line:28] INFO val_loss                      3.1239
2026-09-24 19:12:10,486 simple_logger.py log_once [line:28] INFO mean_val_loss                 3.1250
2026-09-24 19:12:10,486 simple_logger.py log_once [line:28] INFO std_val_loss                  1.3144
2026-09-24 19:12:10,486 fedbase.py run [line:316] INFO Eval Time Cost:               1.4682s
2026-09-24 19:12:10,496 asyncbase.py iterate [line:68] INFO Select clients [np.int64(5), np.int64(3), np.int64(17), np.int64(11)] at time 53.
2026-09-24 19:12:11,735 asyncbase.py iterate [line:73] INFO Receive new models from clients [3] at time 53
2026-09-24 19:12:11,760 fedbase.py run [line:311] INFO --------------Round 49--------------
2026-09-24 19:12:11,760 simple_logger.py log_once [line:14] INFO Current_time:53
2026-09-24 19:12:13,225 simple_logger.py log_once [line:28] INFO test_accuracy                 0.1009
2026-09-24 19:12:13,225 simple_logger.py log_once [line:28] INFO test_loss                     5.5381
2026-09-24 19:12:13,225 simple_logger.py log_once [line:28] INFO val_accuracy                  0.0999
2026-09-24 19:12:13,225 simple_logger.py log_once [line:28] INFO mean_val_accuracy             0.0994
2026-09-24 19:12:13,225 simple_logger.py log_once [line:28] INFO std_val_accuracy              0.2889
2026-09-24 19:12:13,225 simple_logger.py log_once [line:28] INFO val_loss                      5.5418
2026-09-24 19:12:13,225 simple_logger.py log_once [line:28] INFO mean_val_loss                 5.5453
2026-09-24 19:12:13,225 simple_logger.py log_once [line:28] INFO std_val_loss                  2.0390
2026-09-24 19:12:13,225 fedbase.py run [line:316] INFO Eval Time Cost:               1.4650s
2026-09-24 19:12:13,234 asyncbase.py iterate [line:68] INFO Select clients [np.int64(3), np.int64(9)] at time 54.
2026-09-24 19:12:13,854 asyncbase.py iterate [line:73] INFO Receive new models from clients [5, 17, 0] at time 54
2026-09-24 19:12:13,913 fedbase.py run [line:311] INFO --------------Round 50--------------
2026-09-24 19:12:13,913 simple_logger.py log_once [line:14] INFO Current_time:54
2026-09-24 19:12:15,376 simple_logger.py log_once [line:28] INFO test_accuracy                 0.1009
2026-09-24 19:12:15,377 simple_logger.py log_once [line:28] INFO test_loss                     3.1669
2026-09-24 19:12:15,377 simple_logger.py log_once [line:28] INFO val_accuracy                  0.0999
2026-09-24 19:12:15,377 simple_logger.py log_once [line:28] INFO mean_val_accuracy             0.0994
2026-09-24 19:12:15,377 simple_logger.py log_once [line:28] INFO std_val_accuracy              0.2889
2026-09-24 19:12:15,377 simple_logger.py log_once [line:28] INFO val_loss                      3.1781
2026-09-24 19:12:15,377 simple_logger.py log_once [line:28] INFO mean_val_loss                 3.1812
2026-09-24 19:12:15,377 simple_logger.py log_once [line:28] INFO std_val_loss                  1.0962
2026-09-24 19:12:15,377 fedbase.py run [line:316] INFO Eval Time Cost:               1.4639s
2026-09-24 19:12:15,386 asyncbase.py iterate [line:68] INFO Select clients [np.int64(8), np.int64(6)] at time 55.
2026-09-24 19:12:16,000 asyncbase.py iterate [line:73] INFO Receive new models from clients [3, 9] at time 55
2026-09-24 19:12:16,049 fedbase.py run [line:311] INFO --------------Round 51--------------
2026-09-24 19:12:16,049 simple_logger.py log_once [line:14] INFO Current_time:55
2026-09-24 19:12:17,499 simple_logger.py log_once [line:28] INFO test_accuracy                 0.1009
2026-09-24 19:12:17,499 simple_logger.py log_once [line:28] INFO test_loss                     3.0735
2026-09-24 19:12:17,499 simple_logger.py log_once [line:28] INFO val_accuracy                  0.0999
2026-09-24 19:12:17,499 simple_logger.py log_once [line:28] INFO mean_val_accuracy             0.0994
2026-09-24 19:12:17,499 simple_logger.py log_once [line:28] INFO std_val_accuracy              0.2889
2026-09-24 19:12:17,499 simple_logger.py log_once [line:28] INFO val_loss                      3.0880
2026-09-24 19:12:17,499 simple_logger.py log_once [line:28] INFO mean_val_loss                 3.0906
2026-09-24 19:12:17,499 simple_logger.py log_once [line:28] INFO std_val_loss                  1.0974
2026-09-24 19:12:17,499 fedbase.py run [line:316] INFO Eval Time Cost:               1.4506s
2026-09-24 19:12:17,508 asyncbase.py iterate [line:68] INFO Select clients [np.int64(7), np.int64(16), np.int64(14)] at time 56.
2026-09-24 19:12:18,442 asyncbase.py iterate [line:73] INFO Receive new models from clients [11] at time 56
2026-09-24 19:12:18,466 fedbase.py run [line:311] INFO --------------Round 52--------------
2026-09-24 19:12:18,466 simple_logger.py log_once [line:14] INFO Current_time:56
2026-09-24 19:12:19,927 simple_logger.py log_once [line:28] INFO test_accuracy                 0.1010
2026-09-24 19:12:19,927 simple_logger.py log_once [line:28] INFO test_loss                     4.8934
2026-09-24 19:12:19,927 simple_logger.py log_once [line:28] INFO val_accuracy                  0.1020
2026-09-24 19:12:19,927 simple_logger.py log_once [line:28] INFO mean_val_accuracy             0.1016
2026-09-24 19:12:19,927 simple_logger.py log_once [line:28] INFO std_val_accuracy              0.2730
2026-09-24 19:12:19,927 simple_logger.py log_once [line:28] INFO val_loss                      4.9094
2026-09-24 19:12:19,927 simple_logger.py log_once [line:28] INFO mean_val_loss                 4.9046
2026-09-24 19:12:19,927 simple_logger.py log_once [line:28] INFO std_val_loss                  2.2123
2026-09-24 19:12:19,927 fedbase.py run [line:316] INFO Eval Time Cost:               1.4613s
2026-09-24 19:12:19,936 asyncbase.py iterate [line:68] INFO Select clients [np.int64(17)] at time 57.
2026-09-24 19:12:20,253 asyncbase.py iterate [line:73] INFO Receive new models from clients [16, 6] at time 57
2026-09-24 19:12:20,303 fedbase.py run [line:311] INFO --------------Round 53--------------
2026-09-24 19:12:20,303 simple_logger.py log_once [line:14] INFO Current_time:57
2026-09-24 19:12:21,787 simple_logger.py log_once [line:28] INFO test_accuracy                 0.1010
2026-09-24 19:12:21,787 simple_logger.py log_once [line:28] INFO test_loss                     5.0022
2026-09-24 19:12:21,787 simple_logger.py log_once [line:28] INFO val_accuracy                  0.1020
2026-09-24 19:12:21,787 simple_logger.py log_once [line:28] INFO mean_val_accuracy             0.1016
2026-09-24 19:12:21,788 simple_logger.py log_once [line:28] INFO std_val_accuracy              0.2730
2026-09-24 19:12:21,788 simple_logger.py log_once [line:28] INFO val_loss                      5.0055
2026-09-24 19:12:21,788 simple_logger.py log_once [line:28] INFO mean_val_loss                 4.9998
2026-09-24 19:12:21,788 simple_logger.py log_once [line:28] INFO std_val_loss                  2.0616
2026-09-24 19:12:21,788 fedbase.py run [line:316] INFO Eval Time Cost:               1.4847s
2026-09-24 19:12:21,800 asyncbase.py iterate [line:68] INFO Select clients [np.int64(19), np.int64(9)] at time 58.
2026-09-24 19:12:22,449 asyncbase.py iterate [line:73] INFO Receive new models from clients [8, 17] at time 58
2026-09-24 19:12:22,498 fedbase.py run [line:311] INFO --------------Round 54--------------
2026-09-24 19:12:22,498 simple_logger.py log_once [line:14] INFO Current_time:58
2026-09-24 19:12:23,960 simple_logger.py log_once [line:28] INFO test_accuracy                 0.0980
2026-09-24 19:12:23,960 simple_logger.py log_once [line:28] INFO test_loss                     5.4431
2026-09-24 19:12:23,960 simple_logger.py log_once [line:28] INFO val_accuracy                  0.0990
2026-09-24 19:12:23,960 simple_logger.py log_once [line:28] INFO mean_val_accuracy             0.1000
2026-09-24 19:12:23,960 simple_logger.py log_once [line:28] INFO std_val_accuracy              0.2627
2026-09-24 19:12:23,960 simple_logger.py log_once [line:28] INFO val_loss                      5.4335
2026-09-24 19:12:23,960 simple_logger.py log_once [line:28] INFO mean_val_loss                 5.4252
2026-09-24 19:12:23,960 simple_logger.py log_once [line:28] INFO std_val_loss                  2.3766
2026-09-24 19:12:23,961 fedbase.py run [line:316] INFO Eval Time Cost:               1.4624s
2026-09-24 19:12:23,969 asyncbase.py iterate [line:68] INFO Select clients [np.int64(6)] at time 59.
2026-09-24 19:12:24,280 asyncbase.py iterate [line:73] INFO Receive new models from clients [7, 14] at time 59
2026-09-24 19:12:24,328 fedbase.py run [line:311] INFO --------------Round 55--------------
2026-09-24 19:12:24,329 simple_logger.py log_once [line:14] INFO Current_time:59
2026-09-24 19:12:25,806 simple_logger.py log_once [line:28] INFO test_accuracy                 0.0980
2026-09-24 19:12:25,806 simple_logger.py log_once [line:28] INFO test_loss                     5.5173
2026-09-24 19:12:25,806 simple_logger.py log_once [line:28] INFO val_accuracy                  0.0990
2026-09-24 19:12:25,806 simple_logger.py log_once [line:28] INFO mean_val_accuracy             0.1000
2026-09-24 19:12:25,806 simple_logger.py log_once [line:28] INFO std_val_accuracy              0.2627
2026-09-24 19:12:25,806 simple_logger.py log_once [line:28] INFO val_loss                      5.4939
2026-09-24 19:12:25,806 simple_logger.py log_once [line:28] INFO mean_val_loss                 5.4860
2026-09-24 19:12:25,806 simple_logger.py log_once [line:28] INFO std_val_loss                  2.9143
2026-09-24 19:12:25,806 fedbase.py run [line:316] INFO Eval Time Cost:               1.4775s
2026-09-24 19:12:25,816 asyncbase.py iterate [line:68] INFO Select clients [np.int64(10), np.int64(11), np.int64(17)] at time 60.
2026-09-24 19:12:26,739 asyncbase.py iterate [line:73] INFO Receive new models from clients [11] at time 60
2026-09-24 19:12:26,762 fedbase.py run [line:311] INFO --------------Round 56--------------
2026-09-24 19:12:26,762 simple_logger.py log_once [line:14] INFO Current_time:60
2026-09-24 19:12:28,238 simple_logger.py log_once [line:28] INFO test_accuracy                 0.0980
2026-09-24 19:12:28,238 simple_logger.py log_once [line:28] INFO test_loss                     5.3149
2026-09-24 19:12:28,238 simple_logger.py log_once [line:28] INFO val_accuracy                  0.0990
2026-09-24 19:12:28,238 simple_logger.py log_once [line:28] INFO mean_val_accuracy             0.1000
2026-09-24 19:12:28,238 simple_logger.py log_once [line:28] INFO std_val_accuracy              0.2627
2026-09-24 19:12:28,238 simple_logger.py log_once [line:28] INFO val_loss                      5.3124
2026-09-24 19:12:28,238 simple_logger.py log_once [line:28] INFO mean_val_loss                 5.3006
2026-09-24 19:12:28,238 simple_logger.py log_once [line:28] INFO std_val_loss                  2.7249
2026-09-24 19:12:28,238 fedbase.py run [line:316] INFO Eval Time Cost:               1.4760s
2026-09-24 19:12:28,247 asyncbase.py iterate [line:73] INFO Receive new models from clients [9, 10, 19] at time 61
2026-09-24 19:12:28,305 fedbase.py run [line:311] INFO --------------Round 57--------------
2026-09-24 19:12:28,305 simple_logger.py log_once [line:14] INFO Current_time:61
2026-09-24 19:12:29,773 simple_logger.py log_once [line:28] INFO test_accuracy                 0.1032
2026-09-24 19:12:29,773 simple_logger.py log_once [line:28] INFO test_loss                     3.7440
2026-09-24 19:12:29,773 simple_logger.py log_once [line:28] INFO val_accuracy                  0.0983
2026-09-24 19:12:29,773 simple_logger.py log_once [line:28] INFO mean_val_accuracy             0.0993
2026-09-24 19:12:29,773 simple_logger.py log_once [line:28] INFO std_val_accuracy              0.2871
2026-09-24 19:12:29,773 simple_logger.py log_once [line:28] INFO val_loss                      3.7451
2026-09-24 19:12:29,773 simple_logger.py log_once [line:28] INFO mean_val_loss                 3.7350
2026-09-24 19:12:29,773 simple_logger.py log_once [line:28] INFO std_val_loss                  2.0317
2026-09-24 19:12:29,773 fedbase.py run [line:316] INFO Eval Time Cost:               1.4682s
2026-09-24 19:12:29,782 asyncbase.py iterate [line:68] INFO Select clients [np.int64(8), np.int64(0), np.int64(15), np.int64(11)] at time 62.
2026-09-24 19:12:31,018 asyncbase.py iterate [line:73] INFO Receive new models from clients [6, 15] at time 62
2026-09-24 19:12:31,066 fedbase.py run [line:311] INFO --------------Round 58--------------
2026-09-24 19:12:31,066 simple_logger.py log_once [line:14] INFO Current_time:62
2026-09-24 19:12:32,539 simple_logger.py log_once [line:28] INFO test_accuracy                 0.0974
2026-09-24 19:12:32,540 simple_logger.py log_once [line:28] INFO test_loss                     4.2922
2026-09-24 19:12:32,540 simple_logger.py log_once [line:28] INFO val_accuracy                  0.0972
2026-09-24 19:12:32,540 simple_logger.py log_once [line:28] INFO mean_val_accuracy             0.0962
2026-09-24 19:12:32,540 simple_logger.py log_once [line:28] INFO std_val_accuracy              0.2801
2026-09-24 19:12:32,540 simple_logger.py log_once [line:28] INFO val_loss                      4.2836
2026-09-24 19:12:32,540 simple_logger.py log_once [line:28] INFO mean_val_loss                 4.2800
2026-09-24 19:12:32,540 simple_logger.py log_once [line:28] INFO std_val_loss                  2.2900
2026-09-24 19:12:32,540 fedbase.py run [line:316] INFO Eval Time Cost:               1.4734s
2026-09-24 19:12:32,549 asyncbase.py iterate [line:68] INFO Select clients [np.int64(2), np.int64(4)] at time 63.
2026-09-24 19:12:33,161 asyncbase.py iterate [line:73] INFO Receive new models from clients [0, 17] at time 63
2026-09-24 19:12:33,209 fedbase.py run [line:311] INFO --------------Round 59--------------
2026-09-24 19:12:33,209 simple_logger.py log_once [line:14] INFO Current_time:63
2026-09-24 19:12:34,694 simple_logger.py log_once [line:28] INFO test_accuracy                 0.0974
2026-09-24 19:12:34,694 simple_logger.py log_once [line:28] INFO test_loss                     4.3516
2026-09-24 19:12:34,694 simple_logger.py log_once [line:28] INFO val_accuracy                  0.0972
2026-09-24 19:12:34,694 simple_logger.py log_once [line:28] INFO mean_val_accuracy             0.0962
2026-09-24 19:12:34,694 simple_logger.py log_once [line:28] INFO std_val_accuracy              0.2801
2026-09-24 19:12:34,694 simple_logger.py log_once [line:28] INFO val_loss                      4.3520
2026-09-24 19:12:34,694 simple_logger.py log_once [line:28] INFO mean_val_loss                 4.3495
2026-09-24 19:12:34,694 simple_logger.py log_once [line:28] INFO std_val_loss                  2.4369
2026-09-24 19:12:34,694 fedbase.py run [line:316] INFO Eval Time Cost:               1.4850s
2026-09-24 19:12:34,704 asyncbase.py iterate [line:68] INFO Select clients [np.int64(0), np.int64(1)] at time 64.
2026-09-24 19:12:35,338 asyncbase.py iterate [line:73] INFO Receive new models from clients [8, 0] at time 64
2026-09-24 19:12:35,390 fedbase.py run [line:311] INFO --------------Round 60--------------
2026-09-24 19:12:35,390 simple_logger.py log_once [line:14] INFO Current_time:64
2026-09-24 19:12:36,916 simple_logger.py log_once [line:28] INFO test_accuracy                 0.1032
2026-09-24 19:12:36,916 simple_logger.py log_once [line:28] INFO test_loss                     3.9855
2026-09-24 19:12:36,916 simple_logger.py log_once [line:28] INFO val_accuracy                  0.0983
2026-09-24 19:12:36,916 simple_logger.py log_once [line:28] INFO mean_val_accuracy             0.0993
2026-09-24 19:12:36,916 simple_logger.py log_once [line:28] INFO std_val_accuracy              0.2871
2026-09-24 19:12:36,916 simple_logger.py log_once [line:28] INFO val_loss                      3.9937
2026-09-24 19:12:36,916 simple_logger.py log_once [line:28] INFO mean_val_loss                 3.9894
2026-09-24 19:12:36,916 simple_logger.py log_once [line:28] INFO std_val_loss                  2.0967
2026-09-24 19:12:36,916 fedbase.py run [line:316] INFO Eval Time Cost:               1.5259s
2026-09-24 19:12:36,925 asyncbase.py iterate [line:68] INFO Select clients [np.int64(3), np.int64(12)] at time 65.
2026-09-24 19:12:37,545 asyncbase.py iterate [line:73] INFO Receive new models from clients [11] at time 65
2026-09-24 19:12:37,570 fedbase.py run [line:311] INFO --------------Round 61--------------
2026-09-24 19:12:37,570 simple_logger.py log_once [line:14] INFO Current_time:65
2026-09-24 19:12:39,061 simple_logger.py log_once [line:28] INFO test_accuracy                 0.1032
2026-09-24 19:12:39,061 simple_logger.py log_once [line:28] INFO test_loss                     3.3752
2026-09-24 19:12:39,061 simple_logger.py log_once [line:28] INFO val_accuracy                  0.0983
2026-09-24 19:12:39,061 simple_logger.py log_once [line:28] INFO mean_val_accuracy             0.0993
2026-09-24 19:12:39,061 simple_logger.py log_once [line:28] INFO std_val_accuracy              0.2871
2026-09-24 19:12:39,061 simple_logger.py log_once [line:28] INFO val_loss                      3.3772
2026-09-24 19:12:39,061 simple_logger.py log_once [line:28] INFO mean_val_loss                 3.3720
2026-09-24 19:12:39,061 simple_logger.py log_once [line:28] INFO std_val_loss                  1.9013
2026-09-24 19:12:39,061 fedbase.py run [line:316] INFO Eval Time Cost:               1.4915s
2026-09-24 19:12:39,070 asyncbase.py iterate [line:68] INFO Select clients [np.int64(8)] at time 66.
2026-09-24 19:12:39,374 asyncbase.py iterate [line:73] INFO Receive new models from clients [2, 4, 12] at time 66
2026-09-24 19:12:39,432 fedbase.py run [line:311] INFO --------------Round 62--------------
2026-09-24 19:12:39,432 simple_logger.py log_once [line:14] INFO Current_time:66
2026-09-24 19:12:40,910 simple_logger.py log_once [line:28] INFO test_accuracy                 0.0980
2026-09-24 19:12:40,910 simple_logger.py log_once [line:28] INFO test_loss                     3.2551
2026-09-24 19:12:40,910 simple_logger.py log_once [line:28] INFO val_accuracy                  0.0990
2026-09-24 19:12:40,910 simple_logger.py log_once [line:28] INFO mean_val_accuracy             0.1000
2026-09-24 19:12:40,910 simple_logger.py log_once [line:28] INFO std_val_accuracy              0.2627
2026-09-24 19:12:40,910 simple_logger.py log_once [line:28] INFO val_loss                      3.2521
2026-09-24 19:12:40,910 simple_logger.py log_once [line:28] INFO mean_val_loss                 3.2478
2026-09-24 19:12:40,910 simple_logger.py log_once [line:28] INFO std_val_loss                  1.8323
2026-09-24 19:12:40,910 fedbase.py run [line:316] INFO Eval Time Cost:               1.4779s
2026-09-24 19:12:40,919 asyncbase.py iterate [line:68] INFO Select clients [np.int64(10), np.int64(14), np.int64(7)] at time 67.
2026-09-24 19:12:41,844 asyncbase.py iterate [line:73] INFO Receive new models from clients [8, 1] at time 67
2026-09-24 19:12:41,893 fedbase.py run [line:311] INFO --------------Round 63--------------
2026-09-24 19:12:41,893 simple_logger.py log_once [line:14] INFO Current_time:67
2026-09-24 19:12:43,364 simple_logger.py log_once [line:28] INFO test_accuracy                 0.0980
2026-09-24 19:12:43,364 simple_logger.py log_once [line:28] INFO test_loss                     4.6812
2026-09-24 19:12:43,364 simple_logger.py log_once [line:28] INFO val_accuracy                  0.0990
2026-09-24 19:12:43,364 simple_logger.py log_once [line:28] INFO mean_val_accuracy             0.1000
2026-09-24 19:12:43,364 simple_logger.py log_once [line:28] INFO std_val_accuracy              0.2627
2026-09-24 19:12:43,364 simple_logger.py log_once [line:28] INFO val_loss                      4.6667
2026-09-24 19:12:43,364 simple_logger.py log_once [line:28] INFO mean_val_loss                 4.6608
2026-09-24 19:12:43,364 simple_logger.py log_once [line:28] INFO std_val_loss                  2.3689
2026-09-24 19:12:43,364 fedbase.py run [line:316] INFO Eval Time Cost:               1.4707s
2026-09-24 19:12:43,373 asyncbase.py iterate [line:68] INFO Select clients [np.int64(6), np.int64(2)] at time 68.
2026-09-24 19:12:43,985 asyncbase.py iterate [line:73] INFO Receive new models from clients [3] at time 68
2026-09-24 19:12:44,009 fedbase.py run [line:311] INFO --------------Round 64--------------
2026-09-24 19:12:44,010 simple_logger.py log_once [line:14] INFO Current_time:68
2026-09-24 19:12:45,479 simple_logger.py log_once [line:28] INFO test_accuracy                 0.1009
2026-09-24 19:12:45,479 simple_logger.py log_once [line:28] INFO test_loss                     5.6807
2026-09-24 19:12:45,479 simple_logger.py log_once [line:28] INFO val_accuracy                  0.0999
2026-09-24 19:12:45,479 simple_logger.py log_once [line:28] INFO mean_val_accuracy             0.0994
2026-09-24 19:12:45,479 simple_logger.py log_once [line:28] INFO std_val_accuracy              0.2889
2026-09-24 19:12:45,479 simple_logger.py log_once [line:28] INFO val_loss                      5.6678
2026-09-24 19:12:45,479 simple_logger.py log_once [line:28] INFO mean_val_loss                 5.6697
2026-09-24 19:12:45,479 simple_logger.py log_once [line:28] INFO std_val_loss                  2.8041
2026-09-24 19:12:45,479 fedbase.py run [line:316] INFO Eval Time Cost:               1.4695s
2026-09-24 19:12:45,488 asyncbase.py iterate [line:68] INFO Select clients [np.int64(8)] at time 69.
2026-09-24 19:12:45,790 asyncbase.py iterate [line:73] INFO Receive new models from clients [7] at time 69
2026-09-24 19:12:45,814 fedbase.py run [line:311] INFO --------------Round 65--------------
2026-09-24 19:12:45,814 simple_logger.py log_once [line:14] INFO Current_time:69
2026-09-24 19:12:47,278 simple_logger.py log_once [line:28] INFO test_accuracy                 0.1009
2026-09-24 19:12:47,278 simple_logger.py log_once [line:28] INFO test_loss                     6.2064
2026-09-24 19:12:47,279 simple_logger.py log_once [line:28] INFO val_accuracy                  0.0999
2026-09-24 19:12:47,279 simple_logger.py log_once [line:28] INFO mean_val_accuracy             0.0994
2026-09-24 19:12:47,279 simple_logger.py log_once [line:28] INFO std_val_accuracy              0.2889
2026-09-24 19:12:47,279 simple_logger.py log_once [line:28] INFO val_loss                      6.1891
2026-09-24 19:12:47,279 simple_logger.py log_once [line:28] INFO mean_val_loss                 6.1919
2026-09-24 19:12:47,279 simple_logger.py log_once [line:28] INFO std_val_loss                  3.0440
2026-09-24 19:12:47,279 fedbase.py run [line:316] INFO Eval Time Cost:               1.4647s
2026-09-24 19:12:47,288 asyncbase.py iterate [line:68] INFO Select clients [np.int64(15)] at time 70.
2026-09-24 19:12:47,601 asyncbase.py iterate [line:73] INFO Receive new models from clients [10, 14] at time 70
2026-09-24 19:12:47,649 fedbase.py run [line:311] INFO --------------Round 66--------------
2026-09-24 19:12:47,649 simple_logger.py log_once [line:14] INFO Current_time:70
2026-09-24 19:12:49,117 simple_logger.py log_once [line:28] INFO test_accuracy                 0.1009
2026-09-24 19:12:49,117 simple_logger.py log_once [line:28] INFO test_loss                     6.0438
2026-09-24 19:12:49,117 simple_logger.py log_once [line:28] INFO val_accuracy                  0.0999
2026-09-24 19:12:49,117 simple_logger.py log_once [line:28] INFO mean_val_accuracy             0.0994
2026-09-24 19:12:49,117 simple_logger.py log_once [line:28] INFO std_val_accuracy              0.2889
2026-09-24 19:12:49,117 simple_logger.py log_once [line:28] INFO val_loss                      6.0182
2026-09-24 19:12:49,117 simple_logger.py log_once [line:28] INFO mean_val_loss                 6.0253
2026-09-24 19:12:49,117 simple_logger.py log_once [line:28] INFO std_val_loss                  3.1496
2026-09-24 19:12:49,117 fedbase.py run [line:316] INFO Eval Time Cost:               1.4679s
2026-09-24 19:12:49,126 asyncbase.py iterate [line:68] INFO Select clients [np.int64(3), np.int64(17)] at time 71.
2026-09-24 19:12:49,740 asyncbase.py iterate [line:73] INFO Receive new models from clients [15, 2, 6] at time 71
2026-09-24 19:12:49,798 fedbase.py run [line:311] INFO --------------Round 67--------------
2026-09-24 19:12:49,798 simple_logger.py log_once [line:14] INFO Current_time:71
2026-09-24 19:12:51,265 simple_logger.py log_once [line:28] INFO test_accuracy                 0.1009
2026-09-24 19:12:51,265 simple_logger.py log_once [line:28] INFO test_loss                     5.3123
2026-09-24 19:12:51,265 simple_logger.py log_once [line:28] INFO val_accuracy                  0.0999
2026-09-24 19:12:51,265 simple_logger.py log_once [line:28] INFO mean_val_accuracy             0.0994
2026-09-24 19:12:51,265 simple_logger.py log_once [line:28] INFO std_val_accuracy              0.2889
2026-09-24 19:12:51,265 simple_logger.py log_once [line:28] INFO val_loss                      5.2795
2026-09-24 19:12:51,265 simple_logger.py log_once [line:28] INFO mean_val_loss                 5.2915
2026-09-24 19:12:51,265 simple_logger.py log_once [line:28] INFO std_val_loss                  3.2488
2026-09-24 19:12:51,265 fedbase.py run [line:316] INFO Eval Time Cost:               1.4673s
2026-09-24 19:12:51,274 asyncbase.py iterate [line:68] INFO Select clients [np.int64(6), np.int64(10)] at time 72.
2026-09-24 19:12:51,890 asyncbase.py iterate [line:73] INFO Receive new models from clients [17, 8, 3] at time 72
2026-09-24 19:12:51,951 fedbase.py run [line:311] INFO --------------Round 68--------------
2026-09-24 19:12:51,951 simple_logger.py log_once [line:14] INFO Current_time:72
2026-09-24 19:12:53,430 simple_logger.py log_once [line:28] INFO test_accuracy                 0.0974
2026-09-24 19:12:53,430 simple_logger.py log_once [line:28] INFO test_loss                     4.4916
2026-09-24 19:12:53,430 simple_logger.py log_once [line:28] INFO val_accuracy                  0.0972
2026-09-24 19:12:53,430 simple_logger.py log_once [line:28] INFO mean_val_accuracy             0.0962
2026-09-24 19:12:53,430 simple_logger.py log_once [line:28] INFO std_val_accuracy              0.2801
2026-09-24 19:12:53,430 simple_logger.py log_once [line:28] INFO val_loss                      4.4562
2026-09-24 19:12:53,430 simple_logger.py log_once [line:28] INFO mean_val_loss                 4.4673
2026-09-24 19:12:53,430 simple_logger.py log_once [line:28] INFO std_val_loss                  2.6824
2026-09-24 19:12:53,430 fedbase.py run [line:316] INFO Eval Time Cost:               1.4791s
2026-09-24 19:12:53,438 asyncbase.py iterate [line:68] INFO Select clients [np.int64(19), np.int64(15), np.int64(3)] at time 73.
2026-09-24 19:12:54,402 asyncbase.py iterate [line:73] INFO Receive new models from clients [10, 19] at time 73
2026-09-24 19:12:54,453 fedbase.py run [line:311] INFO --------------Round 69--------------
2026-09-24 19:12:54,453 simple_logger.py log_once [line:14] INFO Current_time:73
2026-09-24 19:12:55,924 simple_logger.py log_once [line:28] INFO test_accuracy                 0.1028
2026-09-24 19:12:55,924 simple_logger.py log_once [line:28] INFO test_loss                     4.1129
2026-09-24 19:12:55,924 simple_logger.py log_once [line:28] INFO val_accuracy                  0.1043
2026-09-24 19:12:55,924 simple_logger.py log_once [line:28] INFO mean_val_accuracy             0.1043
2026-09-24 19:12:55,924 simple_logger.py log_once [line:28] INFO std_val_accuracy              0.2848
2026-09-24 19:12:55,924 simple_logger.py log_once [line:28] INFO val_loss                      4.0666
2026-09-24 19:12:55,924 simple_logger.py log_once [line:28] INFO mean_val_loss                 4.0751
2026-09-24 19:12:55,924 simple_logger.py log_once [line:28] INFO std_val_loss                  2.6412
2026-09-24 19:12:55,925 fedbase.py run [line:316] INFO Eval Time Cost:               1.4719s
2026-09-24 19:12:55,934 asyncbase.py iterate [line:68] INFO Select clients [np.int64(18), np.int64(10)] at time 74.
2026-09-24 19:12:56,552 asyncbase.py iterate [line:73] INFO Receive new models from clients [15, 6, 18] at time 74
2026-09-24 19:12:56,610 fedbase.py run [line:311] INFO --------------Round 70--------------
2026-09-24 19:12:56,610 simple_logger.py log_once [line:14] INFO Current_time:74
2026-09-24 19:12:58,100 simple_logger.py log_once [line:28] INFO test_accuracy                 0.1028
2026-09-24 19:12:58,100 simple_logger.py log_once [line:28] INFO test_loss                     5.4498
2026-09-24 19:12:58,100 simple_logger.py log_once [line:28] INFO val_accuracy                  0.1043
2026-09-24 19:12:58,100 simple_logger.py log_once [line:28] INFO mean_val_accuracy             0.1043
2026-09-24 19:12:58,100 simple_logger.py log_once [line:28] INFO std_val_accuracy              0.2848
2026-09-24 19:12:58,100 simple_logger.py log_once [line:28] INFO val_loss                      5.3943
2026-09-24 19:12:58,100 simple_logger.py log_once [line:28] INFO mean_val_loss                 5.4025
2026-09-24 19:12:58,100 simple_logger.py log_once [line:28] INFO std_val_loss                  3.1884
2026-09-24 19:12:58,100 fedbase.py run [line:316] INFO Eval Time Cost:               1.4898s
2026-09-24 19:12:58,111 asyncbase.py iterate [line:68] INFO Select clients [np.int64(13), np.int64(19), np.int64(4), np.int64(2)] at time 75.
2026-09-24 19:12:59,357 asyncbase.py iterate [line:73] INFO Receive new models from clients [3] at time 75
2026-09-24 19:12:59,382 fedbase.py run [line:311] INFO --------------Round 71--------------
2026-09-24 19:12:59,382 simple_logger.py log_once [line:14] INFO Current_time:75
2026-09-24 19:13:00,857 simple_logger.py log_once [line:28] INFO test_accuracy                 0.1028
2026-09-24 19:13:00,857 simple_logger.py log_once [line:28] INFO test_loss                     4.6559
2026-09-24 19:13:00,857 simple_logger.py log_once [line:28] INFO val_accuracy                  0.1043
2026-09-24 19:13:00,857 simple_logger.py log_once [line:28] INFO mean_val_accuracy             0.1043
2026-09-24 19:13:00,857 simple_logger.py log_once [line:28] INFO std_val_accuracy              0.2848
2026-09-24 19:13:00,857 simple_logger.py log_once [line:28] INFO val_loss                      4.6130
2026-09-24 19:13:00,857 simple_logger.py log_once [line:28] INFO mean_val_loss                 4.6248
2026-09-24 19:13:00,857 simple_logger.py log_once [line:28] INFO std_val_loss                  3.0365
2026-09-24 19:13:00,857 fedbase.py run [line:316] INFO Eval Time Cost:               1.4755s
2026-09-24 19:13:00,868 asyncbase.py iterate [line:73] INFO Receive new models from clients [10] at time 76
2026-09-24 19:13:00,895 fedbase.py run [line:311] INFO --------------Round 72--------------
2026-09-24 19:13:00,895 simple_logger.py log_once [line:14] INFO Current_time:76
2026-09-24 19:13:02,358 simple_logger.py log_once [line:28] INFO test_accuracy                 0.0892
2026-09-24 19:13:02,358 simple_logger.py log_once [line:28] INFO test_loss                     4.9207
2026-09-24 19:13:02,358 simple_logger.py log_once [line:28] INFO val_accuracy                  0.0907
2026-09-24 19:13:02,358 simple_logger.py log_once [line:28] INFO mean_val_accuracy             0.0904
2026-09-24 19:13:02,358 simple_logger.py log_once [line:28] INFO std_val_accuracy              0.2536
2026-09-24 19:13:02,358 simple_logger.py log_once [line:28] INFO val_loss                      4.8746
2026-09-24 19:13:02,358 simple_logger.py log_once [line:28] INFO mean_val_loss                 4.8857
2026-09-24 19:13:02,358 simple_logger.py log_once [line:28] INFO std_val_loss                  3.0148
2026-09-24 19:13:02,358 fedbase.py run [line:316] INFO Eval Time Cost:               1.4626s
2026-09-24 19:13:02,375 asyncbase.py iterate [line:68] INFO Select clients [np.int64(18)] at time 78.
2026-09-24 19:13:02,684 asyncbase.py iterate [line:73] INFO Receive new models from clients [19, 2, 13, 4] at time 78
2026-09-24 19:13:02,752 fedbase.py run [line:311] INFO --------------Round 73--------------
2026-09-24 19:13:02,752 simple_logger.py log_once [line:14] INFO Current_time:78
2026-09-24 19:13:04,256 simple_logger.py log_once [line:28] INFO test_accuracy                 0.1135
2026-09-24 19:13:04,257 simple_logger.py log_once [line:28] INFO test_loss                     4.7029
2026-09-24 19:13:04,257 simple_logger.py log_once [line:28] INFO val_accuracy                  0.1119
2026-09-24 19:13:04,257 simple_logger.py log_once [line:28] INFO mean_val_accuracy             0.1111
2026-09-24 19:13:04,257 simple_logger.py log_once [line:28] INFO std_val_accuracy              0.2974
2026-09-24 19:13:04,257 simple_logger.py log_once [line:28] INFO val_loss                      4.6659
2026-09-24 19:13:04,257 simple_logger.py log_once [line:28] INFO mean_val_loss                 4.6777
2026-09-24 19:13:04,257 simple_logger.py log_once [line:28] INFO std_val_loss                  2.8151
2026-09-24 19:13:04,257 fedbase.py run [line:316] INFO Eval Time Cost:               1.5048s
2026-09-24 19:13:04,266 asyncbase.py iterate [line:68] INFO Select clients [np.int64(7), np.int64(2), np.int64(13), np.int64(6), np.int64(4)] at time 79.
2026-09-24 19:13:05,915 asyncbase.py iterate [line:73] INFO Receive new models from clients [6] at time 79
2026-09-24 19:13:05,941 fedbase.py run [line:311] INFO --------------Round 74--------------
2026-09-24 19:13:05,941 simple_logger.py log_once [line:14] INFO Current_time:79
2026-09-24 19:13:07,417 simple_logger.py log_once [line:28] INFO test_accuracy                 0.0958
2026-09-24 19:13:07,417 simple_logger.py log_once [line:28] INFO test_loss                     6.2067
2026-09-24 19:13:07,417 simple_logger.py log_once [line:28] INFO val_accuracy                  0.0981
2026-09-24 19:13:07,417 simple_logger.py log_once [line:28] INFO mean_val_accuracy             0.0983
2026-09-24 19:13:07,417 simple_logger.py log_once [line:28] INFO std_val_accuracy              0.2826
2026-09-24 19:13:07,417 simple_logger.py log_once [line:28] INFO val_loss                      6.1532
2026-09-24 19:13:07,418 simple_logger.py log_once [line:28] INFO mean_val_loss                 6.1615
2026-09-24 19:13:07,418 simple_logger.py log_once [line:28] INFO std_val_loss                  3.2415
2026-09-24 19:13:07,418 fedbase.py run [line:316] INFO Eval Time Cost:               1.4763s
2026-09-24 19:13:07,428 asyncbase.py iterate [line:68] INFO Select clients [np.int64(12)] at time 80.
2026-09-24 19:13:07,735 asyncbase.py iterate [line:73] INFO Receive new models from clients [7, 12, 2] at time 80
2026-09-24 19:13:07,795 fedbase.py run [line:311] INFO --------------Round 75--------------
2026-09-24 19:13:07,795 simple_logger.py log_once [line:14] INFO Current_time:80
2026-09-24 19:13:09,280 simple_logger.py log_once [line:28] INFO test_accuracy                 0.0958
2026-09-24 19:13:09,280 simple_logger.py log_once [line:28] INFO test_loss                     6.2338
2026-09-24 19:13:09,281 simple_logger.py log_once [line:28] INFO val_accuracy                  0.0981
2026-09-24 19:13:09,281 simple_logger.py log_once [line:28] INFO mean_val_accuracy             0.0983
2026-09-24 19:13:09,281 simple_logger.py log_once [line:28] INFO std_val_accuracy              0.2826
2026-09-24 19:13:09,281 simple_logger.py log_once [line:28] INFO val_loss                      6.1759
2026-09-24 19:13:09,281 simple_logger.py log_once [line:28] INFO mean_val_loss                 6.1820
2026-09-24 19:13:09,281 simple_logger.py log_once [line:28] INFO std_val_loss                  3.5648
2026-09-24 19:13:09,281 fedbase.py run [line:316] INFO Eval Time Cost:               1.4861s
2026-09-24 19:13:09,291 asyncbase.py iterate [line:68] INFO Select clients [np.int64(3), np.int64(8)] at time 81.
2026-09-24 19:13:09,900 asyncbase.py iterate [line:73] INFO Receive new models from clients [13, 18] at time 81
2026-09-24 19:13:09,953 fedbase.py run [line:311] INFO --------------Round 76--------------
2026-09-24 19:13:09,953 simple_logger.py log_once [line:14] INFO Current_time:81
2026-09-24 19:13:11,431 simple_logger.py log_once [line:28] INFO test_accuracy                 0.1028
2026-09-24 19:13:11,431 simple_logger.py log_once [line:28] INFO test_loss                     4.7119
2026-09-24 19:13:11,431 simple_logger.py log_once [line:28] INFO val_accuracy                  0.1043
2026-09-24 19:13:11,431 simple_logger.py log_once [line:28] INFO mean_val_accuracy             0.1043
2026-09-24 19:13:11,431 simple_logger.py log_once [line:28] INFO std_val_accuracy              0.2848
2026-09-24 19:13:11,431 simple_logger.py log_once [line:28] INFO val_loss                      4.6592
2026-09-24 19:13:11,431 simple_logger.py log_once [line:28] INFO mean_val_loss                 4.6644
2026-09-24 19:13:11,431 simple_logger.py log_once [line:28] INFO std_val_loss                  3.0418
2026-09-24 19:13:11,431 fedbase.py run [line:316] INFO Eval Time Cost:               1.4787s
2026-09-24 19:13:11,440 asyncbase.py iterate [line:68] INFO Select clients [np.int64(6), np.int64(13), np.int64(18)] at time 82.
2026-09-24 19:13:12,360 asyncbase.py iterate [line:73] INFO Receive new models from clients [4, 18] at time 82
2026-09-24 19:13:12,412 fedbase.py run [line:311] INFO --------------Round 77--------------
2026-09-24 19:13:12,412 simple_logger.py log_once [line:14] INFO Current_time:82
2026-09-24 19:13:13,888 simple_logger.py log_once [line:28] INFO test_accuracy                 0.0982
2026-09-24 19:13:13,888 simple_logger.py log_once [line:28] INFO test_loss                     5.0830
2026-09-24 19:13:13,888 simple_logger.py log_once [line:28] INFO val_accuracy                  0.0989
2026-09-24 19:13:13,888 simple_logger.py log_once [line:28] INFO mean_val_accuracy             0.0993
2026-09-24 19:13:13,888 simple_logger.py log_once [line:28] INFO std_val_accuracy              0.2797
2026-09-24 19:13:13,888 simple_logger.py log_once [line:28] INFO val_loss                      5.0421
2026-09-24 19:13:13,888 simple_logger.py log_once [line:28] INFO mean_val_loss                 5.0492
2026-09-24 19:13:13,888 simple_logger.py log_once [line:28] INFO std_val_loss                  3.2379
2026-09-24 19:13:13,888 fedbase.py run [line:316] INFO Eval Time Cost:               1.4762s
2026-09-24 19:13:13,899 asyncbase.py iterate [line:68] INFO Select clients [np.int64(14), np.int64(5)] at time 83.
2026-09-24 19:13:14,514 asyncbase.py iterate [line:73] INFO Receive new models from clients [8, 5, 3] at time 83
2026-09-24 19:13:14,573 fedbase.py run [line:311] INFO --------------Round 78--------------
2026-09-24 19:13:14,573 simple_logger.py log_once [line:14] INFO Current_time:83
2026-09-24 19:13:16,047 simple_logger.py log_once [line:28] INFO test_accuracy                 0.1135
2026-09-24 19:13:16,047 simple_logger.py log_once [line:28] INFO test_loss                     4.9026
2026-09-24 19:13:16,047 simple_logger.py log_once [line:28] INFO val_accuracy                  0.1119
2026-09-24 19:13:16,047 simple_logger.py log_once [line:28] INFO mean_val_accuracy             0.1111
2026-09-24 19:13:16,047 simple_logger.py log_once [line:28] INFO std_val_accuracy              0.2974
2026-09-24 19:13:16,047 simple_logger.py log_once [line:28] INFO val_loss                      4.8770
2026-09-24 19:13:16,047 simple_logger.py log_once [line:28] INFO mean_val_loss                 4.8855
2026-09-24 19:13:16,047 simple_logger.py log_once [line:28] INFO std_val_loss                  3.0964
2026-09-24 19:13:16,047 fedbase.py run [line:316] INFO Eval Time Cost:               1.4743s
2026-09-24 19:13:16,057 asyncbase.py iterate [line:68] INFO Select clients [np.int64(1), np.int64(5)] at time 84.
2026-09-24 19:13:16,677 asyncbase.py iterate [line:73] INFO Receive new models from clients [6, 13, 14] at time 84
2026-09-24 19:13:16,737 fedbase.py run [line:311] INFO --------------Round 79--------------
2026-09-24 19:13:16,737 simple_logger.py log_once [line:14] INFO Current_time:84
2026-09-24 19:13:18,208 simple_logger.py log_once [line:28] INFO test_accuracy                 0.1135
2026-09-24 19:13:18,208 simple_logger.py log_once [line:28] INFO test_loss                     4.1779
2026-09-24 19:13:18,208 simple_logger.py log_once [line:28] INFO val_accuracy                  0.1119
2026-09-24 19:13:18,208 simple_logger.py log_once [line:28] INFO mean_val_accuracy             0.1111
2026-09-24 19:13:18,209 simple_logger.py log_once [line:28] INFO std_val_accuracy              0.2974
2026-09-24 19:13:18,209 simple_logger.py log_once [line:28] INFO val_loss                      4.1520
2026-09-24 19:13:18,209 simple_logger.py log_once [line:28] INFO mean_val_loss                 4.1630
2026-09-24 19:13:18,209 simple_logger.py log_once [line:28] INFO std_val_loss                  2.7977
2026-09-24 19:13:18,209 fedbase.py run [line:316] INFO Eval Time Cost:               1.4715s
2026-09-24 19:13:18,219 asyncbase.py iterate [line:68] INFO Select clients [np.int64(9), np.int64(8), np.int64(2), np.int64(16)] at time 85.
2026-09-24 19:13:19,483 asyncbase.py iterate [line:73] INFO Receive new models from clients [5, 9] at time 85
2026-09-24 19:13:19,534 fedbase.py run [line:311] INFO --------------Round 80--------------
2026-09-24 19:13:19,535 simple_logger.py log_once [line:14] INFO Current_time:85
2026-09-24 19:13:21,001 simple_logger.py log_once [line:28] INFO test_accuracy                 0.1135
2026-09-24 19:13:21,001 simple_logger.py log_once [line:28] INFO test_loss                     4.1945
2026-09-24 19:13:21,001 simple_logger.py log_once [line:28] INFO val_accuracy                  0.1119
2026-09-24 19:13:21,001 simple_logger.py log_once [line:28] INFO mean_val_accuracy             0.1111
2026-09-24 19:13:21,001 simple_logger.py log_once [line:28] INFO std_val_accuracy              0.2974
2026-09-24 19:13:21,001 simple_logger.py log_once [line:28] INFO val_loss                      4.1849
2026-09-24 19:13:21,001 simple_logger.py log_once [line:28] INFO mean_val_loss                 4.1939
2026-09-24 19:13:21,001 simple_logger.py log_once [line:28] INFO std_val_loss                  2.1364
2026-09-24 19:13:21,001 fedbase.py run [line:316] INFO Eval Time Cost:               1.4665s
2026-09-24 19:13:21,009 asyncbase.py iterate [line:68] INFO Select clients [np.int64(10), np.int64(13)] at time 86.
2026-09-24 19:13:21,637 asyncbase.py iterate [line:73] INFO Receive new models from clients [1] at time 86
2026-09-24 19:13:21,663 fedbase.py run [line:311] INFO --------------Round 81--------------
2026-09-24 19:13:21,663 simple_logger.py log_once [line:14] INFO Current_time:86
2026-09-24 19:13:23,154 simple_logger.py log_once [line:28] INFO test_accuracy                 0.0958
2026-09-24 19:13:23,154 simple_logger.py log_once [line:28] INFO test_loss                     6.1311
2026-09-24 19:13:23,154 simple_logger.py log_once [line:28] INFO val_accuracy                  0.0981
2026-09-24 19:13:23,154 simple_logger.py log_once [line:28] INFO mean_val_accuracy             0.0983
2026-09-24 19:13:23,154 simple_logger.py log_once [line:28] INFO std_val_accuracy              0.2826
2026-09-24 19:13:23,154 simple_logger.py log_once [line:28] INFO val_loss                      6.1004
2026-09-24 19:13:23,154 simple_logger.py log_once [line:28] INFO mean_val_loss                 6.1063
2026-09-24 19:13:23,154 simple_logger.py log_once [line:28] INFO std_val_loss                  2.4336
2026-09-24 19:13:23,154 fedbase.py run [line:316] INFO Eval Time Cost:               1.4912s
2026-09-24 19:13:23,163 asyncbase.py iterate [line:68] INFO Select clients [np.int64(12)] at time 87.
2026-09-24 19:13:23,474 asyncbase.py iterate [line:73] INFO Receive new models from clients [10, 13] at time 87
2026-09-24 19:13:23,525 fedbase.py run [line:311] INFO --------------Round 82--------------
2026-09-24 19:13:23,525 simple_logger.py log_once [line:14] INFO Current_time:87
2026-09-24 19:13:25,015 simple_logger.py log_once [line:28] INFO test_accuracy                 0.0958
2026-09-24 19:13:25,015 simple_logger.py log_once [line:28] INFO test_loss                     7.1627
2026-09-24 19:13:25,015 simple_logger.py log_once [line:28] INFO val_accuracy                  0.0981
2026-09-24 19:13:25,015 simple_logger.py log_once [line:28] INFO mean_val_accuracy             0.0983
2026-09-24 19:13:25,015 simple_logger.py log_once [line:28] INFO std_val_accuracy              0.2826
2026-09-24 19:13:25,015 simple_logger.py log_once [line:28] INFO val_loss                      7.1229
2026-09-24 19:13:25,015 simple_logger.py log_once [line:28] INFO mean_val_loss                 7.1261
2026-09-24 19:13:25,015 simple_logger.py log_once [line:28] INFO std_val_loss                  2.8615
2026-09-24 19:13:25,016 fedbase.py run [line:316] INFO Eval Time Cost:               1.4904s
2026-09-24 19:13:25,025 asyncbase.py iterate [line:68] INFO Select clients [np.int64(15), np.int64(17)] at time 88.
2026-09-24 19:13:25,655 asyncbase.py iterate [line:73] INFO Receive new models from clients [8, 16, 15, 2] at time 88
2026-09-24 19:13:25,726 fedbase.py run [line:311] INFO --------------Round 83--------------
2026-09-24 19:13:25,726 simple_logger.py log_once [line:14] INFO Current_time:88
2026-09-24 19:13:27,206 simple_logger.py log_once [line:28] INFO test_accuracy                 0.0958
2026-09-24 19:13:27,206 simple_logger.py log_once [line:28] INFO test_loss                     8.0829
2026-09-24 19:13:27,206 simple_logger.py log_once [line:28] INFO val_accuracy                  0.0981
2026-09-24 19:13:27,206 simple_logger.py log_once [line:28] INFO mean_val_accuracy             0.0983
2026-09-24 19:13:27,206 simple_logger.py log_once [line:28] INFO std_val_accuracy              0.2826
2026-09-24 19:13:27,206 simple_logger.py log_once [line:28] INFO val_loss                      8.0365
2026-09-24 19:13:27,206 simple_logger.py log_once [line:28] INFO mean_val_loss                 8.0375
2026-09-24 19:13:27,206 simple_logger.py log_once [line:28] INFO std_val_loss                  3.2503
2026-09-24 19:13:27,207 fedbase.py run [line:316] INFO Eval Time Cost:               1.4803s
2026-09-24 19:13:27,216 asyncbase.py iterate [line:68] INFO Select clients [np.int64(7), np.int64(14), np.int64(13)] at time 89.
2026-09-24 19:13:28,153 asyncbase.py iterate [line:73] INFO Receive new models from clients [14, 13] at time 89
2026-09-24 19:13:28,205 fedbase.py run [line:311] INFO --------------Round 84--------------
2026-09-24 19:13:28,205 simple_logger.py log_once [line:14] INFO Current_time:89
2026-09-24 19:13:29,675 simple_logger.py log_once [line:28] INFO test_accuracy                 0.0974
2026-09-24 19:13:29,675 simple_logger.py log_once [line:28] INFO test_loss                     4.4127
2026-09-24 19:13:29,675 simple_logger.py log_once [line:28] INFO val_accuracy                  0.0972
2026-09-24 19:13:29,675 simple_logger.py log_once [line:28] INFO mean_val_accuracy             0.0962
2026-09-24 19:13:29,675 simple_logger.py log_once [line:28] INFO std_val_accuracy              0.2801
2026-09-24 19:13:29,675 simple_logger.py log_once [line:28] INFO val_loss                      4.3808
2026-09-24 19:13:29,675 simple_logger.py log_once [line:28] INFO mean_val_loss                 4.3874
2026-09-24 19:13:29,675 simple_logger.py log_once [line:28] INFO std_val_loss                  2.5231
2026-09-24 19:13:29,675 fedbase.py run [line:316] INFO Eval Time Cost:               1.4699s
2026-09-24 19:13:29,685 asyncbase.py iterate [line:68] INFO Select clients [np.int64(16), np.int64(8), np.int64(9)] at time 90.
2026-09-24 19:13:30,614 asyncbase.py iterate [line:73] INFO Receive new models from clients [12, 17, 16] at time 90
2026-09-24 19:13:30,676 fedbase.py run [line:311] INFO --------------Round 85--------------
2026-09-24 19:13:30,677 simple_logger.py log_once [line:14] INFO Current_time:90
2026-09-24 19:13:32,159 simple_logger.py log_once [line:28] INFO test_accuracy                 0.0892
2026-09-24 19:13:32,159 simple_logger.py log_once [line:28] INFO test_loss                     4.7852
2026-09-24 19:13:32,159 simple_logger.py log_once [line:28] INFO val_accuracy                  0.0907
2026-09-24 19:13:32,159 simple_logger.py log_once [line:28] INFO mean_val_accuracy             0.0904
2026-09-24 19:13:32,159 simple_logger.py log_once [line:28] INFO std_val_accuracy              0.2536
2026-09-24 19:13:32,159 simple_logger.py log_once [line:28] INFO val_loss                      4.7613
2026-09-24 19:13:32,159 simple_logger.py log_once [line:28] INFO mean_val_loss                 4.7643
2026-09-24 19:13:32,159 simple_logger.py log_once [line:28] INFO std_val_loss                  2.5592
2026-09-24 19:13:32,159 fedbase.py run [line:316] INFO Eval Time Cost:               1.4826s
2026-09-24 19:13:32,169 asyncbase.py iterate [line:68] INFO Select clients [np.int64(16), np.int64(18)] at time 91.
2026-09-24 19:13:32,794 asyncbase.py iterate [line:73] INFO Receive new models from clients [7, 9] at time 91
2026-09-24 19:13:32,850 fedbase.py run [line:311] INFO --------------Round 86--------------
2026-09-24 19:13:32,850 simple_logger.py log_once [line:14] INFO Current_time:91
2026-09-24 19:13:34,325 simple_logger.py log_once [line:28] INFO test_accuracy                 0.0892
2026-09-24 19:13:34,325 simple_logger.py log_once [line:28] INFO test_loss                     3.8154
2026-09-24 19:13:34,325 simple_logger.py log_once [line:28] INFO val_accuracy                  0.0907
2026-09-24 19:13:34,325 simple_logger.py log_once [line:28] INFO mean_val_accuracy             0.0904
2026-09-24 19:13:34,325 simple_logger.py log_once [line:28] INFO std_val_accuracy              0.2536
2026-09-24 19:13:34,325 simple_logger.py log_once [line:28] INFO val_loss                      3.8170
2026-09-24 19:13:34,325 simple_logger.py log_once [line:28] INFO mean_val_loss                 3.8155
2026-09-24 19:13:34,325 simple_logger.py log_once [line:28] INFO std_val_loss                  2.5174
2026-09-24 19:13:34,325 fedbase.py run [line:316] INFO Eval Time Cost:               1.4748s
2026-09-24 19:13:34,334 asyncbase.py iterate [line:68] INFO Select clients [np.int64(14), np.int64(9), np.int64(7)] at time 92.
2026-09-24 19:13:35,260 asyncbase.py iterate [line:73] INFO Receive new models from clients [18, 14] at time 92
2026-09-24 19:13:35,312 fedbase.py run [line:311] INFO --------------Round 87--------------
2026-09-24 19:13:35,312 simple_logger.py log_once [line:14] INFO Current_time:92
2026-09-24 19:13:36,852 simple_logger.py log_once [line:28] INFO test_accuracy                 0.0974
2026-09-24 19:13:36,852 simple_logger.py log_once [line:28] INFO test_loss                     3.2497
2026-09-24 19:13:36,852 simple_logger.py log_once [line:28] INFO val_accuracy                  0.0972
2026-09-24 19:13:36,852 simple_logger.py log_once [line:28] INFO mean_val_accuracy             0.0962
2026-09-24 19:13:36,852 simple_logger.py log_once [line:28] INFO std_val_accuracy              0.2801
2026-09-24 19:13:36,852 simple_logger.py log_once [line:28] INFO val_loss                      3.2569
2026-09-24 19:13:36,852 simple_logger.py log_once [line:28] INFO mean_val_loss                 3.2616
2026-09-24 19:13:36,852 simple_logger.py log_once [line:28] INFO std_val_loss                  1.8375
2026-09-24 19:13:36,852 fedbase.py run [line:316] INFO Eval Time Cost:               1.5404s
2026-09-24 19:13:36,863 asyncbase.py iterate [line:68] INFO Select clients [np.int64(12)] at time 93.
2026-09-24 19:13:37,174 asyncbase.py iterate [line:73] INFO Receive new models from clients [9, 8, 16] at time 93
2026-09-24 19:13:37,231 fedbase.py run [line:311] INFO --------------Round 88--------------
2026-09-24 19:13:37,231 simple_logger.py log_once [line:14] INFO Current_time:93
2026-09-24 19:13:38,695 simple_logger.py log_once [line:28] INFO test_accuracy                 0.1009
2026-09-24 19:13:38,695 simple_logger.py log_once [line:28] INFO test_loss                     3.3157
2026-09-24 19:13:38,695 simple_logger.py log_once [line:28] INFO val_accuracy                  0.0999
2026-09-24 19:13:38,695 simple_logger.py log_once [line:28] INFO mean_val_accuracy             0.0994
2026-09-24 19:13:38,695 simple_logger.py log_once [line:28] INFO std_val_accuracy              0.2889
2026-09-24 19:13:38,695 simple_logger.py log_once [line:28] INFO val_loss                      3.3352
2026-09-24 19:13:38,695 simple_logger.py log_once [line:28] INFO mean_val_loss                 3.3362
2026-09-24 19:13:38,695 simple_logger.py log_once [line:28] INFO std_val_loss                  1.8238
2026-09-24 19:13:38,695 fedbase.py run [line:316] INFO Eval Time Cost:               1.4634s
2026-09-24 19:13:38,705 asyncbase.py iterate [line:68] INFO Select clients [np.int64(1), np.int64(18), np.int64(4), np.int64(10)] at time 94.
2026-09-24 19:13:39,953 asyncbase.py iterate [line:73] INFO Receive new models from clients [7, 12] at time 94
2026-09-24 19:13:40,010 fedbase.py run [line:311] INFO --------------Round 89--------------
2026-09-24 19:13:40,010 simple_logger.py log_once [line:14] INFO Current_time:94
2026-09-24 19:13:41,493 simple_logger.py log_once [line:28] INFO test_accuracy                 0.0980
2026-09-24 19:13:41,493 simple_logger.py log_once [line:28] INFO test_loss                     3.6511
2026-09-24 19:13:41,493 simple_logger.py log_once [line:28] INFO val_accuracy                  0.0990
2026-09-24 19:13:41,493 simple_logger.py log_once [line:28] INFO mean_val_accuracy             0.1000
2026-09-24 19:13:41,493 simple_logger.py log_once [line:28] INFO std_val_accuracy              0.2627
2026-09-24 19:13:41,493 simple_logger.py log_once [line:28] INFO val_loss                      3.6664
2026-09-24 19:13:41,493 simple_logger.py log_once [line:28] INFO mean_val_loss                 3.6645
2026-09-24 19:13:41,493 simple_logger.py log_once [line:28] INFO std_val_loss                  2.0698
2026-09-24 19:13:41,493 fedbase.py run [line:316] INFO Eval Time Cost:               1.4830s
2026-09-24 19:13:41,502 asyncbase.py iterate [line:68] INFO Select clients [np.int64(0), np.int64(6)] at time 95.
2026-09-24 19:13:42,108 asyncbase.py iterate [line:73] INFO Receive new models from clients [0] at time 95
2026-09-24 19:13:42,136 fedbase.py run [line:311] INFO --------------Round 90--------------
2026-09-24 19:13:42,136 simple_logger.py log_once [line:14] INFO Current_time:95
2026-09-24 19:13:43,622 simple_logger.py log_once [line:28] INFO test_accuracy                 0.1032
2026-09-24 19:13:43,622 simple_logger.py log_once [line:28] INFO test_loss                     6.0014
2026-09-24 19:13:43,622 simple_logger.py log_once [line:28] INFO val_accuracy                  0.0983
2026-09-24 19:13:43,622 simple_logger.py log_once [line:28] INFO mean_val_accuracy             0.0993
2026-09-24 19:13:43,622 simple_logger.py log_once [line:28] INFO std_val_accuracy              0.2871
2026-09-24 19:13:43,622 simple_logger.py log_once [line:28] INFO val_loss                      6.0469
2026-09-24 19:13:43,622 simple_logger.py log_once [line:28] INFO mean_val_loss                 6.0410
2026-09-24 19:13:43,622 simple_logger.py log_once [line:28] INFO std_val_loss                  2.6430
2026-09-24 19:13:43,622 fedbase.py run [line:316] INFO Eval Time Cost:               1.4858s
2026-09-24 19:13:43,631 asyncbase.py iterate [line:68] INFO Select clients [np.int64(2)] at time 96.
2026-09-24 19:13:43,945 asyncbase.py iterate [line:73] INFO Receive new models from clients [6, 4, 10, 1, 18] at time 96
2026-09-24 19:13:44,024 fedbase.py run [line:311] INFO --------------Round 91--------------
2026-09-24 19:13:44,024 simple_logger.py log_once [line:14] INFO Current_time:96
2026-09-24 19:13:45,492 simple_logger.py log_once [line:28] INFO test_accuracy                 0.1032
2026-09-24 19:13:45,492 simple_logger.py log_once [line:28] INFO test_loss                     4.4156
2026-09-24 19:13:45,492 simple_logger.py log_once [line:28] INFO val_accuracy                  0.0983
2026-09-24 19:13:45,492 simple_logger.py log_once [line:28] INFO mean_val_accuracy             0.0993
2026-09-24 19:13:45,492 simple_logger.py log_once [line:28] INFO std_val_accuracy              0.2871
2026-09-24 19:13:45,492 simple_logger.py log_once [line:28] INFO val_loss                      4.4429
2026-09-24 19:13:45,492 simple_logger.py log_once [line:28] INFO mean_val_loss                 4.4382
2026-09-24 19:13:45,492 simple_logger.py log_once [line:28] INFO std_val_loss                  1.6649
2026-09-24 19:13:45,493 fedbase.py run [line:316] INFO Eval Time Cost:               1.4682s
2026-09-24 19:13:45,501 asyncbase.py iterate [line:68] INFO Select clients [np.int64(14), np.int64(7), np.int64(18), np.int64(11), np.int64(12)] at time 97.
2026-09-24 19:13:47,053 asyncbase.py iterate [line:73] INFO Receive new models from clients [18] at time 97
2026-09-24 19:13:47,082 fedbase.py run [line:311] INFO --------------Round 92--------------
2026-09-24 19:13:47,082 simple_logger.py log_once [line:14] INFO Current_time:97
2026-09-24 19:13:48,559 simple_logger.py log_once [line:28] INFO test_accuracy                 0.1135
2026-09-24 19:13:48,559 simple_logger.py log_once [line:28] INFO test_loss                     6.0639
2026-09-24 19:13:48,559 simple_logger.py log_once [line:28] INFO val_accuracy                  0.1119
2026-09-24 19:13:48,559 simple_logger.py log_once [line:28] INFO mean_val_accuracy             0.1111
2026-09-24 19:13:48,559 simple_logger.py log_once [line:28] INFO std_val_accuracy              0.2974
2026-09-24 19:13:48,559 simple_logger.py log_once [line:28] INFO val_loss                      6.0805
2026-09-24 19:13:48,559 simple_logger.py log_once [line:28] INFO mean_val_loss                 6.0835
2026-09-24 19:13:48,559 simple_logger.py log_once [line:28] INFO std_val_loss                  2.1755
2026-09-24 19:13:48,559 fedbase.py run [line:316] INFO Eval Time Cost:               1.4771s
2026-09-24 19:13:48,568 asyncbase.py iterate [line:68] INFO Select clients [np.int64(13)] at time 98.
2026-09-24 19:13:48,877 asyncbase.py iterate [line:73] INFO Receive new models from clients [7, 13, 12] at time 98
2026-09-24 19:13:48,940 fedbase.py run [line:311] INFO --------------Round 93--------------
2026-09-24 19:13:48,940 simple_logger.py log_once [line:14] INFO Current_time:98
2026-09-24 19:13:50,411 simple_logger.py log_once [line:28] INFO test_accuracy                 0.1135
2026-09-24 19:13:50,411 simple_logger.py log_once [line:28] INFO test_loss                     5.1936
2026-09-24 19:13:50,411 simple_logger.py log_once [line:28] INFO val_accuracy                  0.1119
2026-09-24 19:13:50,411 simple_logger.py log_once [line:28] INFO mean_val_accuracy             0.1111
2026-09-24 19:13:50,411 simple_logger.py log_once [line:28] INFO std_val_accuracy              0.2974
2026-09-24 19:13:50,411 simple_logger.py log_once [line:28] INFO val_loss                      5.1831
2026-09-24 19:13:50,411 simple_logger.py log_once [line:28] INFO mean_val_loss                 5.1877
2026-09-24 19:13:50,411 simple_logger.py log_once [line:28] INFO std_val_loss                  2.3787
2026-09-24 19:13:50,411 fedbase.py run [line:316] INFO Eval Time Cost:               1.4708s
2026-09-24 19:13:50,419 asyncbase.py iterate [line:68] INFO Select clients [np.int64(6), np.int64(9)] at time 99.
2026-09-24 19:13:51,032 asyncbase.py iterate [line:73] INFO Receive new models from clients [11, 2, 14, 6] at time 99
2026-09-24 19:13:51,104 fedbase.py run [line:311] INFO --------------Round 94--------------
2026-09-24 19:13:51,104 simple_logger.py log_once [line:14] INFO Current_time:99
2026-09-24 19:13:52,640 simple_logger.py log_once [line:28] INFO test_accuracy                 0.1135
2026-09-24 19:13:52,640 simple_logger.py log_once [line:28] INFO test_loss                     3.6777
2026-09-24 19:13:52,640 simple_logger.py log_once [line:28] INFO val_accuracy                  0.1119
2026-09-24 19:13:52,640 simple_logger.py log_once [line:28] INFO mean_val_accuracy             0.1111
2026-09-24 19:13:52,640 simple_logger.py log_once [line:28] INFO std_val_accuracy              0.2974
2026-09-24 19:13:52,640 simple_logger.py log_once [line:28] INFO val_loss                      3.6438
2026-09-24 19:13:52,640 simple_logger.py log_once [line:28] INFO mean_val_loss                 3.6502
2026-09-24 19:13:52,640 simple_logger.py log_once [line:28] INFO std_val_loss                  2.4090
2026-09-24 19:13:52,640 fedbase.py run [line:316] INFO Eval Time Cost:               1.5364s
2026-09-24 19:13:52,650 asyncbase.py iterate [line:68] INFO Select clients [np.int64(17), np.int64(19), np.int64(3), np.int64(6), np.int64(2)] at time 100.
2026-09-24 19:13:54,299 asyncbase.py iterate [line:73] INFO Receive new models from clients [6] at time 100
2026-09-24 19:13:54,323 fedbase.py run [line:311] INFO --------------Round 95--------------
2026-09-24 19:13:54,323 simple_logger.py log_once [line:14] INFO Current_time:100
2026-09-24 19:13:55,802 simple_logger.py log_once [line:28] INFO test_accuracy                 0.0958
2026-09-24 19:13:55,802 simple_logger.py log_once [line:28] INFO test_loss                     5.8738
2026-09-24 19:13:55,802 simple_logger.py log_once [line:28] INFO val_accuracy                  0.0981
2026-09-24 19:13:55,802 simple_logger.py log_once [line:28] INFO mean_val_accuracy             0.0983
2026-09-24 19:13:55,802 simple_logger.py log_once [line:28] INFO std_val_accuracy              0.2826
2026-09-24 19:13:55,802 simple_logger.py log_once [line:28] INFO val_loss                      5.8224
2026-09-24 19:13:55,802 simple_logger.py log_once [line:28] INFO mean_val_loss                 5.8272
2026-09-24 19:13:55,802 simple_logger.py log_once [line:28] INFO std_val_loss                  3.0161
2026-09-24 19:13:55,802 fedbase.py run [line:316] INFO Eval Time Cost:               1.4792s
2026-09-24 19:13:55,812 asyncbase.py iterate [line:73] INFO Receive new models from clients [2] at time 101
2026-09-24 19:13:55,838 fedbase.py run [line:311] INFO --------------Round 96--------------
2026-09-24 19:13:55,838 simple_logger.py log_once [line:14] INFO Current_time:101
2026-09-24 19:13:57,357 simple_logger.py log_once [line:28] INFO test_accuracy                 0.1028
2026-09-24 19:13:57,357 simple_logger.py log_once [line:28] INFO test_loss                     7.8397
2026-09-24 19:13:57,357 simple_logger.py log_once [line:28] INFO val_accuracy                  0.1043
2026-09-24 19:13:57,357 simple_logger.py log_once [line:28] INFO mean_val_accuracy             0.1043
2026-09-24 19:13:57,357 simple_logger.py log_once [line:28] INFO std_val_accuracy              0.2848
2026-09-24 19:13:57,357 simple_logger.py log_once [line:28] INFO val_loss                      7.7797
2026-09-24 19:13:57,357 simple_logger.py log_once [line:28] INFO mean_val_loss                 7.7853
2026-09-24 19:13:57,357 simple_logger.py log_once [line:28] INFO std_val_loss                  3.9931
2026-09-24 19:13:57,358 fedbase.py run [line:316] INFO Eval Time Cost:               1.5198s
2026-09-24 19:13:57,368 asyncbase.py iterate [line:68] INFO Select clients [np.int64(10), np.int64(0)] at time 102.
2026-09-24 19:13:57,973 asyncbase.py iterate [line:73] INFO Receive new models from clients [9, 19] at time 102
2026-09-24 19:13:58,025 fedbase.py run [line:311] INFO --------------Round 97--------------
2026-09-24 19:13:58,025 simple_logger.py log_once [line:14] INFO Current_time:102
2026-09-24 19:13:59,495 simple_logger.py log_once [line:28] INFO test_accuracy                 0.1028
2026-09-24 19:13:59,495 simple_logger.py log_once [line:28] INFO test_loss                     9.0036
2026-09-24 19:13:59,495 simple_logger.py log_once [line:28] INFO val_accuracy                  0.1043
2026-09-24 19:13:59,495 simple_logger.py log_once [line:28] INFO mean_val_accuracy             0.1043
2026-09-24 19:13:59,495 simple_logger.py log_once [line:28] INFO std_val_accuracy              0.2848
2026-09-24 19:13:59,495 simple_logger.py log_once [line:28] INFO val_loss                      8.9630
2026-09-24 19:13:59,495 simple_logger.py log_once [line:28] INFO mean_val_loss                 8.9628
2026-09-24 19:13:59,495 simple_logger.py log_once [line:28] INFO std_val_loss                  3.7161
2026-09-24 19:13:59,495 fedbase.py run [line:316] INFO Eval Time Cost:               1.4703s
2026-09-24 19:13:59,503 asyncbase.py iterate [line:68] INFO Select clients [np.int64(19), np.int64(13)] at time 103.
2026-09-24 19:14:00,122 asyncbase.py iterate [line:73] INFO Receive new models from clients [3, 17] at time 103
2026-09-24 19:14:00,173 fedbase.py run [line:311] INFO --------------Round 98--------------
2026-09-24 19:14:00,173 simple_logger.py log_once [line:14] INFO Current_time:103
2026-09-24 19:14:01,644 simple_logger.py log_once [line:28] INFO test_accuracy                 0.1028
2026-09-24 19:14:01,644 simple_logger.py log_once [line:28] INFO test_loss                     8.6448
2026-09-24 19:14:01,644 simple_logger.py log_once [line:28] INFO val_accuracy                  0.1043
2026-09-24 19:14:01,644 simple_logger.py log_once [line:28] INFO mean_val_accuracy             0.1043
2026-09-24 19:14:01,644 simple_logger.py log_once [line:28] INFO std_val_accuracy              0.2848
2026-09-24 19:14:01,644 simple_logger.py log_once [line:28] INFO val_loss                      8.6079
2026-09-24 19:14:01,644 simple_logger.py log_once [line:28] INFO mean_val_loss                 8.6088
2026-09-24 19:14:01,644 simple_logger.py log_once [line:28] INFO std_val_loss                  4.1993
2026-09-24 19:14:01,644 fedbase.py run [line:316] INFO Eval Time Cost:               1.4713s
2026-09-24 19:14:01,655 asyncbase.py iterate [line:68] INFO Select clients [np.int64(7)] at time 104.
2026-09-24 19:14:01,964 asyncbase.py iterate [line:73] INFO Receive new models from clients [19, 13] at time 104
2026-09-24 19:14:02,016 fedbase.py run [line:311] INFO --------------Round 99--------------
2026-09-24 19:14:02,016 simple_logger.py log_once [line:14] INFO Current_time:104
2026-09-24 19:14:03,478 simple_logger.py log_once [line:28] INFO test_accuracy                 0.1028
2026-09-24 19:14:03,478 simple_logger.py log_once [line:28] INFO test_loss                     8.1390
2026-09-24 19:14:03,478 simple_logger.py log_once [line:28] INFO val_accuracy                  0.1043
2026-09-24 19:14:03,478 simple_logger.py log_once [line:28] INFO mean_val_accuracy             0.1043
2026-09-24 19:14:03,478 simple_logger.py log_once [line:28] INFO std_val_accuracy              0.2848
2026-09-24 19:14:03,478 simple_logger.py log_once [line:28] INFO val_loss                      8.1047
2026-09-24 19:14:03,478 simple_logger.py log_once [line:28] INFO mean_val_loss                 8.1058
2026-09-24 19:14:03,478 simple_logger.py log_once [line:28] INFO std_val_loss                  4.0224
2026-09-24 19:14:03,478 fedbase.py run [line:316] INFO Eval Time Cost:               1.4629s
2026-09-24 19:14:03,488 asyncbase.py iterate [line:68] INFO Select clients [np.int64(15), np.int64(11), np.int64(16)] at time 105.
2026-09-24 19:14:04,409 asyncbase.py iterate [line:73] INFO Receive new models from clients [0, 10] at time 105
2026-09-24 19:14:04,460 fedbase.py run [line:311] INFO --------------Round 100--------------
2026-09-24 19:14:04,460 simple_logger.py log_once [line:14] INFO Current_time:105
2026-09-24 19:14:05,939 simple_logger.py log_once [line:28] INFO test_accuracy                 0.1032
2026-09-24 19:14:05,939 simple_logger.py log_once [line:28] INFO test_loss                     4.8355
2026-09-24 19:14:05,939 simple_logger.py log_once [line:28] INFO val_accuracy                  0.0983
2026-09-24 19:14:05,939 simple_logger.py log_once [line:28] INFO mean_val_accuracy             0.0993
2026-09-24 19:14:05,939 simple_logger.py log_once [line:28] INFO std_val_accuracy              0.2871
2026-09-24 19:14:05,939 simple_logger.py log_once [line:28] INFO val_loss                      4.8490
2026-09-24 19:14:05,939 simple_logger.py log_once [line:28] INFO mean_val_loss                 4.8434
2026-09-24 19:14:05,939 simple_logger.py log_once [line:28] INFO std_val_loss                  2.6775
2026-09-24 19:14:05,939 fedbase.py run [line:316] INFO Eval Time Cost:               1.4791s
2026-09-24 19:14:05,939 fedbase.py run [line:324] INFO =================End==================
2026-09-24 19:14:05,939 fedbase.py run [line:325] INFO Total Time Cost:              226.6439s
