E:\fl-experiment\.venv\Lib\site-packages\torch\cuda\__init__.py:61: FutureWarning: The pynvml package is deprecated. Please install nvidia-ml-py instead. If you did not install pynvml directly, please report this to the maintainers of the package that installed pynvml for you.
  import pynvml  # type: ignore[import]
2026-09-24 21:09:31,795 fflow.py init [line:848] INFO PROCESS ID:	31664
2026-09-24 21:09:31,795 fflow.py init [line:849] INFO Initializing devices: cuda:0 will be used for this running.
2026-09-24 21:09:31,795 fflow.py init [line:852] INFO BENCHMARK:	flgo.benchmark.mnist_classification
2026-09-24 21:09:31,795 fflow.py init [line:853] INFO TASK:			E:\Federated Machine Learning\FL-Byzantine-Library\mnist_dir20
2026-09-24 21:09:31,805 fflow.py init [line:854] INFO MODEL:		flgo.benchmark.mnist_classification.model.cnn
2026-09-24 21:09:31,805 fflow.py init [line:855] INFO ALGORITHM:	research_algorithm
2026-09-24 21:09:32,820 fflow.py init [line:901] INFO SCENE:		horizontal FL with 1 <class 'flgo_byzantine.research_algorithm.Server'>, 20 <class 'flgo_byzantine.research_algorithm.Client'>
2026-09-24 21:09:32,915 fflow.py init [line:918] INFO SIMULATOR:	<class 'flgo.simulator.default_simulator.Simulator'>
2026-09-24 21:09:37,435 fflow.py init [line:931] INFO Ready to start.
2026-09-24 21:09:37,435 fedbase.py run [line:300] INFO --------------Initial Evaluation--------------
2026-09-24 21:09:37,435 simple_logger.py log_once [line:14] INFO Current_time:0
2026-09-24 21:09:39,084 simple_logger.py log_once [line:28] INFO test_accuracy                 0.0875
2026-09-24 21:09:39,084 simple_logger.py log_once [line:28] INFO test_loss                     2.3101
2026-09-24 21:09:39,084 simple_logger.py log_once [line:28] INFO val_accuracy                  0.0866
2026-09-24 21:09:39,084 simple_logger.py log_once [line:28] INFO mean_val_accuracy             0.0874
2026-09-24 21:09:39,084 simple_logger.py log_once [line:28] INFO std_val_accuracy              0.2312
2026-09-24 21:09:39,084 simple_logger.py log_once [line:28] INFO val_loss                      2.3109
2026-09-24 21:09:39,084 simple_logger.py log_once [line:28] INFO mean_val_loss                 2.3111
2026-09-24 21:09:39,084 simple_logger.py log_once [line:28] INFO std_val_loss                  0.0785
2026-09-24 21:09:39,084 fedbase.py run [line:303] INFO Eval Time Cost:               1.6490s
2026-09-24 21:09:39,096 asyncbase.py iterate [line:68] INFO Select clients [np.int64(11), np.int64(3), np.int64(19), np.int64(4), np.int64(10), np.int64(9)] at time 1.
2026-09-24 21:09:41,032 asyncbase.py iterate [line:73] INFO Receive new models from clients [3] at time 1
2026-09-24 21:09:41,058 fedbase.py run [line:311] INFO --------------Round 1--------------
2026-09-24 21:09:41,058 simple_logger.py log_once [line:14] INFO Current_time:1
2026-09-24 21:09:42,532 simple_logger.py log_once [line:28] INFO test_accuracy                 0.1009
2026-09-24 21:09:42,532 simple_logger.py log_once [line:28] INFO test_loss                     6.6142
2026-09-24 21:09:42,532 simple_logger.py log_once [line:28] INFO val_accuracy                  0.0999
2026-09-24 21:09:42,532 simple_logger.py log_once [line:28] INFO mean_val_accuracy             0.0994
2026-09-24 21:09:42,532 simple_logger.py log_once [line:28] INFO std_val_accuracy              0.2889
2026-09-24 21:09:42,532 simple_logger.py log_once [line:28] INFO val_loss                      6.5775
2026-09-24 21:09:42,532 simple_logger.py log_once [line:28] INFO mean_val_loss                 6.5862
2026-09-24 21:09:42,532 simple_logger.py log_once [line:28] INFO std_val_loss                  2.3185
2026-09-24 21:09:42,532 fedbase.py run [line:316] INFO Eval Time Cost:               1.4739s
2026-09-24 21:09:42,550 asyncbase.py iterate [line:68] INFO Select clients [np.int64(7)] at time 3.
2026-09-24 21:09:42,854 asyncbase.py iterate [line:73] INFO Receive new models from clients [11, 4] at time 3
2026-09-24 21:09:42,888 fedbase.py run [line:311] INFO --------------Round 2--------------
2026-09-24 21:09:42,889 simple_logger.py log_once [line:14] INFO Current_time:3
2026-09-24 21:09:44,356 simple_logger.py log_once [line:28] INFO test_accuracy                 0.1576
2026-09-24 21:09:44,356 simple_logger.py log_once [line:28] INFO test_loss                     2.8698
2026-09-24 21:09:44,356 simple_logger.py log_once [line:28] INFO val_accuracy                  0.1583
2026-09-24 21:09:44,356 simple_logger.py log_once [line:28] INFO mean_val_accuracy             0.1584
2026-09-24 21:09:44,356 simple_logger.py log_once [line:28] INFO std_val_accuracy              0.3092
2026-09-24 21:09:44,356 simple_logger.py log_once [line:28] INFO val_loss                      2.8646
2026-09-24 21:09:44,356 simple_logger.py log_once [line:28] INFO mean_val_loss                 2.8630
2026-09-24 21:09:44,356 simple_logger.py log_once [line:28] INFO std_val_loss                  1.5094
2026-09-24 21:09:44,357 fedbase.py run [line:316] INFO Eval Time Cost:               1.4680s
2026-09-24 21:09:44,365 asyncbase.py iterate [line:68] INFO Select clients [np.int64(15), np.int64(1)] at time 4.
2026-09-24 21:09:44,991 asyncbase.py iterate [line:73] INFO Receive new models from clients [10, 1, 7] at time 4
2026-09-24 21:09:45,038 fedbase.py run [line:311] INFO --------------Round 3--------------
2026-09-24 21:09:45,038 simple_logger.py log_once [line:14] INFO Current_time:4
2026-09-24 21:09:46,509 simple_logger.py log_once [line:28] INFO test_accuracy                 0.1262
2026-09-24 21:09:46,509 simple_logger.py log_once [line:28] INFO test_loss                     2.2392
2026-09-24 21:09:46,509 simple_logger.py log_once [line:28] INFO val_accuracy                  0.1231
2026-09-24 21:09:46,509 simple_logger.py log_once [line:28] INFO mean_val_accuracy             0.1235
2026-09-24 21:09:46,509 simple_logger.py log_once [line:28] INFO std_val_accuracy              0.2826
2026-09-24 21:09:46,509 simple_logger.py log_once [line:28] INFO val_loss                      2.2362
2026-09-24 21:09:46,509 simple_logger.py log_once [line:28] INFO mean_val_loss                 2.2344
2026-09-24 21:09:46,509 simple_logger.py log_once [line:28] INFO std_val_loss                  0.4536
2026-09-24 21:09:46,510 fedbase.py run [line:316] INFO Eval Time Cost:               1.4717s
2026-09-24 21:09:46,518 asyncbase.py iterate [line:68] INFO Select clients [np.int64(10), np.int64(4), np.int64(2)] at time 5.
2026-09-24 21:09:47,474 asyncbase.py iterate [line:73] INFO Receive new models from clients [10] at time 5
2026-09-24 21:09:47,501 fedbase.py run [line:311] INFO --------------Round 4--------------
2026-09-24 21:09:47,502 simple_logger.py log_once [line:14] INFO Current_time:5
2026-09-24 21:09:49,060 simple_logger.py log_once [line:28] INFO test_accuracy                 0.1687
2026-09-24 21:09:49,061 simple_logger.py log_once [line:28] INFO test_loss                     7.4722
2026-09-24 21:09:49,061 simple_logger.py log_once [line:28] INFO val_accuracy                  0.1730
2026-09-24 21:09:49,061 simple_logger.py log_once [line:28] INFO mean_val_accuracy             0.1730
2026-09-24 21:09:49,061 simple_logger.py log_once [line:28] INFO std_val_accuracy              0.3310
2026-09-24 21:09:49,061 simple_logger.py log_once [line:28] INFO val_loss                      7.4648
2026-09-24 21:09:49,061 simple_logger.py log_once [line:28] INFO mean_val_loss                 7.4632
2026-09-24 21:09:49,061 simple_logger.py log_once [line:28] INFO std_val_loss                  3.5264
2026-09-24 21:09:49,061 fedbase.py run [line:316] INFO Eval Time Cost:               1.5592s
2026-09-24 21:09:49,069 asyncbase.py iterate [line:68] INFO Select clients [np.int64(16)] at time 6.
2026-09-24 21:09:49,386 asyncbase.py iterate [line:73] INFO Receive new models from clients [15] at time 6
2026-09-24 21:09:49,411 fedbase.py run [line:311] INFO --------------Round 5--------------
2026-09-24 21:09:49,411 simple_logger.py log_once [line:14] INFO Current_time:6
2026-09-24 21:09:50,917 simple_logger.py log_once [line:28] INFO test_accuracy                 0.0974
2026-09-24 21:09:50,917 simple_logger.py log_once [line:28] INFO test_loss                     11.8400
2026-09-24 21:09:50,917 simple_logger.py log_once [line:28] INFO val_accuracy                  0.0972
2026-09-24 21:09:50,917 simple_logger.py log_once [line:28] INFO mean_val_accuracy             0.0962
2026-09-24 21:09:50,917 simple_logger.py log_once [line:28] INFO std_val_accuracy              0.2801
2026-09-24 21:09:50,917 simple_logger.py log_once [line:28] INFO val_loss                      11.7782
2026-09-24 21:09:50,917 simple_logger.py log_once [line:28] INFO mean_val_loss                 11.7924
2026-09-24 21:09:50,917 simple_logger.py log_once [line:28] INFO std_val_loss                  5.7051
2026-09-24 21:09:50,917 fedbase.py run [line:316] INFO Eval Time Cost:               1.5061s
2026-09-24 21:09:50,926 asyncbase.py iterate [line:68] INFO Select clients [np.int64(3)] at time 7.
2026-09-24 21:09:51,273 asyncbase.py iterate [line:73] INFO Receive new models from clients [4, 19, 9] at time 7
2026-09-24 21:09:51,338 fedbase.py run [line:311] INFO --------------Round 6--------------
2026-09-24 21:09:51,338 simple_logger.py log_once [line:14] INFO Current_time:7
2026-09-24 21:09:52,857 simple_logger.py log_once [line:28] INFO test_accuracy                 0.0974
2026-09-24 21:09:52,857 simple_logger.py log_once [line:28] INFO test_loss                     10.2158
2026-09-24 21:09:52,857 simple_logger.py log_once [line:28] INFO val_accuracy                  0.0972
2026-09-24 21:09:52,857 simple_logger.py log_once [line:28] INFO mean_val_accuracy             0.0962
2026-09-24 21:09:52,857 simple_logger.py log_once [line:28] INFO std_val_accuracy              0.2801
2026-09-24 21:09:52,857 simple_logger.py log_once [line:28] INFO val_loss                      10.1647
2026-09-24 21:09:52,857 simple_logger.py log_once [line:28] INFO mean_val_loss                 10.1782
2026-09-24 21:09:52,857 simple_logger.py log_once [line:28] INFO std_val_loss                  4.7767
2026-09-24 21:09:52,857 fedbase.py run [line:316] INFO Eval Time Cost:               1.5193s
2026-09-24 21:09:52,866 asyncbase.py iterate [line:68] INFO Select clients [np.int64(11), np.int64(9), np.int64(10)] at time 8.
2026-09-24 21:09:53,808 asyncbase.py iterate [line:73] INFO Receive new models from clients [16, 2, 10, 9] at time 8
2026-09-24 21:09:53,866 fedbase.py run [line:311] INFO --------------Round 7--------------
2026-09-24 21:09:53,866 simple_logger.py log_once [line:14] INFO Current_time:8
2026-09-24 21:09:55,337 simple_logger.py log_once [line:28] INFO test_accuracy                 0.1611
2026-09-24 21:09:55,337 simple_logger.py log_once [line:28] INFO test_loss                     2.5088
2026-09-24 21:09:55,337 simple_logger.py log_once [line:28] INFO val_accuracy                  0.1607
2026-09-24 21:09:55,337 simple_logger.py log_once [line:28] INFO mean_val_accuracy             0.1606
2026-09-24 21:09:55,338 simple_logger.py log_once [line:28] INFO std_val_accuracy              0.3096
2026-09-24 21:09:55,338 simple_logger.py log_once [line:28] INFO val_loss                      2.5034
2026-09-24 21:09:55,338 simple_logger.py log_once [line:28] INFO mean_val_loss                 2.5033
2026-09-24 21:09:55,338 simple_logger.py log_once [line:28] INFO std_val_loss                  0.7093
2026-09-24 21:09:55,338 fedbase.py run [line:316] INFO Eval Time Cost:               1.4714s
2026-09-24 21:09:55,349 asyncbase.py iterate [line:68] INFO Select clients [np.int64(6), np.int64(12), np.int64(15), np.int64(4)] at time 9.
2026-09-24 21:09:56,589 asyncbase.py iterate [line:73] INFO Receive new models from clients [6, 4] at time 9
2026-09-24 21:09:56,634 fedbase.py run [line:311] INFO --------------Round 8--------------
2026-09-24 21:09:56,634 simple_logger.py log_once [line:14] INFO Current_time:9
2026-09-24 21:09:58,100 simple_logger.py log_once [line:28] INFO test_accuracy                 0.3732
2026-09-24 21:09:58,100 simple_logger.py log_once [line:28] INFO test_loss                     2.3286
2026-09-24 21:09:58,100 simple_logger.py log_once [line:28] INFO val_accuracy                  0.3740
2026-09-24 21:09:58,100 simple_logger.py log_once [line:28] INFO mean_val_accuracy             0.3739
2026-09-24 21:09:58,101 simple_logger.py log_once [line:28] INFO std_val_accuracy              0.4222
2026-09-24 21:09:58,101 simple_logger.py log_once [line:28] INFO val_loss                      2.3162
2026-09-24 21:09:58,101 simple_logger.py log_once [line:28] INFO mean_val_loss                 2.3170
2026-09-24 21:09:58,101 simple_logger.py log_once [line:28] INFO std_val_loss                  1.3347
2026-09-24 21:09:58,101 fedbase.py run [line:316] INFO Eval Time Cost:               1.4670s
2026-09-24 21:09:58,109 asyncbase.py iterate [line:68] INFO Select clients [np.int64(6)] at time 10.
2026-09-24 21:09:58,422 asyncbase.py iterate [line:73] INFO Receive new models from clients [15, 12, 3] at time 10
2026-09-24 21:09:58,477 fedbase.py run [line:311] INFO --------------Round 9--------------
2026-09-24 21:09:58,477 simple_logger.py log_once [line:14] INFO Current_time:10
2026-09-24 21:09:59,947 simple_logger.py log_once [line:28] INFO test_accuracy                 0.1618
2026-09-24 21:09:59,947 simple_logger.py log_once [line:28] INFO test_loss                     2.6125
2026-09-24 21:09:59,947 simple_logger.py log_once [line:28] INFO val_accuracy                  0.1645
2026-09-24 21:09:59,947 simple_logger.py log_once [line:28] INFO mean_val_accuracy             0.1642
2026-09-24 21:09:59,947 simple_logger.py log_once [line:28] INFO std_val_accuracy              0.3188
2026-09-24 21:09:59,948 simple_logger.py log_once [line:28] INFO val_loss                      2.6186
2026-09-24 21:09:59,948 simple_logger.py log_once [line:28] INFO mean_val_loss                 2.6208
2026-09-24 21:09:59,948 simple_logger.py log_once [line:28] INFO std_val_loss                  0.9153
2026-09-24 21:09:59,948 fedbase.py run [line:316] INFO Eval Time Cost:               1.4706s
2026-09-24 21:09:59,956 asyncbase.py iterate [line:68] INFO Select clients [np.int64(7), np.int64(9), np.int64(15), np.int64(5)] at time 11.
2026-09-24 21:10:01,279 asyncbase.py iterate [line:73] INFO Receive new models from clients [11, 9] at time 11
2026-09-24 21:10:01,321 fedbase.py run [line:311] INFO --------------Round 10--------------
2026-09-24 21:10:01,321 simple_logger.py log_once [line:14] INFO Current_time:11
2026-09-24 21:10:02,780 simple_logger.py log_once [line:28] INFO test_accuracy                 0.1257
2026-09-24 21:10:02,780 simple_logger.py log_once [line:28] INFO test_loss                     2.3479
2026-09-24 21:10:02,780 simple_logger.py log_once [line:28] INFO val_accuracy                  0.1272
2026-09-24 21:10:02,780 simple_logger.py log_once [line:28] INFO mean_val_accuracy             0.1279
2026-09-24 21:10:02,781 simple_logger.py log_once [line:28] INFO std_val_accuracy              0.2797
2026-09-24 21:10:02,781 simple_logger.py log_once [line:28] INFO val_loss                      2.3509
2026-09-24 21:10:02,781 simple_logger.py log_once [line:28] INFO mean_val_loss                 2.3499
2026-09-24 21:10:02,781 simple_logger.py log_once [line:28] INFO std_val_loss                  0.4806
2026-09-24 21:10:02,781 fedbase.py run [line:316] INFO Eval Time Cost:               1.4601s
2026-09-24 21:10:02,791 asyncbase.py iterate [line:68] INFO Select clients [np.int64(10), np.int64(3)] at time 12.
2026-09-24 21:10:03,427 asyncbase.py iterate [line:73] INFO Receive new models from clients [6, 5, 7] at time 12
2026-09-24 21:10:03,484 fedbase.py run [line:311] INFO --------------Round 11--------------
2026-09-24 21:10:03,484 simple_logger.py log_once [line:14] INFO Current_time:12
2026-09-24 21:10:04,956 simple_logger.py log_once [line:28] INFO test_accuracy                 0.2412
2026-09-24 21:10:04,956 simple_logger.py log_once [line:28] INFO test_loss                     2.2279
2026-09-24 21:10:04,956 simple_logger.py log_once [line:28] INFO val_accuracy                  0.2389
2026-09-24 21:10:04,956 simple_logger.py log_once [line:28] INFO mean_val_accuracy             0.2390
2026-09-24 21:10:04,956 simple_logger.py log_once [line:28] INFO std_val_accuracy              0.3392
2026-09-24 21:10:04,956 simple_logger.py log_once [line:28] INFO val_loss                      2.2320
2026-09-24 21:10:04,956 simple_logger.py log_once [line:28] INFO mean_val_loss                 2.2312
2026-09-24 21:10:04,956 simple_logger.py log_once [line:28] INFO std_val_loss                  0.5097
2026-09-24 21:10:04,957 fedbase.py run [line:316] INFO Eval Time Cost:               1.4721s
2026-09-24 21:10:04,968 asyncbase.py iterate [line:68] INFO Select clients [np.int64(4), np.int64(9)] at time 13.
2026-09-24 21:10:05,582 asyncbase.py iterate [line:73] INFO Receive new models from clients [3, 4, 9] at time 13
2026-09-24 21:10:05,635 fedbase.py run [line:311] INFO --------------Round 12--------------
2026-09-24 21:10:05,635 simple_logger.py log_once [line:14] INFO Current_time:13
2026-09-24 21:10:07,142 simple_logger.py log_once [line:28] INFO test_accuracy                 0.2068
2026-09-24 21:10:07,142 simple_logger.py log_once [line:28] INFO test_loss                     2.2942
2026-09-24 21:10:07,142 simple_logger.py log_once [line:28] INFO val_accuracy                  0.2049
2026-09-24 21:10:07,142 simple_logger.py log_once [line:28] INFO mean_val_accuracy             0.2046
2026-09-24 21:10:07,142 simple_logger.py log_once [line:28] INFO std_val_accuracy              0.3712
2026-09-24 21:10:07,142 simple_logger.py log_once [line:28] INFO val_loss                      2.3021
2026-09-24 21:10:07,142 simple_logger.py log_once [line:28] INFO mean_val_loss                 2.3030
2026-09-24 21:10:07,142 simple_logger.py log_once [line:28] INFO std_val_loss                  0.6107
2026-09-24 21:10:07,142 fedbase.py run [line:316] INFO Eval Time Cost:               1.5068s
2026-09-24 21:10:07,152 asyncbase.py iterate [line:68] INFO Select clients [np.int64(16), np.int64(6), np.int64(4), np.int64(14)] at time 14.
2026-09-24 21:10:08,387 asyncbase.py iterate [line:73] INFO Receive new models from clients [15, 14, 10] at time 14
2026-09-24 21:10:08,441 fedbase.py run [line:311] INFO --------------Round 13--------------
2026-09-24 21:10:08,441 simple_logger.py log_once [line:14] INFO Current_time:14
2026-09-24 21:10:09,915 simple_logger.py log_once [line:28] INFO test_accuracy                 0.2324
2026-09-24 21:10:09,916 simple_logger.py log_once [line:28] INFO test_loss                     2.3164
2026-09-24 21:10:09,916 simple_logger.py log_once [line:28] INFO val_accuracy                  0.2254
2026-09-24 21:10:09,916 simple_logger.py log_once [line:28] INFO mean_val_accuracy             0.2244
2026-09-24 21:10:09,916 simple_logger.py log_once [line:28] INFO std_val_accuracy              0.3297
2026-09-24 21:10:09,916 simple_logger.py log_once [line:28] INFO val_loss                      2.3197
2026-09-24 21:10:09,916 simple_logger.py log_once [line:28] INFO mean_val_loss                 2.3215
2026-09-24 21:10:09,916 simple_logger.py log_once [line:28] INFO std_val_loss                  0.6270
2026-09-24 21:10:09,916 fedbase.py run [line:316] INFO Eval Time Cost:               1.4747s
2026-09-24 21:10:09,926 asyncbase.py iterate [line:68] INFO Select clients [np.int64(11), np.int64(5)] at time 15.
2026-09-24 21:10:10,542 asyncbase.py iterate [line:73] INFO Receive new models from clients [4] at time 15
2026-09-24 21:10:10,567 fedbase.py run [line:311] INFO --------------Round 14--------------
2026-09-24 21:10:10,567 simple_logger.py log_once [line:14] INFO Current_time:15
2026-09-24 21:10:12,047 simple_logger.py log_once [line:28] INFO test_accuracy                 0.2099
2026-09-24 21:10:12,047 simple_logger.py log_once [line:28] INFO test_loss                     4.1171
2026-09-24 21:10:12,047 simple_logger.py log_once [line:28] INFO val_accuracy                  0.2077
2026-09-24 21:10:12,047 simple_logger.py log_once [line:28] INFO mean_val_accuracy             0.2073
2026-09-24 21:10:12,047 simple_logger.py log_once [line:28] INFO std_val_accuracy              0.3849
2026-09-24 21:10:12,047 simple_logger.py log_once [line:28] INFO val_loss                      4.0906
2026-09-24 21:10:12,047 simple_logger.py log_once [line:28] INFO mean_val_loss                 4.0910
2026-09-24 21:10:12,047 simple_logger.py log_once [line:28] INFO std_val_loss                  2.6996
2026-09-24 21:10:12,047 fedbase.py run [line:316] INFO Eval Time Cost:               1.4805s
2026-09-24 21:10:12,057 asyncbase.py iterate [line:68] INFO Select clients [np.int64(19), np.int64(17)] at time 16.
2026-09-24 21:10:12,677 asyncbase.py iterate [line:73] INFO Receive new models from clients [16, 17, 6, 19] at time 16
2026-09-24 21:10:12,741 fedbase.py run [line:311] INFO --------------Round 15--------------
2026-09-24 21:10:12,741 simple_logger.py log_once [line:14] INFO Current_time:16
2026-09-24 21:10:14,222 simple_logger.py log_once [line:28] INFO test_accuracy                 0.2923
2026-09-24 21:10:14,222 simple_logger.py log_once [line:28] INFO test_loss                     1.9562
2026-09-24 21:10:14,222 simple_logger.py log_once [line:28] INFO val_accuracy                  0.2962
2026-09-24 21:10:14,222 simple_logger.py log_once [line:28] INFO mean_val_accuracy             0.2964
2026-09-24 21:10:14,222 simple_logger.py log_once [line:28] INFO std_val_accuracy              0.3706
2026-09-24 21:10:14,222 simple_logger.py log_once [line:28] INFO val_loss                      1.9512
2026-09-24 21:10:14,222 simple_logger.py log_once [line:28] INFO mean_val_loss                 1.9500
2026-09-24 21:10:14,222 simple_logger.py log_once [line:28] INFO std_val_loss                  0.6411
2026-09-24 21:10:14,222 fedbase.py run [line:316] INFO Eval Time Cost:               1.4807s
2026-09-24 21:10:14,232 asyncbase.py iterate [line:68] INFO Select clients [np.int64(13), np.int64(10), np.int64(1), np.int64(18)] at time 17.
2026-09-24 21:10:15,467 asyncbase.py iterate [line:73] INFO Receive new models from clients [5, 18] at time 17
2026-09-24 21:10:15,517 fedbase.py run [line:311] INFO --------------Round 16--------------
2026-09-24 21:10:15,517 simple_logger.py log_once [line:14] INFO Current_time:17
2026-09-24 21:10:16,986 simple_logger.py log_once [line:28] INFO test_accuracy                 0.1559
2026-09-24 21:10:16,986 simple_logger.py log_once [line:28] INFO test_loss                     4.3739
2026-09-24 21:10:16,986 simple_logger.py log_once [line:28] INFO val_accuracy                  0.1429
2026-09-24 21:10:16,986 simple_logger.py log_once [line:28] INFO mean_val_accuracy             0.1422
2026-09-24 21:10:16,986 simple_logger.py log_once [line:28] INFO std_val_accuracy              0.3000
2026-09-24 21:10:16,986 simple_logger.py log_once [line:28] INFO val_loss                      4.3817
2026-09-24 21:10:16,986 simple_logger.py log_once [line:28] INFO mean_val_loss                 4.3832
2026-09-24 21:10:16,986 simple_logger.py log_once [line:28] INFO std_val_loss                  2.0441
2026-09-24 21:10:16,986 fedbase.py run [line:316] INFO Eval Time Cost:               1.4688s
2026-09-24 21:10:16,996 asyncbase.py iterate [line:68] INFO Select clients [np.int64(5), np.int64(19)] at time 18.
2026-09-24 21:10:17,614 asyncbase.py iterate [line:73] INFO Receive new models from clients [10, 19, 11] at time 18
2026-09-24 21:10:17,668 fedbase.py run [line:311] INFO --------------Round 17--------------
2026-09-24 21:10:17,668 simple_logger.py log_once [line:14] INFO Current_time:18
2026-09-24 21:10:19,132 simple_logger.py log_once [line:28] INFO test_accuracy                 0.2506
2026-09-24 21:10:19,132 simple_logger.py log_once [line:28] INFO test_loss                     4.0527
2026-09-24 21:10:19,132 simple_logger.py log_once [line:28] INFO val_accuracy                  0.2459
2026-09-24 21:10:19,132 simple_logger.py log_once [line:28] INFO mean_val_accuracy             0.2458
2026-09-24 21:10:19,132 simple_logger.py log_once [line:28] INFO std_val_accuracy              0.3338
2026-09-24 21:10:19,132 simple_logger.py log_once [line:28] INFO val_loss                      4.0363
2026-09-24 21:10:19,132 simple_logger.py log_once [line:28] INFO mean_val_loss                 4.0331
2026-09-24 21:10:19,132 simple_logger.py log_once [line:28] INFO std_val_loss                  2.8289
2026-09-24 21:10:19,132 fedbase.py run [line:316] INFO Eval Time Cost:               1.4645s
2026-09-24 21:10:19,142 asyncbase.py iterate [line:68] INFO Select clients [np.int64(0), np.int64(3)] at time 19.
2026-09-24 21:10:19,753 asyncbase.py iterate [line:73] INFO Receive new models from clients [5, 13] at time 19
2026-09-24 21:10:19,800 fedbase.py run [line:311] INFO --------------Round 18--------------
2026-09-24 21:10:19,800 simple_logger.py log_once [line:14] INFO Current_time:19
2026-09-24 21:10:21,273 simple_logger.py log_once [line:28] INFO test_accuracy                 0.2330
2026-09-24 21:10:21,274 simple_logger.py log_once [line:28] INFO test_loss                     6.5225
2026-09-24 21:10:21,274 simple_logger.py log_once [line:28] INFO val_accuracy                  0.2197
2026-09-24 21:10:21,274 simple_logger.py log_once [line:28] INFO mean_val_accuracy             0.2188
2026-09-24 21:10:21,274 simple_logger.py log_once [line:28] INFO std_val_accuracy              0.3194
2026-09-24 21:10:21,274 simple_logger.py log_once [line:28] INFO val_loss                      6.5368
2026-09-24 21:10:21,274 simple_logger.py log_once [line:28] INFO mean_val_loss                 6.5352
2026-09-24 21:10:21,274 simple_logger.py log_once [line:28] INFO std_val_loss                  4.3940
2026-09-24 21:10:21,274 fedbase.py run [line:316] INFO Eval Time Cost:               1.4741s
2026-09-24 21:10:21,282 asyncbase.py iterate [line:68] INFO Select clients [np.int64(14), np.int64(18), np.int64(7)] at time 20.
2026-09-24 21:10:22,271 asyncbase.py iterate [line:73] INFO Receive new models from clients [1, 3, 14] at time 20
2026-09-24 21:10:22,327 fedbase.py run [line:311] INFO --------------Round 19--------------
2026-09-24 21:10:22,327 simple_logger.py log_once [line:14] INFO Current_time:20
2026-09-24 21:10:23,796 simple_logger.py log_once [line:28] INFO test_accuracy                 0.2820
2026-09-24 21:10:23,796 simple_logger.py log_once [line:28] INFO test_loss                     2.4340
2026-09-24 21:10:23,796 simple_logger.py log_once [line:28] INFO val_accuracy                  0.2824
2026-09-24 21:10:23,796 simple_logger.py log_once [line:28] INFO mean_val_accuracy             0.2819
2026-09-24 21:10:23,796 simple_logger.py log_once [line:28] INFO std_val_accuracy              0.3948
2026-09-24 21:10:23,796 simple_logger.py log_once [line:28] INFO val_loss                      2.4165
2026-09-24 21:10:23,796 simple_logger.py log_once [line:28] INFO mean_val_loss                 2.4154
2026-09-24 21:10:23,796 simple_logger.py log_once [line:28] INFO std_val_loss                  1.5961
2026-09-24 21:10:23,796 fedbase.py run [line:316] INFO Eval Time Cost:               1.4685s
2026-09-24 21:10:23,804 asyncbase.py iterate [line:68] INFO Select clients [np.int64(2), np.int64(11), np.int64(6)] at time 21.
2026-09-24 21:10:24,721 asyncbase.py iterate [line:73] INFO Receive new models from clients [2, 6] at time 21
2026-09-24 21:10:24,767 fedbase.py run [line:311] INFO --------------Round 20--------------
2026-09-24 21:10:24,767 simple_logger.py log_once [line:14] INFO Current_time:21
2026-09-24 21:10:26,259 simple_logger.py log_once [line:28] INFO test_accuracy                 0.2855
2026-09-24 21:10:26,259 simple_logger.py log_once [line:28] INFO test_loss                     4.9089
2026-09-24 21:10:26,259 simple_logger.py log_once [line:28] INFO val_accuracy                  0.2856
2026-09-24 21:10:26,259 simple_logger.py log_once [line:28] INFO mean_val_accuracy             0.2854
2026-09-24 21:10:26,259 simple_logger.py log_once [line:28] INFO std_val_accuracy              0.4132
2026-09-24 21:10:26,259 simple_logger.py log_once [line:28] INFO val_loss                      4.8430
2026-09-24 21:10:26,259 simple_logger.py log_once [line:28] INFO mean_val_loss                 4.8438
2026-09-24 21:10:26,259 simple_logger.py log_once [line:28] INFO std_val_loss                  3.3433
2026-09-24 21:10:26,259 fedbase.py run [line:316] INFO Eval Time Cost:               1.4920s
2026-09-24 21:10:26,269 asyncbase.py iterate [line:68] INFO Select clients [np.int64(9), np.int64(14)] at time 22.
2026-09-24 21:10:26,950 asyncbase.py iterate [line:73] INFO Receive new models from clients [0, 14, 9] at time 22
2026-09-24 21:10:27,007 fedbase.py run [line:311] INFO --------------Round 21--------------
2026-09-24 21:10:27,007 simple_logger.py log_once [line:14] INFO Current_time:22
2026-09-24 21:10:28,516 simple_logger.py log_once [line:28] INFO test_accuracy                 0.2582
2026-09-24 21:10:28,516 simple_logger.py log_once [line:28] INFO test_loss                     2.2651
2026-09-24 21:10:28,516 simple_logger.py log_once [line:28] INFO val_accuracy                  0.2582
2026-09-24 21:10:28,516 simple_logger.py log_once [line:28] INFO mean_val_accuracy             0.2594
2026-09-24 21:10:28,516 simple_logger.py log_once [line:28] INFO std_val_accuracy              0.3581
2026-09-24 21:10:28,516 simple_logger.py log_once [line:28] INFO val_loss                      2.2723
2026-09-24 21:10:28,516 simple_logger.py log_once [line:28] INFO mean_val_loss                 2.2684
2026-09-24 21:10:28,516 simple_logger.py log_once [line:28] INFO std_val_loss                  1.2048
2026-09-24 21:10:28,516 fedbase.py run [line:316] INFO Eval Time Cost:               1.5095s
2026-09-24 21:10:28,526 asyncbase.py iterate [line:68] INFO Select clients [np.int64(15)] at time 23.
2026-09-24 21:10:28,837 asyncbase.py iterate [line:73] INFO Receive new models from clients [7, 11, 18, 15] at time 23
2026-09-24 21:10:28,899 fedbase.py run [line:311] INFO --------------Round 22--------------
2026-09-24 21:10:28,899 simple_logger.py log_once [line:14] INFO Current_time:23
2026-09-24 21:10:30,375 simple_logger.py log_once [line:28] INFO test_accuracy                 0.1737
2026-09-24 21:10:30,375 simple_logger.py log_once [line:28] INFO test_loss                     2.5434
2026-09-24 21:10:30,375 simple_logger.py log_once [line:28] INFO val_accuracy                  0.1695
2026-09-24 21:10:30,375 simple_logger.py log_once [line:28] INFO mean_val_accuracy             0.1688
2026-09-24 21:10:30,375 simple_logger.py log_once [line:28] INFO std_val_accuracy              0.3201
2026-09-24 21:10:30,375 simple_logger.py log_once [line:28] INFO val_loss                      2.5416
2026-09-24 21:10:30,375 simple_logger.py log_once [line:28] INFO mean_val_loss                 2.5406
2026-09-24 21:10:30,375 simple_logger.py log_once [line:28] INFO std_val_loss                  1.0593
2026-09-24 21:10:30,375 fedbase.py run [line:316] INFO Eval Time Cost:               1.4762s
2026-09-24 21:10:30,384 asyncbase.py iterate [line:68] INFO Select clients [np.int64(7), np.int64(9), np.int64(12), np.int64(5), np.int64(2), np.int64(15)] at time 24.
2026-09-24 21:10:32,238 asyncbase.py iterate [line:73] INFO Receive new models from clients [9, 15] at time 24
2026-09-24 21:10:32,283 fedbase.py run [line:311] INFO --------------Round 23--------------
2026-09-24 21:10:32,283 simple_logger.py log_once [line:14] INFO Current_time:24
2026-09-24 21:10:33,759 simple_logger.py log_once [line:28] INFO test_accuracy                 0.1059
2026-09-24 21:10:33,760 simple_logger.py log_once [line:28] INFO test_loss                     3.7717
2026-09-24 21:10:33,760 simple_logger.py log_once [line:28] INFO val_accuracy                  0.1062
2026-09-24 21:10:33,760 simple_logger.py log_once [line:28] INFO mean_val_accuracy             0.1053
2026-09-24 21:10:33,760 simple_logger.py log_once [line:28] INFO std_val_accuracy              0.2778
2026-09-24 21:10:33,760 simple_logger.py log_once [line:28] INFO val_loss                      3.7727
2026-09-24 21:10:33,760 simple_logger.py log_once [line:28] INFO mean_val_loss                 3.7725
2026-09-24 21:10:33,760 simple_logger.py log_once [line:28] INFO std_val_loss                  1.8413
2026-09-24 21:10:33,760 fedbase.py run [line:316] INFO Eval Time Cost:               1.4772s
2026-09-24 21:10:33,771 asyncbase.py iterate [line:68] INFO Select clients [np.int64(18), np.int64(14)] at time 25.
2026-09-24 21:10:34,396 asyncbase.py iterate [line:73] INFO Receive new models from clients [7, 14, 18] at time 25
2026-09-24 21:10:34,450 fedbase.py run [line:311] INFO --------------Round 24--------------
2026-09-24 21:10:34,450 simple_logger.py log_once [line:14] INFO Current_time:25
2026-09-24 21:10:35,987 simple_logger.py log_once [line:28] INFO test_accuracy                 0.3273
2026-09-24 21:10:35,987 simple_logger.py log_once [line:28] INFO test_loss                     1.9530
2026-09-24 21:10:35,987 simple_logger.py log_once [line:28] INFO val_accuracy                  0.3201
2026-09-24 21:10:35,987 simple_logger.py log_once [line:28] INFO mean_val_accuracy             0.3196
2026-09-24 21:10:35,987 simple_logger.py log_once [line:28] INFO std_val_accuracy              0.3621
2026-09-24 21:10:35,987 simple_logger.py log_once [line:28] INFO val_loss                      1.9586
2026-09-24 21:10:35,987 simple_logger.py log_once [line:28] INFO mean_val_loss                 1.9572
2026-09-24 21:10:35,987 simple_logger.py log_once [line:28] INFO std_val_loss                  0.7286
2026-09-24 21:10:35,987 fedbase.py run [line:316] INFO Eval Time Cost:               1.5369s
2026-09-24 21:10:35,997 asyncbase.py iterate [line:68] INFO Select clients [np.int64(8), np.int64(9), np.int64(4)] at time 26.
2026-09-24 21:10:36,933 asyncbase.py iterate [line:73] INFO Receive new models from clients [12, 5, 8, 9] at time 26
2026-09-24 21:10:37,000 fedbase.py run [line:311] INFO --------------Round 25--------------
2026-09-24 21:10:37,000 simple_logger.py log_once [line:14] INFO Current_time:26
2026-09-24 21:10:38,453 simple_logger.py log_once [line:28] INFO test_accuracy                 0.4721
2026-09-24 21:10:38,453 simple_logger.py log_once [line:28] INFO test_loss                     1.6604
2026-09-24 21:10:38,453 simple_logger.py log_once [line:28] INFO val_accuracy                  0.4599
2026-09-24 21:10:38,453 simple_logger.py log_once [line:28] INFO mean_val_accuracy             0.4612
2026-09-24 21:10:38,453 simple_logger.py log_once [line:28] INFO std_val_accuracy              0.4081
2026-09-24 21:10:38,453 simple_logger.py log_once [line:28] INFO val_loss                      1.6735
2026-09-24 21:10:38,453 simple_logger.py log_once [line:28] INFO mean_val_loss                 1.6698
2026-09-24 21:10:38,453 simple_logger.py log_once [line:28] INFO std_val_loss                  0.7177
2026-09-24 21:10:38,453 fedbase.py run [line:316] INFO Eval Time Cost:               1.4537s
2026-09-24 21:10:38,462 asyncbase.py iterate [line:68] INFO Select clients [np.int64(0), np.int64(12), np.int64(8)] at time 27.
2026-09-24 21:10:39,381 asyncbase.py iterate [line:73] INFO Receive new models from clients [4, 0, 8, 2] at time 27
2026-09-24 21:10:39,444 fedbase.py run [line:311] INFO --------------Round 26--------------
2026-09-24 21:10:39,444 simple_logger.py log_once [line:14] INFO Current_time:27
2026-09-24 21:10:40,901 simple_logger.py log_once [line:28] INFO test_accuracy                 0.2785
2026-09-24 21:10:40,901 simple_logger.py log_once [line:28] INFO test_loss                     2.3433
2026-09-24 21:10:40,901 simple_logger.py log_once [line:28] INFO val_accuracy                  0.2740
2026-09-24 21:10:40,901 simple_logger.py log_once [line:28] INFO mean_val_accuracy             0.2739
2026-09-24 21:10:40,901 simple_logger.py log_once [line:28] INFO std_val_accuracy              0.3659
2026-09-24 21:10:40,901 simple_logger.py log_once [line:28] INFO val_loss                      2.3587
2026-09-24 21:10:40,901 simple_logger.py log_once [line:28] INFO mean_val_loss                 2.3551
2026-09-24 21:10:40,901 simple_logger.py log_once [line:28] INFO std_val_loss                  1.4301
2026-09-24 21:10:40,901 fedbase.py run [line:316] INFO Eval Time Cost:               1.4572s
2026-09-24 21:10:40,912 asyncbase.py iterate [line:68] INFO Select clients [np.int64(11), np.int64(7), np.int64(5), np.int64(18), np.int64(0)] at time 28.
2026-09-24 21:10:42,458 asyncbase.py iterate [line:73] INFO Receive new models from clients [18] at time 28
2026-09-24 21:10:42,481 fedbase.py run [line:311] INFO --------------Round 27--------------
2026-09-24 21:10:42,481 simple_logger.py log_once [line:14] INFO Current_time:28
2026-09-24 21:10:43,980 simple_logger.py log_once [line:28] INFO test_accuracy                 0.1140
2026-09-24 21:10:43,980 simple_logger.py log_once [line:28] INFO test_loss                     6.7062
2026-09-24 21:10:43,980 simple_logger.py log_once [line:28] INFO val_accuracy                  0.1130
2026-09-24 21:10:43,980 simple_logger.py log_once [line:28] INFO mean_val_accuracy             0.1123
2026-09-24 21:10:43,980 simple_logger.py log_once [line:28] INFO std_val_accuracy              0.2971
2026-09-24 21:10:43,980 simple_logger.py log_once [line:28] INFO val_loss                      6.7323
2026-09-24 21:10:43,980 simple_logger.py log_once [line:28] INFO mean_val_loss                 6.7306
2026-09-24 21:10:43,980 simple_logger.py log_once [line:28] INFO std_val_loss                  2.9763
2026-09-24 21:10:43,980 fedbase.py run [line:316] INFO Eval Time Cost:               1.4988s
2026-09-24 21:10:43,990 asyncbase.py iterate [line:68] INFO Select clients [np.int64(10)] at time 29.
2026-09-24 21:10:44,309 asyncbase.py iterate [line:73] INFO Receive new models from clients [12, 0] at time 29
2026-09-24 21:10:44,355 fedbase.py run [line:311] INFO --------------Round 28--------------
2026-09-24 21:10:44,355 simple_logger.py log_once [line:14] INFO Current_time:29
2026-09-24 21:10:45,826 simple_logger.py log_once [line:28] INFO test_accuracy                 0.3428
2026-09-24 21:10:45,826 simple_logger.py log_once [line:28] INFO test_loss                     2.0850
2026-09-24 21:10:45,826 simple_logger.py log_once [line:28] INFO val_accuracy                  0.3392
2026-09-24 21:10:45,826 simple_logger.py log_once [line:28] INFO mean_val_accuracy             0.3412
2026-09-24 21:10:45,826 simple_logger.py log_once [line:28] INFO std_val_accuracy              0.3711
2026-09-24 21:10:45,826 simple_logger.py log_once [line:28] INFO val_loss                      2.0987
2026-09-24 21:10:45,826 simple_logger.py log_once [line:28] INFO mean_val_loss                 2.0911
2026-09-24 21:10:45,826 simple_logger.py log_once [line:28] INFO std_val_loss                  1.4271
2026-09-24 21:10:45,827 fedbase.py run [line:316] INFO Eval Time Cost:               1.4715s
2026-09-24 21:10:45,836 asyncbase.py iterate [line:68] INFO Select clients [np.int64(16)] at time 30.
2026-09-24 21:10:46,146 asyncbase.py iterate [line:73] INFO Receive new models from clients [10, 11, 5, 7] at time 30
2026-09-24 21:10:46,209 fedbase.py run [line:311] INFO --------------Round 29--------------
2026-09-24 21:10:46,209 simple_logger.py log_once [line:14] INFO Current_time:30
2026-09-24 21:10:47,685 simple_logger.py log_once [line:28] INFO test_accuracy                 0.2669
2026-09-24 21:10:47,685 simple_logger.py log_once [line:28] INFO test_loss                     2.7616
2026-09-24 21:10:47,685 simple_logger.py log_once [line:28] INFO val_accuracy                  0.2666
2026-09-24 21:10:47,685 simple_logger.py log_once [line:28] INFO mean_val_accuracy             0.2679
2026-09-24 21:10:47,685 simple_logger.py log_once [line:28] INFO std_val_accuracy              0.3527
2026-09-24 21:10:47,685 simple_logger.py log_once [line:28] INFO val_loss                      2.7451
2026-09-24 21:10:47,685 simple_logger.py log_once [line:28] INFO mean_val_loss                 2.7343
2026-09-24 21:10:47,685 simple_logger.py log_once [line:28] INFO std_val_loss                  1.9335
2026-09-24 21:10:47,685 fedbase.py run [line:316] INFO Eval Time Cost:               1.4758s
2026-09-24 21:10:47,695 asyncbase.py iterate [line:68] INFO Select clients [np.int64(19), np.int64(9), np.int64(6), np.int64(5)] at time 31.
2026-09-24 21:10:48,948 asyncbase.py iterate [line:73] INFO Receive new models from clients [19, 9] at time 31
2026-09-24 21:10:48,998 fedbase.py run [line:311] INFO --------------Round 30--------------
2026-09-24 21:10:48,998 simple_logger.py log_once [line:14] INFO Current_time:31
2026-09-24 21:10:50,472 simple_logger.py log_once [line:28] INFO test_accuracy                 0.3092
2026-09-24 21:10:50,472 simple_logger.py log_once [line:28] INFO test_loss                     2.1834
2026-09-24 21:10:50,472 simple_logger.py log_once [line:28] INFO val_accuracy                  0.2998
2026-09-24 21:10:50,472 simple_logger.py log_once [line:28] INFO mean_val_accuracy             0.3017
2026-09-24 21:10:50,472 simple_logger.py log_once [line:28] INFO std_val_accuracy              0.3372
2026-09-24 21:10:50,472 simple_logger.py log_once [line:28] INFO val_loss                      2.1999
2026-09-24 21:10:50,472 simple_logger.py log_once [line:28] INFO mean_val_loss                 2.1923
2026-09-24 21:10:50,472 simple_logger.py log_once [line:28] INFO std_val_loss                  1.4577
2026-09-24 21:10:50,472 fedbase.py run [line:316] INFO Eval Time Cost:               1.4743s
2026-09-24 21:10:50,480 asyncbase.py iterate [line:68] INFO Select clients [np.int64(8), np.int64(11), np.int64(9)] at time 32.
2026-09-24 21:10:51,408 asyncbase.py iterate [line:73] INFO Receive new models from clients [6, 16, 9, 11, 8] at time 32
2026-09-24 21:10:51,482 fedbase.py run [line:311] INFO --------------Round 31--------------
2026-09-24 21:10:51,482 simple_logger.py log_once [line:14] INFO Current_time:32
2026-09-24 21:10:52,960 simple_logger.py log_once [line:28] INFO test_accuracy                 0.5548
2026-09-24 21:10:52,960 simple_logger.py log_once [line:28] INFO test_loss                     1.3927
2026-09-24 21:10:52,960 simple_logger.py log_once [line:28] INFO val_accuracy                  0.5572
2026-09-24 21:10:52,960 simple_logger.py log_once [line:28] INFO mean_val_accuracy             0.5589
2026-09-24 21:10:52,960 simple_logger.py log_once [line:28] INFO std_val_accuracy              0.3651
2026-09-24 21:10:52,960 simple_logger.py log_once [line:28] INFO val_loss                      1.3919
2026-09-24 21:10:52,960 simple_logger.py log_once [line:28] INFO mean_val_loss                 1.3868
2026-09-24 21:10:52,960 simple_logger.py log_once [line:28] INFO std_val_loss                  0.9890
2026-09-24 21:10:52,960 fedbase.py run [line:316] INFO Eval Time Cost:               1.4778s
2026-09-24 21:10:52,969 asyncbase.py iterate [line:68] INFO Select clients [np.int64(3), np.int64(10), np.int64(4), np.int64(6)] at time 33.
2026-09-24 21:10:54,204 asyncbase.py iterate [line:73] INFO Receive new models from clients [4] at time 33
2026-09-24 21:10:54,230 fedbase.py run [line:311] INFO --------------Round 32--------------
2026-09-24 21:10:54,230 simple_logger.py log_once [line:14] INFO Current_time:33
2026-09-24 21:10:55,703 simple_logger.py log_once [line:28] INFO test_accuracy                 0.3643
2026-09-24 21:10:55,703 simple_logger.py log_once [line:28] INFO test_loss                     3.3054
2026-09-24 21:10:55,703 simple_logger.py log_once [line:28] INFO val_accuracy                  0.3548
2026-09-24 21:10:55,703 simple_logger.py log_once [line:28] INFO mean_val_accuracy             0.3555
2026-09-24 21:10:55,703 simple_logger.py log_once [line:28] INFO std_val_accuracy              0.3576
2026-09-24 21:10:55,703 simple_logger.py log_once [line:28] INFO val_loss                      3.3300
2026-09-24 21:10:55,703 simple_logger.py log_once [line:28] INFO mean_val_loss                 3.3221
2026-09-24 21:10:55,703 simple_logger.py log_once [line:28] INFO std_val_loss                  2.9618
2026-09-24 21:10:55,703 fedbase.py run [line:316] INFO Eval Time Cost:               1.4732s
2026-09-24 21:10:55,712 asyncbase.py iterate [line:68] INFO Select clients [np.int64(4), np.int64(1)] at time 34.
2026-09-24 21:10:56,332 asyncbase.py iterate [line:73] INFO Receive new models from clients [6, 5] at time 34
2026-09-24 21:10:56,378 fedbase.py run [line:311] INFO --------------Round 33--------------
2026-09-24 21:10:56,379 simple_logger.py log_once [line:14] INFO Current_time:34
2026-09-24 21:10:57,865 simple_logger.py log_once [line:28] INFO test_accuracy                 0.2133
2026-09-24 21:10:57,866 simple_logger.py log_once [line:28] INFO test_loss                     6.8158
2026-09-24 21:10:57,866 simple_logger.py log_once [line:28] INFO val_accuracy                  0.2089
2026-09-24 21:10:57,866 simple_logger.py log_once [line:28] INFO mean_val_accuracy             0.2085
2026-09-24 21:10:57,866 simple_logger.py log_once [line:28] INFO std_val_accuracy              0.3660
2026-09-24 21:10:57,866 simple_logger.py log_once [line:28] INFO val_loss                      6.7816
2026-09-24 21:10:57,866 simple_logger.py log_once [line:28] INFO mean_val_loss                 6.7770
2026-09-24 21:10:57,866 simple_logger.py log_once [line:28] INFO std_val_loss                  3.8595
2026-09-24 21:10:57,866 fedbase.py run [line:316] INFO Eval Time Cost:               1.4874s
2026-09-24 21:10:57,885 asyncbase.py iterate [line:68] INFO Select clients [np.int64(8), np.int64(16)] at time 36.
2026-09-24 21:10:58,513 asyncbase.py iterate [line:73] INFO Receive new models from clients [10, 3, 8] at time 36
2026-09-24 21:10:58,570 fedbase.py run [line:311] INFO --------------Round 34--------------
2026-09-24 21:10:58,570 simple_logger.py log_once [line:14] INFO Current_time:36
2026-09-24 21:11:00,039 simple_logger.py log_once [line:28] INFO test_accuracy                 0.3419
2026-09-24 21:11:00,039 simple_logger.py log_once [line:28] INFO test_loss                     3.0913
2026-09-24 21:11:00,039 simple_logger.py log_once [line:28] INFO val_accuracy                  0.3332
2026-09-24 21:11:00,039 simple_logger.py log_once [line:28] INFO mean_val_accuracy             0.3346
2026-09-24 21:11:00,039 simple_logger.py log_once [line:28] INFO std_val_accuracy              0.3496
2026-09-24 21:11:00,039 simple_logger.py log_once [line:28] INFO val_loss                      3.1305
2026-09-24 21:11:00,039 simple_logger.py log_once [line:28] INFO mean_val_loss                 3.1222
2026-09-24 21:11:00,039 simple_logger.py log_once [line:28] INFO std_val_loss                  2.3112
2026-09-24 21:11:00,039 fedbase.py run [line:316] INFO Eval Time Cost:               1.4692s
2026-09-24 21:11:00,048 asyncbase.py iterate [line:68] INFO Select clients [np.int64(8), np.int64(5), np.int64(12)] at time 37.
2026-09-24 21:11:00,981 asyncbase.py iterate [line:73] INFO Receive new models from clients [1, 4, 8] at time 37
2026-09-24 21:11:01,037 fedbase.py run [line:311] INFO --------------Round 35--------------
2026-09-24 21:11:01,037 simple_logger.py log_once [line:14] INFO Current_time:37
2026-09-24 21:11:02,501 simple_logger.py log_once [line:28] INFO test_accuracy                 0.4313
2026-09-24 21:11:02,501 simple_logger.py log_once [line:28] INFO test_loss                     1.7527
2026-09-24 21:11:02,501 simple_logger.py log_once [line:28] INFO val_accuracy                  0.4312
2026-09-24 21:11:02,501 simple_logger.py log_once [line:28] INFO mean_val_accuracy             0.4309
2026-09-24 21:11:02,501 simple_logger.py log_once [line:28] INFO std_val_accuracy              0.3570
2026-09-24 21:11:02,501 simple_logger.py log_once [line:28] INFO val_loss                      1.7218
2026-09-24 21:11:02,501 simple_logger.py log_once [line:28] INFO mean_val_loss                 1.7219
2026-09-24 21:11:02,501 simple_logger.py log_once [line:28] INFO std_val_loss                  1.0010
2026-09-24 21:11:02,501 fedbase.py run [line:316] INFO Eval Time Cost:               1.4642s
2026-09-24 21:11:02,509 asyncbase.py iterate [line:68] INFO Select clients [np.int64(8), np.int64(7)] at time 38.
2026-09-24 21:11:03,123 asyncbase.py iterate [line:73] INFO Receive new models from clients [8, 7] at time 38
2026-09-24 21:11:03,167 fedbase.py run [line:311] INFO --------------Round 36--------------
2026-09-24 21:11:03,167 simple_logger.py log_once [line:14] INFO Current_time:38
2026-09-24 21:11:04,674 simple_logger.py log_once [line:28] INFO test_accuracy                 0.3700
2026-09-24 21:11:04,674 simple_logger.py log_once [line:28] INFO test_loss                     2.7476
2026-09-24 21:11:04,674 simple_logger.py log_once [line:28] INFO val_accuracy                  0.3558
2026-09-24 21:11:04,674 simple_logger.py log_once [line:28] INFO mean_val_accuracy             0.3558
2026-09-24 21:11:04,674 simple_logger.py log_once [line:28] INFO std_val_accuracy              0.2915
2026-09-24 21:11:04,674 simple_logger.py log_once [line:28] INFO val_loss                      2.7931
2026-09-24 21:11:04,674 simple_logger.py log_once [line:28] INFO mean_val_loss                 2.7922
2026-09-24 21:11:04,674 simple_logger.py log_once [line:28] INFO std_val_loss                  2.0682
2026-09-24 21:11:04,674 fedbase.py run [line:316] INFO Eval Time Cost:               1.5068s
2026-09-24 21:11:04,685 asyncbase.py iterate [line:68] INFO Select clients [np.int64(8), np.int64(0)] at time 39.
2026-09-24 21:11:05,369 asyncbase.py iterate [line:73] INFO Receive new models from clients [16, 8, 0] at time 39
2026-09-24 21:11:05,423 fedbase.py run [line:311] INFO --------------Round 37--------------
2026-09-24 21:11:05,423 simple_logger.py log_once [line:14] INFO Current_time:39
2026-09-24 21:11:07,005 simple_logger.py log_once [line:28] INFO test_accuracy                 0.2756
2026-09-24 21:11:07,005 simple_logger.py log_once [line:28] INFO test_loss                     1.8782
2026-09-24 21:11:07,005 simple_logger.py log_once [line:28] INFO val_accuracy                  0.2706
2026-09-24 21:11:07,005 simple_logger.py log_once [line:28] INFO mean_val_accuracy             0.2710
2026-09-24 21:11:07,005 simple_logger.py log_once [line:28] INFO std_val_accuracy              0.3571
2026-09-24 21:11:07,005 simple_logger.py log_once [line:28] INFO val_loss                      1.8807
2026-09-24 21:11:07,005 simple_logger.py log_once [line:28] INFO mean_val_loss                 1.8782
2026-09-24 21:11:07,005 simple_logger.py log_once [line:28] INFO std_val_loss                  0.8396
2026-09-24 21:11:07,005 fedbase.py run [line:316] INFO Eval Time Cost:               1.5825s
2026-09-24 21:11:07,016 asyncbase.py iterate [line:68] INFO Select clients [np.int64(16), np.int64(1), np.int64(11), np.int64(3)] at time 40.
2026-09-24 21:11:08,354 asyncbase.py iterate [line:73] INFO Receive new models from clients [12, 5] at time 40
2026-09-24 21:11:08,400 fedbase.py run [line:311] INFO --------------Round 38--------------
2026-09-24 21:11:08,400 simple_logger.py log_once [line:14] INFO Current_time:40
2026-09-24 21:11:09,905 simple_logger.py log_once [line:28] INFO test_accuracy                 0.3712
2026-09-24 21:11:09,905 simple_logger.py log_once [line:28] INFO test_loss                     1.9587
2026-09-24 21:11:09,905 simple_logger.py log_once [line:28] INFO val_accuracy                  0.3601
2026-09-24 21:11:09,905 simple_logger.py log_once [line:28] INFO mean_val_accuracy             0.3608
2026-09-24 21:11:09,905 simple_logger.py log_once [line:28] INFO std_val_accuracy              0.3739
2026-09-24 21:11:09,905 simple_logger.py log_once [line:28] INFO val_loss                      1.9705
2026-09-24 21:11:09,905 simple_logger.py log_once [line:28] INFO mean_val_loss                 1.9675
2026-09-24 21:11:09,905 simple_logger.py log_once [line:28] INFO std_val_loss                  1.1730
2026-09-24 21:11:09,906 fedbase.py run [line:316] INFO Eval Time Cost:               1.5051s
2026-09-24 21:11:09,914 asyncbase.py iterate [line:68] INFO Select clients [np.int64(17), np.int64(0)] at time 41.
2026-09-24 21:11:10,535 asyncbase.py iterate [line:73] INFO Receive new models from clients [11] at time 41
2026-09-24 21:11:10,560 fedbase.py run [line:311] INFO --------------Round 39--------------
2026-09-24 21:11:10,561 simple_logger.py log_once [line:14] INFO Current_time:41
2026-09-24 21:11:12,045 simple_logger.py log_once [line:28] INFO test_accuracy                 0.2801
2026-09-24 21:11:12,045 simple_logger.py log_once [line:28] INFO test_loss                     4.8236
2026-09-24 21:11:12,045 simple_logger.py log_once [line:28] INFO val_accuracy                  0.2767
2026-09-24 21:11:12,045 simple_logger.py log_once [line:28] INFO mean_val_accuracy             0.2783
2026-09-24 21:11:12,045 simple_logger.py log_once [line:28] INFO std_val_accuracy              0.3982
2026-09-24 21:11:12,045 simple_logger.py log_once [line:28] INFO val_loss                      4.8538
2026-09-24 21:11:12,045 simple_logger.py log_once [line:28] INFO mean_val_loss                 4.8442
2026-09-24 21:11:12,045 simple_logger.py log_once [line:28] INFO std_val_loss                  3.2025
2026-09-24 21:11:12,046 fedbase.py run [line:316] INFO Eval Time Cost:               1.4850s
2026-09-24 21:11:12,054 asyncbase.py iterate [line:68] INFO Select clients [np.int64(5)] at time 42.
2026-09-24 21:11:12,369 asyncbase.py iterate [line:73] INFO Receive new models from clients [17, 1, 16] at time 42
2026-09-24 21:11:12,425 fedbase.py run [line:311] INFO --------------Round 40--------------
2026-09-24 21:11:12,425 simple_logger.py log_once [line:14] INFO Current_time:42
2026-09-24 21:11:13,905 simple_logger.py log_once [line:28] INFO test_accuracy                 0.2235
2026-09-24 21:11:13,905 simple_logger.py log_once [line:28] INFO test_loss                     4.6603
2026-09-24 21:11:13,905 simple_logger.py log_once [line:28] INFO val_accuracy                  0.2225
2026-09-24 21:11:13,905 simple_logger.py log_once [line:28] INFO mean_val_accuracy             0.2234
2026-09-24 21:11:13,905 simple_logger.py log_once [line:28] INFO std_val_accuracy              0.3591
2026-09-24 21:11:13,905 simple_logger.py log_once [line:28] INFO val_loss                      4.6739
2026-09-24 21:11:13,905 simple_logger.py log_once [line:28] INFO mean_val_loss                 4.6620
2026-09-24 21:11:13,905 simple_logger.py log_once [line:28] INFO std_val_loss                  3.1002
2026-09-24 21:11:13,905 fedbase.py run [line:316] INFO Eval Time Cost:               1.4806s
2026-09-24 21:11:13,914 asyncbase.py iterate [line:68] INFO Select clients [np.int64(6), np.int64(18)] at time 43.
2026-09-24 21:11:14,535 asyncbase.py iterate [line:73] INFO Receive new models from clients [3] at time 43
2026-09-24 21:11:14,561 fedbase.py run [line:311] INFO --------------Round 41--------------
2026-09-24 21:11:14,561 simple_logger.py log_once [line:14] INFO Current_time:43
2026-09-24 21:11:16,140 simple_logger.py log_once [line:28] INFO test_accuracy                 0.3035
2026-09-24 21:11:16,140 simple_logger.py log_once [line:28] INFO test_loss                     4.9776
2026-09-24 21:11:16,140 simple_logger.py log_once [line:28] INFO val_accuracy                  0.2992
2026-09-24 21:11:16,140 simple_logger.py log_once [line:28] INFO mean_val_accuracy             0.2994
2026-09-24 21:11:16,140 simple_logger.py log_once [line:28] INFO std_val_accuracy              0.4089
2026-09-24 21:11:16,140 simple_logger.py log_once [line:28] INFO val_loss                      4.9593
2026-09-24 21:11:16,140 simple_logger.py log_once [line:28] INFO mean_val_loss                 4.9531
2026-09-24 21:11:16,140 simple_logger.py log_once [line:28] INFO std_val_loss                  3.7488
2026-09-24 21:11:16,140 fedbase.py run [line:316] INFO Eval Time Cost:               1.5793s
2026-09-24 21:11:16,148 asyncbase.py iterate [line:68] INFO Select clients [np.int64(17), np.int64(3)] at time 44.
2026-09-24 21:11:16,780 asyncbase.py iterate [line:73] INFO Receive new models from clients [18, 5, 0] at time 44
2026-09-24 21:11:16,836 fedbase.py run [line:311] INFO --------------Round 42--------------
2026-09-24 21:11:16,836 simple_logger.py log_once [line:14] INFO Current_time:44
2026-09-24 21:11:18,318 simple_logger.py log_once [line:28] INFO test_accuracy                 0.2620
2026-09-24 21:11:18,318 simple_logger.py log_once [line:28] INFO test_loss                     6.0532
2026-09-24 21:11:18,318 simple_logger.py log_once [line:28] INFO val_accuracy                  0.2516
2026-09-24 21:11:18,318 simple_logger.py log_once [line:28] INFO mean_val_accuracy             0.2516
2026-09-24 21:11:18,318 simple_logger.py log_once [line:28] INFO std_val_accuracy              0.3459
2026-09-24 21:11:18,318 simple_logger.py log_once [line:28] INFO val_loss                      6.1141
2026-09-24 21:11:18,318 simple_logger.py log_once [line:28] INFO mean_val_loss                 6.1146
2026-09-24 21:11:18,318 simple_logger.py log_once [line:28] INFO std_val_loss                  3.7161
2026-09-24 21:11:18,318 fedbase.py run [line:316] INFO Eval Time Cost:               1.4814s
2026-09-24 21:11:18,327 asyncbase.py iterate [line:68] INFO Select clients [np.int64(9), np.int64(5), np.int64(16)] at time 45.
2026-09-24 21:11:19,276 asyncbase.py iterate [line:73] INFO Receive new models from clients [6, 9] at time 45
2026-09-24 21:11:19,324 fedbase.py run [line:311] INFO --------------Round 43--------------
2026-09-24 21:11:19,324 simple_logger.py log_once [line:14] INFO Current_time:45
2026-09-24 21:11:20,800 simple_logger.py log_once [line:28] INFO test_accuracy                 0.3016
2026-09-24 21:11:20,800 simple_logger.py log_once [line:28] INFO test_loss                     4.9927
2026-09-24 21:11:20,800 simple_logger.py log_once [line:28] INFO val_accuracy                  0.2927
2026-09-24 21:11:20,800 simple_logger.py log_once [line:28] INFO mean_val_accuracy             0.2919
2026-09-24 21:11:20,800 simple_logger.py log_once [line:28] INFO std_val_accuracy              0.3619
2026-09-24 21:11:20,800 simple_logger.py log_once [line:28] INFO val_loss                      4.9836
2026-09-24 21:11:20,800 simple_logger.py log_once [line:28] INFO mean_val_loss                 4.9921
2026-09-24 21:11:20,800 simple_logger.py log_once [line:28] INFO std_val_loss                  3.3669
2026-09-24 21:11:20,800 fedbase.py run [line:316] INFO Eval Time Cost:               1.4762s
2026-09-24 21:11:20,810 asyncbase.py iterate [line:68] INFO Select clients [np.int64(19)] at time 46.
2026-09-24 21:11:21,120 asyncbase.py iterate [line:73] INFO Receive new models from clients [16, 3, 19] at time 46
2026-09-24 21:11:21,174 fedbase.py run [line:311] INFO --------------Round 44--------------
2026-09-24 21:11:21,174 simple_logger.py log_once [line:14] INFO Current_time:46
2026-09-24 21:11:22,668 simple_logger.py log_once [line:28] INFO test_accuracy                 0.1830
2026-09-24 21:11:22,668 simple_logger.py log_once [line:28] INFO test_loss                     6.7490
2026-09-24 21:11:22,668 simple_logger.py log_once [line:28] INFO val_accuracy                  0.1794
2026-09-24 21:11:22,668 simple_logger.py log_once [line:28] INFO mean_val_accuracy             0.1791
2026-09-24 21:11:22,668 simple_logger.py log_once [line:28] INFO std_val_accuracy              0.3493
2026-09-24 21:11:22,668 simple_logger.py log_once [line:28] INFO val_loss                      6.7062
2026-09-24 21:11:22,668 simple_logger.py log_once [line:28] INFO mean_val_loss                 6.7085
2026-09-24 21:11:22,668 simple_logger.py log_once [line:28] INFO std_val_loss                  3.5754
2026-09-24 21:11:22,668 fedbase.py run [line:316] INFO Eval Time Cost:               1.4941s
2026-09-24 21:11:22,678 asyncbase.py iterate [line:68] INFO Select clients [np.int64(13), np.int64(18), np.int64(2), np.int64(12)] at time 47.
2026-09-24 21:11:23,938 asyncbase.py iterate [line:73] INFO Receive new models from clients [17, 13, 12] at time 47
2026-09-24 21:11:23,994 fedbase.py run [line:311] INFO --------------Round 45--------------
2026-09-24 21:11:23,997 simple_logger.py log_once [line:14] INFO Current_time:47
2026-09-24 21:11:25,474 simple_logger.py log_once [line:28] INFO test_accuracy                 0.3211
2026-09-24 21:11:25,474 simple_logger.py log_once [line:28] INFO test_loss                     1.9872
2026-09-24 21:11:25,474 simple_logger.py log_once [line:28] INFO val_accuracy                  0.3306
2026-09-24 21:11:25,474 simple_logger.py log_once [line:28] INFO mean_val_accuracy             0.3310
2026-09-24 21:11:25,474 simple_logger.py log_once [line:28] INFO std_val_accuracy              0.3338
2026-09-24 21:11:25,474 simple_logger.py log_once [line:28] INFO val_loss                      1.9794
2026-09-24 21:11:25,474 simple_logger.py log_once [line:28] INFO mean_val_loss                 1.9811
2026-09-24 21:11:25,474 simple_logger.py log_once [line:28] INFO std_val_loss                  1.2989
2026-09-24 21:11:25,474 fedbase.py run [line:316] INFO Eval Time Cost:               1.4772s
2026-09-24 21:11:25,485 asyncbase.py iterate [line:68] INFO Select clients [np.int64(12), np.int64(15), np.int64(14)] at time 48.
2026-09-24 21:11:26,422 asyncbase.py iterate [line:73] INFO Receive new models from clients [18, 5, 14] at time 48
2026-09-24 21:11:26,477 fedbase.py run [line:311] INFO --------------Round 46--------------
2026-09-24 21:11:26,477 simple_logger.py log_once [line:14] INFO Current_time:48
2026-09-24 21:11:27,951 simple_logger.py log_once [line:28] INFO test_accuracy                 0.3778
2026-09-24 21:11:27,951 simple_logger.py log_once [line:28] INFO test_loss                     2.1399
2026-09-24 21:11:27,951 simple_logger.py log_once [line:28] INFO val_accuracy                  0.3904
2026-09-24 21:11:27,951 simple_logger.py log_once [line:28] INFO mean_val_accuracy             0.3902
2026-09-24 21:11:27,951 simple_logger.py log_once [line:28] INFO std_val_accuracy              0.3369
2026-09-24 21:11:27,951 simple_logger.py log_once [line:28] INFO val_loss                      2.1141
2026-09-24 21:11:27,951 simple_logger.py log_once [line:28] INFO mean_val_loss                 2.1169
2026-09-24 21:11:27,951 simple_logger.py log_once [line:28] INFO std_val_loss                  1.5705
2026-09-24 21:11:27,951 fedbase.py run [line:316] INFO Eval Time Cost:               1.4737s
2026-09-24 21:11:27,961 asyncbase.py iterate [line:68] INFO Select clients [np.int64(9), np.int64(14), np.int64(8)] at time 49.
2026-09-24 21:11:28,890 asyncbase.py iterate [line:73] INFO Receive new models from clients [9, 8, 14] at time 49
2026-09-24 21:11:28,947 fedbase.py run [line:311] INFO --------------Round 47--------------
2026-09-24 21:11:28,947 simple_logger.py log_once [line:14] INFO Current_time:49
2026-09-24 21:11:30,434 simple_logger.py log_once [line:28] INFO test_accuracy                 0.3211
2026-09-24 21:11:30,434 simple_logger.py log_once [line:28] INFO test_loss                     1.9872
2026-09-24 21:11:30,434 simple_logger.py log_once [line:28] INFO val_accuracy                  0.3306
2026-09-24 21:11:30,434 simple_logger.py log_once [line:28] INFO mean_val_accuracy             0.3310
2026-09-24 21:11:30,434 simple_logger.py log_once [line:28] INFO std_val_accuracy              0.3338
2026-09-24 21:11:30,434 simple_logger.py log_once [line:28] INFO val_loss                      1.9794
2026-09-24 21:11:30,434 simple_logger.py log_once [line:28] INFO mean_val_loss                 1.9811
2026-09-24 21:11:30,434 simple_logger.py log_once [line:28] INFO std_val_loss                  1.2989
2026-09-24 21:11:30,435 fedbase.py run [line:316] INFO Eval Time Cost:               1.4870s
2026-09-24 21:11:30,444 asyncbase.py iterate [line:68] INFO Select clients [np.int64(0), np.int64(7)] at time 50.
2026-09-24 21:11:31,060 asyncbase.py iterate [line:73] INFO Receive new models from clients [2, 0] at time 50
2026-09-24 21:11:31,107 fedbase.py run [line:311] INFO --------------Round 48--------------
2026-09-24 21:11:31,107 simple_logger.py log_once [line:14] INFO Current_time:50
2026-09-24 21:11:32,579 simple_logger.py log_once [line:28] INFO test_accuracy                 0.2010
2026-09-24 21:11:32,579 simple_logger.py log_once [line:28] INFO test_loss                     3.1748
2026-09-24 21:11:32,579 simple_logger.py log_once [line:28] INFO val_accuracy                  0.1943
2026-09-24 21:11:32,579 simple_logger.py log_once [line:28] INFO mean_val_accuracy             0.1947
2026-09-24 21:11:32,579 simple_logger.py log_once [line:28] INFO std_val_accuracy              0.3614
2026-09-24 21:11:32,579 simple_logger.py log_once [line:28] INFO val_loss                      3.1774
2026-09-24 21:11:32,579 simple_logger.py log_once [line:28] INFO mean_val_loss                 3.1745
2026-09-24 21:11:32,579 simple_logger.py log_once [line:28] INFO std_val_loss                  1.3010
2026-09-24 21:11:32,579 fedbase.py run [line:316] INFO Eval Time Cost:               1.4724s
2026-09-24 21:11:32,588 asyncbase.py iterate [line:68] INFO Select clients [np.int64(5), np.int64(3), np.int64(16)] at time 51.
2026-09-24 21:11:33,518 asyncbase.py iterate [line:73] INFO Receive new models from clients [12, 15] at time 51
2026-09-24 21:11:33,564 fedbase.py run [line:311] INFO --------------Round 49--------------
2026-09-24 21:11:33,564 simple_logger.py log_once [line:14] INFO Current_time:51
2026-09-24 21:11:35,040 simple_logger.py log_once [line:28] INFO test_accuracy                 0.2386
2026-09-24 21:11:35,040 simple_logger.py log_once [line:28] INFO test_loss                     2.2736
2026-09-24 21:11:35,040 simple_logger.py log_once [line:28] INFO val_accuracy                  0.2369
2026-09-24 21:11:35,040 simple_logger.py log_once [line:28] INFO mean_val_accuracy             0.2372
2026-09-24 21:11:35,040 simple_logger.py log_once [line:28] INFO std_val_accuracy              0.3563
2026-09-24 21:11:35,040 simple_logger.py log_once [line:28] INFO val_loss                      2.2750
2026-09-24 21:11:35,040 simple_logger.py log_once [line:28] INFO mean_val_loss                 2.2731
2026-09-24 21:11:35,040 simple_logger.py log_once [line:28] INFO std_val_loss                  0.7413
2026-09-24 21:11:35,040 fedbase.py run [line:316] INFO Eval Time Cost:               1.4763s
2026-09-24 21:11:35,050 asyncbase.py iterate [line:68] INFO Select clients [np.int64(2), np.int64(18)] at time 52.
2026-09-24 21:11:35,669 asyncbase.py iterate [line:73] INFO Receive new models from clients [3] at time 52
2026-09-24 21:11:35,692 fedbase.py run [line:311] INFO --------------Round 50--------------
2026-09-24 21:11:35,692 simple_logger.py log_once [line:14] INFO Current_time:52
2026-09-24 21:11:37,169 simple_logger.py log_once [line:28] INFO test_accuracy                 0.1877
2026-09-24 21:11:37,169 simple_logger.py log_once [line:28] INFO test_loss                     4.2067
2026-09-24 21:11:37,169 simple_logger.py log_once [line:28] INFO val_accuracy                  0.1834
2026-09-24 21:11:37,169 simple_logger.py log_once [line:28] INFO mean_val_accuracy             0.1820
2026-09-24 21:11:37,169 simple_logger.py log_once [line:28] INFO std_val_accuracy              0.3530
2026-09-24 21:11:37,169 simple_logger.py log_once [line:28] INFO val_loss                      4.1976
2026-09-24 21:11:37,169 simple_logger.py log_once [line:28] INFO mean_val_loss                 4.2048
2026-09-24 21:11:37,169 simple_logger.py log_once [line:28] INFO std_val_loss                  2.1815
2026-09-24 21:11:37,169 fedbase.py run [line:316] INFO Eval Time Cost:               1.4771s
2026-09-24 21:11:37,178 asyncbase.py iterate [line:68] INFO Select clients [np.int64(10)] at time 53.
2026-09-24 21:11:37,500 asyncbase.py iterate [line:73] INFO Receive new models from clients [16, 5, 7] at time 53
2026-09-24 21:11:37,554 fedbase.py run [line:311] INFO --------------Round 51--------------
2026-09-24 21:11:37,554 simple_logger.py log_once [line:14] INFO Current_time:53
2026-09-24 21:11:39,041 simple_logger.py log_once [line:28] INFO test_accuracy                 0.1470
2026-09-24 21:11:39,041 simple_logger.py log_once [line:28] INFO test_loss                     6.2015
2026-09-24 21:11:39,041 simple_logger.py log_once [line:28] INFO val_accuracy                  0.1478
2026-09-24 21:11:39,041 simple_logger.py log_once [line:28] INFO mean_val_accuracy             0.1468
2026-09-24 21:11:39,041 simple_logger.py log_once [line:28] INFO std_val_accuracy              0.3058
2026-09-24 21:11:39,041 simple_logger.py log_once [line:28] INFO val_loss                      6.2292
2026-09-24 21:11:39,041 simple_logger.py log_once [line:28] INFO mean_val_loss                 6.2390
2026-09-24 21:11:39,041 simple_logger.py log_once [line:28] INFO std_val_loss                  3.3198
2026-09-24 21:11:39,042 fedbase.py run [line:316] INFO Eval Time Cost:               1.4876s
2026-09-24 21:11:39,051 asyncbase.py iterate [line:68] INFO Select clients [np.int64(0), np.int64(5), np.int64(13)] at time 54.
2026-09-24 21:11:39,980 asyncbase.py iterate [line:73] INFO Receive new models from clients [10, 5] at time 54
2026-09-24 21:11:40,028 fedbase.py run [line:311] INFO --------------Round 52--------------
2026-09-24 21:11:40,028 simple_logger.py log_once [line:14] INFO Current_time:54
2026-09-24 21:11:41,517 simple_logger.py log_once [line:28] INFO test_accuracy                 0.3514
2026-09-24 21:11:41,518 simple_logger.py log_once [line:28] INFO test_loss                     2.0068
2026-09-24 21:11:41,518 simple_logger.py log_once [line:28] INFO val_accuracy                  0.3489
2026-09-24 21:11:41,518 simple_logger.py log_once [line:28] INFO mean_val_accuracy             0.3483
2026-09-24 21:11:41,518 simple_logger.py log_once [line:28] INFO std_val_accuracy              0.3477
2026-09-24 21:11:41,518 simple_logger.py log_once [line:28] INFO val_loss                      1.9987
2026-09-24 21:11:41,518 simple_logger.py log_once [line:28] INFO mean_val_loss                 2.0008
2026-09-24 21:11:41,518 simple_logger.py log_once [line:28] INFO std_val_loss                  1.1471
2026-09-24 21:11:41,518 fedbase.py run [line:316] INFO Eval Time Cost:               1.4898s
2026-09-24 21:11:41,526 asyncbase.py iterate [line:68] INFO Select clients [np.int64(7), np.int64(6)] at time 55.
2026-09-24 21:11:42,138 asyncbase.py iterate [line:73] INFO Receive new models from clients [18, 0, 2] at time 55
2026-09-24 21:11:42,193 fedbase.py run [line:311] INFO --------------Round 53--------------
2026-09-24 21:11:42,193 simple_logger.py log_once [line:14] INFO Current_time:55
2026-09-24 21:11:43,662 simple_logger.py log_once [line:28] INFO test_accuracy                 0.3198
2026-09-24 21:11:43,662 simple_logger.py log_once [line:28] INFO test_loss                     3.0503
2026-09-24 21:11:43,662 simple_logger.py log_once [line:28] INFO val_accuracy                  0.3165
2026-09-24 21:11:43,662 simple_logger.py log_once [line:28] INFO mean_val_accuracy             0.3158
2026-09-24 21:11:43,662 simple_logger.py log_once [line:28] INFO std_val_accuracy              0.3652
2026-09-24 21:11:43,662 simple_logger.py log_once [line:28] INFO val_loss                      3.0500
2026-09-24 21:11:43,662 simple_logger.py log_once [line:28] INFO mean_val_loss                 3.0517
2026-09-24 21:11:43,662 simple_logger.py log_once [line:28] INFO std_val_loss                  2.1912
2026-09-24 21:11:43,662 fedbase.py run [line:316] INFO Eval Time Cost:               1.4691s
2026-09-24 21:11:43,671 asyncbase.py iterate [line:68] INFO Select clients [np.int64(0), np.int64(12)] at time 56.
2026-09-24 21:11:44,293 asyncbase.py iterate [line:73] INFO Receive new models from clients [7, 6] at time 56
2026-09-24 21:11:44,340 fedbase.py run [line:311] INFO --------------Round 54--------------
2026-09-24 21:11:44,340 simple_logger.py log_once [line:14] INFO Current_time:56
2026-09-24 21:11:45,844 simple_logger.py log_once [line:28] INFO test_accuracy                 0.3349
2026-09-24 21:11:45,845 simple_logger.py log_once [line:28] INFO test_loss                     4.3553
2026-09-24 21:11:45,845 simple_logger.py log_once [line:28] INFO val_accuracy                  0.3399
2026-09-24 21:11:45,845 simple_logger.py log_once [line:28] INFO mean_val_accuracy             0.3399
2026-09-24 21:11:45,845 simple_logger.py log_once [line:28] INFO std_val_accuracy              0.4040
2026-09-24 21:11:45,845 simple_logger.py log_once [line:28] INFO val_loss                      4.3125
2026-09-24 21:11:45,845 simple_logger.py log_once [line:28] INFO mean_val_loss                 4.3139
2026-09-24 21:11:45,845 simple_logger.py log_once [line:28] INFO std_val_loss                  3.7084
2026-09-24 21:11:45,845 fedbase.py run [line:316] INFO Eval Time Cost:               1.5052s
2026-09-24 21:11:45,854 asyncbase.py iterate [line:68] INFO Select clients [np.int64(16), np.int64(18), np.int64(7)] at time 57.
2026-09-24 21:11:46,783 asyncbase.py iterate [line:73] INFO Receive new models from clients [13, 18] at time 57
2026-09-24 21:11:46,830 fedbase.py run [line:311] INFO --------------Round 55--------------
2026-09-24 21:11:46,830 simple_logger.py log_once [line:14] INFO Current_time:57
2026-09-24 21:11:48,307 simple_logger.py log_once [line:28] INFO test_accuracy                 0.1196
2026-09-24 21:11:48,307 simple_logger.py log_once [line:28] INFO test_loss                     10.4293
2026-09-24 21:11:48,307 simple_logger.py log_once [line:28] INFO val_accuracy                  0.1161
2026-09-24 21:11:48,307 simple_logger.py log_once [line:28] INFO mean_val_accuracy             0.1153
2026-09-24 21:11:48,307 simple_logger.py log_once [line:28] INFO std_val_accuracy              0.2963
2026-09-24 21:11:48,307 simple_logger.py log_once [line:28] INFO val_loss                      10.4581
2026-09-24 21:11:48,307 simple_logger.py log_once [line:28] INFO mean_val_loss                 10.4756
2026-09-24 21:11:48,307 simple_logger.py log_once [line:28] INFO std_val_loss                  5.1559
2026-09-24 21:11:48,308 fedbase.py run [line:316] INFO Eval Time Cost:               1.4775s
2026-09-24 21:11:48,316 asyncbase.py iterate [line:68] INFO Select clients [np.int64(9), np.int64(10)] at time 58.
2026-09-24 21:11:48,937 asyncbase.py iterate [line:73] INFO Receive new models from clients [16, 7, 9] at time 58
2026-09-24 21:11:48,991 fedbase.py run [line:311] INFO --------------Round 56--------------
2026-09-24 21:11:48,991 simple_logger.py log_once [line:14] INFO Current_time:58
2026-09-24 21:11:50,467 simple_logger.py log_once [line:28] INFO test_accuracy                 0.2469
2026-09-24 21:11:50,467 simple_logger.py log_once [line:28] INFO test_loss                     2.1159
2026-09-24 21:11:50,467 simple_logger.py log_once [line:28] INFO val_accuracy                  0.2406
2026-09-24 21:11:50,467 simple_logger.py log_once [line:28] INFO mean_val_accuracy             0.2394
2026-09-24 21:11:50,467 simple_logger.py log_once [line:28] INFO std_val_accuracy              0.3566
2026-09-24 21:11:50,467 simple_logger.py log_once [line:28] INFO val_loss                      2.1292
2026-09-24 21:11:50,467 simple_logger.py log_once [line:28] INFO mean_val_loss                 2.1319
2026-09-24 21:11:50,467 simple_logger.py log_once [line:28] INFO std_val_loss                  0.6116
2026-09-24 21:11:50,467 fedbase.py run [line:316] INFO Eval Time Cost:               1.4760s
2026-09-24 21:11:50,476 asyncbase.py iterate [line:68] INFO Select clients [np.int64(1), np.int64(19), np.int64(9)] at time 59.
2026-09-24 21:11:51,422 asyncbase.py iterate [line:73] INFO Receive new models from clients [12, 0, 9, 19] at time 59
2026-09-24 21:11:51,489 fedbase.py run [line:311] INFO --------------Round 57--------------
2026-09-24 21:11:51,489 simple_logger.py log_once [line:14] INFO Current_time:59
2026-09-24 21:11:52,974 simple_logger.py log_once [line:28] INFO test_accuracy                 0.2983
2026-09-24 21:11:52,974 simple_logger.py log_once [line:28] INFO test_loss                     2.1021
2026-09-24 21:11:52,974 simple_logger.py log_once [line:28] INFO val_accuracy                  0.2974
2026-09-24 21:11:52,974 simple_logger.py log_once [line:28] INFO mean_val_accuracy             0.2974
2026-09-24 21:11:52,974 simple_logger.py log_once [line:28] INFO std_val_accuracy              0.3454
2026-09-24 21:11:52,974 simple_logger.py log_once [line:28] INFO val_loss                      2.1062
2026-09-24 21:11:52,974 simple_logger.py log_once [line:28] INFO mean_val_loss                 2.1060
2026-09-24 21:11:52,974 simple_logger.py log_once [line:28] INFO std_val_loss                  0.3522
2026-09-24 21:11:52,974 fedbase.py run [line:316] INFO Eval Time Cost:               1.4850s
2026-09-24 21:11:52,985 asyncbase.py iterate [line:68] INFO Select clients [np.int64(19), np.int64(11), np.int64(15), np.int64(8)] at time 60.
2026-09-24 21:11:54,236 asyncbase.py iterate [line:73] INFO Receive new models from clients [10, 19, 8, 15, 11] at time 60
2026-09-24 21:11:54,307 fedbase.py run [line:311] INFO --------------Round 58--------------
2026-09-24 21:11:54,307 simple_logger.py log_once [line:14] INFO Current_time:60
2026-09-24 21:11:55,792 simple_logger.py log_once [line:28] INFO test_accuracy                 0.2857
2026-09-24 21:11:55,792 simple_logger.py log_once [line:28] INFO test_loss                     1.7653
2026-09-24 21:11:55,792 simple_logger.py log_once [line:28] INFO val_accuracy                  0.2848
2026-09-24 21:11:55,792 simple_logger.py log_once [line:28] INFO mean_val_accuracy             0.2858
2026-09-24 21:11:55,792 simple_logger.py log_once [line:28] INFO std_val_accuracy              0.3524
2026-09-24 21:11:55,792 simple_logger.py log_once [line:28] INFO val_loss                      1.7714
2026-09-24 21:11:55,792 simple_logger.py log_once [line:28] INFO mean_val_loss                 1.7705
2026-09-24 21:11:55,792 simple_logger.py log_once [line:28] INFO std_val_loss                  0.4555
2026-09-24 21:11:55,792 fedbase.py run [line:316] INFO Eval Time Cost:               1.4854s
2026-09-24 21:11:55,802 asyncbase.py iterate [line:68] INFO Select clients [np.int64(7), np.int64(0), np.int64(8), np.int64(3), np.int64(18)] at time 61.
2026-09-24 21:11:57,356 asyncbase.py iterate [line:73] INFO Receive new models from clients [1, 18, 8, 3] at time 61
2026-09-24 21:11:57,422 fedbase.py run [line:311] INFO --------------Round 59--------------
2026-09-24 21:11:57,422 simple_logger.py log_once [line:14] INFO Current_time:61
2026-09-24 21:11:58,910 simple_logger.py log_once [line:28] INFO test_accuracy                 0.5151
2026-09-24 21:11:58,910 simple_logger.py log_once [line:28] INFO test_loss                     1.4394
2026-09-24 21:11:58,910 simple_logger.py log_once [line:28] INFO val_accuracy                  0.5113
2026-09-24 21:11:58,910 simple_logger.py log_once [line:28] INFO mean_val_accuracy             0.5112
2026-09-24 21:11:58,910 simple_logger.py log_once [line:28] INFO std_val_accuracy              0.3613
2026-09-24 21:11:58,910 simple_logger.py log_once [line:28] INFO val_loss                      1.4540
2026-09-24 21:11:58,910 simple_logger.py log_once [line:28] INFO mean_val_loss                 1.4535
2026-09-24 21:11:58,910 simple_logger.py log_once [line:28] INFO std_val_loss                  0.5496
2026-09-24 21:11:58,910 fedbase.py run [line:316] INFO Eval Time Cost:               1.4886s
2026-09-24 21:11:58,920 asyncbase.py iterate [line:68] INFO Select clients [np.int64(14), np.int64(16), np.int64(9)] at time 62.
2026-09-24 21:11:59,856 asyncbase.py iterate [line:73] INFO Receive new models from clients [7, 14, 9] at time 62
2026-09-24 21:11:59,917 fedbase.py run [line:311] INFO --------------Round 60--------------
2026-09-24 21:11:59,917 simple_logger.py log_once [line:14] INFO Current_time:62
2026-09-24 21:12:01,407 simple_logger.py log_once [line:28] INFO test_accuracy                 0.4439
2026-09-24 21:12:01,407 simple_logger.py log_once [line:28] INFO test_loss                     1.4898
2026-09-24 21:12:01,407 simple_logger.py log_once [line:28] INFO val_accuracy                  0.4457
2026-09-24 21:12:01,407 simple_logger.py log_once [line:28] INFO mean_val_accuracy             0.4467
2026-09-24 21:12:01,407 simple_logger.py log_once [line:28] INFO std_val_accuracy              0.3597
2026-09-24 21:12:01,407 simple_logger.py log_once [line:28] INFO val_loss                      1.4962
2026-09-24 21:12:01,407 simple_logger.py log_once [line:28] INFO mean_val_loss                 1.4953
2026-09-24 21:12:01,407 simple_logger.py log_once [line:28] INFO std_val_loss                  0.5596
2026-09-24 21:12:01,407 fedbase.py run [line:316] INFO Eval Time Cost:               1.4902s
2026-09-24 21:12:01,416 asyncbase.py iterate [line:68] INFO Select clients [np.int64(17), np.int64(9), np.int64(8), np.int64(15)] at time 63.
2026-09-24 21:12:02,645 asyncbase.py iterate [line:73] INFO Receive new models from clients [0, 9, 8] at time 63
2026-09-24 21:12:02,705 fedbase.py run [line:311] INFO --------------Round 61--------------
2026-09-24 21:12:02,705 simple_logger.py log_once [line:14] INFO Current_time:63
2026-09-24 21:12:04,181 simple_logger.py log_once [line:28] INFO test_accuracy                 0.5782
2026-09-24 21:12:04,181 simple_logger.py log_once [line:28] INFO test_loss                     1.2895
2026-09-24 21:12:04,181 simple_logger.py log_once [line:28] INFO val_accuracy                  0.5651
2026-09-24 21:12:04,181 simple_logger.py log_once [line:28] INFO mean_val_accuracy             0.5658
2026-09-24 21:12:04,181 simple_logger.py log_once [line:28] INFO std_val_accuracy              0.3513
2026-09-24 21:12:04,181 simple_logger.py log_once [line:28] INFO val_loss                      1.3107
2026-09-24 21:12:04,181 simple_logger.py log_once [line:28] INFO mean_val_loss                 1.3091
2026-09-24 21:12:04,181 simple_logger.py log_once [line:28] INFO std_val_loss                  0.6163
2026-09-24 21:12:04,181 fedbase.py run [line:316] INFO Eval Time Cost:               1.4759s
2026-09-24 21:12:04,190 asyncbase.py iterate [line:68] INFO Select clients [np.int64(1), np.int64(12), np.int64(5)] at time 64.
2026-09-24 21:12:05,125 asyncbase.py iterate [line:73] INFO Receive new models from clients [16, 17] at time 64
2026-09-24 21:12:05,173 fedbase.py run [line:311] INFO --------------Round 62--------------
2026-09-24 21:12:05,173 simple_logger.py log_once [line:14] INFO Current_time:64
2026-09-24 21:12:06,652 simple_logger.py log_once [line:28] INFO test_accuracy                 0.4780
2026-09-24 21:12:06,652 simple_logger.py log_once [line:28] INFO test_loss                     2.1685
2026-09-24 21:12:06,652 simple_logger.py log_once [line:28] INFO val_accuracy                  0.4749
2026-09-24 21:12:06,652 simple_logger.py log_once [line:28] INFO mean_val_accuracy             0.4746
2026-09-24 21:12:06,652 simple_logger.py log_once [line:28] INFO std_val_accuracy              0.3653
2026-09-24 21:12:06,652 simple_logger.py log_once [line:28] INFO val_loss                      2.1797
2026-09-24 21:12:06,652 simple_logger.py log_once [line:28] INFO mean_val_loss                 2.1769
2026-09-24 21:12:06,652 simple_logger.py log_once [line:28] INFO std_val_loss                  2.0806
2026-09-24 21:12:06,652 fedbase.py run [line:316] INFO Eval Time Cost:               1.4794s
2026-09-24 21:12:06,662 asyncbase.py iterate [line:68] INFO Select clients [np.int64(4), np.int64(11)] at time 65.
2026-09-24 21:12:07,280 asyncbase.py iterate [line:73] INFO Receive new models from clients [11] at time 65
2026-09-24 21:12:07,305 fedbase.py run [line:311] INFO --------------Round 63--------------
2026-09-24 21:12:07,306 simple_logger.py log_once [line:14] INFO Current_time:65
2026-09-24 21:12:08,786 simple_logger.py log_once [line:28] INFO test_accuracy                 0.2910
2026-09-24 21:12:08,786 simple_logger.py log_once [line:28] INFO test_loss                     3.5856
2026-09-24 21:12:08,786 simple_logger.py log_once [line:28] INFO val_accuracy                  0.2859
2026-09-24 21:12:08,786 simple_logger.py log_once [line:28] INFO mean_val_accuracy             0.2875
2026-09-24 21:12:08,786 simple_logger.py log_once [line:28] INFO std_val_accuracy              0.4070
2026-09-24 21:12:08,786 simple_logger.py log_once [line:28] INFO val_loss                      3.6019
2026-09-24 21:12:08,786 simple_logger.py log_once [line:28] INFO mean_val_loss                 3.5902
2026-09-24 21:12:08,786 simple_logger.py log_once [line:28] INFO std_val_loss                  2.4823
2026-09-24 21:12:08,786 fedbase.py run [line:316] INFO Eval Time Cost:               1.4805s
2026-09-24 21:12:08,797 asyncbase.py iterate [line:68] INFO Select clients [np.int64(16)] at time 66.
2026-09-24 21:12:09,110 asyncbase.py iterate [line:73] INFO Receive new models from clients [5, 15] at time 66
2026-09-24 21:12:09,159 fedbase.py run [line:311] INFO --------------Round 64--------------
2026-09-24 21:12:09,159 simple_logger.py log_once [line:14] INFO Current_time:66
2026-09-24 21:12:10,640 simple_logger.py log_once [line:28] INFO test_accuracy                 0.3050
2026-09-24 21:12:10,640 simple_logger.py log_once [line:28] INFO test_loss                     3.1928
2026-09-24 21:12:10,640 simple_logger.py log_once [line:28] INFO val_accuracy                  0.3004
2026-09-24 21:12:10,640 simple_logger.py log_once [line:28] INFO mean_val_accuracy             0.3021
2026-09-24 21:12:10,640 simple_logger.py log_once [line:28] INFO std_val_accuracy              0.4012
2026-09-24 21:12:10,640 simple_logger.py log_once [line:28] INFO val_loss                      3.2145
2026-09-24 21:12:10,640 simple_logger.py log_once [line:28] INFO mean_val_loss                 3.2054
2026-09-24 21:12:10,640 simple_logger.py log_once [line:28] INFO std_val_loss                  2.0164
2026-09-24 21:12:10,640 fedbase.py run [line:316] INFO Eval Time Cost:               1.4815s
2026-09-24 21:12:10,649 asyncbase.py iterate [line:68] INFO Select clients [np.int64(8), np.int64(3)] at time 67.
2026-09-24 21:12:11,270 asyncbase.py iterate [line:73] INFO Receive new models from clients [1, 12, 8] at time 67
2026-09-24 21:12:11,327 fedbase.py run [line:311] INFO --------------Round 65--------------
2026-09-24 21:12:11,327 simple_logger.py log_once [line:14] INFO Current_time:67
2026-09-24 21:12:12,831 simple_logger.py log_once [line:28] INFO test_accuracy                 0.2898
2026-09-24 21:12:12,831 simple_logger.py log_once [line:28] INFO test_loss                     4.2562
2026-09-24 21:12:12,831 simple_logger.py log_once [line:28] INFO val_accuracy                  0.2871
2026-09-24 21:12:12,831 simple_logger.py log_once [line:28] INFO mean_val_accuracy             0.2885
2026-09-24 21:12:12,831 simple_logger.py log_once [line:28] INFO std_val_accuracy              0.3689
2026-09-24 21:12:12,831 simple_logger.py log_once [line:28] INFO val_loss                      4.2863
2026-09-24 21:12:12,831 simple_logger.py log_once [line:28] INFO mean_val_loss                 4.2695
2026-09-24 21:12:12,831 simple_logger.py log_once [line:28] INFO std_val_loss                  3.4194
2026-09-24 21:12:12,831 fedbase.py run [line:316] INFO Eval Time Cost:               1.5043s
2026-09-24 21:12:12,840 asyncbase.py iterate [line:68] INFO Select clients [np.int64(12), np.int64(1)] at time 68.
2026-09-24 21:12:13,454 asyncbase.py iterate [line:73] INFO Receive new models from clients [4, 12] at time 68
2026-09-24 21:12:13,501 fedbase.py run [line:311] INFO --------------Round 66--------------
2026-09-24 21:12:13,501 simple_logger.py log_once [line:14] INFO Current_time:68
2026-09-24 21:12:14,988 simple_logger.py log_once [line:28] INFO test_accuracy                 0.3239
2026-09-24 21:12:14,988 simple_logger.py log_once [line:28] INFO test_loss                     3.8556
2026-09-24 21:12:14,988 simple_logger.py log_once [line:28] INFO val_accuracy                  0.3144
2026-09-24 21:12:14,988 simple_logger.py log_once [line:28] INFO mean_val_accuracy             0.3158
2026-09-24 21:12:14,988 simple_logger.py log_once [line:28] INFO std_val_accuracy              0.3387
2026-09-24 21:12:14,988 simple_logger.py log_once [line:28] INFO val_loss                      3.8826
2026-09-24 21:12:14,988 simple_logger.py log_once [line:28] INFO mean_val_loss                 3.8667
2026-09-24 21:12:14,988 simple_logger.py log_once [line:28] INFO std_val_loss                  2.8828
2026-09-24 21:12:14,988 fedbase.py run [line:316] INFO Eval Time Cost:               1.4871s
2026-09-24 21:12:14,998 asyncbase.py iterate [line:68] INFO Select clients [np.int64(14), np.int64(9), np.int64(10)] at time 69.
2026-09-24 21:12:15,941 asyncbase.py iterate [line:73] INFO Receive new models from clients [1, 16, 14, 9] at time 69
2026-09-24 21:12:16,006 fedbase.py run [line:311] INFO --------------Round 67--------------
2026-09-24 21:12:16,006 simple_logger.py log_once [line:14] INFO Current_time:69
2026-09-24 21:12:17,484 simple_logger.py log_once [line:28] INFO test_accuracy                 0.4038
2026-09-24 21:12:17,484 simple_logger.py log_once [line:28] INFO test_loss                     2.1171
2026-09-24 21:12:17,484 simple_logger.py log_once [line:28] INFO val_accuracy                  0.4052
2026-09-24 21:12:17,484 simple_logger.py log_once [line:28] INFO mean_val_accuracy             0.4061
2026-09-24 21:12:17,484 simple_logger.py log_once [line:28] INFO std_val_accuracy              0.3616
2026-09-24 21:12:17,484 simple_logger.py log_once [line:28] INFO val_loss                      2.1004
2026-09-24 21:12:17,484 simple_logger.py log_once [line:28] INFO mean_val_loss                 2.0955
2026-09-24 21:12:17,484 simple_logger.py log_once [line:28] INFO std_val_loss                  1.4057
2026-09-24 21:12:17,484 fedbase.py run [line:316] INFO Eval Time Cost:               1.4783s
2026-09-24 21:12:17,493 asyncbase.py iterate [line:68] INFO Select clients [np.int64(5), np.int64(17), np.int64(7)] at time 70.
2026-09-24 21:12:18,425 asyncbase.py iterate [line:73] INFO Receive new models from clients [10, 3] at time 70
2026-09-24 21:12:18,472 fedbase.py run [line:311] INFO --------------Round 68--------------
2026-09-24 21:12:18,472 simple_logger.py log_once [line:14] INFO Current_time:70
2026-09-24 21:12:19,947 simple_logger.py log_once [line:28] INFO test_accuracy                 0.3896
2026-09-24 21:12:19,948 simple_logger.py log_once [line:28] INFO test_loss                     2.0640
2026-09-24 21:12:19,948 simple_logger.py log_once [line:28] INFO val_accuracy                  0.3860
2026-09-24 21:12:19,948 simple_logger.py log_once [line:28] INFO mean_val_accuracy             0.3864
2026-09-24 21:12:19,948 simple_logger.py log_once [line:28] INFO std_val_accuracy              0.3562
2026-09-24 21:12:19,948 simple_logger.py log_once [line:28] INFO val_loss                      2.0192
2026-09-24 21:12:19,948 simple_logger.py log_once [line:28] INFO mean_val_loss                 2.0207
2026-09-24 21:12:19,948 simple_logger.py log_once [line:28] INFO std_val_loss                  1.3108
2026-09-24 21:12:19,948 fedbase.py run [line:316] INFO Eval Time Cost:               1.4758s
2026-09-24 21:12:19,958 asyncbase.py iterate [line:68] INFO Select clients [np.int64(6), np.int64(1)] at time 71.
2026-09-24 21:12:20,588 asyncbase.py iterate [line:73] INFO Receive new models from clients [7, 5] at time 71
2026-09-24 21:12:20,635 fedbase.py run [line:311] INFO --------------Round 69--------------
2026-09-24 21:12:20,635 simple_logger.py log_once [line:14] INFO Current_time:71
2026-09-24 21:12:22,115 simple_logger.py log_once [line:28] INFO test_accuracy                 0.3460
2026-09-24 21:12:22,115 simple_logger.py log_once [line:28] INFO test_loss                     2.2715
2026-09-24 21:12:22,115 simple_logger.py log_once [line:28] INFO val_accuracy                  0.3477
2026-09-24 21:12:22,115 simple_logger.py log_once [line:28] INFO mean_val_accuracy             0.3464
2026-09-24 21:12:22,115 simple_logger.py log_once [line:28] INFO std_val_accuracy              0.4048
2026-09-24 21:12:22,115 simple_logger.py log_once [line:28] INFO val_loss                      2.2861
2026-09-24 21:12:22,115 simple_logger.py log_once [line:28] INFO mean_val_loss                 2.2888
2026-09-24 21:12:22,115 simple_logger.py log_once [line:28] INFO std_val_loss                  1.3216
2026-09-24 21:12:22,116 fedbase.py run [line:316] INFO Eval Time Cost:               1.4802s
2026-09-24 21:12:22,124 asyncbase.py iterate [line:68] INFO Select clients [np.int64(18), np.int64(10), np.int64(8)] at time 72.
2026-09-24 21:12:23,072 asyncbase.py iterate [line:73] INFO Receive new models from clients [8] at time 72
2026-09-24 21:12:23,098 fedbase.py run [line:311] INFO --------------Round 70--------------
2026-09-24 21:12:23,098 simple_logger.py log_once [line:14] INFO Current_time:72
2026-09-24 21:12:24,587 simple_logger.py log_once [line:28] INFO test_accuracy                 0.5283
2026-09-24 21:12:24,587 simple_logger.py log_once [line:28] INFO test_loss                     1.5302
2026-09-24 21:12:24,587 simple_logger.py log_once [line:28] INFO val_accuracy                  0.5257
2026-09-24 21:12:24,587 simple_logger.py log_once [line:28] INFO mean_val_accuracy             0.5254
2026-09-24 21:12:24,587 simple_logger.py log_once [line:28] INFO std_val_accuracy              0.3351
2026-09-24 21:12:24,587 simple_logger.py log_once [line:28] INFO val_loss                      1.5153
2026-09-24 21:12:24,587 simple_logger.py log_once [line:28] INFO mean_val_loss                 1.5157
2026-09-24 21:12:24,588 simple_logger.py log_once [line:28] INFO std_val_loss                  0.8007
2026-09-24 21:12:24,588 fedbase.py run [line:316] INFO Eval Time Cost:               1.4897s
2026-09-24 21:12:24,597 asyncbase.py iterate [line:68] INFO Select clients [np.int64(7)] at time 73.
2026-09-24 21:12:24,904 asyncbase.py iterate [line:73] INFO Receive new models from clients [1, 18, 17] at time 73
2026-09-24 21:12:24,959 fedbase.py run [line:311] INFO --------------Round 71--------------
2026-09-24 21:12:24,960 simple_logger.py log_once [line:14] INFO Current_time:73
2026-09-24 21:12:26,432 simple_logger.py log_once [line:28] INFO test_accuracy                 0.5230
2026-09-24 21:12:26,433 simple_logger.py log_once [line:28] INFO test_loss                     1.5050
2026-09-24 21:12:26,433 simple_logger.py log_once [line:28] INFO val_accuracy                  0.5229
2026-09-24 21:12:26,433 simple_logger.py log_once [line:28] INFO mean_val_accuracy             0.5227
2026-09-24 21:12:26,433 simple_logger.py log_once [line:28] INFO std_val_accuracy              0.3792
2026-09-24 21:12:26,433 simple_logger.py log_once [line:28] INFO val_loss                      1.4915
2026-09-24 21:12:26,433 simple_logger.py log_once [line:28] INFO mean_val_loss                 1.4916
2026-09-24 21:12:26,433 simple_logger.py log_once [line:28] INFO std_val_loss                  1.0165
2026-09-24 21:12:26,433 fedbase.py run [line:316] INFO Eval Time Cost:               1.4733s
2026-09-24 21:12:26,441 asyncbase.py iterate [line:68] INFO Select clients [np.int64(4), np.int64(11), np.int64(8)] at time 74.
2026-09-24 21:12:27,364 asyncbase.py iterate [line:73] INFO Receive new models from clients [6, 10, 8, 4] at time 74
2026-09-24 21:12:27,428 fedbase.py run [line:311] INFO --------------Round 72--------------
2026-09-24 21:12:27,428 simple_logger.py log_once [line:14] INFO Current_time:74
2026-09-24 21:12:28,900 simple_logger.py log_once [line:28] INFO test_accuracy                 0.4202
2026-09-24 21:12:28,900 simple_logger.py log_once [line:28] INFO test_loss                     2.1313
2026-09-24 21:12:28,900 simple_logger.py log_once [line:28] INFO val_accuracy                  0.4167
2026-09-24 21:12:28,900 simple_logger.py log_once [line:28] INFO mean_val_accuracy             0.4170
2026-09-24 21:12:28,900 simple_logger.py log_once [line:28] INFO std_val_accuracy              0.3973
2026-09-24 21:12:28,900 simple_logger.py log_once [line:28] INFO val_loss                      2.1162
2026-09-24 21:12:28,900 simple_logger.py log_once [line:28] INFO mean_val_loss                 2.1156
2026-09-24 21:12:28,900 simple_logger.py log_once [line:28] INFO std_val_loss                  1.5892
2026-09-24 21:12:28,900 fedbase.py run [line:316] INFO Eval Time Cost:               1.4718s
2026-09-24 21:12:28,910 asyncbase.py iterate [line:68] INFO Select clients [np.int64(6), np.int64(13), np.int64(8)] at time 75.
2026-09-24 21:12:29,845 asyncbase.py iterate [line:73] INFO Receive new models from clients [11, 7, 13, 8] at time 75
2026-09-24 21:12:29,907 fedbase.py run [line:311] INFO --------------Round 73--------------
2026-09-24 21:12:29,907 simple_logger.py log_once [line:14] INFO Current_time:75
2026-09-24 21:12:31,400 simple_logger.py log_once [line:28] INFO test_accuracy                 0.5313
2026-09-24 21:12:31,400 simple_logger.py log_once [line:28] INFO test_loss                     1.4778
2026-09-24 21:12:31,400 simple_logger.py log_once [line:28] INFO val_accuracy                  0.5400
2026-09-24 21:12:31,400 simple_logger.py log_once [line:28] INFO mean_val_accuracy             0.5414
2026-09-24 21:12:31,400 simple_logger.py log_once [line:28] INFO std_val_accuracy              0.3553
2026-09-24 21:12:31,400 simple_logger.py log_once [line:28] INFO val_loss                      1.4488
2026-09-24 21:12:31,400 simple_logger.py log_once [line:28] INFO mean_val_loss                 1.4448
2026-09-24 21:12:31,400 simple_logger.py log_once [line:28] INFO std_val_loss                  1.1253
2026-09-24 21:12:31,400 fedbase.py run [line:316] INFO Eval Time Cost:               1.4927s
2026-09-24 21:12:31,409 asyncbase.py iterate [line:68] INFO Select clients [np.int64(10), np.int64(11), np.int64(15), np.int64(18), np.int64(13)] at time 76.
2026-09-24 21:12:32,949 asyncbase.py iterate [line:73] INFO Receive new models from clients [11] at time 76
2026-09-24 21:12:32,973 fedbase.py run [line:311] INFO --------------Round 74--------------
2026-09-24 21:12:32,973 simple_logger.py log_once [line:14] INFO Current_time:76
2026-09-24 21:12:34,469 simple_logger.py log_once [line:28] INFO test_accuracy                 0.4339
2026-09-24 21:12:34,469 simple_logger.py log_once [line:28] INFO test_loss                     2.8567
2026-09-24 21:12:34,469 simple_logger.py log_once [line:28] INFO val_accuracy                  0.4273
2026-09-24 21:12:34,469 simple_logger.py log_once [line:28] INFO mean_val_accuracy             0.4294
2026-09-24 21:12:34,469 simple_logger.py log_once [line:28] INFO std_val_accuracy              0.4159
2026-09-24 21:12:34,469 simple_logger.py log_once [line:28] INFO val_loss                      2.8715
2026-09-24 21:12:34,469 simple_logger.py log_once [line:28] INFO mean_val_loss                 2.8612
2026-09-24 21:12:34,469 simple_logger.py log_once [line:28] INFO std_val_loss                  2.4195
2026-09-24 21:12:34,469 fedbase.py run [line:316] INFO Eval Time Cost:               1.4962s
2026-09-24 21:12:34,479 asyncbase.py iterate [line:68] INFO Select clients [np.int64(7)] at time 77.
2026-09-24 21:12:34,790 asyncbase.py iterate [line:73] INFO Receive new models from clients [13, 10] at time 77
2026-09-24 21:12:34,835 fedbase.py run [line:311] INFO --------------Round 75--------------
2026-09-24 21:12:34,835 simple_logger.py log_once [line:14] INFO Current_time:77
2026-09-24 21:12:36,352 simple_logger.py log_once [line:28] INFO test_accuracy                 0.4822
2026-09-24 21:12:36,352 simple_logger.py log_once [line:28] INFO test_loss                     2.3554
2026-09-24 21:12:36,352 simple_logger.py log_once [line:28] INFO val_accuracy                  0.4741
2026-09-24 21:12:36,352 simple_logger.py log_once [line:28] INFO mean_val_accuracy             0.4759
2026-09-24 21:12:36,353 simple_logger.py log_once [line:28] INFO std_val_accuracy              0.3901
2026-09-24 21:12:36,353 simple_logger.py log_once [line:28] INFO val_loss                      2.4203
2026-09-24 21:12:36,353 simple_logger.py log_once [line:28] INFO mean_val_loss                 2.4105
2026-09-24 21:12:36,353 simple_logger.py log_once [line:28] INFO std_val_loss                  2.1849
2026-09-24 21:12:36,353 fedbase.py run [line:316] INFO Eval Time Cost:               1.5173s
2026-09-24 21:12:36,362 asyncbase.py iterate [line:68] INFO Select clients [np.int64(10)] at time 78.
2026-09-24 21:12:36,686 asyncbase.py iterate [line:73] INFO Receive new models from clients [6, 15, 18] at time 78
2026-09-24 21:12:36,739 fedbase.py run [line:311] INFO --------------Round 76--------------
2026-09-24 21:12:36,739 simple_logger.py log_once [line:14] INFO Current_time:78
2026-09-24 21:12:38,223 simple_logger.py log_once [line:28] INFO test_accuracy                 0.5038
2026-09-24 21:12:38,223 simple_logger.py log_once [line:28] INFO test_loss                     2.0839
2026-09-24 21:12:38,223 simple_logger.py log_once [line:28] INFO val_accuracy                  0.4868
2026-09-24 21:12:38,223 simple_logger.py log_once [line:28] INFO mean_val_accuracy             0.4880
2026-09-24 21:12:38,223 simple_logger.py log_once [line:28] INFO std_val_accuracy              0.3532
2026-09-24 21:12:38,223 simple_logger.py log_once [line:28] INFO val_loss                      2.1396
2026-09-24 21:12:38,223 simple_logger.py log_once [line:28] INFO mean_val_loss                 2.1355
2026-09-24 21:12:38,223 simple_logger.py log_once [line:28] INFO std_val_loss                  1.9705
2026-09-24 21:12:38,223 fedbase.py run [line:316] INFO Eval Time Cost:               1.4846s
2026-09-24 21:12:38,233 asyncbase.py iterate [line:68] INFO Select clients [np.int64(11), np.int64(13), np.int64(14)] at time 79.
2026-09-24 21:12:39,166 asyncbase.py iterate [line:73] INFO Receive new models from clients [10, 14] at time 79
2026-09-24 21:12:39,211 fedbase.py run [line:311] INFO --------------Round 77--------------
2026-09-24 21:12:39,211 simple_logger.py log_once [line:14] INFO Current_time:79
2026-09-24 21:12:40,695 simple_logger.py log_once [line:28] INFO test_accuracy                 0.5047
2026-09-24 21:12:40,695 simple_logger.py log_once [line:28] INFO test_loss                     1.8646
2026-09-24 21:12:40,695 simple_logger.py log_once [line:28] INFO val_accuracy                  0.5003
2026-09-24 21:12:40,695 simple_logger.py log_once [line:28] INFO mean_val_accuracy             0.5020
2026-09-24 21:12:40,695 simple_logger.py log_once [line:28] INFO std_val_accuracy              0.3365
2026-09-24 21:12:40,695 simple_logger.py log_once [line:28] INFO val_loss                      1.9380
2026-09-24 21:12:40,695 simple_logger.py log_once [line:28] INFO mean_val_loss                 1.9301
2026-09-24 21:12:40,695 simple_logger.py log_once [line:28] INFO std_val_loss                  1.6560
2026-09-24 21:12:40,695 fedbase.py run [line:316] INFO Eval Time Cost:               1.4842s
2026-09-24 21:12:40,705 asyncbase.py iterate [line:68] INFO Select clients [np.int64(16), np.int64(0)] at time 80.
2026-09-24 21:12:41,327 asyncbase.py iterate [line:73] INFO Receive new models from clients [7, 16] at time 80
2026-09-24 21:12:41,372 fedbase.py run [line:311] INFO --------------Round 78--------------
2026-09-24 21:12:41,372 simple_logger.py log_once [line:14] INFO Current_time:80
2026-09-24 21:12:42,849 simple_logger.py log_once [line:28] INFO test_accuracy                 0.5949
2026-09-24 21:12:42,849 simple_logger.py log_once [line:28] INFO test_loss                     1.2416
2026-09-24 21:12:42,849 simple_logger.py log_once [line:28] INFO val_accuracy                  0.5949
2026-09-24 21:12:42,849 simple_logger.py log_once [line:28] INFO mean_val_accuracy             0.5952
2026-09-24 21:12:42,849 simple_logger.py log_once [line:28] INFO std_val_accuracy              0.2887
2026-09-24 21:12:42,849 simple_logger.py log_once [line:28] INFO val_loss                      1.2521
2026-09-24 21:12:42,849 simple_logger.py log_once [line:28] INFO mean_val_loss                 1.2505
2026-09-24 21:12:42,849 simple_logger.py log_once [line:28] INFO std_val_loss                  0.9393
2026-09-24 21:12:42,850 fedbase.py run [line:316] INFO Eval Time Cost:               1.4778s
2026-09-24 21:12:42,859 asyncbase.py iterate [line:68] INFO Select clients [np.int64(8), np.int64(17)] at time 81.
2026-09-24 21:12:43,472 asyncbase.py iterate [line:73] INFO Receive new models from clients [8, 17] at time 81
2026-09-24 21:12:43,520 fedbase.py run [line:311] INFO --------------Round 79--------------
2026-09-24 21:12:43,521 simple_logger.py log_once [line:14] INFO Current_time:81
2026-09-24 21:12:44,994 simple_logger.py log_once [line:28] INFO test_accuracy                 0.7244
2026-09-24 21:12:44,994 simple_logger.py log_once [line:28] INFO test_loss                     0.8159
2026-09-24 21:12:44,994 simple_logger.py log_once [line:28] INFO val_accuracy                  0.7105
2026-09-24 21:12:44,994 simple_logger.py log_once [line:28] INFO mean_val_accuracy             0.7116
2026-09-24 21:12:44,994 simple_logger.py log_once [line:28] INFO std_val_accuracy              0.2535
2026-09-24 21:12:44,994 simple_logger.py log_once [line:28] INFO val_loss                      0.8486
2026-09-24 21:12:44,994 simple_logger.py log_once [line:28] INFO mean_val_loss                 0.8453
2026-09-24 21:12:44,994 simple_logger.py log_once [line:28] INFO std_val_loss                  0.6642
2026-09-24 21:12:44,994 fedbase.py run [line:316] INFO Eval Time Cost:               1.4736s
2026-09-24 21:12:45,003 asyncbase.py iterate [line:68] INFO Select clients [np.int64(12), np.int64(1), np.int64(7)] at time 82.
2026-09-24 21:12:45,957 asyncbase.py iterate [line:73] INFO Receive new models from clients [0, 13, 11] at time 82
2026-09-24 21:12:46,011 fedbase.py run [line:311] INFO --------------Round 80--------------
2026-09-24 21:12:46,011 simple_logger.py log_once [line:14] INFO Current_time:82
2026-09-24 21:12:47,485 simple_logger.py log_once [line:28] INFO test_accuracy                 0.5195
2026-09-24 21:12:47,485 simple_logger.py log_once [line:28] INFO test_loss                     2.1145
2026-09-24 21:12:47,485 simple_logger.py log_once [line:28] INFO val_accuracy                  0.5154
2026-09-24 21:12:47,485 simple_logger.py log_once [line:28] INFO mean_val_accuracy             0.5166
2026-09-24 21:12:47,485 simple_logger.py log_once [line:28] INFO std_val_accuracy              0.3348
2026-09-24 21:12:47,485 simple_logger.py log_once [line:28] INFO val_loss                      2.1525
2026-09-24 21:12:47,485 simple_logger.py log_once [line:28] INFO mean_val_loss                 2.1457
2026-09-24 21:12:47,485 simple_logger.py log_once [line:28] INFO std_val_loss                  2.1103
2026-09-24 21:12:47,486 fedbase.py run [line:316] INFO Eval Time Cost:               1.4746s
2026-09-24 21:12:47,494 asyncbase.py iterate [line:68] INFO Select clients [np.int64(10), np.int64(2), np.int64(9)] at time 83.
2026-09-24 21:12:48,429 asyncbase.py iterate [line:73] INFO Receive new models from clients [1, 12, 9, 10] at time 83
2026-09-24 21:12:48,495 fedbase.py run [line:311] INFO --------------Round 81--------------
2026-09-24 21:12:48,495 simple_logger.py log_once [line:14] INFO Current_time:83
2026-09-24 21:12:49,979 simple_logger.py log_once [line:28] INFO test_accuracy                 0.6247
2026-09-24 21:12:49,979 simple_logger.py log_once [line:28] INFO test_loss                     1.2233
2026-09-24 21:12:49,979 simple_logger.py log_once [line:28] INFO val_accuracy                  0.6215
2026-09-24 21:12:49,979 simple_logger.py log_once [line:28] INFO mean_val_accuracy             0.6229
2026-09-24 21:12:49,979 simple_logger.py log_once [line:28] INFO std_val_accuracy              0.3199
2026-09-24 21:12:49,979 simple_logger.py log_once [line:28] INFO val_loss                      1.2531
2026-09-24 21:12:49,979 simple_logger.py log_once [line:28] INFO mean_val_loss                 1.2484
2026-09-24 21:12:49,979 simple_logger.py log_once [line:28] INFO std_val_loss                  1.1060
2026-09-24 21:12:49,979 fedbase.py run [line:316] INFO Eval Time Cost:               1.4846s
2026-09-24 21:12:49,989 asyncbase.py iterate [line:68] INFO Select clients [np.int64(18), np.int64(11), np.int64(19), np.int64(17)] at time 84.
2026-09-24 21:12:51,235 asyncbase.py iterate [line:73] INFO Receive new models from clients [2, 19] at time 84
2026-09-24 21:12:51,281 fedbase.py run [line:311] INFO --------------Round 82--------------
2026-09-24 21:12:51,281 simple_logger.py log_once [line:14] INFO Current_time:84
2026-09-24 21:12:52,754 simple_logger.py log_once [line:28] INFO test_accuracy                 0.6397
2026-09-24 21:12:52,755 simple_logger.py log_once [line:28] INFO test_loss                     1.1987
2026-09-24 21:12:52,755 simple_logger.py log_once [line:28] INFO val_accuracy                  0.6392
2026-09-24 21:12:52,755 simple_logger.py log_once [line:28] INFO mean_val_accuracy             0.6404
2026-09-24 21:12:52,755 simple_logger.py log_once [line:28] INFO std_val_accuracy              0.3633
2026-09-24 21:12:52,755 simple_logger.py log_once [line:28] INFO val_loss                      1.2416
2026-09-24 21:12:52,755 simple_logger.py log_once [line:28] INFO mean_val_loss                 1.2372
2026-09-24 21:12:52,755 simple_logger.py log_once [line:28] INFO std_val_loss                  1.1881
2026-09-24 21:12:52,755 fedbase.py run [line:316] INFO Eval Time Cost:               1.4740s
2026-09-24 21:12:52,763 asyncbase.py iterate [line:68] INFO Select clients [np.int64(16), np.int64(10)] at time 85.
2026-09-24 21:12:53,405 asyncbase.py iterate [line:73] INFO Receive new models from clients [7] at time 85
2026-09-24 21:12:53,429 fedbase.py run [line:311] INFO --------------Round 83--------------
2026-09-24 21:12:53,429 simple_logger.py log_once [line:14] INFO Current_time:85
2026-09-24 21:12:54,908 simple_logger.py log_once [line:28] INFO test_accuracy                 0.6299
2026-09-24 21:12:54,908 simple_logger.py log_once [line:28] INFO test_loss                     1.5757
2026-09-24 21:12:54,908 simple_logger.py log_once [line:28] INFO val_accuracy                  0.6294
2026-09-24 21:12:54,908 simple_logger.py log_once [line:28] INFO mean_val_accuracy             0.6298
2026-09-24 21:12:54,908 simple_logger.py log_once [line:28] INFO std_val_accuracy              0.3313
2026-09-24 21:12:54,909 simple_logger.py log_once [line:28] INFO val_loss                      1.5965
2026-09-24 21:12:54,909 simple_logger.py log_once [line:28] INFO mean_val_loss                 1.5933
2026-09-24 21:12:54,909 simple_logger.py log_once [line:28] INFO std_val_loss                  1.7271
2026-09-24 21:12:54,909 fedbase.py run [line:316] INFO Eval Time Cost:               1.4794s
2026-09-24 21:12:54,917 asyncbase.py iterate [line:68] INFO Select clients [np.int64(9)] at time 86.
2026-09-24 21:12:55,235 asyncbase.py iterate [line:73] INFO Receive new models from clients [18, 9] at time 86
2026-09-24 21:12:55,281 fedbase.py run [line:311] INFO --------------Round 84--------------
2026-09-24 21:12:55,281 simple_logger.py log_once [line:14] INFO Current_time:86
2026-09-24 21:12:56,765 simple_logger.py log_once [line:28] INFO test_accuracy                 0.5315
2026-09-24 21:12:56,765 simple_logger.py log_once [line:28] INFO test_loss                     2.1294
2026-09-24 21:12:56,765 simple_logger.py log_once [line:28] INFO val_accuracy                  0.5304
2026-09-24 21:12:56,765 simple_logger.py log_once [line:28] INFO mean_val_accuracy             0.5313
2026-09-24 21:12:56,765 simple_logger.py log_once [line:28] INFO std_val_accuracy              0.3726
2026-09-24 21:12:56,765 simple_logger.py log_once [line:28] INFO val_loss                      2.1446
2026-09-24 21:12:56,765 simple_logger.py log_once [line:28] INFO mean_val_loss                 2.1385
2026-09-24 21:12:56,765 simple_logger.py log_once [line:28] INFO std_val_loss                  2.0538
2026-09-24 21:12:56,765 fedbase.py run [line:316] INFO Eval Time Cost:               1.4840s
2026-09-24 21:12:56,774 asyncbase.py iterate [line:68] INFO Select clients [np.int64(0)] at time 87.
2026-09-24 21:12:57,083 asyncbase.py iterate [line:73] INFO Receive new models from clients [11, 17, 0] at time 87
2026-09-24 21:12:57,136 fedbase.py run [line:311] INFO --------------Round 85--------------
2026-09-24 21:12:57,136 simple_logger.py log_once [line:14] INFO Current_time:87
2026-09-24 21:12:58,616 simple_logger.py log_once [line:28] INFO test_accuracy                 0.5845
2026-09-24 21:12:58,616 simple_logger.py log_once [line:28] INFO test_loss                     1.4655
2026-09-24 21:12:58,616 simple_logger.py log_once [line:28] INFO val_accuracy                  0.5796
2026-09-24 21:12:58,616 simple_logger.py log_once [line:28] INFO mean_val_accuracy             0.5808
2026-09-24 21:12:58,616 simple_logger.py log_once [line:28] INFO std_val_accuracy              0.3741
2026-09-24 21:12:58,616 simple_logger.py log_once [line:28] INFO val_loss                      1.4954
2026-09-24 21:12:58,616 simple_logger.py log_once [line:28] INFO mean_val_loss                 1.4902
2026-09-24 21:12:58,616 simple_logger.py log_once [line:28] INFO std_val_loss                  1.5337
2026-09-24 21:12:58,616 fedbase.py run [line:316] INFO Eval Time Cost:               1.4808s
2026-09-24 21:12:58,627 asyncbase.py iterate [line:68] INFO Select clients [np.int64(7), np.int64(15), np.int64(11), np.int64(2)] at time 88.
2026-09-24 21:12:59,883 asyncbase.py iterate [line:73] INFO Receive new models from clients [16, 10, 11] at time 88
2026-09-24 21:12:59,937 fedbase.py run [line:311] INFO --------------Round 86--------------
2026-09-24 21:12:59,937 simple_logger.py log_once [line:14] INFO Current_time:88
2026-09-24 21:13:01,414 simple_logger.py log_once [line:28] INFO test_accuracy                 0.7052
2026-09-24 21:13:01,414 simple_logger.py log_once [line:28] INFO test_loss                     0.8932
2026-09-24 21:13:01,414 simple_logger.py log_once [line:28] INFO val_accuracy                  0.6926
2026-09-24 21:13:01,414 simple_logger.py log_once [line:28] INFO mean_val_accuracy             0.6937
2026-09-24 21:13:01,414 simple_logger.py log_once [line:28] INFO std_val_accuracy              0.2828
2026-09-24 21:13:01,414 simple_logger.py log_once [line:28] INFO val_loss                      0.9286
2026-09-24 21:13:01,414 simple_logger.py log_once [line:28] INFO mean_val_loss                 0.9255
2026-09-24 21:13:01,414 simple_logger.py log_once [line:28] INFO std_val_loss                  0.8362
2026-09-24 21:13:01,414 fedbase.py run [line:316] INFO Eval Time Cost:               1.4770s
2026-09-24 21:13:01,425 asyncbase.py iterate [line:68] INFO Select clients [np.int64(18), np.int64(13), np.int64(12)] at time 89.
2026-09-24 21:13:02,357 asyncbase.py iterate [line:73] INFO Receive new models from clients [7, 12] at time 89
2026-09-24 21:13:02,403 fedbase.py run [line:311] INFO --------------Round 87--------------
2026-09-24 21:13:02,403 simple_logger.py log_once [line:14] INFO Current_time:89
2026-09-24 21:13:03,881 simple_logger.py log_once [line:28] INFO test_accuracy                 0.7428
2026-09-24 21:13:03,881 simple_logger.py log_once [line:28] INFO test_loss                     0.7579
2026-09-24 21:13:03,881 simple_logger.py log_once [line:28] INFO val_accuracy                  0.7305
2026-09-24 21:13:03,881 simple_logger.py log_once [line:28] INFO mean_val_accuracy             0.7311
2026-09-24 21:13:03,882 simple_logger.py log_once [line:28] INFO std_val_accuracy              0.2300
2026-09-24 21:13:03,882 simple_logger.py log_once [line:28] INFO val_loss                      0.7766
2026-09-24 21:13:03,882 simple_logger.py log_once [line:28] INFO mean_val_loss                 0.7752
2026-09-24 21:13:03,882 simple_logger.py log_once [line:28] INFO std_val_loss                  0.5424
2026-09-24 21:13:03,882 fedbase.py run [line:316] INFO Eval Time Cost:               1.4790s
2026-09-24 21:13:03,890 asyncbase.py iterate [line:68] INFO Select clients [np.int64(16), np.int64(3)] at time 90.
2026-09-24 21:13:04,528 asyncbase.py iterate [line:73] INFO Receive new models from clients [13, 18, 2, 15] at time 90
2026-09-24 21:13:04,591 fedbase.py run [line:311] INFO --------------Round 88--------------
2026-09-24 21:13:04,591 simple_logger.py log_once [line:14] INFO Current_time:90
2026-09-24 21:13:06,099 simple_logger.py log_once [line:28] INFO test_accuracy                 0.5979
2026-09-24 21:13:06,099 simple_logger.py log_once [line:28] INFO test_loss                     1.3250
2026-09-24 21:13:06,099 simple_logger.py log_once [line:28] INFO val_accuracy                  0.5892
2026-09-24 21:13:06,099 simple_logger.py log_once [line:28] INFO mean_val_accuracy             0.5889
2026-09-24 21:13:06,099 simple_logger.py log_once [line:28] INFO std_val_accuracy              0.3215
2026-09-24 21:13:06,099 simple_logger.py log_once [line:28] INFO val_loss                      1.3137
2026-09-24 21:13:06,099 simple_logger.py log_once [line:28] INFO mean_val_loss                 1.3166
2026-09-24 21:13:06,099 simple_logger.py log_once [line:28] INFO std_val_loss                  1.2313
2026-09-24 21:13:06,099 fedbase.py run [line:316] INFO Eval Time Cost:               1.5080s
2026-09-24 21:13:06,109 asyncbase.py iterate [line:68] INFO Select clients [np.int64(13), np.int64(10), np.int64(14), np.int64(0)] at time 91.
2026-09-24 21:13:07,342 asyncbase.py iterate [line:73] INFO Receive new models from clients [16, 14] at time 91
2026-09-24 21:13:07,387 fedbase.py run [line:311] INFO --------------Round 89--------------
2026-09-24 21:13:07,387 simple_logger.py log_once [line:14] INFO Current_time:91
2026-09-24 21:13:08,878 simple_logger.py log_once [line:28] INFO test_accuracy                 0.6593
2026-09-24 21:13:08,878 simple_logger.py log_once [line:28] INFO test_loss                     1.6741
2026-09-24 21:13:08,878 simple_logger.py log_once [line:28] INFO val_accuracy                  0.6544
2026-09-24 21:13:08,878 simple_logger.py log_once [line:28] INFO mean_val_accuracy             0.6551
2026-09-24 21:13:08,878 simple_logger.py log_once [line:28] INFO std_val_accuracy              0.3378
2026-09-24 21:13:08,878 simple_logger.py log_once [line:28] INFO val_loss                      1.6788
2026-09-24 21:13:08,878 simple_logger.py log_once [line:28] INFO mean_val_loss                 1.6776
2026-09-24 21:13:08,878 simple_logger.py log_once [line:28] INFO std_val_loss                  2.1904
2026-09-24 21:13:08,878 fedbase.py run [line:316] INFO Eval Time Cost:               1.4910s
2026-09-24 21:13:08,887 asyncbase.py iterate [line:68] INFO Select clients [np.int64(19)] at time 92.
2026-09-24 21:13:09,256 asyncbase.py iterate [line:73] INFO Receive new models from clients [10, 0, 19] at time 92
2026-09-24 21:13:09,310 fedbase.py run [line:311] INFO --------------Round 90--------------
2026-09-24 21:13:09,310 simple_logger.py log_once [line:14] INFO Current_time:92
2026-09-24 21:13:10,815 simple_logger.py log_once [line:28] INFO test_accuracy                 0.6281
2026-09-24 21:13:10,815 simple_logger.py log_once [line:28] INFO test_loss                     1.6229
2026-09-24 21:13:10,815 simple_logger.py log_once [line:28] INFO val_accuracy                  0.6295
2026-09-24 21:13:10,815 simple_logger.py log_once [line:28] INFO mean_val_accuracy             0.6302
2026-09-24 21:13:10,815 simple_logger.py log_once [line:28] INFO std_val_accuracy              0.3535
2026-09-24 21:13:10,815 simple_logger.py log_once [line:28] INFO val_loss                      1.6248
2026-09-24 21:13:10,815 simple_logger.py log_once [line:28] INFO mean_val_loss                 1.6214
2026-09-24 21:13:10,815 simple_logger.py log_once [line:28] INFO std_val_loss                  1.8160
2026-09-24 21:13:10,815 fedbase.py run [line:316] INFO Eval Time Cost:               1.5051s
2026-09-24 21:13:10,824 asyncbase.py iterate [line:68] INFO Select clients [np.int64(0), np.int64(4), np.int64(16), np.int64(14)] at time 93.
2026-09-24 21:13:12,079 asyncbase.py iterate [line:73] INFO Receive new models from clients [13, 0, 14, 3] at time 93
2026-09-24 21:13:12,143 fedbase.py run [line:311] INFO --------------Round 91--------------
2026-09-24 21:13:12,143 simple_logger.py log_once [line:14] INFO Current_time:93
2026-09-24 21:13:13,631 simple_logger.py log_once [line:28] INFO test_accuracy                 0.6225
2026-09-24 21:13:13,631 simple_logger.py log_once [line:28] INFO test_loss                     1.8898
2026-09-24 21:13:13,631 simple_logger.py log_once [line:28] INFO val_accuracy                  0.6243
2026-09-24 21:13:13,631 simple_logger.py log_once [line:28] INFO mean_val_accuracy             0.6249
2026-09-24 21:13:13,631 simple_logger.py log_once [line:28] INFO std_val_accuracy              0.3437
2026-09-24 21:13:13,631 simple_logger.py log_once [line:28] INFO val_loss                      1.8827
2026-09-24 21:13:13,631 simple_logger.py log_once [line:28] INFO mean_val_loss                 1.8809
2026-09-24 21:13:13,631 simple_logger.py log_once [line:28] INFO std_val_loss                  2.4098
2026-09-24 21:13:13,631 fedbase.py run [line:316] INFO Eval Time Cost:               1.4881s
2026-09-24 21:13:13,640 asyncbase.py iterate [line:68] INFO Select clients [np.int64(10), np.int64(17), np.int64(14)] at time 94.
2026-09-24 21:13:14,576 asyncbase.py iterate [line:73] INFO Receive new models from clients [17, 14] at time 94
2026-09-24 21:13:14,622 fedbase.py run [line:311] INFO --------------Round 92--------------
2026-09-24 21:13:14,622 simple_logger.py log_once [line:14] INFO Current_time:94
2026-09-24 21:13:16,188 simple_logger.py log_once [line:28] INFO test_accuracy                 0.8171
2026-09-24 21:13:16,189 simple_logger.py log_once [line:28] INFO test_loss                     0.7337
2026-09-24 21:13:16,189 simple_logger.py log_once [line:28] INFO val_accuracy                  0.8103
2026-09-24 21:13:16,189 simple_logger.py log_once [line:28] INFO mean_val_accuracy             0.8113
2026-09-24 21:13:16,189 simple_logger.py log_once [line:28] INFO std_val_accuracy              0.2554
2026-09-24 21:13:16,189 simple_logger.py log_once [line:28] INFO val_loss                      0.7555
2026-09-24 21:13:16,189 simple_logger.py log_once [line:28] INFO mean_val_loss                 0.7508
2026-09-24 21:13:16,189 simple_logger.py log_once [line:28] INFO std_val_loss                  1.1206
2026-09-24 21:13:16,189 fedbase.py run [line:316] INFO Eval Time Cost:               1.5667s
2026-09-24 21:13:16,197 asyncbase.py iterate [line:68] INFO Select clients [np.int64(9), np.int64(18)] at time 95.
2026-09-24 21:13:16,831 asyncbase.py iterate [line:73] INFO Receive new models from clients [16, 9] at time 95
2026-09-24 21:13:16,878 fedbase.py run [line:311] INFO --------------Round 93--------------
2026-09-24 21:13:16,878 simple_logger.py log_once [line:14] INFO Current_time:95
2026-09-24 21:13:18,352 simple_logger.py log_once [line:28] INFO test_accuracy                 0.6659
2026-09-24 21:13:18,352 simple_logger.py log_once [line:28] INFO test_loss                     1.4128
2026-09-24 21:13:18,352 simple_logger.py log_once [line:28] INFO val_accuracy                  0.6577
2026-09-24 21:13:18,352 simple_logger.py log_once [line:28] INFO mean_val_accuracy             0.6583
2026-09-24 21:13:18,352 simple_logger.py log_once [line:28] INFO std_val_accuracy              0.3590
2026-09-24 21:13:18,352 simple_logger.py log_once [line:28] INFO val_loss                      1.4276
2026-09-24 21:13:18,352 simple_logger.py log_once [line:28] INFO mean_val_loss                 1.4237
2026-09-24 21:13:18,352 simple_logger.py log_once [line:28] INFO std_val_loss                  1.7397
2026-09-24 21:13:18,352 fedbase.py run [line:316] INFO Eval Time Cost:               1.4740s
2026-09-24 21:13:18,363 asyncbase.py iterate [line:68] INFO Select clients [np.int64(0), np.int64(11), np.int64(9)] at time 96.
2026-09-24 21:13:19,300 asyncbase.py iterate [line:73] INFO Receive new models from clients [4, 9, 0] at time 96
2026-09-24 21:13:19,354 fedbase.py run [line:311] INFO --------------Round 94--------------
2026-09-24 21:13:19,354 simple_logger.py log_once [line:14] INFO Current_time:96
2026-09-24 21:13:20,837 simple_logger.py log_once [line:28] INFO test_accuracy                 0.7049
2026-09-24 21:13:20,837 simple_logger.py log_once [line:28] INFO test_loss                     1.0721
2026-09-24 21:13:20,837 simple_logger.py log_once [line:28] INFO val_accuracy                  0.7001
2026-09-24 21:13:20,837 simple_logger.py log_once [line:28] INFO mean_val_accuracy             0.7016
2026-09-24 21:13:20,837 simple_logger.py log_once [line:28] INFO std_val_accuracy              0.3483
2026-09-24 21:13:20,837 simple_logger.py log_once [line:28] INFO val_loss                      1.0686
2026-09-24 21:13:20,837 simple_logger.py log_once [line:28] INFO mean_val_loss                 1.0631
2026-09-24 21:13:20,837 simple_logger.py log_once [line:28] INFO std_val_loss                  1.3244
2026-09-24 21:13:20,837 fedbase.py run [line:316] INFO Eval Time Cost:               1.4828s
2026-09-24 21:13:20,847 asyncbase.py iterate [line:68] INFO Select clients [np.int64(3), np.int64(4), np.int64(14)] at time 97.
2026-09-24 21:13:21,808 asyncbase.py iterate [line:73] INFO Receive new models from clients [18, 10, 14, 4] at time 97
2026-09-24 21:13:21,872 fedbase.py run [line:311] INFO --------------Round 95--------------
2026-09-24 21:13:21,873 simple_logger.py log_once [line:14] INFO Current_time:97
2026-09-24 21:13:23,359 simple_logger.py log_once [line:28] INFO test_accuracy                 0.7028
2026-09-24 21:13:23,359 simple_logger.py log_once [line:28] INFO test_loss                     1.2138
2026-09-24 21:13:23,359 simple_logger.py log_once [line:28] INFO val_accuracy                  0.6924
2026-09-24 21:13:23,359 simple_logger.py log_once [line:28] INFO mean_val_accuracy             0.6937
2026-09-24 21:13:23,359 simple_logger.py log_once [line:28] INFO std_val_accuracy              0.3416
2026-09-24 21:13:23,359 simple_logger.py log_once [line:28] INFO val_loss                      1.2196
2026-09-24 21:13:23,359 simple_logger.py log_once [line:28] INFO mean_val_loss                 1.2136
2026-09-24 21:13:23,359 simple_logger.py log_once [line:28] INFO std_val_loss                  1.5616
2026-09-24 21:13:23,359 fedbase.py run [line:316] INFO Eval Time Cost:               1.4869s
2026-09-24 21:13:23,368 asyncbase.py iterate [line:68] INFO Select clients [np.int64(15), np.int64(18), np.int64(17), np.int64(6)] at time 98.
2026-09-24 21:13:24,635 asyncbase.py iterate [line:73] INFO Receive new models from clients [3, 6] at time 98
2026-09-24 21:13:24,683 fedbase.py run [line:311] INFO --------------Round 96--------------
2026-09-24 21:13:24,683 simple_logger.py log_once [line:14] INFO Current_time:98
2026-09-24 21:13:26,176 simple_logger.py log_once [line:28] INFO test_accuracy                 0.7946
2026-09-24 21:13:26,176 simple_logger.py log_once [line:28] INFO test_loss                     0.6218
2026-09-24 21:13:26,176 simple_logger.py log_once [line:28] INFO val_accuracy                  0.7871
2026-09-24 21:13:26,176 simple_logger.py log_once [line:28] INFO mean_val_accuracy             0.7871
2026-09-24 21:13:26,176 simple_logger.py log_once [line:28] INFO std_val_accuracy              0.2789
2026-09-24 21:13:26,176 simple_logger.py log_once [line:28] INFO val_loss                      0.6354
2026-09-24 21:13:26,176 simple_logger.py log_once [line:28] INFO mean_val_loss                 0.6350
2026-09-24 21:13:26,176 simple_logger.py log_once [line:28] INFO std_val_loss                  0.6484
2026-09-24 21:13:26,176 fedbase.py run [line:316] INFO Eval Time Cost:               1.4939s
2026-09-24 21:13:26,186 asyncbase.py iterate [line:68] INFO Select clients [np.int64(13), np.int64(8)] at time 99.
2026-09-24 21:13:26,806 asyncbase.py iterate [line:73] INFO Receive new models from clients [18, 8, 11] at time 99
2026-09-24 21:13:26,863 fedbase.py run [line:311] INFO --------------Round 97--------------
2026-09-24 21:13:26,863 simple_logger.py log_once [line:14] INFO Current_time:99
2026-09-24 21:13:28,334 simple_logger.py log_once [line:28] INFO test_accuracy                 0.7885
2026-09-24 21:13:28,334 simple_logger.py log_once [line:28] INFO test_loss                     0.6000
2026-09-24 21:13:28,334 simple_logger.py log_once [line:28] INFO val_accuracy                  0.7833
2026-09-24 21:13:28,334 simple_logger.py log_once [line:28] INFO mean_val_accuracy             0.7836
2026-09-24 21:13:28,334 simple_logger.py log_once [line:28] INFO std_val_accuracy              0.2805
2026-09-24 21:13:28,334 simple_logger.py log_once [line:28] INFO val_loss                      0.6219
2026-09-24 21:13:28,334 simple_logger.py log_once [line:28] INFO mean_val_loss                 0.6207
2026-09-24 21:13:28,334 simple_logger.py log_once [line:28] INFO std_val_loss                  0.6374
2026-09-24 21:13:28,334 fedbase.py run [line:316] INFO Eval Time Cost:               1.4713s
2026-09-24 21:13:28,345 asyncbase.py iterate [line:68] INFO Select clients [np.int64(1), np.int64(0)] at time 100.
2026-09-24 21:13:28,962 asyncbase.py iterate [line:73] INFO Receive new models from clients [17, 15, 0] at time 100
2026-09-24 21:13:29,018 fedbase.py run [line:311] INFO --------------Round 98--------------
2026-09-24 21:13:29,018 simple_logger.py log_once [line:14] INFO Current_time:100
2026-09-24 21:13:30,502 simple_logger.py log_once [line:28] INFO test_accuracy                 0.6986
2026-09-24 21:13:30,502 simple_logger.py log_once [line:28] INFO test_loss                     0.7832
2026-09-24 21:13:30,502 simple_logger.py log_once [line:28] INFO val_accuracy                  0.6888
2026-09-24 21:13:30,502 simple_logger.py log_once [line:28] INFO mean_val_accuracy             0.6893
2026-09-24 21:13:30,502 simple_logger.py log_once [line:28] INFO std_val_accuracy              0.3160
2026-09-24 21:13:30,502 simple_logger.py log_once [line:28] INFO val_loss                      0.8223
2026-09-24 21:13:30,502 simple_logger.py log_once [line:28] INFO mean_val_loss                 0.8209
2026-09-24 21:13:30,502 simple_logger.py log_once [line:28] INFO std_val_loss                  0.6821
2026-09-24 21:13:30,502 fedbase.py run [line:316] INFO Eval Time Cost:               1.4843s
2026-09-24 21:13:30,512 asyncbase.py iterate [line:68] INFO Select clients [np.int64(17), np.int64(16), np.int64(0), np.int64(10)] at time 101.
2026-09-24 21:13:31,759 asyncbase.py iterate [line:73] INFO Receive new models from clients [13, 10] at time 101
2026-09-24 21:13:31,805 fedbase.py run [line:311] INFO --------------Round 99--------------
2026-09-24 21:13:31,805 simple_logger.py log_once [line:14] INFO Current_time:101
2026-09-24 21:13:33,293 simple_logger.py log_once [line:28] INFO test_accuracy                 0.5806
2026-09-24 21:13:33,293 simple_logger.py log_once [line:28] INFO test_loss                     1.2494
2026-09-24 21:13:33,293 simple_logger.py log_once [line:28] INFO val_accuracy                  0.5787
2026-09-24 21:13:33,293 simple_logger.py log_once [line:28] INFO mean_val_accuracy             0.5797
2026-09-24 21:13:33,293 simple_logger.py log_once [line:28] INFO std_val_accuracy              0.3310
2026-09-24 21:13:33,293 simple_logger.py log_once [line:28] INFO val_loss                      1.2974
2026-09-24 21:13:33,293 simple_logger.py log_once [line:28] INFO mean_val_loss                 1.2935
2026-09-24 21:13:33,293 simple_logger.py log_once [line:28] INFO std_val_loss                  1.1516
2026-09-24 21:13:33,293 fedbase.py run [line:316] INFO Eval Time Cost:               1.4882s
2026-09-24 21:13:33,301 asyncbase.py iterate [line:68] INFO Select clients [np.int64(7)] at time 102.
2026-09-24 21:13:33,612 asyncbase.py iterate [line:73] INFO Receive new models from clients [1, 17, 7] at time 102
2026-09-24 21:13:33,667 fedbase.py run [line:311] INFO --------------Round 100--------------
2026-09-24 21:13:33,667 simple_logger.py log_once [line:14] INFO Current_time:102
2026-09-24 21:13:35,139 simple_logger.py log_once [line:28] INFO test_accuracy                 0.6676
2026-09-24 21:13:35,140 simple_logger.py log_once [line:28] INFO test_loss                     0.9675
2026-09-24 21:13:35,140 simple_logger.py log_once [line:28] INFO val_accuracy                  0.6647
2026-09-24 21:13:35,140 simple_logger.py log_once [line:28] INFO mean_val_accuracy             0.6657
2026-09-24 21:13:35,140 simple_logger.py log_once [line:28] INFO std_val_accuracy              0.2884
2026-09-24 21:13:35,140 simple_logger.py log_once [line:28] INFO val_loss                      1.0028
2026-09-24 21:13:35,140 simple_logger.py log_once [line:28] INFO mean_val_loss                 1.0000
2026-09-24 21:13:35,140 simple_logger.py log_once [line:28] INFO std_val_loss                  0.8358
2026-09-24 21:13:35,140 fedbase.py run [line:316] INFO Eval Time Cost:               1.4724s
2026-09-24 21:13:35,140 fedbase.py run [line:324] INFO =================End==================
2026-09-24 21:13:35,140 fedbase.py run [line:325] INFO Total Time Cost:              237.7045s
