E:\fl-experiment\.venv\Lib\site-packages\torch\cuda\__init__.py:61: FutureWarning: The pynvml package is deprecated. Please install nvidia-ml-py instead. If you did not install pynvml directly, please report this to the maintainers of the package that installed pynvml for you.
  import pynvml  # type: ignore[import]
2026-09-24 20:35:51,781 fflow.py init [line:848] INFO PROCESS ID:	45620
2026-09-24 20:35:51,782 fflow.py init [line:849] INFO Initializing devices: cuda:0 will be used for this running.
2026-09-24 20:35:51,782 fflow.py init [line:852] INFO BENCHMARK:	flgo.benchmark.mnist_classification
2026-09-24 20:35:51,782 fflow.py init [line:853] INFO TASK:			E:\Federated Machine Learning\FL-Byzantine-Library\mnist_dir20
2026-09-24 20:35:51,791 fflow.py init [line:854] INFO MODEL:		flgo.benchmark.mnist_classification.model.cnn
2026-09-24 20:35:51,791 fflow.py init [line:855] INFO ALGORITHM:	research_algorithm
2026-09-24 20:35:52,889 fflow.py init [line:901] INFO SCENE:		horizontal FL with 1 <class 'flgo_byzantine.research_algorithm.Server'>, 20 <class 'flgo_byzantine.research_algorithm.Client'>
2026-09-24 20:35:52,979 fflow.py init [line:918] INFO SIMULATOR:	<class 'flgo.simulator.default_simulator.Simulator'>
2026-09-24 20:35:57,489 fflow.py init [line:931] INFO Ready to start.
2026-09-24 20:35:57,489 fedbase.py run [line:300] INFO --------------Initial Evaluation--------------
2026-09-24 20:35:57,489 simple_logger.py log_once [line:14] INFO Current_time:0
2026-09-24 20:35:59,094 simple_logger.py log_once [line:28] INFO test_accuracy                 0.0875
2026-09-24 20:35:59,094 simple_logger.py log_once [line:28] INFO test_loss                     2.3101
2026-09-24 20:35:59,094 simple_logger.py log_once [line:28] INFO val_accuracy                  0.0866
2026-09-24 20:35:59,094 simple_logger.py log_once [line:28] INFO mean_val_accuracy             0.0874
2026-09-24 20:35:59,094 simple_logger.py log_once [line:28] INFO std_val_accuracy              0.2312
2026-09-24 20:35:59,094 simple_logger.py log_once [line:28] INFO val_loss                      2.3109
2026-09-24 20:35:59,094 simple_logger.py log_once [line:28] INFO mean_val_loss                 2.3111
2026-09-24 20:35:59,094 simple_logger.py log_once [line:28] INFO std_val_loss                  0.0785
2026-09-24 20:35:59,094 fedbase.py run [line:303] INFO Eval Time Cost:               1.6052s
2026-09-24 20:35:59,106 asyncbase.py iterate [line:68] INFO Select clients [np.int64(11), np.int64(3), np.int64(19), np.int64(4), np.int64(10), np.int64(9)] at time 1.
2026-09-24 20:36:01,043 asyncbase.py iterate [line:73] INFO Receive new models from clients [3] at time 1
2026-09-24 20:36:01,076 fedbase.py run [line:311] INFO --------------Round 1--------------
2026-09-24 20:36:01,076 simple_logger.py log_once [line:14] INFO Current_time:1
2026-09-24 20:36:02,662 simple_logger.py log_once [line:28] INFO test_accuracy                 0.1009
2026-09-24 20:36:02,662 simple_logger.py log_once [line:28] INFO test_loss                     6.6140
2026-09-24 20:36:02,662 simple_logger.py log_once [line:28] INFO val_accuracy                  0.0999
2026-09-24 20:36:02,663 simple_logger.py log_once [line:28] INFO mean_val_accuracy             0.0994
2026-09-24 20:36:02,663 simple_logger.py log_once [line:28] INFO std_val_accuracy              0.2889
2026-09-24 20:36:02,663 simple_logger.py log_once [line:28] INFO val_loss                      6.5773
2026-09-24 20:36:02,663 simple_logger.py log_once [line:28] INFO mean_val_loss                 6.5861
2026-09-24 20:36:02,663 simple_logger.py log_once [line:28] INFO std_val_loss                  2.3185
2026-09-24 20:36:02,663 fedbase.py run [line:316] INFO Eval Time Cost:               1.5867s
2026-09-24 20:36:02,678 asyncbase.py iterate [line:68] INFO Select clients [np.int64(7)] at time 3.
2026-09-24 20:36:02,990 asyncbase.py iterate [line:73] INFO Receive new models from clients [11, 4] at time 3
2026-09-24 20:36:03,029 fedbase.py run [line:311] INFO --------------Round 2--------------
2026-09-24 20:36:03,030 simple_logger.py log_once [line:14] INFO Current_time:3
2026-09-24 20:36:04,494 simple_logger.py log_once [line:28] INFO test_accuracy                 0.1577
2026-09-24 20:36:04,494 simple_logger.py log_once [line:28] INFO test_loss                     2.8694
2026-09-24 20:36:04,494 simple_logger.py log_once [line:28] INFO val_accuracy                  0.1583
2026-09-24 20:36:04,494 simple_logger.py log_once [line:28] INFO mean_val_accuracy             0.1584
2026-09-24 20:36:04,494 simple_logger.py log_once [line:28] INFO std_val_accuracy              0.3092
2026-09-24 20:36:04,494 simple_logger.py log_once [line:28] INFO val_loss                      2.8644
2026-09-24 20:36:04,494 simple_logger.py log_once [line:28] INFO mean_val_loss                 2.8627
2026-09-24 20:36:04,494 simple_logger.py log_once [line:28] INFO std_val_loss                  1.5094
2026-09-24 20:36:04,494 fedbase.py run [line:316] INFO Eval Time Cost:               1.4646s
2026-09-24 20:36:04,503 asyncbase.py iterate [line:68] INFO Select clients [np.int64(15), np.int64(1)] at time 4.
2026-09-24 20:36:05,130 asyncbase.py iterate [line:73] INFO Receive new models from clients [10, 1, 7] at time 4
2026-09-24 20:36:05,174 fedbase.py run [line:311] INFO --------------Round 3--------------
2026-09-24 20:36:05,174 simple_logger.py log_once [line:14] INFO Current_time:4
2026-09-24 20:36:06,635 simple_logger.py log_once [line:28] INFO test_accuracy                 0.1296
2026-09-24 20:36:06,636 simple_logger.py log_once [line:28] INFO test_loss                     2.2372
2026-09-24 20:36:06,636 simple_logger.py log_once [line:28] INFO val_accuracy                  0.1259
2026-09-24 20:36:06,636 simple_logger.py log_once [line:28] INFO mean_val_accuracy             0.1263
2026-09-24 20:36:06,636 simple_logger.py log_once [line:28] INFO std_val_accuracy              0.2837
2026-09-24 20:36:06,636 simple_logger.py log_once [line:28] INFO val_loss                      2.2341
2026-09-24 20:36:06,636 simple_logger.py log_once [line:28] INFO mean_val_loss                 2.2324
2026-09-24 20:36:06,636 simple_logger.py log_once [line:28] INFO std_val_loss                  0.4491
2026-09-24 20:36:06,636 fedbase.py run [line:316] INFO Eval Time Cost:               1.4617s
2026-09-24 20:36:06,645 asyncbase.py iterate [line:68] INFO Select clients [np.int64(10), np.int64(4), np.int64(2)] at time 5.
2026-09-24 20:36:07,561 asyncbase.py iterate [line:73] INFO Receive new models from clients [10] at time 5
2026-09-24 20:36:07,585 fedbase.py run [line:311] INFO --------------Round 4--------------
2026-09-24 20:36:07,585 simple_logger.py log_once [line:14] INFO Current_time:5
2026-09-24 20:36:09,053 simple_logger.py log_once [line:28] INFO test_accuracy                 0.1687
2026-09-24 20:36:09,053 simple_logger.py log_once [line:28] INFO test_loss                     7.4390
2026-09-24 20:36:09,053 simple_logger.py log_once [line:28] INFO val_accuracy                  0.1732
2026-09-24 20:36:09,053 simple_logger.py log_once [line:28] INFO mean_val_accuracy             0.1732
2026-09-24 20:36:09,053 simple_logger.py log_once [line:28] INFO std_val_accuracy              0.3313
2026-09-24 20:36:09,053 simple_logger.py log_once [line:28] INFO val_loss                      7.4323
2026-09-24 20:36:09,053 simple_logger.py log_once [line:28] INFO mean_val_loss                 7.4308
2026-09-24 20:36:09,053 simple_logger.py log_once [line:28] INFO std_val_loss                  3.5111
2026-09-24 20:36:09,053 fedbase.py run [line:316] INFO Eval Time Cost:               1.4677s
2026-09-24 20:36:09,062 asyncbase.py iterate [line:68] INFO Select clients [np.int64(16)] at time 6.
2026-09-24 20:36:09,380 asyncbase.py iterate [line:73] INFO Receive new models from clients [15] at time 6
2026-09-24 20:36:09,406 fedbase.py run [line:311] INFO --------------Round 5--------------
2026-09-24 20:36:09,406 simple_logger.py log_once [line:14] INFO Current_time:6
2026-09-24 20:36:10,965 simple_logger.py log_once [line:28] INFO test_accuracy                 0.0974
2026-09-24 20:36:10,965 simple_logger.py log_once [line:28] INFO test_loss                     11.8075
2026-09-24 20:36:10,965 simple_logger.py log_once [line:28] INFO val_accuracy                  0.0972
2026-09-24 20:36:10,965 simple_logger.py log_once [line:28] INFO mean_val_accuracy             0.0962
2026-09-24 20:36:10,965 simple_logger.py log_once [line:28] INFO std_val_accuracy              0.2801
2026-09-24 20:36:10,965 simple_logger.py log_once [line:28] INFO val_loss                      11.7451
2026-09-24 20:36:10,965 simple_logger.py log_once [line:28] INFO mean_val_loss                 11.7592
2026-09-24 20:36:10,965 simple_logger.py log_once [line:28] INFO std_val_loss                  5.7074
2026-09-24 20:36:10,965 fedbase.py run [line:316] INFO Eval Time Cost:               1.5592s
2026-09-24 20:36:10,974 asyncbase.py iterate [line:68] INFO Select clients [np.int64(3)] at time 7.
2026-09-24 20:36:11,284 asyncbase.py iterate [line:73] INFO Receive new models from clients [4, 19, 9] at time 7
2026-09-24 20:36:11,344 fedbase.py run [line:311] INFO --------------Round 6--------------
2026-09-24 20:36:11,344 simple_logger.py log_once [line:14] INFO Current_time:7
2026-09-24 20:36:12,807 simple_logger.py log_once [line:28] INFO test_accuracy                 0.0974
2026-09-24 20:36:12,807 simple_logger.py log_once [line:28] INFO test_loss                     12.0016
2026-09-24 20:36:12,807 simple_logger.py log_once [line:28] INFO val_accuracy                  0.0972
2026-09-24 20:36:12,807 simple_logger.py log_once [line:28] INFO mean_val_accuracy             0.0962
2026-09-24 20:36:12,807 simple_logger.py log_once [line:28] INFO std_val_accuracy              0.2801
2026-09-24 20:36:12,807 simple_logger.py log_once [line:28] INFO val_loss                      11.9380
2026-09-24 20:36:12,807 simple_logger.py log_once [line:28] INFO mean_val_loss                 11.9535
2026-09-24 20:36:12,807 simple_logger.py log_once [line:28] INFO std_val_loss                  5.5869
2026-09-24 20:36:12,807 fedbase.py run [line:316] INFO Eval Time Cost:               1.4634s
2026-09-24 20:36:12,816 asyncbase.py iterate [line:68] INFO Select clients [np.int64(11), np.int64(9), np.int64(10)] at time 8.
2026-09-24 20:36:13,728 asyncbase.py iterate [line:73] INFO Receive new models from clients [16, 2, 10] at time 8
2026-09-24 20:36:13,777 fedbase.py run [line:311] INFO --------------Round 7--------------
2026-09-24 20:36:13,777 simple_logger.py log_once [line:14] INFO Current_time:8
2026-09-24 20:36:15,252 simple_logger.py log_once [line:28] INFO test_accuracy                 0.1734
2026-09-24 20:36:15,252 simple_logger.py log_once [line:28] INFO test_loss                     2.2353
2026-09-24 20:36:15,252 simple_logger.py log_once [line:28] INFO val_accuracy                  0.1765
2026-09-24 20:36:15,252 simple_logger.py log_once [line:28] INFO mean_val_accuracy             0.1765
2026-09-24 20:36:15,252 simple_logger.py log_once [line:28] INFO std_val_accuracy              0.3376
2026-09-24 20:36:15,252 simple_logger.py log_once [line:28] INFO val_loss                      2.2363
2026-09-24 20:36:15,252 simple_logger.py log_once [line:28] INFO mean_val_loss                 2.2367
2026-09-24 20:36:15,252 simple_logger.py log_once [line:28] INFO std_val_loss                  0.2415
2026-09-24 20:36:15,252 fedbase.py run [line:316] INFO Eval Time Cost:               1.4748s
2026-09-24 20:36:15,260 asyncbase.py iterate [line:68] INFO Select clients [np.int64(6), np.int64(12), np.int64(15)] at time 9.
2026-09-24 20:36:16,193 asyncbase.py iterate [line:73] INFO Receive new models from clients [6] at time 9
2026-09-24 20:36:16,217 fedbase.py run [line:311] INFO --------------Round 8--------------
2026-09-24 20:36:16,217 simple_logger.py log_once [line:14] INFO Current_time:9
2026-09-24 20:36:17,684 simple_logger.py log_once [line:28] INFO test_accuracy                 0.1961
2026-09-24 20:36:17,684 simple_logger.py log_once [line:28] INFO test_loss                     5.0162
2026-09-24 20:36:17,684 simple_logger.py log_once [line:28] INFO val_accuracy                  0.2011
2026-09-24 20:36:17,684 simple_logger.py log_once [line:28] INFO mean_val_accuracy             0.2015
2026-09-24 20:36:17,684 simple_logger.py log_once [line:28] INFO std_val_accuracy              0.3862
2026-09-24 20:36:17,684 simple_logger.py log_once [line:28] INFO val_loss                      4.9297
2026-09-24 20:36:17,684 simple_logger.py log_once [line:28] INFO mean_val_loss                 4.9378
2026-09-24 20:36:17,684 simple_logger.py log_once [line:28] INFO std_val_loss                  2.8986
2026-09-24 20:36:17,684 fedbase.py run [line:316] INFO Eval Time Cost:               1.4665s
2026-09-24 20:36:17,693 asyncbase.py iterate [line:68] INFO Select clients [np.int64(6)] at time 10.
2026-09-24 20:36:18,007 asyncbase.py iterate [line:73] INFO Receive new models from clients [3, 6, 12, 15] at time 10
2026-09-24 20:36:18,068 fedbase.py run [line:311] INFO --------------Round 9--------------
2026-09-24 20:36:18,068 simple_logger.py log_once [line:14] INFO Current_time:10
2026-09-24 20:36:19,538 simple_logger.py log_once [line:28] INFO test_accuracy                 0.1968
2026-09-24 20:36:19,538 simple_logger.py log_once [line:28] INFO test_loss                     5.6425
2026-09-24 20:36:19,538 simple_logger.py log_once [line:28] INFO val_accuracy                  0.2015
2026-09-24 20:36:19,538 simple_logger.py log_once [line:28] INFO mean_val_accuracy             0.2018
2026-09-24 20:36:19,538 simple_logger.py log_once [line:28] INFO std_val_accuracy              0.3869
2026-09-24 20:36:19,538 simple_logger.py log_once [line:28] INFO val_loss                      5.5519
2026-09-24 20:36:19,538 simple_logger.py log_once [line:28] INFO mean_val_loss                 5.5610
2026-09-24 20:36:19,538 simple_logger.py log_once [line:28] INFO std_val_loss                  3.3953
2026-09-24 20:36:19,538 fedbase.py run [line:316] INFO Eval Time Cost:               1.4705s
2026-09-24 20:36:19,547 asyncbase.py iterate [line:68] INFO Select clients [np.int64(7), np.int64(15), np.int64(5)] at time 11.
2026-09-24 20:36:20,484 asyncbase.py iterate [line:73] INFO Receive new models from clients [11] at time 11
2026-09-24 20:36:20,507 fedbase.py run [line:311] INFO --------------Round 10--------------
2026-09-24 20:36:20,507 simple_logger.py log_once [line:14] INFO Current_time:11
2026-09-24 20:36:21,980 simple_logger.py log_once [line:28] INFO test_accuracy                 0.2081
2026-09-24 20:36:21,980 simple_logger.py log_once [line:28] INFO test_loss                     4.3493
2026-09-24 20:36:21,980 simple_logger.py log_once [line:28] INFO val_accuracy                  0.2086
2026-09-24 20:36:21,980 simple_logger.py log_once [line:28] INFO mean_val_accuracy             0.2095
2026-09-24 20:36:21,980 simple_logger.py log_once [line:28] INFO std_val_accuracy              0.3571
2026-09-24 20:36:21,980 simple_logger.py log_once [line:28] INFO val_loss                      4.3479
2026-09-24 20:36:21,980 simple_logger.py log_once [line:28] INFO mean_val_loss                 4.3363
2026-09-24 20:36:21,980 simple_logger.py log_once [line:28] INFO std_val_loss                  2.5014
2026-09-24 20:36:21,980 fedbase.py run [line:316] INFO Eval Time Cost:               1.4733s
2026-09-24 20:36:21,989 asyncbase.py iterate [line:68] INFO Select clients [np.int64(10), np.int64(3)] at time 12.
2026-09-24 20:36:22,607 asyncbase.py iterate [line:73] INFO Receive new models from clients [15] at time 12
2026-09-24 20:36:22,629 fedbase.py run [line:311] INFO --------------Round 11--------------
2026-09-24 20:36:22,630 simple_logger.py log_once [line:14] INFO Current_time:12
2026-09-24 20:36:24,112 simple_logger.py log_once [line:28] INFO test_accuracy                 0.1343
2026-09-24 20:36:24,112 simple_logger.py log_once [line:28] INFO test_loss                     14.0319
2026-09-24 20:36:24,112 simple_logger.py log_once [line:28] INFO val_accuracy                  0.1351
2026-09-24 20:36:24,112 simple_logger.py log_once [line:28] INFO mean_val_accuracy             0.1345
2026-09-24 20:36:24,113 simple_logger.py log_once [line:28] INFO std_val_accuracy              0.2841
2026-09-24 20:36:24,113 simple_logger.py log_once [line:28] INFO val_loss                      14.1476
2026-09-24 20:36:24,113 simple_logger.py log_once [line:28] INFO mean_val_loss                 14.1428
2026-09-24 20:36:24,113 simple_logger.py log_once [line:28] INFO std_val_loss                  6.7689
2026-09-24 20:36:24,113 fedbase.py run [line:316] INFO Eval Time Cost:               1.4832s
2026-09-24 20:36:24,121 asyncbase.py iterate [line:68] INFO Select clients [np.int64(4)] at time 13.
2026-09-24 20:36:24,433 asyncbase.py iterate [line:73] INFO Receive new models from clients [7, 3] at time 13
2026-09-24 20:36:24,476 fedbase.py run [line:311] INFO --------------Round 12--------------
2026-09-24 20:36:24,476 simple_logger.py log_once [line:14] INFO Current_time:13
2026-09-24 20:36:25,942 simple_logger.py log_once [line:28] INFO test_accuracy                 0.0974
2026-09-24 20:36:25,942 simple_logger.py log_once [line:28] INFO test_loss                     9.8081
2026-09-24 20:36:25,942 simple_logger.py log_once [line:28] INFO val_accuracy                  0.0972
2026-09-24 20:36:25,942 simple_logger.py log_once [line:28] INFO mean_val_accuracy             0.0962
2026-09-24 20:36:25,942 simple_logger.py log_once [line:28] INFO std_val_accuracy              0.2801
2026-09-24 20:36:25,942 simple_logger.py log_once [line:28] INFO val_loss                      9.8841
2026-09-24 20:36:25,942 simple_logger.py log_once [line:28] INFO mean_val_loss                 9.8905
2026-09-24 20:36:25,942 simple_logger.py log_once [line:28] INFO std_val_loss                  4.2661
2026-09-24 20:36:25,942 fedbase.py run [line:316] INFO Eval Time Cost:               1.4661s
2026-09-24 20:36:25,950 asyncbase.py iterate [line:68] INFO Select clients [np.int64(16), np.int64(6)] at time 14.
2026-09-24 20:36:26,565 asyncbase.py iterate [line:73] INFO Receive new models from clients [9, 6, 5] at time 14
2026-09-24 20:36:26,618 fedbase.py run [line:311] INFO --------------Round 13--------------
2026-09-24 20:36:26,618 simple_logger.py log_once [line:14] INFO Current_time:14
2026-09-24 20:36:28,080 simple_logger.py log_once [line:28] INFO test_accuracy                 0.0980
2026-09-24 20:36:28,080 simple_logger.py log_once [line:28] INFO test_loss                     2.3268
2026-09-24 20:36:28,080 simple_logger.py log_once [line:28] INFO val_accuracy                  0.0990
2026-09-24 20:36:28,080 simple_logger.py log_once [line:28] INFO mean_val_accuracy             0.1000
2026-09-24 20:36:28,080 simple_logger.py log_once [line:28] INFO std_val_accuracy              0.2627
2026-09-24 20:36:28,080 simple_logger.py log_once [line:28] INFO val_loss                      2.3259
2026-09-24 20:36:28,080 simple_logger.py log_once [line:28] INFO mean_val_loss                 2.3250
2026-09-24 20:36:28,080 simple_logger.py log_once [line:28] INFO std_val_loss                  0.2209
2026-09-24 20:36:28,080 fedbase.py run [line:316] INFO Eval Time Cost:               1.4620s
2026-09-24 20:36:28,089 asyncbase.py iterate [line:68] INFO Select clients [np.int64(11), np.int64(5)] at time 15.
2026-09-24 20:36:28,706 asyncbase.py iterate [line:73] INFO Receive new models from clients [10, 4, 16, 11] at time 15
2026-09-24 20:36:28,768 fedbase.py run [line:311] INFO --------------Round 14--------------
2026-09-24 20:36:28,768 simple_logger.py log_once [line:14] INFO Current_time:15
2026-09-24 20:36:30,241 simple_logger.py log_once [line:28] INFO test_accuracy                 0.1164
2026-09-24 20:36:30,241 simple_logger.py log_once [line:28] INFO test_loss                     2.4460
2026-09-24 20:36:30,241 simple_logger.py log_once [line:28] INFO val_accuracy                  0.1164
2026-09-24 20:36:30,241 simple_logger.py log_once [line:28] INFO mean_val_accuracy             0.1166
2026-09-24 20:36:30,241 simple_logger.py log_once [line:28] INFO std_val_accuracy              0.2602
2026-09-24 20:36:30,241 simple_logger.py log_once [line:28] INFO val_loss                      2.4460
2026-09-24 20:36:30,241 simple_logger.py log_once [line:28] INFO mean_val_loss                 2.4458
2026-09-24 20:36:30,241 simple_logger.py log_once [line:28] INFO std_val_loss                  0.6113
2026-09-24 20:36:30,242 fedbase.py run [line:316] INFO Eval Time Cost:               1.4734s
2026-09-24 20:36:30,250 asyncbase.py iterate [line:68] INFO Select clients [np.int64(19), np.int64(17), np.int64(3), np.int64(6), np.int64(9)] at time 16.
2026-09-24 20:36:31,816 asyncbase.py iterate [line:73] INFO Receive new models from clients [17, 5] at time 17
2026-09-24 20:36:31,859 fedbase.py run [line:311] INFO --------------Round 15--------------
2026-09-24 20:36:31,859 simple_logger.py log_once [line:14] INFO Current_time:17
2026-09-24 20:36:33,312 simple_logger.py log_once [line:28] INFO test_accuracy                 0.2038
2026-09-24 20:36:33,312 simple_logger.py log_once [line:28] INFO test_loss                     2.8310
2026-09-24 20:36:33,312 simple_logger.py log_once [line:28] INFO val_accuracy                  0.2030
2026-09-24 20:36:33,312 simple_logger.py log_once [line:28] INFO mean_val_accuracy             0.2030
2026-09-24 20:36:33,312 simple_logger.py log_once [line:28] INFO std_val_accuracy              0.3632
2026-09-24 20:36:33,312 simple_logger.py log_once [line:28] INFO val_loss                      2.8217
2026-09-24 20:36:33,312 simple_logger.py log_once [line:28] INFO mean_val_loss                 2.8203
2026-09-24 20:36:33,312 simple_logger.py log_once [line:28] INFO std_val_loss                  1.6469
2026-09-24 20:36:33,312 fedbase.py run [line:316] INFO Eval Time Cost:               1.4535s
2026-09-24 20:36:33,321 asyncbase.py iterate [line:68] INFO Select clients [np.int64(13), np.int64(10)] at time 18.
2026-09-24 20:36:33,949 asyncbase.py iterate [line:73] INFO Receive new models from clients [13, 10] at time 18
2026-09-24 20:36:33,991 fedbase.py run [line:311] INFO --------------Round 16--------------
2026-09-24 20:36:33,991 simple_logger.py log_once [line:14] INFO Current_time:18
2026-09-24 20:36:35,452 simple_logger.py log_once [line:28] INFO test_accuracy                 0.1169
2026-09-24 20:36:35,452 simple_logger.py log_once [line:28] INFO test_loss                     3.2139
2026-09-24 20:36:35,453 simple_logger.py log_once [line:28] INFO val_accuracy                  0.1134
2026-09-24 20:36:35,453 simple_logger.py log_once [line:28] INFO mean_val_accuracy             0.1131
2026-09-24 20:36:35,453 simple_logger.py log_once [line:28] INFO std_val_accuracy              0.2492
2026-09-24 20:36:35,453 simple_logger.py log_once [line:28] INFO val_loss                      3.1952
2026-09-24 20:36:35,453 simple_logger.py log_once [line:28] INFO mean_val_loss                 3.1905
2026-09-24 20:36:35,453 simple_logger.py log_once [line:28] INFO std_val_loss                  2.2258
2026-09-24 20:36:35,453 fedbase.py run [line:316] INFO Eval Time Cost:               1.4619s
2026-09-24 20:36:35,461 asyncbase.py iterate [line:68] INFO Select clients [np.int64(5)] at time 19.
2026-09-24 20:36:35,770 asyncbase.py iterate [line:73] INFO Receive new models from clients [3, 6] at time 19
2026-09-24 20:36:35,812 fedbase.py run [line:311] INFO --------------Round 17--------------
2026-09-24 20:36:35,812 simple_logger.py log_once [line:14] INFO Current_time:19
2026-09-24 20:36:37,275 simple_logger.py log_once [line:28] INFO test_accuracy                 0.2950
2026-09-24 20:36:37,275 simple_logger.py log_once [line:28] INFO test_loss                     4.6235
2026-09-24 20:36:37,276 simple_logger.py log_once [line:28] INFO val_accuracy                  0.3016
2026-09-24 20:36:37,276 simple_logger.py log_once [line:28] INFO mean_val_accuracy             0.3016
2026-09-24 20:36:37,276 simple_logger.py log_once [line:28] INFO std_val_accuracy              0.3882
2026-09-24 20:36:37,276 simple_logger.py log_once [line:28] INFO val_loss                      4.5697
2026-09-24 20:36:37,276 simple_logger.py log_once [line:28] INFO mean_val_loss                 4.5713
2026-09-24 20:36:37,276 simple_logger.py log_once [line:28] INFO std_val_loss                  3.4907
2026-09-24 20:36:37,276 fedbase.py run [line:316] INFO Eval Time Cost:               1.4634s
2026-09-24 20:36:37,284 asyncbase.py iterate [line:68] INFO Select clients [np.int64(0), np.int64(3), np.int64(13)] at time 20.
2026-09-24 20:36:38,303 asyncbase.py iterate [line:73] INFO Receive new models from clients [13] at time 20
2026-09-24 20:36:38,326 fedbase.py run [line:311] INFO --------------Round 18--------------
2026-09-24 20:36:38,326 simple_logger.py log_once [line:14] INFO Current_time:20
2026-09-24 20:36:39,827 simple_logger.py log_once [line:28] INFO test_accuracy                 0.1010
2026-09-24 20:36:39,827 simple_logger.py log_once [line:28] INFO test_loss                     50.5718
2026-09-24 20:36:39,827 simple_logger.py log_once [line:28] INFO val_accuracy                  0.1020
2026-09-24 20:36:39,828 simple_logger.py log_once [line:28] INFO mean_val_accuracy             0.1016
2026-09-24 20:36:39,828 simple_logger.py log_once [line:28] INFO std_val_accuracy              0.2730
2026-09-24 20:36:39,828 simple_logger.py log_once [line:28] INFO val_loss                      49.9761
2026-09-24 20:36:39,828 simple_logger.py log_once [line:28] INFO mean_val_loss                 50.0045
2026-09-24 20:36:39,828 simple_logger.py log_once [line:28] INFO std_val_loss                  18.7074
2026-09-24 20:36:39,828 fedbase.py run [line:316] INFO Eval Time Cost:               1.5014s
2026-09-24 20:36:39,837 asyncbase.py iterate [line:68] INFO Select clients [np.int64(14)] at time 21.
2026-09-24 20:36:40,186 asyncbase.py iterate [line:73] INFO Receive new models from clients [0, 5] at time 21
2026-09-24 20:36:40,229 fedbase.py run [line:311] INFO --------------Round 19--------------
2026-09-24 20:36:40,229 simple_logger.py log_once [line:14] INFO Current_time:21
2026-09-24 20:36:41,703 simple_logger.py log_once [line:28] INFO test_accuracy                 0.1010
2026-09-24 20:36:41,703 simple_logger.py log_once [line:28] INFO test_loss                     13.7931
2026-09-24 20:36:41,703 simple_logger.py log_once [line:28] INFO val_accuracy                  0.1020
2026-09-24 20:36:41,703 simple_logger.py log_once [line:28] INFO mean_val_accuracy             0.1016
2026-09-24 20:36:41,703 simple_logger.py log_once [line:28] INFO std_val_accuracy              0.2730
2026-09-24 20:36:41,703 simple_logger.py log_once [line:28] INFO val_loss                      13.7473
2026-09-24 20:36:41,703 simple_logger.py log_once [line:28] INFO mean_val_loss                 13.7541
2026-09-24 20:36:41,703 simple_logger.py log_once [line:28] INFO std_val_loss                  6.6417
2026-09-24 20:36:41,704 fedbase.py run [line:316] INFO Eval Time Cost:               1.4747s
2026-09-24 20:36:41,713 asyncbase.py iterate [line:68] INFO Select clients [np.int64(2), np.int64(11)] at time 22.
2026-09-24 20:36:42,323 asyncbase.py iterate [line:73] INFO Receive new models from clients [9, 19, 2] at time 22
2026-09-24 20:36:42,379 fedbase.py run [line:311] INFO --------------Round 20--------------
2026-09-24 20:36:42,379 simple_logger.py log_once [line:14] INFO Current_time:22
2026-09-24 20:36:43,865 simple_logger.py log_once [line:28] INFO test_accuracy                 0.1764
2026-09-24 20:36:43,865 simple_logger.py log_once [line:28] INFO test_loss                     2.3889
2026-09-24 20:36:43,865 simple_logger.py log_once [line:28] INFO val_accuracy                  0.1703
2026-09-24 20:36:43,865 simple_logger.py log_once [line:28] INFO mean_val_accuracy             0.1695
2026-09-24 20:36:43,865 simple_logger.py log_once [line:28] INFO std_val_accuracy              0.2918
2026-09-24 20:36:43,865 simple_logger.py log_once [line:28] INFO val_loss                      2.3973
2026-09-24 20:36:43,865 simple_logger.py log_once [line:28] INFO mean_val_loss                 2.3980
2026-09-24 20:36:43,865 simple_logger.py log_once [line:28] INFO std_val_loss                  0.7404
2026-09-24 20:36:43,865 fedbase.py run [line:316] INFO Eval Time Cost:               1.4861s
2026-09-24 20:36:43,874 asyncbase.py iterate [line:68] INFO Select clients [np.int64(9), np.int64(4)] at time 23.
2026-09-24 20:36:44,492 asyncbase.py iterate [line:73] INFO Receive new models from clients [3] at time 23
2026-09-24 20:36:44,515 fedbase.py run [line:311] INFO --------------Round 21--------------
2026-09-24 20:36:44,515 simple_logger.py log_once [line:14] INFO Current_time:23
2026-09-24 20:36:45,996 simple_logger.py log_once [line:28] INFO test_accuracy                 0.1009
2026-09-24 20:36:45,996 simple_logger.py log_once [line:28] INFO test_loss                     2.4021
2026-09-24 20:36:45,996 simple_logger.py log_once [line:28] INFO val_accuracy                  0.0999
2026-09-24 20:36:45,996 simple_logger.py log_once [line:28] INFO mean_val_accuracy             0.0994
2026-09-24 20:36:45,996 simple_logger.py log_once [line:28] INFO std_val_accuracy              0.2889
2026-09-24 20:36:45,996 simple_logger.py log_once [line:28] INFO val_loss                      2.4072
2026-09-24 20:36:45,996 simple_logger.py log_once [line:28] INFO mean_val_loss                 2.4078
2026-09-24 20:36:45,996 simple_logger.py log_once [line:28] INFO std_val_loss                  0.5823
2026-09-24 20:36:45,997 fedbase.py run [line:316] INFO Eval Time Cost:               1.4820s
2026-09-24 20:36:46,005 asyncbase.py iterate [line:68] INFO Select clients [np.int64(7), np.int64(15)] at time 24.
2026-09-24 20:36:46,622 asyncbase.py iterate [line:73] INFO Receive new models from clients [4] at time 24
2026-09-24 20:36:46,646 fedbase.py run [line:311] INFO --------------Round 22--------------
2026-09-24 20:36:46,646 simple_logger.py log_once [line:14] INFO Current_time:24
2026-09-24 20:36:48,167 simple_logger.py log_once [line:28] INFO test_accuracy                 0.2092
2026-09-24 20:36:48,167 simple_logger.py log_once [line:28] INFO test_loss                     6.3459
2026-09-24 20:36:48,167 simple_logger.py log_once [line:28] INFO val_accuracy                  0.2071
2026-09-24 20:36:48,167 simple_logger.py log_once [line:28] INFO mean_val_accuracy             0.2067
2026-09-24 20:36:48,167 simple_logger.py log_once [line:28] INFO std_val_accuracy              0.3836
2026-09-24 20:36:48,167 simple_logger.py log_once [line:28] INFO val_loss                      6.2791
2026-09-24 20:36:48,167 simple_logger.py log_once [line:28] INFO mean_val_loss                 6.2841
2026-09-24 20:36:48,167 simple_logger.py log_once [line:28] INFO std_val_loss                  3.4936
2026-09-24 20:36:48,167 fedbase.py run [line:316] INFO Eval Time Cost:               1.5214s
2026-09-24 20:36:48,175 asyncbase.py iterate [line:73] INFO Receive new models from clients [11] at time 25
2026-09-24 20:36:48,197 fedbase.py run [line:311] INFO --------------Round 23--------------
2026-09-24 20:36:48,197 simple_logger.py log_once [line:14] INFO Current_time:25
2026-09-24 20:36:49,664 simple_logger.py log_once [line:28] INFO test_accuracy                 0.1985
2026-09-24 20:36:49,664 simple_logger.py log_once [line:28] INFO test_loss                     7.4326
2026-09-24 20:36:49,664 simple_logger.py log_once [line:28] INFO val_accuracy                  0.1959
2026-09-24 20:36:49,664 simple_logger.py log_once [line:28] INFO mean_val_accuracy             0.1965
2026-09-24 20:36:49,664 simple_logger.py log_once [line:28] INFO std_val_accuracy              0.3356
2026-09-24 20:36:49,664 simple_logger.py log_once [line:28] INFO val_loss                      7.3501
2026-09-24 20:36:49,664 simple_logger.py log_once [line:28] INFO mean_val_loss                 7.3374
2026-09-24 20:36:49,664 simple_logger.py log_once [line:28] INFO std_val_loss                  5.2213
2026-09-24 20:36:49,664 fedbase.py run [line:316] INFO Eval Time Cost:               1.4665s
2026-09-24 20:36:49,672 asyncbase.py iterate [line:68] INFO Select clients [np.int64(18)] at time 26.
2026-09-24 20:36:49,986 asyncbase.py iterate [line:73] INFO Receive new models from clients [18] at time 26
2026-09-24 20:36:50,008 fedbase.py run [line:311] INFO --------------Round 24--------------
2026-09-24 20:36:50,008 simple_logger.py log_once [line:14] INFO Current_time:26
2026-09-24 20:36:51,471 simple_logger.py log_once [line:28] INFO test_accuracy                 0.1135
2026-09-24 20:36:51,471 simple_logger.py log_once [line:28] INFO test_loss                     25.5034
2026-09-24 20:36:51,471 simple_logger.py log_once [line:28] INFO val_accuracy                  0.1119
2026-09-24 20:36:51,471 simple_logger.py log_once [line:28] INFO mean_val_accuracy             0.1111
2026-09-24 20:36:51,471 simple_logger.py log_once [line:28] INFO std_val_accuracy              0.2974
2026-09-24 20:36:51,471 simple_logger.py log_once [line:28] INFO val_loss                      25.5800
2026-09-24 20:36:51,471 simple_logger.py log_once [line:28] INFO mean_val_loss                 25.5841
2026-09-24 20:36:51,471 simple_logger.py log_once [line:28] INFO std_val_loss                  13.6994
2026-09-24 20:36:51,471 fedbase.py run [line:316] INFO Eval Time Cost:               1.4630s
2026-09-24 20:36:51,480 asyncbase.py iterate [line:68] INFO Select clients [np.int64(8)] at time 27.
2026-09-24 20:36:51,790 asyncbase.py iterate [line:73] INFO Receive new models from clients [15, 7, 14] at time 27
2026-09-24 20:36:51,841 fedbase.py run [line:311] INFO --------------Round 25--------------
2026-09-24 20:36:51,841 simple_logger.py log_once [line:14] INFO Current_time:27
2026-09-24 20:36:53,295 simple_logger.py log_once [line:28] INFO test_accuracy                 0.2036
2026-09-24 20:36:53,295 simple_logger.py log_once [line:28] INFO test_loss                     27.4045
2026-09-24 20:36:53,295 simple_logger.py log_once [line:28] INFO val_accuracy                  0.2021
2026-09-24 20:36:53,295 simple_logger.py log_once [line:28] INFO mean_val_accuracy             0.2017
2026-09-24 20:36:53,295 simple_logger.py log_once [line:28] INFO std_val_accuracy              0.3737
2026-09-24 20:36:53,295 simple_logger.py log_once [line:28] INFO val_loss                      27.4048
2026-09-24 20:36:53,295 simple_logger.py log_once [line:28] INFO mean_val_loss                 27.4227
2026-09-24 20:36:53,295 simple_logger.py log_once [line:28] INFO std_val_loss                  18.0792
2026-09-24 20:36:53,295 fedbase.py run [line:316] INFO Eval Time Cost:               1.4538s
2026-09-24 20:36:53,303 asyncbase.py iterate [line:68] INFO Select clients [np.int64(0), np.int64(12), np.int64(4)] at time 28.
2026-09-24 20:36:54,228 asyncbase.py iterate [line:73] INFO Receive new models from clients [0, 12] at time 28
2026-09-24 20:36:54,271 fedbase.py run [line:311] INFO --------------Round 26--------------
2026-09-24 20:36:54,271 simple_logger.py log_once [line:14] INFO Current_time:28
2026-09-24 20:36:55,733 simple_logger.py log_once [line:28] INFO test_accuracy                 0.0980
2026-09-24 20:36:55,733 simple_logger.py log_once [line:28] INFO test_loss                     3.2352
2026-09-24 20:36:55,733 simple_logger.py log_once [line:28] INFO val_accuracy                  0.0990
2026-09-24 20:36:55,733 simple_logger.py log_once [line:28] INFO mean_val_accuracy             0.1000
2026-09-24 20:36:55,733 simple_logger.py log_once [line:28] INFO std_val_accuracy              0.2627
2026-09-24 20:36:55,733 simple_logger.py log_once [line:28] INFO val_loss                      3.2396
2026-09-24 20:36:55,733 simple_logger.py log_once [line:28] INFO mean_val_loss                 3.2346
2026-09-24 20:36:55,733 simple_logger.py log_once [line:28] INFO std_val_loss                  1.2049
2026-09-24 20:36:55,733 fedbase.py run [line:316] INFO Eval Time Cost:               1.4618s
2026-09-24 20:36:55,741 asyncbase.py iterate [line:68] INFO Select clients [np.int64(11), np.int64(7), np.int64(5)] at time 29.
2026-09-24 20:36:56,664 asyncbase.py iterate [line:73] INFO Receive new models from clients [9, 11] at time 29
2026-09-24 20:36:56,706 fedbase.py run [line:311] INFO --------------Round 27--------------
2026-09-24 20:36:56,706 simple_logger.py log_once [line:14] INFO Current_time:29
2026-09-24 20:36:58,175 simple_logger.py log_once [line:28] INFO test_accuracy                 0.1488
2026-09-24 20:36:58,175 simple_logger.py log_once [line:28] INFO test_loss                     3.3917
2026-09-24 20:36:58,175 simple_logger.py log_once [line:28] INFO val_accuracy                  0.1460
2026-09-24 20:36:58,175 simple_logger.py log_once [line:28] INFO mean_val_accuracy             0.1470
2026-09-24 20:36:58,175 simple_logger.py log_once [line:28] INFO std_val_accuracy              0.2797
2026-09-24 20:36:58,175 simple_logger.py log_once [line:28] INFO val_loss                      3.3944
2026-09-24 20:36:58,175 simple_logger.py log_once [line:28] INFO mean_val_loss                 3.3886
2026-09-24 20:36:58,175 simple_logger.py log_once [line:28] INFO std_val_loss                  1.7346
2026-09-24 20:36:58,175 fedbase.py run [line:316] INFO Eval Time Cost:               1.4691s
2026-09-24 20:36:58,183 asyncbase.py iterate [line:68] INFO Select clients [np.int64(10)] at time 30.
2026-09-24 20:36:58,491 asyncbase.py iterate [line:73] INFO Receive new models from clients [5, 7, 4] at time 30
2026-09-24 20:36:58,544 fedbase.py run [line:311] INFO --------------Round 28--------------
2026-09-24 20:36:58,544 simple_logger.py log_once [line:14] INFO Current_time:30
2026-09-24 20:37:00,005 simple_logger.py log_once [line:28] INFO test_accuracy                 0.2868
2026-09-24 20:37:00,005 simple_logger.py log_once [line:28] INFO test_loss                     2.9293
2026-09-24 20:37:00,006 simple_logger.py log_once [line:28] INFO val_accuracy                  0.2842
2026-09-24 20:37:00,006 simple_logger.py log_once [line:28] INFO mean_val_accuracy             0.2848
2026-09-24 20:37:00,006 simple_logger.py log_once [line:28] INFO std_val_accuracy              0.3695
2026-09-24 20:37:00,006 simple_logger.py log_once [line:28] INFO val_loss                      2.9329
2026-09-24 20:37:00,006 simple_logger.py log_once [line:28] INFO mean_val_loss                 2.9297
2026-09-24 20:37:00,006 simple_logger.py log_once [line:28] INFO std_val_loss                  1.9149
2026-09-24 20:37:00,006 fedbase.py run [line:316] INFO Eval Time Cost:               1.4617s
2026-09-24 20:37:00,015 asyncbase.py iterate [line:68] INFO Select clients [np.int64(16), np.int64(11), np.int64(13), np.int64(6)] at time 31.
2026-09-24 20:37:01,257 asyncbase.py iterate [line:73] INFO Receive new models from clients [13, 6] at time 31
2026-09-24 20:37:01,303 fedbase.py run [line:311] INFO --------------Round 29--------------
2026-09-24 20:37:01,304 simple_logger.py log_once [line:14] INFO Current_time:31
2026-09-24 20:37:02,775 simple_logger.py log_once [line:28] INFO test_accuracy                 0.1924
2026-09-24 20:37:02,775 simple_logger.py log_once [line:28] INFO test_loss                     2.3092
2026-09-24 20:37:02,775 simple_logger.py log_once [line:28] INFO val_accuracy                  0.1940
2026-09-24 20:37:02,775 simple_logger.py log_once [line:28] INFO mean_val_accuracy             0.1940
2026-09-24 20:37:02,775 simple_logger.py log_once [line:28] INFO std_val_accuracy              0.3520
2026-09-24 20:37:02,775 simple_logger.py log_once [line:28] INFO val_loss                      2.3003
2026-09-24 20:37:02,775 simple_logger.py log_once [line:28] INFO mean_val_loss                 2.2989
2026-09-24 20:37:02,775 simple_logger.py log_once [line:28] INFO std_val_loss                  0.7487
2026-09-24 20:37:02,775 fedbase.py run [line:316] INFO Eval Time Cost:               1.4718s
2026-09-24 20:37:02,784 asyncbase.py iterate [line:68] INFO Select clients [np.int64(19), np.int64(9)] at time 32.
2026-09-24 20:37:03,406 asyncbase.py iterate [line:73] INFO Receive new models from clients [10] at time 32
2026-09-24 20:37:03,429 fedbase.py run [line:311] INFO --------------Round 30--------------
2026-09-24 20:37:03,429 simple_logger.py log_once [line:14] INFO Current_time:32
2026-09-24 20:37:04,905 simple_logger.py log_once [line:28] INFO test_accuracy                 0.1686
2026-09-24 20:37:04,905 simple_logger.py log_once [line:28] INFO test_loss                     8.3360
2026-09-24 20:37:04,905 simple_logger.py log_once [line:28] INFO val_accuracy                  0.1709
2026-09-24 20:37:04,905 simple_logger.py log_once [line:28] INFO mean_val_accuracy             0.1709
2026-09-24 20:37:04,905 simple_logger.py log_once [line:28] INFO std_val_accuracy              0.3313
2026-09-24 20:37:04,906 simple_logger.py log_once [line:28] INFO val_loss                      8.2141
2026-09-24 20:37:04,906 simple_logger.py log_once [line:28] INFO mean_val_loss                 8.2178
2026-09-24 20:37:04,906 simple_logger.py log_once [line:28] INFO std_val_loss                  3.6927
2026-09-24 20:37:04,906 fedbase.py run [line:316] INFO Eval Time Cost:               1.4769s
2026-09-24 20:37:04,914 asyncbase.py iterate [line:73] INFO Receive new models from clients [8, 16] at time 33
2026-09-24 20:37:04,960 fedbase.py run [line:311] INFO --------------Round 31--------------
2026-09-24 20:37:04,960 simple_logger.py log_once [line:14] INFO Current_time:33
2026-09-24 20:37:06,439 simple_logger.py log_once [line:28] INFO test_accuracy                 0.1550
2026-09-24 20:37:06,439 simple_logger.py log_once [line:28] INFO test_loss                     9.5612
2026-09-24 20:37:06,439 simple_logger.py log_once [line:28] INFO val_accuracy                  0.1567
2026-09-24 20:37:06,439 simple_logger.py log_once [line:28] INFO mean_val_accuracy             0.1567
2026-09-24 20:37:06,439 simple_logger.py log_once [line:28] INFO std_val_accuracy              0.3120
2026-09-24 20:37:06,439 simple_logger.py log_once [line:28] INFO val_loss                      9.4137
2026-09-24 20:37:06,439 simple_logger.py log_once [line:28] INFO mean_val_loss                 9.4217
2026-09-24 20:37:06,439 simple_logger.py log_once [line:28] INFO std_val_loss                  4.2782
2026-09-24 20:37:06,439 fedbase.py run [line:316] INFO Eval Time Cost:               1.4796s
2026-09-24 20:37:06,448 asyncbase.py iterate [line:68] INFO Select clients [np.int64(3), np.int64(10), np.int64(5)] at time 34.
2026-09-24 20:37:07,391 asyncbase.py iterate [line:73] INFO Receive new models from clients [11, 5, 3] at time 34
2026-09-24 20:37:07,444 fedbase.py run [line:311] INFO --------------Round 32--------------
2026-09-24 20:37:07,444 simple_logger.py log_once [line:14] INFO Current_time:34
2026-09-24 20:37:08,952 simple_logger.py log_once [line:28] INFO test_accuracy                 0.1009
2026-09-24 20:37:08,952 simple_logger.py log_once [line:28] INFO test_loss                     3.5326
2026-09-24 20:37:08,952 simple_logger.py log_once [line:28] INFO val_accuracy                  0.0999
2026-09-24 20:37:08,952 simple_logger.py log_once [line:28] INFO mean_val_accuracy             0.0994
2026-09-24 20:37:08,952 simple_logger.py log_once [line:28] INFO std_val_accuracy              0.2889
2026-09-24 20:37:08,952 simple_logger.py log_once [line:28] INFO val_loss                      3.5051
2026-09-24 20:37:08,952 simple_logger.py log_once [line:28] INFO mean_val_loss                 3.5102
2026-09-24 20:37:08,952 simple_logger.py log_once [line:28] INFO std_val_loss                  1.4639
2026-09-24 20:37:08,952 fedbase.py run [line:316] INFO Eval Time Cost:               1.5081s
2026-09-24 20:37:08,961 asyncbase.py iterate [line:68] INFO Select clients [np.int64(4), np.int64(1), np.int64(6)] at time 35.
2026-09-24 20:37:09,899 asyncbase.py iterate [line:73] INFO Receive new models from clients [10, 1] at time 35
2026-09-24 20:37:09,942 fedbase.py run [line:311] INFO --------------Round 33--------------
2026-09-24 20:37:09,942 simple_logger.py log_once [line:14] INFO Current_time:35
2026-09-24 20:37:11,421 simple_logger.py log_once [line:28] INFO test_accuracy                 0.1664
2026-09-24 20:37:11,421 simple_logger.py log_once [line:28] INFO test_loss                     2.2183
2026-09-24 20:37:11,421 simple_logger.py log_once [line:28] INFO val_accuracy                  0.1725
2026-09-24 20:37:11,421 simple_logger.py log_once [line:28] INFO mean_val_accuracy             0.1727
2026-09-24 20:37:11,421 simple_logger.py log_once [line:28] INFO std_val_accuracy              0.2751
2026-09-24 20:37:11,421 simple_logger.py log_once [line:28] INFO val_loss                      2.2063
2026-09-24 20:37:11,422 simple_logger.py log_once [line:28] INFO mean_val_loss                 2.2057
2026-09-24 20:37:11,422 simple_logger.py log_once [line:28] INFO std_val_loss                  0.7482
2026-09-24 20:37:11,422 fedbase.py run [line:316] INFO Eval Time Cost:               1.4797s
2026-09-24 20:37:11,431 asyncbase.py iterate [line:68] INFO Select clients [np.int64(10)] at time 36.
2026-09-24 20:37:11,753 asyncbase.py iterate [line:68] INFO Select clients [np.int64(8)] at time 37.
2026-09-24 20:37:12,056 asyncbase.py iterate [line:73] INFO Receive new models from clients [6, 4] at time 37
2026-09-24 20:37:12,098 fedbase.py run [line:311] INFO --------------Round 34--------------
2026-09-24 20:37:12,098 simple_logger.py log_once [line:14] INFO Current_time:37
2026-09-24 20:37:13,602 simple_logger.py log_once [line:28] INFO test_accuracy                 0.1887
2026-09-24 20:37:13,602 simple_logger.py log_once [line:28] INFO test_loss                     4.6311
2026-09-24 20:37:13,602 simple_logger.py log_once [line:28] INFO val_accuracy                  0.1906
2026-09-24 20:37:13,602 simple_logger.py log_once [line:28] INFO mean_val_accuracy             0.1910
2026-09-24 20:37:13,602 simple_logger.py log_once [line:28] INFO std_val_accuracy              0.3487
2026-09-24 20:37:13,602 simple_logger.py log_once [line:28] INFO val_loss                      4.5311
2026-09-24 20:37:13,602 simple_logger.py log_once [line:28] INFO mean_val_loss                 4.5340
2026-09-24 20:37:13,602 simple_logger.py log_once [line:28] INFO std_val_loss                  2.4157
2026-09-24 20:37:13,602 fedbase.py run [line:316] INFO Eval Time Cost:               1.5040s
2026-09-24 20:37:13,610 asyncbase.py iterate [line:68] INFO Select clients [np.int64(5)] at time 38.
2026-09-24 20:37:13,918 asyncbase.py iterate [line:73] INFO Receive new models from clients [19, 10, 9, 5] at time 38
2026-09-24 20:37:13,979 fedbase.py run [line:311] INFO --------------Round 35--------------
2026-09-24 20:37:13,979 simple_logger.py log_once [line:14] INFO Current_time:38
2026-09-24 20:37:15,447 simple_logger.py log_once [line:28] INFO test_accuracy                 0.2419
2026-09-24 20:37:15,447 simple_logger.py log_once [line:28] INFO test_loss                     3.9893
2026-09-24 20:37:15,447 simple_logger.py log_once [line:28] INFO val_accuracy                  0.2408
2026-09-24 20:37:15,447 simple_logger.py log_once [line:28] INFO mean_val_accuracy             0.2410
2026-09-24 20:37:15,447 simple_logger.py log_once [line:28] INFO std_val_accuracy              0.2940
2026-09-24 20:37:15,447 simple_logger.py log_once [line:28] INFO val_loss                      3.9106
2026-09-24 20:37:15,447 simple_logger.py log_once [line:28] INFO mean_val_loss                 3.9127
2026-09-24 20:37:15,447 simple_logger.py log_once [line:28] INFO std_val_loss                  2.2219
2026-09-24 20:37:15,447 fedbase.py run [line:316] INFO Eval Time Cost:               1.4676s
2026-09-24 20:37:15,456 asyncbase.py iterate [line:68] INFO Select clients [np.int64(5), np.int64(7), np.int64(9), np.int64(16)] at time 39.
2026-09-24 20:37:16,699 asyncbase.py iterate [line:73] INFO Receive new models from clients [7, 16, 5] at time 40
2026-09-24 20:37:16,752 fedbase.py run [line:311] INFO --------------Round 36--------------
2026-09-24 20:37:16,752 simple_logger.py log_once [line:14] INFO Current_time:40
2026-09-24 20:37:18,211 simple_logger.py log_once [line:28] INFO test_accuracy                 0.2269
2026-09-24 20:37:18,211 simple_logger.py log_once [line:28] INFO test_loss                     3.1004
2026-09-24 20:37:18,212 simple_logger.py log_once [line:28] INFO val_accuracy                  0.2230
2026-09-24 20:37:18,212 simple_logger.py log_once [line:28] INFO mean_val_accuracy             0.2217
2026-09-24 20:37:18,212 simple_logger.py log_once [line:28] INFO std_val_accuracy              0.3748
2026-09-24 20:37:18,212 simple_logger.py log_once [line:28] INFO val_loss                      3.0985
2026-09-24 20:37:18,212 simple_logger.py log_once [line:28] INFO mean_val_loss                 3.1061
2026-09-24 20:37:18,212 simple_logger.py log_once [line:28] INFO std_val_loss                  1.8558
2026-09-24 20:37:18,212 fedbase.py run [line:316] INFO Eval Time Cost:               1.4594s
2026-09-24 20:37:18,220 asyncbase.py iterate [line:68] INFO Select clients [np.int64(16), np.int64(1), np.int64(11), np.int64(3)] at time 41.
2026-09-24 20:37:19,462 asyncbase.py iterate [line:73] INFO Receive new models from clients [16] at time 41
2026-09-24 20:37:19,486 fedbase.py run [line:311] INFO --------------Round 37--------------
2026-09-24 20:37:19,486 simple_logger.py log_once [line:14] INFO Current_time:41
2026-09-24 20:37:20,989 simple_logger.py log_once [line:28] INFO test_accuracy                 0.2627
2026-09-24 20:37:20,989 simple_logger.py log_once [line:28] INFO test_loss                     4.5213
2026-09-24 20:37:20,989 simple_logger.py log_once [line:28] INFO val_accuracy                  0.2600
2026-09-24 20:37:20,989 simple_logger.py log_once [line:28] INFO mean_val_accuracy             0.2594
2026-09-24 20:37:20,989 simple_logger.py log_once [line:28] INFO std_val_accuracy              0.3775
2026-09-24 20:37:20,989 simple_logger.py log_once [line:28] INFO val_loss                      4.4872
2026-09-24 20:37:20,990 simple_logger.py log_once [line:28] INFO mean_val_loss                 4.4895
2026-09-24 20:37:20,990 simple_logger.py log_once [line:28] INFO std_val_loss                  3.4414
2026-09-24 20:37:20,990 fedbase.py run [line:316] INFO Eval Time Cost:               1.5039s
2026-09-24 20:37:20,998 asyncbase.py iterate [line:68] INFO Select clients [np.int64(17)] at time 42.
2026-09-24 20:37:21,329 asyncbase.py iterate [line:73] INFO Receive new models from clients [1, 17] at time 42
2026-09-24 20:37:21,371 fedbase.py run [line:311] INFO --------------Round 38--------------
2026-09-24 20:37:21,371 simple_logger.py log_once [line:14] INFO Current_time:42
2026-09-24 20:37:22,858 simple_logger.py log_once [line:28] INFO test_accuracy                 0.1916
2026-09-24 20:37:22,858 simple_logger.py log_once [line:28] INFO test_loss                     2.7573
2026-09-24 20:37:22,858 simple_logger.py log_once [line:28] INFO val_accuracy                  0.1972
2026-09-24 20:37:22,858 simple_logger.py log_once [line:28] INFO mean_val_accuracy             0.1973
2026-09-24 20:37:22,858 simple_logger.py log_once [line:28] INFO std_val_accuracy              0.3179
2026-09-24 20:37:22,858 simple_logger.py log_once [line:28] INFO val_loss                      2.7382
2026-09-24 20:37:22,858 simple_logger.py log_once [line:28] INFO mean_val_loss                 2.7379
2026-09-24 20:37:22,858 simple_logger.py log_once [line:28] INFO std_val_loss                  1.4136
2026-09-24 20:37:22,858 fedbase.py run [line:316] INFO Eval Time Cost:               1.4865s
2026-09-24 20:37:22,867 asyncbase.py iterate [line:68] INFO Select clients [np.int64(5), np.int64(1)] at time 43.
2026-09-24 20:37:23,493 asyncbase.py iterate [line:73] INFO Receive new models from clients [3, 8] at time 43
2026-09-24 20:37:23,536 fedbase.py run [line:311] INFO --------------Round 39--------------
2026-09-24 20:37:23,536 simple_logger.py log_once [line:14] INFO Current_time:43
2026-09-24 20:37:25,018 simple_logger.py log_once [line:28] INFO test_accuracy                 0.1913
2026-09-24 20:37:25,018 simple_logger.py log_once [line:28] INFO test_loss                     2.6674
2026-09-24 20:37:25,018 simple_logger.py log_once [line:28] INFO val_accuracy                  0.1984
2026-09-24 20:37:25,018 simple_logger.py log_once [line:28] INFO mean_val_accuracy             0.1984
2026-09-24 20:37:25,018 simple_logger.py log_once [line:28] INFO std_val_accuracy              0.3297
2026-09-24 20:37:25,018 simple_logger.py log_once [line:28] INFO val_loss                      2.6563
2026-09-24 20:37:25,018 simple_logger.py log_once [line:28] INFO mean_val_loss                 2.6562
2026-09-24 20:37:25,018 simple_logger.py log_once [line:28] INFO std_val_loss                  1.3546
2026-09-24 20:37:25,018 fedbase.py run [line:316] INFO Eval Time Cost:               1.4817s
2026-09-24 20:37:25,027 asyncbase.py iterate [line:68] INFO Select clients [np.int64(6)] at time 44.
2026-09-24 20:37:25,339 asyncbase.py iterate [line:73] INFO Receive new models from clients [11] at time 44
2026-09-24 20:37:25,361 fedbase.py run [line:311] INFO --------------Round 40--------------
2026-09-24 20:37:25,361 simple_logger.py log_once [line:14] INFO Current_time:44
2026-09-24 20:37:26,828 simple_logger.py log_once [line:28] INFO test_accuracy                 0.1147
2026-09-24 20:37:26,828 simple_logger.py log_once [line:28] INFO test_loss                     13.6158
2026-09-24 20:37:26,828 simple_logger.py log_once [line:28] INFO val_accuracy                  0.1165
2026-09-24 20:37:26,828 simple_logger.py log_once [line:28] INFO mean_val_accuracy             0.1163
2026-09-24 20:37:26,828 simple_logger.py log_once [line:28] INFO std_val_accuracy              0.2703
2026-09-24 20:37:26,828 simple_logger.py log_once [line:28] INFO val_loss                      13.6060
2026-09-24 20:37:26,828 simple_logger.py log_once [line:28] INFO mean_val_loss                 13.5832
2026-09-24 20:37:26,828 simple_logger.py log_once [line:28] INFO std_val_loss                  7.5736
2026-09-24 20:37:26,828 fedbase.py run [line:316] INFO Eval Time Cost:               1.4668s
2026-09-24 20:37:26,836 asyncbase.py iterate [line:68] INFO Select clients [np.int64(17), np.int64(3)] at time 45.
2026-09-24 20:37:27,485 asyncbase.py iterate [line:73] INFO Receive new models from clients [9, 17] at time 45
2026-09-24 20:37:27,530 fedbase.py run [line:311] INFO --------------Round 41--------------
2026-09-24 20:37:27,530 simple_logger.py log_once [line:14] INFO Current_time:45
2026-09-24 20:37:29,046 simple_logger.py log_once [line:28] INFO test_accuracy                 0.2099
2026-09-24 20:37:29,046 simple_logger.py log_once [line:28] INFO test_loss                     10.1409
2026-09-24 20:37:29,046 simple_logger.py log_once [line:28] INFO val_accuracy                  0.2129
2026-09-24 20:37:29,046 simple_logger.py log_once [line:28] INFO mean_val_accuracy             0.2130
2026-09-24 20:37:29,046 simple_logger.py log_once [line:28] INFO std_val_accuracy              0.3524
2026-09-24 20:37:29,046 simple_logger.py log_once [line:28] INFO val_loss                      10.0892
2026-09-24 20:37:29,046 simple_logger.py log_once [line:28] INFO mean_val_loss                 10.0626
2026-09-24 20:37:29,046 simple_logger.py log_once [line:28] INFO std_val_loss                  6.9705
2026-09-24 20:37:29,046 fedbase.py run [line:316] INFO Eval Time Cost:               1.5162s
2026-09-24 20:37:29,054 asyncbase.py iterate [line:68] INFO Select clients [np.int64(9)] at time 46.
2026-09-24 20:37:29,361 asyncbase.py iterate [line:73] INFO Receive new models from clients [5, 1, 3] at time 46
2026-09-24 20:37:29,417 fedbase.py run [line:311] INFO --------------Round 42--------------
2026-09-24 20:37:29,417 simple_logger.py log_once [line:14] INFO Current_time:46
2026-09-24 20:37:30,906 simple_logger.py log_once [line:28] INFO test_accuracy                 0.2239
2026-09-24 20:37:30,906 simple_logger.py log_once [line:28] INFO test_loss                     3.6626
2026-09-24 20:37:30,906 simple_logger.py log_once [line:28] INFO val_accuracy                  0.2294
2026-09-24 20:37:30,906 simple_logger.py log_once [line:28] INFO mean_val_accuracy             0.2299
2026-09-24 20:37:30,906 simple_logger.py log_once [line:28] INFO std_val_accuracy              0.3160
2026-09-24 20:37:30,906 simple_logger.py log_once [line:28] INFO val_loss                      3.6055
2026-09-24 20:37:30,906 simple_logger.py log_once [line:28] INFO mean_val_loss                 3.5961
2026-09-24 20:37:30,906 simple_logger.py log_once [line:28] INFO std_val_loss                  2.5681
2026-09-24 20:37:30,906 fedbase.py run [line:316] INFO Eval Time Cost:               1.4897s
2026-09-24 20:37:30,915 asyncbase.py iterate [line:68] INFO Select clients [np.int64(17), np.int64(19), np.int64(14), np.int64(4)] at time 47.
2026-09-24 20:37:32,157 asyncbase.py iterate [line:73] INFO Receive new models from clients [6, 4] at time 47
2026-09-24 20:37:32,202 fedbase.py run [line:311] INFO --------------Round 43--------------
2026-09-24 20:37:32,202 simple_logger.py log_once [line:14] INFO Current_time:47
2026-09-24 20:37:33,686 simple_logger.py log_once [line:28] INFO test_accuracy                 0.4164
2026-09-24 20:37:33,686 simple_logger.py log_once [line:28] INFO test_loss                     2.5234
2026-09-24 20:37:33,686 simple_logger.py log_once [line:28] INFO val_accuracy                  0.4143
2026-09-24 20:37:33,686 simple_logger.py log_once [line:28] INFO mean_val_accuracy             0.4158
2026-09-24 20:37:33,686 simple_logger.py log_once [line:28] INFO std_val_accuracy              0.3866
2026-09-24 20:37:33,686 simple_logger.py log_once [line:28] INFO val_loss                      2.4996
2026-09-24 20:37:33,686 simple_logger.py log_once [line:28] INFO mean_val_loss                 2.4915
2026-09-24 20:37:33,686 simple_logger.py log_once [line:28] INFO std_val_loss                  2.4082
2026-09-24 20:37:33,686 fedbase.py run [line:316] INFO Eval Time Cost:               1.4845s
2026-09-24 20:37:33,695 asyncbase.py iterate [line:68] INFO Select clients [np.int64(13), np.int64(18)] at time 48.
2026-09-24 20:37:34,332 asyncbase.py iterate [line:73] INFO Receive new models from clients [17] at time 50
2026-09-24 20:37:34,356 fedbase.py run [line:311] INFO --------------Round 44--------------
2026-09-24 20:37:34,356 simple_logger.py log_once [line:14] INFO Current_time:50
2026-09-24 20:37:35,848 simple_logger.py log_once [line:28] INFO test_accuracy                 0.2872
2026-09-24 20:37:35,848 simple_logger.py log_once [line:28] INFO test_loss                     9.9973
2026-09-24 20:37:35,848 simple_logger.py log_once [line:28] INFO val_accuracy                  0.2877
2026-09-24 20:37:35,848 simple_logger.py log_once [line:28] INFO mean_val_accuracy             0.2879
2026-09-24 20:37:35,848 simple_logger.py log_once [line:28] INFO std_val_accuracy              0.4104
2026-09-24 20:37:35,848 simple_logger.py log_once [line:28] INFO val_loss                      9.8855
2026-09-24 20:37:35,848 simple_logger.py log_once [line:28] INFO mean_val_loss                 9.8936
2026-09-24 20:37:35,848 simple_logger.py log_once [line:28] INFO std_val_loss                  7.6618
2026-09-24 20:37:35,848 fedbase.py run [line:316] INFO Eval Time Cost:               1.4923s
2026-09-24 20:37:35,857 asyncbase.py iterate [line:68] INFO Select clients [np.int64(12)] at time 51.
2026-09-24 20:37:36,164 asyncbase.py iterate [line:73] INFO Receive new models from clients [13, 18] at time 51
2026-09-24 20:37:36,207 fedbase.py run [line:311] INFO --------------Round 45--------------
2026-09-24 20:37:36,207 simple_logger.py log_once [line:14] INFO Current_time:51
2026-09-24 20:37:37,669 simple_logger.py log_once [line:28] INFO test_accuracy                 0.1820
2026-09-24 20:37:37,669 simple_logger.py log_once [line:28] INFO test_loss                     18.1818
2026-09-24 20:37:37,669 simple_logger.py log_once [line:28] INFO val_accuracy                  0.1801
2026-09-24 20:37:37,669 simple_logger.py log_once [line:28] INFO mean_val_accuracy             0.1801
2026-09-24 20:37:37,669 simple_logger.py log_once [line:28] INFO std_val_accuracy              0.3289
2026-09-24 20:37:37,669 simple_logger.py log_once [line:28] INFO val_loss                      17.9212
2026-09-24 20:37:37,669 simple_logger.py log_once [line:28] INFO mean_val_loss                 17.9562
2026-09-24 20:37:37,669 simple_logger.py log_once [line:28] INFO std_val_loss                  13.5071
2026-09-24 20:37:37,669 fedbase.py run [line:316] INFO Eval Time Cost:               1.4619s
2026-09-24 20:37:37,678 asyncbase.py iterate [line:73] INFO Receive new models from clients [9, 12] at time 52
2026-09-24 20:37:37,721 fedbase.py run [line:311] INFO --------------Round 46--------------
2026-09-24 20:37:37,721 simple_logger.py log_once [line:14] INFO Current_time:52
2026-09-24 20:37:39,199 simple_logger.py log_once [line:28] INFO test_accuracy                 0.3229
2026-09-24 20:37:39,199 simple_logger.py log_once [line:28] INFO test_loss                     2.1609
2026-09-24 20:37:39,199 simple_logger.py log_once [line:28] INFO val_accuracy                  0.3218
2026-09-24 20:37:39,199 simple_logger.py log_once [line:28] INFO mean_val_accuracy             0.3229
2026-09-24 20:37:39,199 simple_logger.py log_once [line:28] INFO std_val_accuracy              0.3949
2026-09-24 20:37:39,199 simple_logger.py log_once [line:28] INFO val_loss                      2.1608
2026-09-24 20:37:39,199 simple_logger.py log_once [line:28] INFO mean_val_loss                 2.1586
2026-09-24 20:37:39,199 simple_logger.py log_once [line:28] INFO std_val_loss                  1.2652
2026-09-24 20:37:39,199 fedbase.py run [line:316] INFO Eval Time Cost:               1.4784s
2026-09-24 20:37:39,208 asyncbase.py iterate [line:68] INFO Select clients [np.int64(0), np.int64(7), np.int64(12), np.int64(17)] at time 53.
2026-09-24 20:37:40,457 asyncbase.py iterate [line:73] INFO Receive new models from clients [14, 0, 19, 7, 12] at time 53
2026-09-24 20:37:40,532 fedbase.py run [line:311] INFO --------------Round 47--------------
2026-09-24 20:37:40,532 simple_logger.py log_once [line:14] INFO Current_time:53
2026-09-24 20:37:42,013 simple_logger.py log_once [line:28] INFO test_accuracy                 0.2533
2026-09-24 20:37:42,013 simple_logger.py log_once [line:28] INFO test_loss                     3.4980
2026-09-24 20:37:42,013 simple_logger.py log_once [line:28] INFO val_accuracy                  0.2492
2026-09-24 20:37:42,013 simple_logger.py log_once [line:28] INFO mean_val_accuracy             0.2498
2026-09-24 20:37:42,013 simple_logger.py log_once [line:28] INFO std_val_accuracy              0.3764
2026-09-24 20:37:42,013 simple_logger.py log_once [line:28] INFO val_loss                      3.4893
2026-09-24 20:37:42,013 simple_logger.py log_once [line:28] INFO mean_val_loss                 3.4829
2026-09-24 20:37:42,013 simple_logger.py log_once [line:28] INFO std_val_loss                  2.2962
2026-09-24 20:37:42,013 fedbase.py run [line:316] INFO Eval Time Cost:               1.4815s
2026-09-24 20:37:42,022 asyncbase.py iterate [line:68] INFO Select clients [np.int64(5), np.int64(3), np.int64(16), np.int64(2), np.int64(18)] at time 54.
2026-09-24 20:37:43,589 asyncbase.py iterate [line:73] INFO Receive new models from clients [3, 17, 2] at time 55
2026-09-24 20:37:43,645 fedbase.py run [line:311] INFO --------------Round 48--------------
2026-09-24 20:37:43,645 simple_logger.py log_once [line:14] INFO Current_time:55
2026-09-24 20:37:45,109 simple_logger.py log_once [line:28] INFO test_accuracy                 0.6652
2026-09-24 20:37:45,109 simple_logger.py log_once [line:28] INFO test_loss                     1.0908
2026-09-24 20:37:45,109 simple_logger.py log_once [line:28] INFO val_accuracy                  0.6658
2026-09-24 20:37:45,109 simple_logger.py log_once [line:28] INFO mean_val_accuracy             0.6662
2026-09-24 20:37:45,109 simple_logger.py log_once [line:28] INFO std_val_accuracy              0.2664
2026-09-24 20:37:45,109 simple_logger.py log_once [line:28] INFO val_loss                      1.1059
2026-09-24 20:37:45,109 simple_logger.py log_once [line:28] INFO mean_val_loss                 1.1039
2026-09-24 20:37:45,109 simple_logger.py log_once [line:28] INFO std_val_loss                  0.6868
2026-09-24 20:37:45,109 fedbase.py run [line:316] INFO Eval Time Cost:               1.4638s
2026-09-24 20:37:45,118 asyncbase.py iterate [line:68] INFO Select clients [np.int64(2), np.int64(10)] at time 56.
2026-09-24 20:37:45,744 asyncbase.py iterate [line:73] INFO Receive new models from clients [5] at time 56
2026-09-24 20:37:45,768 fedbase.py run [line:311] INFO --------------Round 49--------------
2026-09-24 20:37:45,768 simple_logger.py log_once [line:14] INFO Current_time:56
2026-09-24 20:37:47,289 simple_logger.py log_once [line:28] INFO test_accuracy                 0.1236
2026-09-24 20:37:47,290 simple_logger.py log_once [line:28] INFO test_loss                     6.1276
2026-09-24 20:37:47,290 simple_logger.py log_once [line:28] INFO val_accuracy                  0.1222
2026-09-24 20:37:47,290 simple_logger.py log_once [line:28] INFO mean_val_accuracy             0.1215
2026-09-24 20:37:47,290 simple_logger.py log_once [line:28] INFO std_val_accuracy              0.2950
2026-09-24 20:37:47,290 simple_logger.py log_once [line:28] INFO val_loss                      6.0886
2026-09-24 20:37:47,290 simple_logger.py log_once [line:28] INFO mean_val_loss                 6.0890
2026-09-24 20:37:47,290 simple_logger.py log_once [line:28] INFO std_val_loss                  3.0061
2026-09-24 20:37:47,290 fedbase.py run [line:316] INFO Eval Time Cost:               1.5217s
2026-09-24 20:37:47,298 asyncbase.py iterate [line:68] INFO Select clients [np.int64(19)] at time 57.
2026-09-24 20:37:47,616 asyncbase.py iterate [line:73] INFO Receive new models from clients [18, 16] at time 57
2026-09-24 20:37:47,659 fedbase.py run [line:311] INFO --------------Round 50--------------
2026-09-24 20:37:47,659 simple_logger.py log_once [line:14] INFO Current_time:57
2026-09-24 20:37:49,136 simple_logger.py log_once [line:28] INFO test_accuracy                 0.1465
2026-09-24 20:37:49,136 simple_logger.py log_once [line:28] INFO test_loss                     6.9052
2026-09-24 20:37:49,136 simple_logger.py log_once [line:28] INFO val_accuracy                  0.1406
2026-09-24 20:37:49,136 simple_logger.py log_once [line:28] INFO mean_val_accuracy             0.1397
2026-09-24 20:37:49,136 simple_logger.py log_once [line:28] INFO std_val_accuracy              0.2983
2026-09-24 20:37:49,136 simple_logger.py log_once [line:28] INFO val_loss                      6.9277
2026-09-24 20:37:49,136 simple_logger.py log_once [line:28] INFO mean_val_loss                 6.9347
2026-09-24 20:37:49,136 simple_logger.py log_once [line:28] INFO std_val_loss                  3.5778
2026-09-24 20:37:49,136 fedbase.py run [line:316] INFO Eval Time Cost:               1.4776s
2026-09-24 20:37:49,145 asyncbase.py iterate [line:68] INFO Select clients [np.int64(0), np.int64(5), np.int64(13)] at time 58.
2026-09-24 20:37:50,089 asyncbase.py iterate [line:73] INFO Receive new models from clients [2, 10] at time 58
2026-09-24 20:37:50,134 fedbase.py run [line:311] INFO --------------Round 51--------------
2026-09-24 20:37:50,134 simple_logger.py log_once [line:14] INFO Current_time:58
2026-09-24 20:37:51,609 simple_logger.py log_once [line:28] INFO test_accuracy                 0.1373
2026-09-24 20:37:51,609 simple_logger.py log_once [line:28] INFO test_loss                     9.8962
2026-09-24 20:37:51,609 simple_logger.py log_once [line:28] INFO val_accuracy                  0.1326
2026-09-24 20:37:51,609 simple_logger.py log_once [line:28] INFO mean_val_accuracy             0.1318
2026-09-24 20:37:51,609 simple_logger.py log_once [line:28] INFO std_val_accuracy              0.2927
2026-09-24 20:37:51,609 simple_logger.py log_once [line:28] INFO val_loss                      9.9230
2026-09-24 20:37:51,609 simple_logger.py log_once [line:28] INFO mean_val_loss                 9.9317
2026-09-24 20:37:51,609 simple_logger.py log_once [line:28] INFO std_val_loss                  6.0795
2026-09-24 20:37:51,609 fedbase.py run [line:316] INFO Eval Time Cost:               1.4748s
2026-09-24 20:37:51,618 asyncbase.py iterate [line:68] INFO Select clients [np.int64(7), np.int64(6)] at time 59.
2026-09-24 20:37:52,235 asyncbase.py iterate [line:73] INFO Receive new models from clients [13] at time 59
2026-09-24 20:37:52,259 fedbase.py run [line:311] INFO --------------Round 52--------------
2026-09-24 20:37:52,259 simple_logger.py log_once [line:14] INFO Current_time:59
2026-09-24 20:37:53,738 simple_logger.py log_once [line:28] INFO test_accuracy                 0.1010
2026-09-24 20:37:53,738 simple_logger.py log_once [line:28] INFO test_loss                     14.9994
2026-09-24 20:37:53,738 simple_logger.py log_once [line:28] INFO val_accuracy                  0.1020
2026-09-24 20:37:53,738 simple_logger.py log_once [line:28] INFO mean_val_accuracy             0.1016
2026-09-24 20:37:53,738 simple_logger.py log_once [line:28] INFO std_val_accuracy              0.2730
2026-09-24 20:37:53,738 simple_logger.py log_once [line:28] INFO val_loss                      14.7260
2026-09-24 20:37:53,738 simple_logger.py log_once [line:28] INFO mean_val_loss                 14.7246
2026-09-24 20:37:53,738 simple_logger.py log_once [line:28] INFO std_val_loss                  6.2162
2026-09-24 20:37:53,738 fedbase.py run [line:316] INFO Eval Time Cost:               1.4786s
2026-09-24 20:37:53,746 asyncbase.py iterate [line:73] INFO Receive new models from clients [5, 6] at time 60
2026-09-24 20:37:53,791 fedbase.py run [line:311] INFO --------------Round 53--------------
2026-09-24 20:37:53,791 simple_logger.py log_once [line:14] INFO Current_time:60
2026-09-24 20:37:55,259 simple_logger.py log_once [line:28] INFO test_accuracy                 0.1010
2026-09-24 20:37:55,259 simple_logger.py log_once [line:28] INFO test_loss                     11.6997
2026-09-24 20:37:55,259 simple_logger.py log_once [line:28] INFO val_accuracy                  0.1020
2026-09-24 20:37:55,259 simple_logger.py log_once [line:28] INFO mean_val_accuracy             0.1016
2026-09-24 20:37:55,259 simple_logger.py log_once [line:28] INFO std_val_accuracy              0.2730
2026-09-24 20:37:55,259 simple_logger.py log_once [line:28] INFO val_loss                      11.4751
2026-09-24 20:37:55,259 simple_logger.py log_once [line:28] INFO mean_val_loss                 11.4721
2026-09-24 20:37:55,259 simple_logger.py log_once [line:28] INFO std_val_loss                  4.8388
2026-09-24 20:37:55,260 fedbase.py run [line:316] INFO Eval Time Cost:               1.4686s
2026-09-24 20:37:55,268 asyncbase.py iterate [line:68] INFO Select clients [np.int64(16), np.int64(18)] at time 61.
2026-09-24 20:37:55,898 asyncbase.py iterate [line:73] INFO Receive new models from clients [0, 18] at time 61
2026-09-24 20:37:55,942 fedbase.py run [line:311] INFO --------------Round 54--------------
2026-09-24 20:37:55,942 simple_logger.py log_once [line:14] INFO Current_time:61
2026-09-24 20:37:57,430 simple_logger.py log_once [line:28] INFO test_accuracy                 0.1135
2026-09-24 20:37:57,430 simple_logger.py log_once [line:28] INFO test_loss                     21.3603
2026-09-24 20:37:57,430 simple_logger.py log_once [line:28] INFO val_accuracy                  0.1119
2026-09-24 20:37:57,430 simple_logger.py log_once [line:28] INFO mean_val_accuracy             0.1111
2026-09-24 20:37:57,430 simple_logger.py log_once [line:28] INFO std_val_accuracy              0.2974
2026-09-24 20:37:57,430 simple_logger.py log_once [line:28] INFO val_loss                      21.2476
2026-09-24 20:37:57,430 simple_logger.py log_once [line:28] INFO mean_val_loss                 21.2592
2026-09-24 20:37:57,430 simple_logger.py log_once [line:28] INFO std_val_loss                  8.3297
2026-09-24 20:37:57,430 fedbase.py run [line:316] INFO Eval Time Cost:               1.4879s
2026-09-24 20:37:57,439 asyncbase.py iterate [line:68] INFO Select clients [np.int64(9), np.int64(10)] at time 62.
2026-09-24 20:37:58,055 asyncbase.py iterate [line:73] INFO Receive new models from clients [7] at time 62
2026-09-24 20:37:58,078 fedbase.py run [line:311] INFO --------------Round 55--------------
2026-09-24 20:37:58,078 simple_logger.py log_once [line:14] INFO Current_time:62
2026-09-24 20:37:59,563 simple_logger.py log_once [line:28] INFO test_accuracy                 0.1135
2026-09-24 20:37:59,564 simple_logger.py log_once [line:28] INFO test_loss                     23.0713
2026-09-24 20:37:59,564 simple_logger.py log_once [line:28] INFO val_accuracy                  0.1119
2026-09-24 20:37:59,564 simple_logger.py log_once [line:28] INFO mean_val_accuracy             0.1111
2026-09-24 20:37:59,564 simple_logger.py log_once [line:28] INFO std_val_accuracy              0.2974
2026-09-24 20:37:59,564 simple_logger.py log_once [line:28] INFO val_loss                      22.9893
2026-09-24 20:37:59,564 simple_logger.py log_once [line:28] INFO mean_val_loss                 23.0008
2026-09-24 20:37:59,564 simple_logger.py log_once [line:28] INFO std_val_loss                  9.1943
2026-09-24 20:37:59,564 fedbase.py run [line:316] INFO Eval Time Cost:               1.4857s
2026-09-24 20:37:59,572 asyncbase.py iterate [line:68] INFO Select clients [np.int64(1)] at time 63.
2026-09-24 20:37:59,878 asyncbase.py iterate [line:73] INFO Receive new models from clients [19, 16, 1] at time 63
2026-09-24 20:37:59,933 fedbase.py run [line:311] INFO --------------Round 56--------------
2026-09-24 20:37:59,933 simple_logger.py log_once [line:14] INFO Current_time:63
2026-09-24 20:38:01,426 simple_logger.py log_once [line:28] INFO test_accuracy                 0.1135
2026-09-24 20:38:01,426 simple_logger.py log_once [line:28] INFO test_loss                     19.7212
2026-09-24 20:38:01,426 simple_logger.py log_once [line:28] INFO val_accuracy                  0.1119
2026-09-24 20:38:01,426 simple_logger.py log_once [line:28] INFO mean_val_accuracy             0.1111
2026-09-24 20:38:01,426 simple_logger.py log_once [line:28] INFO std_val_accuracy              0.2974
2026-09-24 20:38:01,426 simple_logger.py log_once [line:28] INFO val_loss                      19.6918
2026-09-24 20:38:01,426 simple_logger.py log_once [line:28] INFO mean_val_loss                 19.7032
2026-09-24 20:38:01,426 simple_logger.py log_once [line:28] INFO std_val_loss                  8.2019
2026-09-24 20:38:01,426 fedbase.py run [line:316] INFO Eval Time Cost:               1.4929s
2026-09-24 20:38:01,434 asyncbase.py iterate [line:68] INFO Select clients [np.int64(19), np.int64(11), np.int64(15), np.int64(8)] at time 64.
2026-09-24 20:38:02,677 asyncbase.py iterate [line:73] INFO Receive new models from clients [15] at time 64
2026-09-24 20:38:02,702 fedbase.py run [line:311] INFO --------------Round 57--------------
2026-09-24 20:38:02,702 simple_logger.py log_once [line:14] INFO Current_time:64
2026-09-24 20:38:04,206 simple_logger.py log_once [line:28] INFO test_accuracy                 0.1300
2026-09-24 20:38:04,206 simple_logger.py log_once [line:28] INFO test_loss                     2.5417
2026-09-24 20:38:04,206 simple_logger.py log_once [line:28] INFO val_accuracy                  0.1308
2026-09-24 20:38:04,206 simple_logger.py log_once [line:28] INFO mean_val_accuracy             0.1308
2026-09-24 20:38:04,206 simple_logger.py log_once [line:28] INFO std_val_accuracy              0.2782
2026-09-24 20:38:04,206 simple_logger.py log_once [line:28] INFO val_loss                      2.5386
2026-09-24 20:38:04,206 simple_logger.py log_once [line:28] INFO mean_val_loss                 2.5371
2026-09-24 20:38:04,206 simple_logger.py log_once [line:28] INFO std_val_loss                  0.9162
2026-09-24 20:38:04,206 fedbase.py run [line:316] INFO Eval Time Cost:               1.5040s
2026-09-24 20:38:04,215 asyncbase.py iterate [line:68] INFO Select clients [np.int64(7)] at time 65.
2026-09-24 20:38:04,521 asyncbase.py iterate [line:73] INFO Receive new models from clients [10, 7] at time 65
2026-09-24 20:38:04,567 fedbase.py run [line:311] INFO --------------Round 58--------------
2026-09-24 20:38:04,567 simple_logger.py log_once [line:14] INFO Current_time:65
2026-09-24 20:38:06,031 simple_logger.py log_once [line:28] INFO test_accuracy                 0.0998
2026-09-24 20:38:06,031 simple_logger.py log_once [line:28] INFO test_loss                     2.9997
2026-09-24 20:38:06,031 simple_logger.py log_once [line:28] INFO val_accuracy                  0.1004
2026-09-24 20:38:06,031 simple_logger.py log_once [line:28] INFO mean_val_accuracy             0.1008
2026-09-24 20:38:06,031 simple_logger.py log_once [line:28] INFO std_val_accuracy              0.2792
2026-09-24 20:38:06,031 simple_logger.py log_once [line:28] INFO val_loss                      2.9885
2026-09-24 20:38:06,031 simple_logger.py log_once [line:28] INFO mean_val_loss                 2.9857
2026-09-24 20:38:06,031 simple_logger.py log_once [line:28] INFO std_val_loss                  1.4303
2026-09-24 20:38:06,031 fedbase.py run [line:316] INFO Eval Time Cost:               1.4641s
2026-09-24 20:38:06,039 asyncbase.py iterate [line:68] INFO Select clients [np.int64(14), np.int64(16)] at time 66.
2026-09-24 20:38:06,659 asyncbase.py iterate [line:73] INFO Receive new models from clients [16] at time 66
2026-09-24 20:38:06,681 fedbase.py run [line:311] INFO --------------Round 59--------------
2026-09-24 20:38:06,681 simple_logger.py log_once [line:14] INFO Current_time:66
2026-09-24 20:38:08,152 simple_logger.py log_once [line:28] INFO test_accuracy                 0.1009
2026-09-24 20:38:08,152 simple_logger.py log_once [line:28] INFO test_loss                     4.6653
2026-09-24 20:38:08,152 simple_logger.py log_once [line:28] INFO val_accuracy                  0.0999
2026-09-24 20:38:08,152 simple_logger.py log_once [line:28] INFO mean_val_accuracy             0.0994
2026-09-24 20:38:08,152 simple_logger.py log_once [line:28] INFO std_val_accuracy              0.2889
2026-09-24 20:38:08,152 simple_logger.py log_once [line:28] INFO val_loss                      4.6643
2026-09-24 20:38:08,152 simple_logger.py log_once [line:28] INFO mean_val_loss                 4.6642
2026-09-24 20:38:08,152 simple_logger.py log_once [line:28] INFO std_val_loss                  1.6968
2026-09-24 20:38:08,152 fedbase.py run [line:316] INFO Eval Time Cost:               1.4712s
2026-09-24 20:38:08,161 asyncbase.py iterate [line:68] INFO Select clients [np.int64(17)] at time 67.
2026-09-24 20:38:08,474 asyncbase.py iterate [line:73] INFO Receive new models from clients [11] at time 67
2026-09-24 20:38:08,498 fedbase.py run [line:311] INFO --------------Round 60--------------
2026-09-24 20:38:08,499 simple_logger.py log_once [line:14] INFO Current_time:67
2026-09-24 20:38:09,964 simple_logger.py log_once [line:28] INFO test_accuracy                 0.1009
2026-09-24 20:38:09,965 simple_logger.py log_once [line:28] INFO test_loss                     5.0688
2026-09-24 20:38:09,965 simple_logger.py log_once [line:28] INFO val_accuracy                  0.0999
2026-09-24 20:38:09,965 simple_logger.py log_once [line:28] INFO mean_val_accuracy             0.0994
2026-09-24 20:38:09,965 simple_logger.py log_once [line:28] INFO std_val_accuracy              0.2889
2026-09-24 20:38:09,965 simple_logger.py log_once [line:28] INFO val_loss                      5.0559
2026-09-24 20:38:09,965 simple_logger.py log_once [line:28] INFO mean_val_loss                 5.0468
2026-09-24 20:38:09,965 simple_logger.py log_once [line:28] INFO std_val_loss                  3.5226
2026-09-24 20:38:09,965 fedbase.py run [line:316] INFO Eval Time Cost:               1.4664s
2026-09-24 20:38:09,973 asyncbase.py iterate [line:68] INFO Select clients [np.int64(1)] at time 68.
2026-09-24 20:38:10,280 asyncbase.py iterate [line:73] INFO Receive new models from clients [9] at time 68
2026-09-24 20:38:10,303 fedbase.py run [line:311] INFO --------------Round 61--------------
2026-09-24 20:38:10,303 simple_logger.py log_once [line:14] INFO Current_time:68
2026-09-24 20:38:11,784 simple_logger.py log_once [line:28] INFO test_accuracy                 0.1009
2026-09-24 20:38:11,784 simple_logger.py log_once [line:28] INFO test_loss                     4.2633
2026-09-24 20:38:11,784 simple_logger.py log_once [line:28] INFO val_accuracy                  0.0999
2026-09-24 20:38:11,784 simple_logger.py log_once [line:28] INFO mean_val_accuracy             0.0994
2026-09-24 20:38:11,784 simple_logger.py log_once [line:28] INFO std_val_accuracy              0.2889
2026-09-24 20:38:11,784 simple_logger.py log_once [line:28] INFO val_loss                      4.2831
2026-09-24 20:38:11,784 simple_logger.py log_once [line:28] INFO mean_val_loss                 4.2802
2026-09-24 20:38:11,784 simple_logger.py log_once [line:28] INFO std_val_loss                  1.8408
2026-09-24 20:38:11,784 fedbase.py run [line:316] INFO Eval Time Cost:               1.4814s
2026-09-24 20:38:11,793 asyncbase.py iterate [line:68] INFO Select clients [np.int64(4)] at time 69.
2026-09-24 20:38:12,118 asyncbase.py iterate [line:73] INFO Receive new models from clients [8, 4, 1, 17, 19] at time 70
2026-09-24 20:38:12,190 fedbase.py run [line:311] INFO --------------Round 62--------------
2026-09-24 20:38:12,190 simple_logger.py log_once [line:14] INFO Current_time:70
2026-09-24 20:38:13,658 simple_logger.py log_once [line:28] INFO test_accuracy                 0.1033
2026-09-24 20:38:13,658 simple_logger.py log_once [line:28] INFO test_loss                     3.1566
2026-09-24 20:38:13,658 simple_logger.py log_once [line:28] INFO val_accuracy                  0.1017
2026-09-24 20:38:13,658 simple_logger.py log_once [line:28] INFO mean_val_accuracy             0.1013
2026-09-24 20:38:13,658 simple_logger.py log_once [line:28] INFO std_val_accuracy              0.2503
2026-09-24 20:38:13,658 simple_logger.py log_once [line:28] INFO val_loss                      3.1680
2026-09-24 20:38:13,658 simple_logger.py log_once [line:28] INFO mean_val_loss                 3.1654
2026-09-24 20:38:13,658 simple_logger.py log_once [line:28] INFO std_val_loss                  1.4482
2026-09-24 20:38:13,658 fedbase.py run [line:316] INFO Eval Time Cost:               1.4683s
2026-09-24 20:38:13,666 asyncbase.py iterate [line:68] INFO Select clients [np.int64(16), np.int64(0), np.int64(7), np.int64(5), np.int64(3)] at time 71.
2026-09-24 20:38:15,223 asyncbase.py iterate [line:73] INFO Receive new models from clients [3, 14, 5] at time 72
2026-09-24 20:38:15,279 fedbase.py run [line:311] INFO --------------Round 63--------------
2026-09-24 20:38:15,279 simple_logger.py log_once [line:14] INFO Current_time:72
2026-09-24 20:38:16,759 simple_logger.py log_once [line:28] INFO test_accuracy                 0.1869
2026-09-24 20:38:16,759 simple_logger.py log_once [line:28] INFO test_loss                     2.9259
2026-09-24 20:38:16,759 simple_logger.py log_once [line:28] INFO val_accuracy                  0.1852
2026-09-24 20:38:16,759 simple_logger.py log_once [line:28] INFO mean_val_accuracy             0.1851
2026-09-24 20:38:16,759 simple_logger.py log_once [line:28] INFO std_val_accuracy              0.3047
2026-09-24 20:38:16,759 simple_logger.py log_once [line:28] INFO val_loss                      2.8913
2026-09-24 20:38:16,759 simple_logger.py log_once [line:28] INFO mean_val_loss                 2.8895
2026-09-24 20:38:16,759 simple_logger.py log_once [line:28] INFO std_val_loss                  1.3513
2026-09-24 20:38:16,759 fedbase.py run [line:316] INFO Eval Time Cost:               1.4802s
2026-09-24 20:38:16,768 asyncbase.py iterate [line:68] INFO Select clients [np.int64(8), np.int64(3), np.int64(12)] at time 73.
2026-09-24 20:38:17,687 asyncbase.py iterate [line:73] INFO Receive new models from clients [16] at time 73
2026-09-24 20:38:17,711 fedbase.py run [line:311] INFO --------------Round 64--------------
2026-09-24 20:38:17,712 simple_logger.py log_once [line:14] INFO Current_time:73
2026-09-24 20:38:19,190 simple_logger.py log_once [line:28] INFO test_accuracy                 0.2495
2026-09-24 20:38:19,191 simple_logger.py log_once [line:28] INFO test_loss                     4.5122
2026-09-24 20:38:19,191 simple_logger.py log_once [line:28] INFO val_accuracy                  0.2639
2026-09-24 20:38:19,191 simple_logger.py log_once [line:28] INFO mean_val_accuracy             0.2635
2026-09-24 20:38:19,191 simple_logger.py log_once [line:28] INFO std_val_accuracy              0.2919
2026-09-24 20:38:19,191 simple_logger.py log_once [line:28] INFO val_loss                      4.4099
2026-09-24 20:38:19,191 simple_logger.py log_once [line:28] INFO mean_val_loss                 4.4099
2026-09-24 20:38:19,191 simple_logger.py log_once [line:28] INFO std_val_loss                  3.0691
2026-09-24 20:38:19,191 fedbase.py run [line:316] INFO Eval Time Cost:               1.4792s
2026-09-24 20:38:19,199 asyncbase.py iterate [line:73] INFO Receive new models from clients [12, 0, 7] at time 74
2026-09-24 20:38:19,253 fedbase.py run [line:311] INFO --------------Round 65--------------
2026-09-24 20:38:19,253 simple_logger.py log_once [line:14] INFO Current_time:74
2026-09-24 20:38:20,730 simple_logger.py log_once [line:28] INFO test_accuracy                 0.3761
2026-09-24 20:38:20,730 simple_logger.py log_once [line:28] INFO test_loss                     1.9804
2026-09-24 20:38:20,730 simple_logger.py log_once [line:28] INFO val_accuracy                  0.3839
2026-09-24 20:38:20,730 simple_logger.py log_once [line:28] INFO mean_val_accuracy             0.3835
2026-09-24 20:38:20,730 simple_logger.py log_once [line:28] INFO std_val_accuracy              0.2652
2026-09-24 20:38:20,730 simple_logger.py log_once [line:28] INFO val_loss                      1.9720
2026-09-24 20:38:20,730 simple_logger.py log_once [line:28] INFO mean_val_loss                 1.9719
2026-09-24 20:38:20,730 simple_logger.py log_once [line:28] INFO std_val_loss                  0.9922
2026-09-24 20:38:20,730 fedbase.py run [line:316] INFO Eval Time Cost:               1.4773s
2026-09-24 20:38:20,739 asyncbase.py iterate [line:68] INFO Select clients [np.int64(14), np.int64(9), np.int64(10), np.int64(12)] at time 75.
2026-09-24 20:38:22,004 asyncbase.py iterate [line:73] INFO Receive new models from clients [12, 3] at time 76
2026-09-24 20:38:22,050 fedbase.py run [line:311] INFO --------------Round 66--------------
2026-09-24 20:38:22,050 simple_logger.py log_once [line:14] INFO Current_time:76
2026-09-24 20:38:23,521 simple_logger.py log_once [line:28] INFO test_accuracy                 0.1009
2026-09-24 20:38:23,521 simple_logger.py log_once [line:28] INFO test_loss                     3.1850
2026-09-24 20:38:23,521 simple_logger.py log_once [line:28] INFO val_accuracy                  0.0999
2026-09-24 20:38:23,521 simple_logger.py log_once [line:28] INFO mean_val_accuracy             0.0994
2026-09-24 20:38:23,521 simple_logger.py log_once [line:28] INFO std_val_accuracy              0.2889
2026-09-24 20:38:23,521 simple_logger.py log_once [line:28] INFO val_loss                      3.1870
2026-09-24 20:38:23,521 simple_logger.py log_once [line:28] INFO mean_val_loss                 3.1867
2026-09-24 20:38:23,521 simple_logger.py log_once [line:28] INFO std_val_loss                  1.0462
2026-09-24 20:38:23,521 fedbase.py run [line:316] INFO Eval Time Cost:               1.4710s
2026-09-24 20:38:23,530 asyncbase.py iterate [line:68] INFO Select clients [np.int64(3), np.int64(5)] at time 77.
2026-09-24 20:38:24,155 asyncbase.py iterate [line:73] INFO Receive new models from clients [3] at time 77
2026-09-24 20:38:24,180 fedbase.py run [line:311] INFO --------------Round 67--------------
2026-09-24 20:38:24,180 simple_logger.py log_once [line:14] INFO Current_time:77
2026-09-24 20:38:25,651 simple_logger.py log_once [line:28] INFO test_accuracy                 0.1009
2026-09-24 20:38:25,651 simple_logger.py log_once [line:28] INFO test_loss                     5.1842
2026-09-24 20:38:25,651 simple_logger.py log_once [line:28] INFO val_accuracy                  0.0999
2026-09-24 20:38:25,651 simple_logger.py log_once [line:28] INFO mean_val_accuracy             0.0994
2026-09-24 20:38:25,651 simple_logger.py log_once [line:28] INFO std_val_accuracy              0.2889
2026-09-24 20:38:25,651 simple_logger.py log_once [line:28] INFO val_loss                      5.1906
2026-09-24 20:38:25,651 simple_logger.py log_once [line:28] INFO mean_val_loss                 5.1926
2026-09-24 20:38:25,651 simple_logger.py log_once [line:28] INFO std_val_loss                  1.6862
2026-09-24 20:38:25,652 fedbase.py run [line:316] INFO Eval Time Cost:               1.4712s
2026-09-24 20:38:25,660 asyncbase.py iterate [line:68] INFO Select clients [np.int64(6)] at time 78.
2026-09-24 20:38:25,968 asyncbase.py iterate [line:73] INFO Receive new models from clients [10, 5] at time 78
2026-09-24 20:38:26,016 fedbase.py run [line:311] INFO --------------Round 68--------------
2026-09-24 20:38:26,016 simple_logger.py log_once [line:14] INFO Current_time:78
2026-09-24 20:38:27,492 simple_logger.py log_once [line:28] INFO test_accuracy                 0.2612
2026-09-24 20:38:27,492 simple_logger.py log_once [line:28] INFO test_loss                     2.9417
2026-09-24 20:38:27,492 simple_logger.py log_once [line:28] INFO val_accuracy                  0.2583
2026-09-24 20:38:27,492 simple_logger.py log_once [line:28] INFO mean_val_accuracy             0.2579
2026-09-24 20:38:27,492 simple_logger.py log_once [line:28] INFO std_val_accuracy              0.3144
2026-09-24 20:38:27,492 simple_logger.py log_once [line:28] INFO val_loss                      2.9556
2026-09-24 20:38:27,492 simple_logger.py log_once [line:28] INFO mean_val_loss                 2.9560
2026-09-24 20:38:27,492 simple_logger.py log_once [line:28] INFO std_val_loss                  1.5908
2026-09-24 20:38:27,492 fedbase.py run [line:316] INFO Eval Time Cost:               1.4758s
2026-09-24 20:38:27,500 asyncbase.py iterate [line:68] INFO Select clients [np.int64(18), np.int64(10)] at time 79.
2026-09-24 20:38:28,124 asyncbase.py iterate [line:73] INFO Receive new models from clients [8, 6] at time 79
2026-09-24 20:38:28,170 fedbase.py run [line:311] INFO --------------Round 69--------------
2026-09-24 20:38:28,170 simple_logger.py log_once [line:14] INFO Current_time:79
2026-09-24 20:38:29,666 simple_logger.py log_once [line:28] INFO test_accuracy                 0.2743
2026-09-24 20:38:29,666 simple_logger.py log_once [line:28] INFO test_loss                     5.4528
2026-09-24 20:38:29,666 simple_logger.py log_once [line:28] INFO val_accuracy                  0.2776
2026-09-24 20:38:29,667 simple_logger.py log_once [line:28] INFO mean_val_accuracy             0.2779
2026-09-24 20:38:29,667 simple_logger.py log_once [line:28] INFO std_val_accuracy              0.3515
2026-09-24 20:38:29,667 simple_logger.py log_once [line:28] INFO val_loss                      5.4512
2026-09-24 20:38:29,667 simple_logger.py log_once [line:28] INFO mean_val_loss                 5.4441
2026-09-24 20:38:29,667 simple_logger.py log_once [line:28] INFO std_val_loss                  3.7267
2026-09-24 20:38:29,667 fedbase.py run [line:316] INFO Eval Time Cost:               1.4966s
2026-09-24 20:38:29,676 asyncbase.py iterate [line:68] INFO Select clients [np.int64(7), np.int64(16)] at time 80.
2026-09-24 20:38:30,338 asyncbase.py iterate [line:73] INFO Receive new models from clients [9, 10, 18, 14] at time 81
2026-09-24 20:38:30,400 fedbase.py run [line:311] INFO --------------Round 70--------------
2026-09-24 20:38:30,400 simple_logger.py log_once [line:14] INFO Current_time:81
2026-09-24 20:38:31,884 simple_logger.py log_once [line:28] INFO test_accuracy                 0.2370
2026-09-24 20:38:31,884 simple_logger.py log_once [line:28] INFO test_loss                     5.2761
2026-09-24 20:38:31,884 simple_logger.py log_once [line:28] INFO val_accuracy                  0.2282
2026-09-24 20:38:31,884 simple_logger.py log_once [line:28] INFO mean_val_accuracy             0.2282
2026-09-24 20:38:31,884 simple_logger.py log_once [line:28] INFO std_val_accuracy              0.3235
2026-09-24 20:38:31,884 simple_logger.py log_once [line:28] INFO val_loss                      5.3233
2026-09-24 20:38:31,884 simple_logger.py log_once [line:28] INFO mean_val_loss                 5.3171
2026-09-24 20:38:31,884 simple_logger.py log_once [line:28] INFO std_val_loss                  3.0632
2026-09-24 20:38:31,884 fedbase.py run [line:316] INFO Eval Time Cost:               1.4836s
2026-09-24 20:38:31,892 asyncbase.py iterate [line:68] INFO Select clients [np.int64(4), np.int64(11), np.int64(8), np.int64(15)] at time 82.
2026-09-24 20:38:33,133 asyncbase.py iterate [line:73] INFO Receive new models from clients [16, 4, 7, 11] at time 82
2026-09-24 20:38:33,198 fedbase.py run [line:311] INFO --------------Round 71--------------
2026-09-24 20:38:33,198 simple_logger.py log_once [line:14] INFO Current_time:82
2026-09-24 20:38:34,665 simple_logger.py log_once [line:28] INFO test_accuracy                 0.1699
2026-09-24 20:38:34,665 simple_logger.py log_once [line:28] INFO test_loss                     2.5633
2026-09-24 20:38:34,665 simple_logger.py log_once [line:28] INFO val_accuracy                  0.1735
2026-09-24 20:38:34,665 simple_logger.py log_once [line:28] INFO mean_val_accuracy             0.1732
2026-09-24 20:38:34,665 simple_logger.py log_once [line:28] INFO std_val_accuracy              0.2745
2026-09-24 20:38:34,665 simple_logger.py log_once [line:28] INFO val_loss                      2.5642
2026-09-24 20:38:34,665 simple_logger.py log_once [line:28] INFO mean_val_loss                 2.5652
2026-09-24 20:38:34,665 simple_logger.py log_once [line:28] INFO std_val_loss                  1.2300
2026-09-24 20:38:34,665 fedbase.py run [line:316] INFO Eval Time Cost:               1.4675s
2026-09-24 20:38:34,674 asyncbase.py iterate [line:68] INFO Select clients [np.int64(6), np.int64(13), np.int64(11)] at time 83.
2026-09-24 20:38:35,601 asyncbase.py iterate [line:73] INFO Receive new models from clients [15] at time 83
2026-09-24 20:38:35,626 fedbase.py run [line:311] INFO --------------Round 72--------------
2026-09-24 20:38:35,626 simple_logger.py log_once [line:14] INFO Current_time:83
2026-09-24 20:38:37,093 simple_logger.py log_once [line:28] INFO test_accuracy                 0.1566
2026-09-24 20:38:37,094 simple_logger.py log_once [line:28] INFO test_loss                     7.3733
2026-09-24 20:38:37,094 simple_logger.py log_once [line:28] INFO val_accuracy                  0.1518
2026-09-24 20:38:37,094 simple_logger.py log_once [line:28] INFO mean_val_accuracy             0.1511
2026-09-24 20:38:37,094 simple_logger.py log_once [line:28] INFO std_val_accuracy              0.3056
2026-09-24 20:38:37,094 simple_logger.py log_once [line:28] INFO val_loss                      7.3758
2026-09-24 20:38:37,094 simple_logger.py log_once [line:28] INFO mean_val_loss                 7.3818
2026-09-24 20:38:37,094 simple_logger.py log_once [line:28] INFO std_val_loss                  4.0969
2026-09-24 20:38:37,094 fedbase.py run [line:316] INFO Eval Time Cost:               1.4680s
2026-09-24 20:38:37,102 asyncbase.py iterate [line:68] INFO Select clients [np.int64(10)] at time 84.
2026-09-24 20:38:37,413 asyncbase.py iterate [line:73] INFO Receive new models from clients [11, 6, 10] at time 84
2026-09-24 20:38:37,467 fedbase.py run [line:311] INFO --------------Round 73--------------
2026-09-24 20:38:37,467 simple_logger.py log_once [line:14] INFO Current_time:84
2026-09-24 20:38:38,942 simple_logger.py log_once [line:28] INFO test_accuracy                 0.1018
2026-09-24 20:38:38,942 simple_logger.py log_once [line:28] INFO test_loss                     17.8410
2026-09-24 20:38:38,942 simple_logger.py log_once [line:28] INFO val_accuracy                  0.1025
2026-09-24 20:38:38,942 simple_logger.py log_once [line:28] INFO mean_val_accuracy             0.1016
2026-09-24 20:38:38,942 simple_logger.py log_once [line:28] INFO std_val_accuracy              0.2786
2026-09-24 20:38:38,942 simple_logger.py log_once [line:28] INFO val_loss                      17.7003
2026-09-24 20:38:38,942 simple_logger.py log_once [line:28] INFO mean_val_loss                 17.7020
2026-09-24 20:38:38,942 simple_logger.py log_once [line:28] INFO std_val_loss                  8.0700
2026-09-24 20:38:38,943 fedbase.py run [line:316] INFO Eval Time Cost:               1.4753s
2026-09-24 20:38:38,951 asyncbase.py iterate [line:68] INFO Select clients [np.int64(7), np.int64(19), np.int64(17), np.int64(9)] at time 85.
2026-09-24 20:38:40,196 asyncbase.py iterate [line:73] INFO Receive new models from clients [13, 7] at time 85
2026-09-24 20:38:40,244 fedbase.py run [line:311] INFO --------------Round 74--------------
2026-09-24 20:38:40,244 simple_logger.py log_once [line:14] INFO Current_time:85
2026-09-24 20:38:41,717 simple_logger.py log_once [line:28] INFO test_accuracy                 0.0982
2026-09-24 20:38:41,718 simple_logger.py log_once [line:28] INFO test_loss                     2.7416
2026-09-24 20:38:41,718 simple_logger.py log_once [line:28] INFO val_accuracy                  0.0989
2026-09-24 20:38:41,718 simple_logger.py log_once [line:28] INFO mean_val_accuracy             0.0993
2026-09-24 20:38:41,718 simple_logger.py log_once [line:28] INFO std_val_accuracy              0.2797
2026-09-24 20:38:41,718 simple_logger.py log_once [line:28] INFO val_loss                      2.7338
2026-09-24 20:38:41,718 simple_logger.py log_once [line:28] INFO mean_val_loss                 2.7343
2026-09-24 20:38:41,718 simple_logger.py log_once [line:28] INFO std_val_loss                  0.8625
2026-09-24 20:38:41,718 fedbase.py run [line:316] INFO Eval Time Cost:               1.4733s
2026-09-24 20:38:41,726 asyncbase.py iterate [line:68] INFO Select clients [np.int64(15), np.int64(10)] at time 86.
2026-09-24 20:38:42,355 asyncbase.py iterate [line:73] INFO Receive new models from clients [15, 17] at time 87
2026-09-24 20:38:42,400 fedbase.py run [line:311] INFO --------------Round 75--------------
2026-09-24 20:38:42,400 simple_logger.py log_once [line:14] INFO Current_time:87
2026-09-24 20:38:43,875 simple_logger.py log_once [line:28] INFO test_accuracy                 0.0974
2026-09-24 20:38:43,875 simple_logger.py log_once [line:28] INFO test_loss                     3.6516
2026-09-24 20:38:43,875 simple_logger.py log_once [line:28] INFO val_accuracy                  0.0972
2026-09-24 20:38:43,875 simple_logger.py log_once [line:28] INFO mean_val_accuracy             0.0962
2026-09-24 20:38:43,875 simple_logger.py log_once [line:28] INFO std_val_accuracy              0.2801
2026-09-24 20:38:43,875 simple_logger.py log_once [line:28] INFO val_loss                      3.6474
2026-09-24 20:38:43,875 simple_logger.py log_once [line:28] INFO mean_val_loss                 3.6481
2026-09-24 20:38:43,875 simple_logger.py log_once [line:28] INFO std_val_loss                  1.5715
2026-09-24 20:38:43,875 fedbase.py run [line:316] INFO Eval Time Cost:               1.4748s
2026-09-24 20:38:43,883 asyncbase.py iterate [line:68] INFO Select clients [np.int64(11)] at time 88.
2026-09-24 20:38:44,188 asyncbase.py iterate [line:73] INFO Receive new models from clients [8, 10, 11] at time 88
2026-09-24 20:38:44,243 fedbase.py run [line:311] INFO --------------Round 76--------------
2026-09-24 20:38:44,243 simple_logger.py log_once [line:14] INFO Current_time:88
2026-09-24 20:38:45,710 simple_logger.py log_once [line:28] INFO test_accuracy                 0.1010
2026-09-24 20:38:45,710 simple_logger.py log_once [line:28] INFO test_loss                     2.5293
2026-09-24 20:38:45,710 simple_logger.py log_once [line:28] INFO val_accuracy                  0.1020
2026-09-24 20:38:45,710 simple_logger.py log_once [line:28] INFO mean_val_accuracy             0.1016
2026-09-24 20:38:45,710 simple_logger.py log_once [line:28] INFO std_val_accuracy              0.2730
2026-09-24 20:38:45,710 simple_logger.py log_once [line:28] INFO val_loss                      2.5246
2026-09-24 20:38:45,710 simple_logger.py log_once [line:28] INFO mean_val_loss                 2.5233
2026-09-24 20:38:45,710 simple_logger.py log_once [line:28] INFO std_val_loss                  0.7161
2026-09-24 20:38:45,710 fedbase.py run [line:316] INFO Eval Time Cost:               1.4672s
2026-09-24 20:38:45,719 asyncbase.py iterate [line:68] INFO Select clients [np.int64(16), np.int64(0), np.int64(13), np.int64(11)] at time 89.
2026-09-24 20:38:47,080 asyncbase.py iterate [line:73] INFO Receive new models from clients [9, 11, 19] at time 91
2026-09-24 20:38:47,137 fedbase.py run [line:311] INFO --------------Round 77--------------
2026-09-24 20:38:47,137 simple_logger.py log_once [line:14] INFO Current_time:91
2026-09-24 20:38:48,647 simple_logger.py log_once [line:28] INFO test_accuracy                 0.0974
2026-09-24 20:38:48,647 simple_logger.py log_once [line:28] INFO test_loss                     221.1309
2026-09-24 20:38:48,647 simple_logger.py log_once [line:28] INFO val_accuracy                  0.0972
2026-09-24 20:38:48,648 simple_logger.py log_once [line:28] INFO mean_val_accuracy             0.0962
2026-09-24 20:38:48,648 simple_logger.py log_once [line:28] INFO std_val_accuracy              0.2801
2026-09-24 20:38:48,648 simple_logger.py log_once [line:28] INFO val_loss                      218.7977
2026-09-24 20:38:48,648 simple_logger.py log_once [line:28] INFO mean_val_loss                 218.8964
2026-09-24 20:38:48,648 simple_logger.py log_once [line:28] INFO std_val_loss                  94.5848
2026-09-24 20:38:48,648 fedbase.py run [line:316] INFO Eval Time Cost:               1.5106s
2026-09-24 20:38:48,656 asyncbase.py iterate [line:68] INFO Select clients [np.int64(8), np.int64(17)] at time 92.
2026-09-24 20:38:49,329 asyncbase.py iterate [line:73] INFO Receive new models from clients [0, 16, 17, 13] at time 92
2026-09-24 20:38:49,395 fedbase.py run [line:311] INFO --------------Round 78--------------
2026-09-24 20:38:49,395 simple_logger.py log_once [line:14] INFO Current_time:92
2026-09-24 20:38:50,863 simple_logger.py log_once [line:28] INFO test_accuracy                 0.0974
2026-09-24 20:38:50,863 simple_logger.py log_once [line:28] INFO test_loss                     218.0785
2026-09-24 20:38:50,863 simple_logger.py log_once [line:28] INFO val_accuracy                  0.0972
2026-09-24 20:38:50,863 simple_logger.py log_once [line:28] INFO mean_val_accuracy             0.0962
2026-09-24 20:38:50,863 simple_logger.py log_once [line:28] INFO std_val_accuracy              0.2801
2026-09-24 20:38:50,863 simple_logger.py log_once [line:28] INFO val_loss                      215.8457
2026-09-24 20:38:50,863 simple_logger.py log_once [line:28] INFO mean_val_loss                 215.9527
2026-09-24 20:38:50,863 simple_logger.py log_once [line:28] INFO std_val_loss                  94.7623
2026-09-24 20:38:50,863 fedbase.py run [line:316] INFO Eval Time Cost:               1.4681s
2026-09-24 20:38:50,872 asyncbase.py iterate [line:68] INFO Select clients [np.int64(12), np.int64(1), np.int64(7), np.int64(0), np.int64(2)] at time 93.
2026-09-24 20:38:52,411 asyncbase.py iterate [line:73] INFO Receive new models from clients [1, 0] at time 93
2026-09-24 20:38:52,458 fedbase.py run [line:311] INFO --------------Round 79--------------
2026-09-24 20:38:52,458 simple_logger.py log_once [line:14] INFO Current_time:93
2026-09-24 20:38:53,941 simple_logger.py log_once [line:28] INFO test_accuracy                 0.1057
2026-09-24 20:38:53,941 simple_logger.py log_once [line:28] INFO test_loss                     3.5328
2026-09-24 20:38:53,941 simple_logger.py log_once [line:28] INFO val_accuracy                  0.1086
2026-09-24 20:38:53,941 simple_logger.py log_once [line:28] INFO mean_val_accuracy             0.1088
2026-09-24 20:38:53,941 simple_logger.py log_once [line:28] INFO std_val_accuracy              0.2793
2026-09-24 20:38:53,941 simple_logger.py log_once [line:28] INFO val_loss                      3.5152
2026-09-24 20:38:53,941 simple_logger.py log_once [line:28] INFO mean_val_loss                 3.5081
2026-09-24 20:38:53,941 simple_logger.py log_once [line:28] INFO std_val_loss                  2.2587
2026-09-24 20:38:53,941 fedbase.py run [line:316] INFO Eval Time Cost:               1.4830s
2026-09-24 20:38:53,950 asyncbase.py iterate [line:68] INFO Select clients [np.int64(10)] at time 94.
2026-09-24 20:38:54,262 asyncbase.py iterate [line:73] INFO Receive new models from clients [2] at time 94
2026-09-24 20:38:54,284 fedbase.py run [line:311] INFO --------------Round 80--------------
2026-09-24 20:38:54,285 simple_logger.py log_once [line:14] INFO Current_time:94
2026-09-24 20:38:55,757 simple_logger.py log_once [line:28] INFO test_accuracy                 0.1028
2026-09-24 20:38:55,757 simple_logger.py log_once [line:28] INFO test_loss                     3.6923
2026-09-24 20:38:55,757 simple_logger.py log_once [line:28] INFO val_accuracy                  0.1043
2026-09-24 20:38:55,757 simple_logger.py log_once [line:28] INFO mean_val_accuracy             0.1043
2026-09-24 20:38:55,757 simple_logger.py log_once [line:28] INFO std_val_accuracy              0.2848
2026-09-24 20:38:55,757 simple_logger.py log_once [line:28] INFO val_loss                      3.6910
2026-09-24 20:38:55,757 simple_logger.py log_once [line:28] INFO mean_val_loss                 3.6854
2026-09-24 20:38:55,757 simple_logger.py log_once [line:28] INFO std_val_loss                  2.6751
2026-09-24 20:38:55,757 fedbase.py run [line:316] INFO Eval Time Cost:               1.4727s
2026-09-24 20:38:55,766 asyncbase.py iterate [line:68] INFO Select clients [np.int64(18), np.int64(11)] at time 95.
2026-09-24 20:38:56,409 asyncbase.py iterate [line:73] INFO Receive new models from clients [11, 7, 12] at time 96
2026-09-24 20:38:56,466 fedbase.py run [line:311] INFO --------------Round 81--------------
2026-09-24 20:38:56,466 simple_logger.py log_once [line:14] INFO Current_time:96
2026-09-24 20:38:57,964 simple_logger.py log_once [line:28] INFO test_accuracy                 0.1135
2026-09-24 20:38:57,965 simple_logger.py log_once [line:28] INFO test_loss                     2.9559
2026-09-24 20:38:57,965 simple_logger.py log_once [line:28] INFO val_accuracy                  0.1119
2026-09-24 20:38:57,965 simple_logger.py log_once [line:28] INFO mean_val_accuracy             0.1111
2026-09-24 20:38:57,965 simple_logger.py log_once [line:28] INFO std_val_accuracy              0.2974
2026-09-24 20:38:57,965 simple_logger.py log_once [line:28] INFO val_loss                      2.9539
2026-09-24 20:38:57,965 simple_logger.py log_once [line:28] INFO mean_val_loss                 2.9512
2026-09-24 20:38:57,965 simple_logger.py log_once [line:28] INFO std_val_loss                  1.6969
2026-09-24 20:38:57,965 fedbase.py run [line:316] INFO Eval Time Cost:               1.4989s
2026-09-24 20:38:57,973 asyncbase.py iterate [line:68] INFO Select clients [np.int64(16), np.int64(2)] at time 97.
2026-09-24 20:38:58,594 asyncbase.py iterate [line:73] INFO Receive new models from clients [18, 10] at time 97
2026-09-24 20:38:58,644 fedbase.py run [line:311] INFO --------------Round 82--------------
2026-09-24 20:38:58,644 simple_logger.py log_once [line:14] INFO Current_time:97
2026-09-24 20:39:00,142 simple_logger.py log_once [line:28] INFO test_accuracy                 0.1135
2026-09-24 20:39:00,142 simple_logger.py log_once [line:28] INFO test_loss                     2.8302
2026-09-24 20:39:00,142 simple_logger.py log_once [line:28] INFO val_accuracy                  0.1119
2026-09-24 20:39:00,142 simple_logger.py log_once [line:28] INFO mean_val_accuracy             0.1111
2026-09-24 20:39:00,142 simple_logger.py log_once [line:28] INFO std_val_accuracy              0.2974
2026-09-24 20:39:00,143 simple_logger.py log_once [line:28] INFO val_loss                      2.8315
2026-09-24 20:39:00,143 simple_logger.py log_once [line:28] INFO mean_val_loss                 2.8304
2026-09-24 20:39:00,143 simple_logger.py log_once [line:28] INFO std_val_loss                  1.1356
2026-09-24 20:39:00,143 fedbase.py run [line:316] INFO Eval Time Cost:               1.4982s
2026-09-24 20:39:00,151 asyncbase.py iterate [line:68] INFO Select clients [np.int64(9), np.int64(12)] at time 98.
2026-09-24 20:39:00,776 asyncbase.py iterate [line:73] INFO Receive new models from clients [16, 8] at time 98
2026-09-24 20:39:00,823 fedbase.py run [line:311] INFO --------------Round 83--------------
2026-09-24 20:39:00,823 simple_logger.py log_once [line:14] INFO Current_time:98
2026-09-24 20:39:02,303 simple_logger.py log_once [line:28] INFO test_accuracy                 0.1009
2026-09-24 20:39:02,303 simple_logger.py log_once [line:28] INFO test_loss                     2.8517
2026-09-24 20:39:02,304 simple_logger.py log_once [line:28] INFO val_accuracy                  0.0999
2026-09-24 20:39:02,304 simple_logger.py log_once [line:28] INFO mean_val_accuracy             0.0994
2026-09-24 20:39:02,304 simple_logger.py log_once [line:28] INFO std_val_accuracy              0.2889
2026-09-24 20:39:02,304 simple_logger.py log_once [line:28] INFO val_loss                      2.8548
2026-09-24 20:39:02,304 simple_logger.py log_once [line:28] INFO mean_val_loss                 2.8552
2026-09-24 20:39:02,304 simple_logger.py log_once [line:28] INFO std_val_loss                  1.0849
2026-09-24 20:39:02,304 fedbase.py run [line:316] INFO Eval Time Cost:               1.4810s
2026-09-24 20:39:02,312 asyncbase.py iterate [line:68] INFO Select clients [np.int64(11), np.int64(0), np.int64(15)] at time 99.
2026-09-24 20:39:03,246 asyncbase.py iterate [line:73] INFO Receive new models from clients [0, 2] at time 100
2026-09-24 20:39:03,294 fedbase.py run [line:311] INFO --------------Round 84--------------
2026-09-24 20:39:03,294 simple_logger.py log_once [line:14] INFO Current_time:100
2026-09-24 20:39:04,770 simple_logger.py log_once [line:28] INFO test_accuracy                 0.1032
2026-09-24 20:39:04,770 simple_logger.py log_once [line:28] INFO test_loss                     3.0008
2026-09-24 20:39:04,770 simple_logger.py log_once [line:28] INFO val_accuracy                  0.0983
2026-09-24 20:39:04,770 simple_logger.py log_once [line:28] INFO mean_val_accuracy             0.0993
2026-09-24 20:39:04,770 simple_logger.py log_once [line:28] INFO std_val_accuracy              0.2871
2026-09-24 20:39:04,770 simple_logger.py log_once [line:28] INFO val_loss                      3.0162
2026-09-24 20:39:04,770 simple_logger.py log_once [line:28] INFO mean_val_loss                 3.0131
2026-09-24 20:39:04,770 simple_logger.py log_once [line:28] INFO std_val_loss                  1.3766
2026-09-24 20:39:04,770 fedbase.py run [line:316] INFO Eval Time Cost:               1.4767s
2026-09-24 20:39:04,779 asyncbase.py iterate [line:68] INFO Select clients [np.int64(7)] at time 101.
2026-09-24 20:39:05,087 asyncbase.py iterate [line:73] INFO Receive new models from clients [15, 11, 12] at time 101
2026-09-24 20:39:05,145 fedbase.py run [line:311] INFO --------------Round 85--------------
2026-09-24 20:39:05,145 simple_logger.py log_once [line:14] INFO Current_time:101
2026-09-24 20:39:06,623 simple_logger.py log_once [line:28] INFO test_accuracy                 0.1032
2026-09-24 20:39:06,623 simple_logger.py log_once [line:28] INFO test_loss                     3.1439
2026-09-24 20:39:06,623 simple_logger.py log_once [line:28] INFO val_accuracy                  0.0983
2026-09-24 20:39:06,623 simple_logger.py log_once [line:28] INFO mean_val_accuracy             0.0993
2026-09-24 20:39:06,623 simple_logger.py log_once [line:28] INFO std_val_accuracy              0.2871
2026-09-24 20:39:06,623 simple_logger.py log_once [line:28] INFO val_loss                      3.1564
2026-09-24 20:39:06,623 simple_logger.py log_once [line:28] INFO mean_val_loss                 3.1514
2026-09-24 20:39:06,623 simple_logger.py log_once [line:28] INFO std_val_loss                  1.1446
2026-09-24 20:39:06,623 fedbase.py run [line:316] INFO Eval Time Cost:               1.4783s
2026-09-24 20:39:06,632 asyncbase.py iterate [line:68] INFO Select clients [np.int64(18), np.int64(13), np.int64(12), np.int64(5)] at time 102.
2026-09-24 20:39:07,889 asyncbase.py iterate [line:73] INFO Receive new models from clients [7, 13] at time 102
2026-09-24 20:39:07,937 fedbase.py run [line:311] INFO --------------Round 86--------------
2026-09-24 20:39:07,937 simple_logger.py log_once [line:14] INFO Current_time:102
2026-09-24 20:39:09,433 simple_logger.py log_once [line:28] INFO test_accuracy                 0.1010
2026-09-24 20:39:09,433 simple_logger.py log_once [line:28] INFO test_loss                     3.1056
2026-09-24 20:39:09,433 simple_logger.py log_once [line:28] INFO val_accuracy                  0.1020
2026-09-24 20:39:09,433 simple_logger.py log_once [line:28] INFO mean_val_accuracy             0.1016
2026-09-24 20:39:09,433 simple_logger.py log_once [line:28] INFO std_val_accuracy              0.2730
2026-09-24 20:39:09,433 simple_logger.py log_once [line:28] INFO val_loss                      3.1068
2026-09-24 20:39:09,433 simple_logger.py log_once [line:28] INFO mean_val_loss                 3.1053
2026-09-24 20:39:09,433 simple_logger.py log_once [line:28] INFO std_val_loss                  1.1668
2026-09-24 20:39:09,433 fedbase.py run [line:316] INFO Eval Time Cost:               1.4963s
2026-09-24 20:39:09,442 asyncbase.py iterate [line:68] INFO Select clients [np.int64(16), np.int64(3)] at time 103.
2026-09-24 20:39:10,099 asyncbase.py iterate [line:73] INFO Receive new models from clients [12, 3] at time 103
2026-09-24 20:39:10,146 fedbase.py run [line:311] INFO --------------Round 87--------------
2026-09-24 20:39:10,146 simple_logger.py log_once [line:14] INFO Current_time:103
2026-09-24 20:39:11,622 simple_logger.py log_once [line:28] INFO test_accuracy                 0.1009
2026-09-24 20:39:11,622 simple_logger.py log_once [line:28] INFO test_loss                     3.1319
2026-09-24 20:39:11,622 simple_logger.py log_once [line:28] INFO val_accuracy                  0.0999
2026-09-24 20:39:11,622 simple_logger.py log_once [line:28] INFO mean_val_accuracy             0.0994
2026-09-24 20:39:11,622 simple_logger.py log_once [line:28] INFO std_val_accuracy              0.2889
2026-09-24 20:39:11,622 simple_logger.py log_once [line:28] INFO val_loss                      3.1270
2026-09-24 20:39:11,622 simple_logger.py log_once [line:28] INFO mean_val_loss                 3.1280
2026-09-24 20:39:11,622 simple_logger.py log_once [line:28] INFO std_val_loss                  1.2930
2026-09-24 20:39:11,622 fedbase.py run [line:316] INFO Eval Time Cost:               1.4756s
2026-09-24 20:39:11,630 asyncbase.py iterate [line:68] INFO Select clients [np.int64(13), np.int64(10)] at time 104.
2026-09-24 20:39:12,248 asyncbase.py iterate [line:73] INFO Receive new models from clients [9, 18, 13] at time 104
2026-09-24 20:39:12,302 fedbase.py run [line:311] INFO --------------Round 88--------------
2026-09-24 20:39:12,302 simple_logger.py log_once [line:14] INFO Current_time:104
2026-09-24 20:39:13,807 simple_logger.py log_once [line:28] INFO test_accuracy                 0.1135
2026-09-24 20:39:13,807 simple_logger.py log_once [line:28] INFO test_loss                     3.3645
2026-09-24 20:39:13,807 simple_logger.py log_once [line:28] INFO val_accuracy                  0.1119
2026-09-24 20:39:13,808 simple_logger.py log_once [line:28] INFO mean_val_accuracy             0.1111
2026-09-24 20:39:13,808 simple_logger.py log_once [line:28] INFO std_val_accuracy              0.2974
2026-09-24 20:39:13,808 simple_logger.py log_once [line:28] INFO val_loss                      3.3689
2026-09-24 20:39:13,808 simple_logger.py log_once [line:28] INFO mean_val_loss                 3.3765
2026-09-24 20:39:13,808 simple_logger.py log_once [line:28] INFO std_val_loss                  1.5441
2026-09-24 20:39:13,808 fedbase.py run [line:316] INFO Eval Time Cost:               1.5054s
2026-09-24 20:39:13,816 asyncbase.py iterate [line:68] INFO Select clients [np.int64(13), np.int64(19)] at time 105.
2026-09-24 20:39:14,431 asyncbase.py iterate [line:73] INFO Receive new models from clients [10, 5, 13] at time 105
2026-09-24 20:39:14,485 fedbase.py run [line:311] INFO --------------Round 89--------------
2026-09-24 20:39:14,485 simple_logger.py log_once [line:14] INFO Current_time:105
2026-09-24 20:39:15,966 simple_logger.py log_once [line:28] INFO test_accuracy                 0.1135
2026-09-24 20:39:15,966 simple_logger.py log_once [line:28] INFO test_loss                     5.7736
2026-09-24 20:39:15,966 simple_logger.py log_once [line:28] INFO val_accuracy                  0.1119
2026-09-24 20:39:15,966 simple_logger.py log_once [line:28] INFO mean_val_accuracy             0.1111
2026-09-24 20:39:15,966 simple_logger.py log_once [line:28] INFO std_val_accuracy              0.2974
2026-09-24 20:39:15,966 simple_logger.py log_once [line:28] INFO val_loss                      5.7754
2026-09-24 20:39:15,966 simple_logger.py log_once [line:28] INFO mean_val_loss                 5.7865
2026-09-24 20:39:15,966 simple_logger.py log_once [line:28] INFO std_val_loss                  2.3057
2026-09-24 20:39:15,966 fedbase.py run [line:316] INFO Eval Time Cost:               1.4809s
2026-09-24 20:39:15,975 asyncbase.py iterate [line:68] INFO Select clients [np.int64(0), np.int64(4), np.int64(14)] at time 106.
2026-09-24 20:39:16,915 asyncbase.py iterate [line:73] INFO Receive new models from clients [16] at time 106
2026-09-24 20:39:16,938 fedbase.py run [line:311] INFO --------------Round 90--------------
2026-09-24 20:39:16,938 simple_logger.py log_once [line:14] INFO Current_time:106
2026-09-24 20:39:18,425 simple_logger.py log_once [line:28] INFO test_accuracy                 0.1009
2026-09-24 20:39:18,425 simple_logger.py log_once [line:28] INFO test_loss                     7.4100
2026-09-24 20:39:18,425 simple_logger.py log_once [line:28] INFO val_accuracy                  0.0999
2026-09-24 20:39:18,425 simple_logger.py log_once [line:28] INFO mean_val_accuracy             0.0994
2026-09-24 20:39:18,425 simple_logger.py log_once [line:28] INFO std_val_accuracy              0.2889
2026-09-24 20:39:18,425 simple_logger.py log_once [line:28] INFO val_loss                      7.4133
2026-09-24 20:39:18,425 simple_logger.py log_once [line:28] INFO mean_val_loss                 7.4283
2026-09-24 20:39:18,425 simple_logger.py log_once [line:28] INFO std_val_loss                  3.4389
2026-09-24 20:39:18,425 fedbase.py run [line:316] INFO Eval Time Cost:               1.4865s
2026-09-24 20:39:18,434 asyncbase.py iterate [line:68] INFO Select clients [np.int64(10), np.int64(17)] at time 107.
2026-09-24 20:39:19,063 asyncbase.py iterate [line:73] INFO Receive new models from clients [4] at time 107
2026-09-24 20:39:19,087 fedbase.py run [line:311] INFO --------------Round 91--------------
2026-09-24 20:39:19,087 simple_logger.py log_once [line:14] INFO Current_time:107
2026-09-24 20:39:20,559 simple_logger.py log_once [line:28] INFO test_accuracy                 0.1009
2026-09-24 20:39:20,559 simple_logger.py log_once [line:28] INFO test_loss                     6.8817
2026-09-24 20:39:20,559 simple_logger.py log_once [line:28] INFO val_accuracy                  0.0999
2026-09-24 20:39:20,559 simple_logger.py log_once [line:28] INFO mean_val_accuracy             0.0994
2026-09-24 20:39:20,559 simple_logger.py log_once [line:28] INFO std_val_accuracy              0.2889
2026-09-24 20:39:20,559 simple_logger.py log_once [line:28] INFO val_loss                      6.8761
2026-09-24 20:39:20,559 simple_logger.py log_once [line:28] INFO mean_val_loss                 6.8879
2026-09-24 20:39:20,559 simple_logger.py log_once [line:28] INFO std_val_loss                  3.2110
2026-09-24 20:39:20,559 fedbase.py run [line:316] INFO Eval Time Cost:               1.4724s
2026-09-24 20:39:20,568 asyncbase.py iterate [line:68] INFO Select clients [np.int64(9)] at time 108.
2026-09-24 20:39:20,872 asyncbase.py iterate [line:73] INFO Receive new models from clients [10, 0] at time 108
2026-09-24 20:39:20,920 fedbase.py run [line:311] INFO --------------Round 92--------------
2026-09-24 20:39:20,920 simple_logger.py log_once [line:14] INFO Current_time:108
2026-09-24 20:39:22,410 simple_logger.py log_once [line:28] INFO test_accuracy                 0.1009
2026-09-24 20:39:22,410 simple_logger.py log_once [line:28] INFO test_loss                     4.2083
2026-09-24 20:39:22,410 simple_logger.py log_once [line:28] INFO val_accuracy                  0.0999
2026-09-24 20:39:22,410 simple_logger.py log_once [line:28] INFO mean_val_accuracy             0.0994
2026-09-24 20:39:22,410 simple_logger.py log_once [line:28] INFO std_val_accuracy              0.2889
2026-09-24 20:39:22,410 simple_logger.py log_once [line:28] INFO val_loss                      4.2068
2026-09-24 20:39:22,410 simple_logger.py log_once [line:28] INFO mean_val_loss                 4.2074
2026-09-24 20:39:22,410 simple_logger.py log_once [line:28] INFO std_val_loss                  2.4390
2026-09-24 20:39:22,410 fedbase.py run [line:316] INFO Eval Time Cost:               1.4900s
2026-09-24 20:39:22,419 asyncbase.py iterate [line:68] INFO Select clients [np.int64(0), np.int64(11)] at time 109.
2026-09-24 20:39:23,041 asyncbase.py iterate [line:73] INFO Receive new models from clients [11] at time 109
2026-09-24 20:39:23,066 fedbase.py run [line:311] INFO --------------Round 93--------------
2026-09-24 20:39:23,066 simple_logger.py log_once [line:14] INFO Current_time:109
2026-09-24 20:39:24,544 simple_logger.py log_once [line:28] INFO test_accuracy                 0.0980
2026-09-24 20:39:24,544 simple_logger.py log_once [line:28] INFO test_loss                     4.6241
2026-09-24 20:39:24,544 simple_logger.py log_once [line:28] INFO val_accuracy                  0.0990
2026-09-24 20:39:24,544 simple_logger.py log_once [line:28] INFO mean_val_accuracy             0.1000
2026-09-24 20:39:24,544 simple_logger.py log_once [line:28] INFO std_val_accuracy              0.2627
2026-09-24 20:39:24,544 simple_logger.py log_once [line:28] INFO val_loss                      4.6249
2026-09-24 20:39:24,544 simple_logger.py log_once [line:28] INFO mean_val_loss                 4.6142
2026-09-24 20:39:24,544 simple_logger.py log_once [line:28] INFO std_val_loss                  2.4848
2026-09-24 20:39:24,544 fedbase.py run [line:316] INFO Eval Time Cost:               1.4779s
2026-09-24 20:39:24,553 asyncbase.py iterate [line:68] INFO Select clients [np.int64(3)] at time 110.
2026-09-24 20:39:24,865 asyncbase.py iterate [line:73] INFO Receive new models from clients [0, 17] at time 110
2026-09-24 20:39:24,912 fedbase.py run [line:311] INFO --------------Round 94--------------
2026-09-24 20:39:24,913 simple_logger.py log_once [line:14] INFO Current_time:110
2026-09-24 20:39:26,388 simple_logger.py log_once [line:28] INFO test_accuracy                 0.1010
2026-09-24 20:39:26,388 simple_logger.py log_once [line:28] INFO test_loss                     5.6003
2026-09-24 20:39:26,388 simple_logger.py log_once [line:28] INFO val_accuracy                  0.1020
2026-09-24 20:39:26,388 simple_logger.py log_once [line:28] INFO mean_val_accuracy             0.1016
2026-09-24 20:39:26,388 simple_logger.py log_once [line:28] INFO std_val_accuracy              0.2730
2026-09-24 20:39:26,388 simple_logger.py log_once [line:28] INFO val_loss                      5.6034
2026-09-24 20:39:26,388 simple_logger.py log_once [line:28] INFO mean_val_loss                 5.5859
2026-09-24 20:39:26,388 simple_logger.py log_once [line:28] INFO std_val_loss                  3.5387
2026-09-24 20:39:26,388 fedbase.py run [line:316] INFO Eval Time Cost:               1.4759s
2026-09-24 20:39:26,397 asyncbase.py iterate [line:68] INFO Select clients [np.int64(15), np.int64(18)] at time 111.
2026-09-24 20:39:27,019 asyncbase.py iterate [line:73] INFO Receive new models from clients [19, 18] at time 111
2026-09-24 20:39:27,067 fedbase.py run [line:311] INFO --------------Round 95--------------
2026-09-24 20:39:27,067 simple_logger.py log_once [line:14] INFO Current_time:111
2026-09-24 20:39:28,549 simple_logger.py log_once [line:28] INFO test_accuracy                 0.1135
2026-09-24 20:39:28,549 simple_logger.py log_once [line:28] INFO test_loss                     4.1698
2026-09-24 20:39:28,549 simple_logger.py log_once [line:28] INFO val_accuracy                  0.1119
2026-09-24 20:39:28,549 simple_logger.py log_once [line:28] INFO mean_val_accuracy             0.1111
2026-09-24 20:39:28,549 simple_logger.py log_once [line:28] INFO std_val_accuracy              0.2974
2026-09-24 20:39:28,549 simple_logger.py log_once [line:28] INFO val_loss                      4.1825
2026-09-24 20:39:28,549 simple_logger.py log_once [line:28] INFO mean_val_loss                 4.1716
2026-09-24 20:39:28,549 simple_logger.py log_once [line:28] INFO std_val_loss                  2.8560
2026-09-24 20:39:28,550 fedbase.py run [line:316] INFO Eval Time Cost:               1.4825s
2026-09-24 20:39:28,558 asyncbase.py iterate [line:68] INFO Select clients [np.int64(13), np.int64(8)] at time 112.
2026-09-24 20:39:29,179 asyncbase.py iterate [line:73] INFO Receive new models from clients [14, 3] at time 112
2026-09-24 20:39:29,227 fedbase.py run [line:311] INFO --------------Round 96--------------
2026-09-24 20:39:29,227 simple_logger.py log_once [line:14] INFO Current_time:112
2026-09-24 20:39:30,717 simple_logger.py log_once [line:28] INFO test_accuracy                 0.1135
2026-09-24 20:39:30,717 simple_logger.py log_once [line:28] INFO test_loss                     4.2575
2026-09-24 20:39:30,717 simple_logger.py log_once [line:28] INFO val_accuracy                  0.1119
2026-09-24 20:39:30,717 simple_logger.py log_once [line:28] INFO mean_val_accuracy             0.1111
2026-09-24 20:39:30,717 simple_logger.py log_once [line:28] INFO std_val_accuracy              0.2974
2026-09-24 20:39:30,717 simple_logger.py log_once [line:28] INFO val_loss                      4.2683
2026-09-24 20:39:30,717 simple_logger.py log_once [line:28] INFO mean_val_loss                 4.2665
2026-09-24 20:39:30,717 simple_logger.py log_once [line:28] INFO std_val_loss                  1.9057
2026-09-24 20:39:30,717 fedbase.py run [line:316] INFO Eval Time Cost:               1.4898s
2026-09-24 20:39:30,725 asyncbase.py iterate [line:68] INFO Select clients [np.int64(1)] at time 113.
2026-09-24 20:39:31,036 asyncbase.py iterate [line:73] INFO Receive new models from clients [15, 13] at time 113
2026-09-24 20:39:31,086 fedbase.py run [line:311] INFO --------------Round 97--------------
2026-09-24 20:39:31,086 simple_logger.py log_once [line:14] INFO Current_time:113
2026-09-24 20:39:32,560 simple_logger.py log_once [line:28] INFO test_accuracy                 0.0974
2026-09-24 20:39:32,560 simple_logger.py log_once [line:28] INFO test_loss                     3.5186
2026-09-24 20:39:32,560 simple_logger.py log_once [line:28] INFO val_accuracy                  0.0972
2026-09-24 20:39:32,560 simple_logger.py log_once [line:28] INFO mean_val_accuracy             0.0962
2026-09-24 20:39:32,560 simple_logger.py log_once [line:28] INFO std_val_accuracy              0.2801
2026-09-24 20:39:32,560 simple_logger.py log_once [line:28] INFO val_loss                      3.5250
2026-09-24 20:39:32,560 simple_logger.py log_once [line:28] INFO mean_val_loss                 3.5322
2026-09-24 20:39:32,560 simple_logger.py log_once [line:28] INFO std_val_loss                  1.4724
2026-09-24 20:39:32,560 fedbase.py run [line:316] INFO Eval Time Cost:               1.4739s
2026-09-24 20:39:32,569 asyncbase.py iterate [line:68] INFO Select clients [np.int64(17), np.int64(16), np.int64(0)] at time 114.
2026-09-24 20:39:33,512 asyncbase.py iterate [line:73] INFO Receive new models from clients [9, 0, 17] at time 114
2026-09-24 20:39:33,568 fedbase.py run [line:311] INFO --------------Round 98--------------
2026-09-24 20:39:33,568 simple_logger.py log_once [line:14] INFO Current_time:114
2026-09-24 20:39:35,043 simple_logger.py log_once [line:28] INFO test_accuracy                 0.1010
2026-09-24 20:39:35,043 simple_logger.py log_once [line:28] INFO test_loss                     3.0039
2026-09-24 20:39:35,043 simple_logger.py log_once [line:28] INFO val_accuracy                  0.1020
2026-09-24 20:39:35,043 simple_logger.py log_once [line:28] INFO mean_val_accuracy             0.1016
2026-09-24 20:39:35,044 simple_logger.py log_once [line:28] INFO std_val_accuracy              0.2730
2026-09-24 20:39:35,044 simple_logger.py log_once [line:28] INFO val_loss                      3.0049
2026-09-24 20:39:35,044 simple_logger.py log_once [line:28] INFO mean_val_loss                 3.0104
2026-09-24 20:39:35,044 simple_logger.py log_once [line:28] INFO std_val_loss                  1.1167
2026-09-24 20:39:35,044 fedbase.py run [line:316] INFO Eval Time Cost:               1.4756s
2026-09-24 20:39:35,052 asyncbase.py iterate [line:68] INFO Select clients [np.int64(7), np.int64(0)] at time 115.
2026-09-24 20:39:35,665 asyncbase.py iterate [line:73] INFO Receive new models from clients [16] at time 115
2026-09-24 20:39:35,689 fedbase.py run [line:311] INFO --------------Round 99--------------
2026-09-24 20:39:35,689 simple_logger.py log_once [line:14] INFO Current_time:115
2026-09-24 20:39:37,163 simple_logger.py log_once [line:28] INFO test_accuracy                 0.1009
2026-09-24 20:39:37,163 simple_logger.py log_once [line:28] INFO test_loss                     2.9722
2026-09-24 20:39:37,163 simple_logger.py log_once [line:28] INFO val_accuracy                  0.0999
2026-09-24 20:39:37,163 simple_logger.py log_once [line:28] INFO mean_val_accuracy             0.0994
2026-09-24 20:39:37,163 simple_logger.py log_once [line:28] INFO std_val_accuracy              0.2889
2026-09-24 20:39:37,163 simple_logger.py log_once [line:28] INFO val_loss                      2.9862
2026-09-24 20:39:37,163 simple_logger.py log_once [line:28] INFO mean_val_loss                 2.9855
2026-09-24 20:39:37,163 simple_logger.py log_once [line:28] INFO std_val_loss                  1.1861
2026-09-24 20:39:37,163 fedbase.py run [line:316] INFO Eval Time Cost:               1.4737s
2026-09-24 20:39:37,172 asyncbase.py iterate [line:68] INFO Select clients [np.int64(13)] at time 116.
2026-09-24 20:39:37,486 asyncbase.py iterate [line:73] INFO Receive new models from clients [1, 13] at time 116
2026-09-24 20:39:37,534 fedbase.py run [line:311] INFO --------------Round 100--------------
2026-09-24 20:39:37,534 simple_logger.py log_once [line:14] INFO Current_time:116
2026-09-24 20:39:39,005 simple_logger.py log_once [line:28] INFO test_accuracy                 0.1010
2026-09-24 20:39:39,006 simple_logger.py log_once [line:28] INFO test_loss                     3.7659
2026-09-24 20:39:39,006 simple_logger.py log_once [line:28] INFO val_accuracy                  0.1020
2026-09-24 20:39:39,006 simple_logger.py log_once [line:28] INFO mean_val_accuracy             0.1016
2026-09-24 20:39:39,006 simple_logger.py log_once [line:28] INFO std_val_accuracy              0.2730
2026-09-24 20:39:39,006 simple_logger.py log_once [line:28] INFO val_loss                      3.7617
2026-09-24 20:39:39,006 simple_logger.py log_once [line:28] INFO mean_val_loss                 3.7597
2026-09-24 20:39:39,006 simple_logger.py log_once [line:28] INFO std_val_loss                  1.6877
2026-09-24 20:39:39,006 fedbase.py run [line:316] INFO Eval Time Cost:               1.4718s
2026-09-24 20:39:39,006 fedbase.py run [line:324] INFO =================End==================
2026-09-24 20:39:39,006 fedbase.py run [line:325] INFO Total Time Cost:              221.5168s
