E:\fl-experiment\.venv\Lib\site-packages\torch\cuda\__init__.py:61: FutureWarning: The pynvml package is deprecated. Please install nvidia-ml-py instead. If you did not install pynvml directly, please report this to the maintainers of the package that installed pynvml for you.
  import pynvml  # type: ignore[import]
2026-09-24 22:40:48,726 fflow.py init [line:848] INFO PROCESS ID:	40896
2026-09-24 22:40:48,726 fflow.py init [line:849] INFO Initializing devices: cuda:0 will be used for this running.
2026-09-24 22:40:48,726 fflow.py init [line:852] INFO BENCHMARK:	flgo.benchmark.mnist_classification
2026-09-24 22:40:48,726 fflow.py init [line:853] INFO TASK:			E:\Federated Machine Learning\FL-Byzantine-Library\mnist_dir20
2026-09-24 22:40:48,735 fflow.py init [line:854] INFO MODEL:		flgo.benchmark.mnist_classification.model.cnn
2026-09-24 22:40:48,736 fflow.py init [line:855] INFO ALGORITHM:	research_algorithm
2026-09-24 22:40:49,773 fflow.py init [line:901] INFO SCENE:		horizontal FL with 1 <class 'flgo_byzantine.research_algorithm.Server'>, 20 <class 'flgo_byzantine.research_algorithm.Client'>
2026-09-24 22:40:49,867 fflow.py init [line:918] INFO SIMULATOR:	<class 'flgo.simulator.default_simulator.Simulator'>
2026-09-24 22:40:54,280 fflow.py init [line:931] INFO Ready to start.
2026-09-24 22:40:54,280 fedbase.py run [line:300] INFO --------------Initial Evaluation--------------
2026-09-24 22:40:54,280 simple_logger.py log_once [line:14] INFO Current_time:0
2026-09-24 22:40:55,874 simple_logger.py log_once [line:28] INFO test_accuracy                 0.0875
2026-09-24 22:40:55,874 simple_logger.py log_once [line:28] INFO test_loss                     2.3101
2026-09-24 22:40:55,874 simple_logger.py log_once [line:28] INFO val_accuracy                  0.0866
2026-09-24 22:40:55,874 simple_logger.py log_once [line:28] INFO mean_val_accuracy             0.0874
2026-09-24 22:40:55,874 simple_logger.py log_once [line:28] INFO std_val_accuracy              0.2312
2026-09-24 22:40:55,874 simple_logger.py log_once [line:28] INFO val_loss                      2.3109
2026-09-24 22:40:55,874 simple_logger.py log_once [line:28] INFO mean_val_loss                 2.3111
2026-09-24 22:40:55,874 simple_logger.py log_once [line:28] INFO std_val_loss                  0.0785
2026-09-24 22:40:55,874 fedbase.py run [line:303] INFO Eval Time Cost:               1.5944s
2026-09-24 22:40:55,886 asyncbase.py iterate [line:68] INFO Select clients [np.int64(7), np.int64(16), np.int64(18), np.int64(1), np.int64(9), np.int64(19)] at time 1.
2026-09-24 22:40:57,773 asyncbase.py iterate [line:73] INFO Receive new models from clients [16] at time 1
2026-09-24 22:40:57,833 fedbase.py run [line:311] INFO --------------Round 1--------------
2026-09-24 22:40:57,833 simple_logger.py log_once [line:14] INFO Current_time:1
2026-09-24 22:40:59,308 simple_logger.py log_once [line:28] INFO test_accuracy                 0.1815
2026-09-24 22:40:59,308 simple_logger.py log_once [line:28] INFO test_loss                     5.7194
2026-09-24 22:40:59,308 simple_logger.py log_once [line:28] INFO val_accuracy                  0.1865
2026-09-24 22:40:59,308 simple_logger.py log_once [line:28] INFO mean_val_accuracy             0.1861
2026-09-24 22:40:59,308 simple_logger.py log_once [line:28] INFO std_val_accuracy              0.3511
2026-09-24 22:40:59,308 simple_logger.py log_once [line:28] INFO val_loss                      5.6850
2026-09-24 22:40:59,308 simple_logger.py log_once [line:28] INFO mean_val_loss                 5.6883
2026-09-24 22:40:59,308 simple_logger.py log_once [line:28] INFO std_val_loss                  3.2997
2026-09-24 22:40:59,309 fedbase.py run [line:316] INFO Eval Time Cost:               1.4754s
2026-09-24 22:40:59,317 asyncbase.py iterate [line:68] INFO Select clients [np.int64(15)] at time 2.
2026-09-24 22:40:59,631 asyncbase.py iterate [line:73] INFO Receive new models from clients [7] at time 2
2026-09-24 22:40:59,659 fedbase.py run [line:311] INFO --------------Round 2--------------
2026-09-24 22:40:59,659 simple_logger.py log_once [line:14] INFO Current_time:2
2026-09-24 22:41:01,123 simple_logger.py log_once [line:28] INFO test_accuracy                 0.1391
2026-09-24 22:41:01,123 simple_logger.py log_once [line:28] INFO test_loss                     5.8206
2026-09-24 22:41:01,123 simple_logger.py log_once [line:28] INFO val_accuracy                  0.1455
2026-09-24 22:41:01,123 simple_logger.py log_once [line:28] INFO mean_val_accuracy             0.1451
2026-09-24 22:41:01,123 simple_logger.py log_once [line:28] INFO std_val_accuracy              0.2810
2026-09-24 22:41:01,123 simple_logger.py log_once [line:28] INFO val_loss                      5.7856
2026-09-24 22:41:01,123 simple_logger.py log_once [line:28] INFO mean_val_loss                 5.7940
2026-09-24 22:41:01,123 simple_logger.py log_once [line:28] INFO std_val_loss                  3.9645
2026-09-24 22:41:01,123 fedbase.py run [line:316] INFO Eval Time Cost:               1.4646s
2026-09-24 22:41:01,132 asyncbase.py iterate [line:73] INFO Receive new models from clients [1, 19, 18] at time 3
2026-09-24 22:41:01,193 fedbase.py run [line:311] INFO --------------Round 3--------------
2026-09-24 22:41:01,193 simple_logger.py log_once [line:14] INFO Current_time:3
2026-09-24 22:41:02,657 simple_logger.py log_once [line:28] INFO test_accuracy                 0.1763
2026-09-24 22:41:02,657 simple_logger.py log_once [line:28] INFO test_loss                     6.7605
2026-09-24 22:41:02,657 simple_logger.py log_once [line:28] INFO val_accuracy                  0.1898
2026-09-24 22:41:02,657 simple_logger.py log_once [line:28] INFO mean_val_accuracy             0.1901
2026-09-24 22:41:02,658 simple_logger.py log_once [line:28] INFO std_val_accuracy              0.2965
2026-09-24 22:41:02,658 simple_logger.py log_once [line:28] INFO val_loss                      6.6876
2026-09-24 22:41:02,658 simple_logger.py log_once [line:28] INFO mean_val_loss                 6.7037
2026-09-24 22:41:02,658 simple_logger.py log_once [line:28] INFO std_val_loss                  4.8079
2026-09-24 22:41:02,658 fedbase.py run [line:316] INFO Eval Time Cost:               1.4648s
2026-09-24 22:41:02,668 asyncbase.py iterate [line:68] INFO Select clients [np.int64(7), np.int64(12)] at time 4.
2026-09-24 22:41:03,308 asyncbase.py iterate [line:73] INFO Receive new models from clients [9, 15] at time 4
2026-09-24 22:41:03,347 fedbase.py run [line:311] INFO --------------Round 4--------------
2026-09-24 22:41:03,347 simple_logger.py log_once [line:14] INFO Current_time:4
2026-09-24 22:41:04,810 simple_logger.py log_once [line:28] INFO test_accuracy                 0.1603
2026-09-24 22:41:04,810 simple_logger.py log_once [line:28] INFO test_loss                     7.4912
2026-09-24 22:41:04,810 simple_logger.py log_once [line:28] INFO val_accuracy                  0.1650
2026-09-24 22:41:04,810 simple_logger.py log_once [line:28] INFO mean_val_accuracy             0.1647
2026-09-24 22:41:04,810 simple_logger.py log_once [line:28] INFO std_val_accuracy              0.3226
2026-09-24 22:41:04,810 simple_logger.py log_once [line:28] INFO val_loss                      7.4446
2026-09-24 22:41:04,810 simple_logger.py log_once [line:28] INFO mean_val_loss                 7.4504
2026-09-24 22:41:04,810 simple_logger.py log_once [line:28] INFO std_val_loss                  4.3910
2026-09-24 22:41:04,810 fedbase.py run [line:316] INFO Eval Time Cost:               1.4628s
2026-09-24 22:41:04,820 asyncbase.py iterate [line:68] INFO Select clients [np.int64(16), np.int64(0), np.int64(3)] at time 5.
2026-09-24 22:41:05,745 asyncbase.py iterate [line:73] INFO Receive new models from clients [0] at time 5
2026-09-24 22:41:05,774 fedbase.py run [line:311] INFO --------------Round 5--------------
2026-09-24 22:41:05,774 simple_logger.py log_once [line:14] INFO Current_time:5
2026-09-24 22:41:07,238 simple_logger.py log_once [line:28] INFO test_accuracy                 0.1032
2026-09-24 22:41:07,238 simple_logger.py log_once [line:28] INFO test_loss                     8.7155
2026-09-24 22:41:07,238 simple_logger.py log_once [line:28] INFO val_accuracy                  0.0983
2026-09-24 22:41:07,239 simple_logger.py log_once [line:28] INFO mean_val_accuracy             0.0993
2026-09-24 22:41:07,239 simple_logger.py log_once [line:28] INFO std_val_accuracy              0.2871
2026-09-24 22:41:07,239 simple_logger.py log_once [line:28] INFO val_loss                      8.6966
2026-09-24 22:41:07,239 simple_logger.py log_once [line:28] INFO mean_val_loss                 8.6940
2026-09-24 22:41:07,239 simple_logger.py log_once [line:28] INFO std_val_loss                  4.3189
2026-09-24 22:41:07,239 fedbase.py run [line:316] INFO Eval Time Cost:               1.4647s
2026-09-24 22:41:07,249 asyncbase.py iterate [line:73] INFO Receive new models from clients [7] at time 6
2026-09-24 22:41:07,277 fedbase.py run [line:311] INFO --------------Round 6--------------
2026-09-24 22:41:07,277 simple_logger.py log_once [line:14] INFO Current_time:6
2026-09-24 22:41:08,736 simple_logger.py log_once [line:28] INFO test_accuracy                 0.1032
2026-09-24 22:41:08,736 simple_logger.py log_once [line:28] INFO test_loss                     3.2124
2026-09-24 22:41:08,736 simple_logger.py log_once [line:28] INFO val_accuracy                  0.0983
2026-09-24 22:41:08,736 simple_logger.py log_once [line:28] INFO mean_val_accuracy             0.0993
2026-09-24 22:41:08,736 simple_logger.py log_once [line:28] INFO std_val_accuracy              0.2871
2026-09-24 22:41:08,736 simple_logger.py log_once [line:28] INFO val_loss                      3.2202
2026-09-24 22:41:08,736 simple_logger.py log_once [line:28] INFO mean_val_loss                 3.2182
2026-09-24 22:41:08,736 simple_logger.py log_once [line:28] INFO std_val_loss                  1.1920
2026-09-24 22:41:08,736 fedbase.py run [line:316] INFO Eval Time Cost:               1.4595s
2026-09-24 22:41:08,746 asyncbase.py iterate [line:68] INFO Select clients [np.int64(1), np.int64(13)] at time 7.
2026-09-24 22:41:09,365 asyncbase.py iterate [line:73] INFO Receive new models from clients [16, 3, 12] at time 7
2026-09-24 22:41:09,420 fedbase.py run [line:311] INFO --------------Round 7--------------
2026-09-24 22:41:09,420 simple_logger.py log_once [line:14] INFO Current_time:7
2026-09-24 22:41:10,882 simple_logger.py log_once [line:28] INFO test_accuracy                 0.0490
2026-09-24 22:41:10,882 simple_logger.py log_once [line:28] INFO test_loss                     2.4750
2026-09-24 22:41:10,882 simple_logger.py log_once [line:28] INFO val_accuracy                  0.0464
2026-09-24 22:41:10,882 simple_logger.py log_once [line:28] INFO mean_val_accuracy             0.0469
2026-09-24 22:41:10,882 simple_logger.py log_once [line:28] INFO std_val_accuracy              0.1353
2026-09-24 22:41:10,882 simple_logger.py log_once [line:28] INFO val_loss                      2.4843
2026-09-24 22:41:10,882 simple_logger.py log_once [line:28] INFO mean_val_loss                 2.4847
2026-09-24 22:41:10,882 simple_logger.py log_once [line:28] INFO std_val_loss                  0.6207
2026-09-24 22:41:10,882 fedbase.py run [line:316] INFO Eval Time Cost:               1.4622s
2026-09-24 22:41:10,892 asyncbase.py iterate [line:68] INFO Select clients [np.int64(7), np.int64(10), np.int64(8), np.int64(0)] at time 8.
2026-09-24 22:41:12,109 asyncbase.py iterate [line:73] INFO Receive new models from clients [1, 7] at time 8
2026-09-24 22:41:12,160 fedbase.py run [line:311] INFO --------------Round 8--------------
2026-09-24 22:41:12,161 simple_logger.py log_once [line:14] INFO Current_time:8
2026-09-24 22:41:13,635 simple_logger.py log_once [line:28] INFO test_accuracy                 0.0982
2026-09-24 22:41:13,635 simple_logger.py log_once [line:28] INFO test_loss                     5.8723
2026-09-24 22:41:13,635 simple_logger.py log_once [line:28] INFO val_accuracy                  0.0989
2026-09-24 22:41:13,635 simple_logger.py log_once [line:28] INFO mean_val_accuracy             0.0993
2026-09-24 22:41:13,635 simple_logger.py log_once [line:28] INFO std_val_accuracy              0.2797
2026-09-24 22:41:13,635 simple_logger.py log_once [line:28] INFO val_loss                      5.8640
2026-09-24 22:41:13,635 simple_logger.py log_once [line:28] INFO mean_val_loss                 5.8624
2026-09-24 22:41:13,635 simple_logger.py log_once [line:28] INFO std_val_loss                  2.2646
2026-09-24 22:41:13,635 fedbase.py run [line:316] INFO Eval Time Cost:               1.4748s
2026-09-24 22:41:13,644 asyncbase.py iterate [line:68] INFO Select clients [np.int64(19), np.int64(4)] at time 9.
2026-09-24 22:41:14,270 asyncbase.py iterate [line:73] INFO Receive new models from clients [4, 10, 13] at time 10
2026-09-24 22:41:14,332 fedbase.py run [line:311] INFO --------------Round 9--------------
2026-09-24 22:41:14,332 simple_logger.py log_once [line:14] INFO Current_time:10
2026-09-24 22:41:15,799 simple_logger.py log_once [line:28] INFO test_accuracy                 0.0982
2026-09-24 22:41:15,799 simple_logger.py log_once [line:28] INFO test_loss                     11.3633
2026-09-24 22:41:15,799 simple_logger.py log_once [line:28] INFO val_accuracy                  0.0989
2026-09-24 22:41:15,799 simple_logger.py log_once [line:28] INFO mean_val_accuracy             0.0993
2026-09-24 22:41:15,799 simple_logger.py log_once [line:28] INFO std_val_accuracy              0.2797
2026-09-24 22:41:15,799 simple_logger.py log_once [line:28] INFO val_loss                      11.3375
2026-09-24 22:41:15,799 simple_logger.py log_once [line:28] INFO mean_val_loss                 11.3403
2026-09-24 22:41:15,799 simple_logger.py log_once [line:28] INFO std_val_loss                  4.8873
2026-09-24 22:41:15,799 fedbase.py run [line:316] INFO Eval Time Cost:               1.4671s
2026-09-24 22:41:15,809 asyncbase.py iterate [line:68] INFO Select clients [np.int64(1), np.int64(18)] at time 11.
2026-09-24 22:41:16,419 asyncbase.py iterate [line:73] INFO Receive new models from clients [8, 0, 1] at time 11
2026-09-24 22:41:16,481 fedbase.py run [line:311] INFO --------------Round 10--------------
2026-09-24 22:41:16,481 simple_logger.py log_once [line:14] INFO Current_time:11
2026-09-24 22:41:17,938 simple_logger.py log_once [line:28] INFO test_accuracy                 0.0958
2026-09-24 22:41:17,938 simple_logger.py log_once [line:28] INFO test_loss                     9.4521
2026-09-24 22:41:17,938 simple_logger.py log_once [line:28] INFO val_accuracy                  0.0981
2026-09-24 22:41:17,939 simple_logger.py log_once [line:28] INFO mean_val_accuracy             0.0983
2026-09-24 22:41:17,939 simple_logger.py log_once [line:28] INFO std_val_accuracy              0.2826
2026-09-24 22:41:17,939 simple_logger.py log_once [line:28] INFO val_loss                      9.4255
2026-09-24 22:41:17,939 simple_logger.py log_once [line:28] INFO mean_val_loss                 9.4255
2026-09-24 22:41:17,939 simple_logger.py log_once [line:28] INFO std_val_loss                  3.8745
2026-09-24 22:41:17,939 fedbase.py run [line:316] INFO Eval Time Cost:               1.4581s
2026-09-24 22:41:17,949 asyncbase.py iterate [line:68] INFO Select clients [np.int64(3), np.int64(7), np.int64(17)] at time 12.
2026-09-24 22:41:18,880 asyncbase.py iterate [line:73] INFO Receive new models from clients [19] at time 12
2026-09-24 22:41:18,908 fedbase.py run [line:311] INFO --------------Round 11--------------
2026-09-24 22:41:18,908 simple_logger.py log_once [line:14] INFO Current_time:12
2026-09-24 22:41:20,376 simple_logger.py log_once [line:28] INFO test_accuracy                 0.1028
2026-09-24 22:41:20,376 simple_logger.py log_once [line:28] INFO test_loss                     2.7270
2026-09-24 22:41:20,376 simple_logger.py log_once [line:28] INFO val_accuracy                  0.1043
2026-09-24 22:41:20,376 simple_logger.py log_once [line:28] INFO mean_val_accuracy             0.1043
2026-09-24 22:41:20,376 simple_logger.py log_once [line:28] INFO std_val_accuracy              0.2848
2026-09-24 22:41:20,376 simple_logger.py log_once [line:28] INFO val_loss                      2.7208
2026-09-24 22:41:20,376 simple_logger.py log_once [line:28] INFO mean_val_loss                 2.7215
2026-09-24 22:41:20,376 simple_logger.py log_once [line:28] INFO std_val_loss                  0.8191
2026-09-24 22:41:20,376 fedbase.py run [line:316] INFO Eval Time Cost:               1.4680s
2026-09-24 22:41:20,386 asyncbase.py iterate [line:68] INFO Select clients [np.int64(13), np.int64(12)] at time 13.
2026-09-24 22:41:21,009 asyncbase.py iterate [line:73] INFO Receive new models from clients [7, 12] at time 13
2026-09-24 22:41:21,061 fedbase.py run [line:311] INFO --------------Round 12--------------
2026-09-24 22:41:21,061 simple_logger.py log_once [line:14] INFO Current_time:13
2026-09-24 22:41:22,549 simple_logger.py log_once [line:28] INFO test_accuracy                 0.1028
2026-09-24 22:41:22,549 simple_logger.py log_once [line:28] INFO test_loss                     2.6065
2026-09-24 22:41:22,549 simple_logger.py log_once [line:28] INFO val_accuracy                  0.1043
2026-09-24 22:41:22,550 simple_logger.py log_once [line:28] INFO mean_val_accuracy             0.1043
2026-09-24 22:41:22,550 simple_logger.py log_once [line:28] INFO std_val_accuracy              0.2848
2026-09-24 22:41:22,550 simple_logger.py log_once [line:28] INFO val_loss                      2.6023
2026-09-24 22:41:22,550 simple_logger.py log_once [line:28] INFO mean_val_loss                 2.6027
2026-09-24 22:41:22,550 simple_logger.py log_once [line:28] INFO std_val_loss                  0.6223
2026-09-24 22:41:22,550 fedbase.py run [line:316] INFO Eval Time Cost:               1.4889s
2026-09-24 22:41:22,558 asyncbase.py iterate [line:68] INFO Select clients [np.int64(5), np.int64(16)] at time 14.
2026-09-24 22:41:23,172 asyncbase.py iterate [line:73] INFO Receive new models from clients [17, 18] at time 14
2026-09-24 22:41:23,223 fedbase.py run [line:311] INFO --------------Round 13--------------
2026-09-24 22:41:23,223 simple_logger.py log_once [line:14] INFO Current_time:14
2026-09-24 22:41:24,694 simple_logger.py log_once [line:28] INFO test_accuracy                 0.1028
2026-09-24 22:41:24,695 simple_logger.py log_once [line:28] INFO test_loss                     5.6733
2026-09-24 22:41:24,695 simple_logger.py log_once [line:28] INFO val_accuracy                  0.1043
2026-09-24 22:41:24,695 simple_logger.py log_once [line:28] INFO mean_val_accuracy             0.1043
2026-09-24 22:41:24,695 simple_logger.py log_once [line:28] INFO std_val_accuracy              0.2848
2026-09-24 22:41:24,695 simple_logger.py log_once [line:28] INFO val_loss                      5.6378
2026-09-24 22:41:24,695 simple_logger.py log_once [line:28] INFO mean_val_loss                 5.6459
2026-09-24 22:41:24,695 simple_logger.py log_once [line:28] INFO std_val_loss                  2.6413
2026-09-24 22:41:24,695 fedbase.py run [line:316] INFO Eval Time Cost:               1.4717s
2026-09-24 22:41:24,704 asyncbase.py iterate [line:68] INFO Select clients [np.int64(17)] at time 15.
2026-09-24 22:41:25,009 asyncbase.py iterate [line:73] INFO Receive new models from clients [13, 16, 3] at time 15
2026-09-24 22:41:25,069 fedbase.py run [line:311] INFO --------------Round 14--------------
2026-09-24 22:41:25,069 simple_logger.py log_once [line:14] INFO Current_time:15
2026-09-24 22:41:26,532 simple_logger.py log_once [line:28] INFO test_accuracy                 0.1018
2026-09-24 22:41:26,532 simple_logger.py log_once [line:28] INFO test_loss                     4.5384
2026-09-24 22:41:26,532 simple_logger.py log_once [line:28] INFO val_accuracy                  0.1034
2026-09-24 22:41:26,532 simple_logger.py log_once [line:28] INFO mean_val_accuracy             0.1035
2026-09-24 22:41:26,532 simple_logger.py log_once [line:28] INFO std_val_accuracy              0.2827
2026-09-24 22:41:26,532 simple_logger.py log_once [line:28] INFO val_loss                      4.5246
2026-09-24 22:41:26,532 simple_logger.py log_once [line:28] INFO mean_val_loss                 4.5327
2026-09-24 22:41:26,532 simple_logger.py log_once [line:28] INFO std_val_loss                  2.4169
2026-09-24 22:41:26,532 fedbase.py run [line:316] INFO Eval Time Cost:               1.4631s
2026-09-24 22:41:26,542 asyncbase.py iterate [line:68] INFO Select clients [np.int64(7), np.int64(14), np.int64(12)] at time 16.
2026-09-24 22:41:27,475 asyncbase.py iterate [line:73] INFO Receive new models from clients [5, 17] at time 16
2026-09-24 22:41:27,527 fedbase.py run [line:311] INFO --------------Round 15--------------
2026-09-24 22:41:27,527 simple_logger.py log_once [line:14] INFO Current_time:16
2026-09-24 22:41:28,984 simple_logger.py log_once [line:28] INFO test_accuracy                 0.1135
2026-09-24 22:41:28,984 simple_logger.py log_once [line:28] INFO test_loss                     5.0291
2026-09-24 22:41:28,984 simple_logger.py log_once [line:28] INFO val_accuracy                  0.1119
2026-09-24 22:41:28,984 simple_logger.py log_once [line:28] INFO mean_val_accuracy             0.1111
2026-09-24 22:41:28,984 simple_logger.py log_once [line:28] INFO std_val_accuracy              0.2974
2026-09-24 22:41:28,984 simple_logger.py log_once [line:28] INFO val_loss                      5.0294
2026-09-24 22:41:28,984 simple_logger.py log_once [line:28] INFO mean_val_loss                 5.0370
2026-09-24 22:41:28,984 simple_logger.py log_once [line:28] INFO std_val_loss                  2.7161
2026-09-24 22:41:28,984 fedbase.py run [line:316] INFO Eval Time Cost:               1.4574s
2026-09-24 22:41:28,993 asyncbase.py iterate [line:68] INFO Select clients [np.int64(17), np.int64(9), np.int64(4)] at time 17.
2026-09-24 22:41:29,902 asyncbase.py iterate [line:73] INFO Receive new models from clients [12] at time 17
2026-09-24 22:41:29,932 fedbase.py run [line:311] INFO --------------Round 16--------------
2026-09-24 22:41:29,932 simple_logger.py log_once [line:14] INFO Current_time:17
2026-09-24 22:41:31,405 simple_logger.py log_once [line:28] INFO test_accuracy                 0.1135
2026-09-24 22:41:31,405 simple_logger.py log_once [line:28] INFO test_loss                     103.0452
2026-09-24 22:41:31,405 simple_logger.py log_once [line:28] INFO val_accuracy                  0.1119
2026-09-24 22:41:31,405 simple_logger.py log_once [line:28] INFO mean_val_accuracy             0.1111
2026-09-24 22:41:31,405 simple_logger.py log_once [line:28] INFO std_val_accuracy              0.2974
2026-09-24 22:41:31,405 simple_logger.py log_once [line:28] INFO val_loss                      102.0853
2026-09-24 22:41:31,405 simple_logger.py log_once [line:28] INFO mean_val_loss                 102.2362
2026-09-24 22:41:31,405 simple_logger.py log_once [line:28] INFO std_val_loss                  68.0557
2026-09-24 22:41:31,405 fedbase.py run [line:316] INFO Eval Time Cost:               1.4730s
2026-09-24 22:41:31,413 asyncbase.py iterate [line:68] INFO Select clients [np.int64(12)] at time 18.
2026-09-24 22:41:31,724 asyncbase.py iterate [line:73] INFO Receive new models from clients [9, 17] at time 18
2026-09-24 22:41:31,776 fedbase.py run [line:311] INFO --------------Round 17--------------
2026-09-24 22:41:31,776 simple_logger.py log_once [line:14] INFO Current_time:18
2026-09-24 22:41:33,243 simple_logger.py log_once [line:28] INFO test_accuracy                 0.1135
2026-09-24 22:41:33,243 simple_logger.py log_once [line:28] INFO test_loss                     108.8375
2026-09-24 22:41:33,243 simple_logger.py log_once [line:28] INFO val_accuracy                  0.1119
2026-09-24 22:41:33,243 simple_logger.py log_once [line:28] INFO mean_val_accuracy             0.1111
2026-09-24 22:41:33,243 simple_logger.py log_once [line:28] INFO std_val_accuracy              0.2974
2026-09-24 22:41:33,243 simple_logger.py log_once [line:28] INFO val_loss                      107.9652
2026-09-24 22:41:33,243 simple_logger.py log_once [line:28] INFO mean_val_loss                 108.0954
2026-09-24 22:41:33,243 simple_logger.py log_once [line:28] INFO std_val_loss                  81.9891
2026-09-24 22:41:33,244 fedbase.py run [line:316] INFO Eval Time Cost:               1.4674s
2026-09-24 22:41:33,254 asyncbase.py iterate [line:68] INFO Select clients [np.int64(5)] at time 19.
2026-09-24 22:41:33,563 asyncbase.py iterate [line:73] INFO Receive new models from clients [7, 4, 14, 5] at time 19
2026-09-24 22:41:33,633 fedbase.py run [line:311] INFO --------------Round 18--------------
2026-09-24 22:41:33,633 simple_logger.py log_once [line:14] INFO Current_time:19
2026-09-24 22:41:35,097 simple_logger.py log_once [line:28] INFO test_accuracy                 0.2283
2026-09-24 22:41:35,097 simple_logger.py log_once [line:28] INFO test_loss                     18.7872
2026-09-24 22:41:35,097 simple_logger.py log_once [line:28] INFO val_accuracy                  0.2344
2026-09-24 22:41:35,097 simple_logger.py log_once [line:28] INFO mean_val_accuracy             0.2346
2026-09-24 22:41:35,097 simple_logger.py log_once [line:28] INFO std_val_accuracy              0.3014
2026-09-24 22:41:35,097 simple_logger.py log_once [line:28] INFO val_loss                      18.7003
2026-09-24 22:41:35,097 simple_logger.py log_once [line:28] INFO mean_val_loss                 18.6770
2026-09-24 22:41:35,097 simple_logger.py log_once [line:28] INFO std_val_loss                  18.1541
2026-09-24 22:41:35,097 fedbase.py run [line:316] INFO Eval Time Cost:               1.4640s
2026-09-24 22:41:35,107 asyncbase.py iterate [line:68] INFO Select clients [np.int64(6), np.int64(15), np.int64(8), np.int64(1)] at time 20.
2026-09-24 22:41:36,402 asyncbase.py iterate [line:73] INFO Receive new models from clients [12, 8] at time 20
2026-09-24 22:41:36,447 fedbase.py run [line:311] INFO --------------Round 19--------------
2026-09-24 22:41:36,447 simple_logger.py log_once [line:14] INFO Current_time:20
2026-09-24 22:41:37,993 simple_logger.py log_once [line:28] INFO test_accuracy                 0.1061
2026-09-24 22:41:37,994 simple_logger.py log_once [line:28] INFO test_loss                     4.8910
2026-09-24 22:41:37,994 simple_logger.py log_once [line:28] INFO val_accuracy                  0.1085
2026-09-24 22:41:37,994 simple_logger.py log_once [line:28] INFO mean_val_accuracy             0.1090
2026-09-24 22:41:37,994 simple_logger.py log_once [line:28] INFO std_val_accuracy              0.2776
2026-09-24 22:41:37,994 simple_logger.py log_once [line:28] INFO val_loss                      4.8786
2026-09-24 22:41:37,994 simple_logger.py log_once [line:28] INFO mean_val_loss                 4.8715
2026-09-24 22:41:37,994 simple_logger.py log_once [line:28] INFO std_val_loss                  2.3508
2026-09-24 22:41:37,994 fedbase.py run [line:316] INFO Eval Time Cost:               1.5470s
2026-09-24 22:41:38,004 asyncbase.py iterate [line:68] INFO Select clients [np.int64(12), np.int64(7), np.int64(3)] at time 21.
2026-09-24 22:41:39,000 asyncbase.py iterate [line:73] INFO Receive new models from clients [6] at time 21
2026-09-24 22:41:39,028 fedbase.py run [line:311] INFO --------------Round 20--------------
2026-09-24 22:41:39,028 simple_logger.py log_once [line:14] INFO Current_time:21
2026-09-24 22:41:40,518 simple_logger.py log_once [line:28] INFO test_accuracy                 0.0958
2026-09-24 22:41:40,518 simple_logger.py log_once [line:28] INFO test_loss                     4.7486
2026-09-24 22:41:40,518 simple_logger.py log_once [line:28] INFO val_accuracy                  0.0981
2026-09-24 22:41:40,518 simple_logger.py log_once [line:28] INFO mean_val_accuracy             0.0983
2026-09-24 22:41:40,518 simple_logger.py log_once [line:28] INFO std_val_accuracy              0.2826
2026-09-24 22:41:40,518 simple_logger.py log_once [line:28] INFO val_loss                      4.7313
2026-09-24 22:41:40,518 simple_logger.py log_once [line:28] INFO mean_val_loss                 4.7284
2026-09-24 22:41:40,518 simple_logger.py log_once [line:28] INFO std_val_loss                  1.8186
2026-09-24 22:41:40,518 fedbase.py run [line:316] INFO Eval Time Cost:               1.4898s
2026-09-24 22:41:40,535 asyncbase.py iterate [line:73] INFO Receive new models from clients [12, 7, 1, 15] at time 23
2026-09-24 22:41:40,604 fedbase.py run [line:311] INFO --------------Round 21--------------
2026-09-24 22:41:40,604 simple_logger.py log_once [line:14] INFO Current_time:23
2026-09-24 22:41:42,071 simple_logger.py log_once [line:28] INFO test_accuracy                 0.0958
2026-09-24 22:41:42,071 simple_logger.py log_once [line:28] INFO test_loss                     4.9404
2026-09-24 22:41:42,071 simple_logger.py log_once [line:28] INFO val_accuracy                  0.0981
2026-09-24 22:41:42,071 simple_logger.py log_once [line:28] INFO mean_val_accuracy             0.0983
2026-09-24 22:41:42,071 simple_logger.py log_once [line:28] INFO std_val_accuracy              0.2826
2026-09-24 22:41:42,071 simple_logger.py log_once [line:28] INFO val_loss                      4.9226
2026-09-24 22:41:42,071 simple_logger.py log_once [line:28] INFO mean_val_loss                 4.9196
2026-09-24 22:41:42,071 simple_logger.py log_once [line:28] INFO std_val_loss                  1.8903
2026-09-24 22:41:42,071 fedbase.py run [line:316] INFO Eval Time Cost:               1.4672s
2026-09-24 22:41:42,081 asyncbase.py iterate [line:68] INFO Select clients [np.int64(9), np.int64(4), np.int64(17), np.int64(13)] at time 24.
2026-09-24 22:41:43,295 asyncbase.py iterate [line:73] INFO Receive new models from clients [3, 9, 17, 13] at time 24
2026-09-24 22:41:43,365 fedbase.py run [line:311] INFO --------------Round 22--------------
2026-09-24 22:41:43,365 simple_logger.py log_once [line:14] INFO Current_time:24
2026-09-24 22:41:44,829 simple_logger.py log_once [line:28] INFO test_accuracy                 0.0842
2026-09-24 22:41:44,829 simple_logger.py log_once [line:28] INFO test_loss                     3.1885
2026-09-24 22:41:44,829 simple_logger.py log_once [line:28] INFO val_accuracy                  0.0936
2026-09-24 22:41:44,829 simple_logger.py log_once [line:28] INFO mean_val_accuracy             0.0938
2026-09-24 22:41:44,829 simple_logger.py log_once [line:28] INFO std_val_accuracy              0.2505
2026-09-24 22:41:44,829 simple_logger.py log_once [line:28] INFO val_loss                      3.1673
2026-09-24 22:41:44,829 simple_logger.py log_once [line:28] INFO mean_val_loss                 3.1654
2026-09-24 22:41:44,829 simple_logger.py log_once [line:28] INFO std_val_loss                  1.4571
2026-09-24 22:41:44,829 fedbase.py run [line:316] INFO Eval Time Cost:               1.4644s
2026-09-24 22:41:44,838 asyncbase.py iterate [line:68] INFO Select clients [np.int64(19), np.int64(5), np.int64(0), np.int64(3)] at time 25.
2026-09-24 22:41:46,061 asyncbase.py iterate [line:73] INFO Receive new models from clients [0] at time 25
2026-09-24 22:41:46,089 fedbase.py run [line:311] INFO --------------Round 23--------------
2026-09-24 22:41:46,089 simple_logger.py log_once [line:14] INFO Current_time:25
2026-09-24 22:41:47,551 simple_logger.py log_once [line:28] INFO test_accuracy                 0.1032
2026-09-24 22:41:47,551 simple_logger.py log_once [line:28] INFO test_loss                     5.4904
2026-09-24 22:41:47,551 simple_logger.py log_once [line:28] INFO val_accuracy                  0.0983
2026-09-24 22:41:47,551 simple_logger.py log_once [line:28] INFO mean_val_accuracy             0.0993
2026-09-24 22:41:47,551 simple_logger.py log_once [line:28] INFO std_val_accuracy              0.2871
2026-09-24 22:41:47,551 simple_logger.py log_once [line:28] INFO val_loss                      5.5203
2026-09-24 22:41:47,551 simple_logger.py log_once [line:28] INFO mean_val_loss                 5.5114
2026-09-24 22:41:47,551 simple_logger.py log_once [line:28] INFO std_val_loss                  2.4785
2026-09-24 22:41:47,552 fedbase.py run [line:316] INFO Eval Time Cost:               1.4627s
2026-09-24 22:41:47,560 asyncbase.py iterate [line:68] INFO Select clients [np.int64(9), np.int64(18)] at time 26.
2026-09-24 22:41:48,172 asyncbase.py iterate [line:73] INFO Receive new models from clients [3, 4, 5] at time 26
2026-09-24 22:41:48,235 fedbase.py run [line:311] INFO --------------Round 24--------------
2026-09-24 22:41:48,235 simple_logger.py log_once [line:14] INFO Current_time:26
2026-09-24 22:41:49,706 simple_logger.py log_once [line:28] INFO test_accuracy                 0.1032
2026-09-24 22:41:49,706 simple_logger.py log_once [line:28] INFO test_loss                     6.2975
2026-09-24 22:41:49,706 simple_logger.py log_once [line:28] INFO val_accuracy                  0.0983
2026-09-24 22:41:49,706 simple_logger.py log_once [line:28] INFO mean_val_accuracy             0.0993
2026-09-24 22:41:49,706 simple_logger.py log_once [line:28] INFO std_val_accuracy              0.2871
2026-09-24 22:41:49,706 simple_logger.py log_once [line:28] INFO val_loss                      6.3389
2026-09-24 22:41:49,706 simple_logger.py log_once [line:28] INFO mean_val_loss                 6.3306
2026-09-24 22:41:49,706 simple_logger.py log_once [line:28] INFO std_val_loss                  2.8378
2026-09-24 22:41:49,706 fedbase.py run [line:316] INFO Eval Time Cost:               1.4709s
2026-09-24 22:41:49,715 asyncbase.py iterate [line:68] INFO Select clients [np.int64(14), np.int64(13)] at time 27.
2026-09-24 22:41:50,337 asyncbase.py iterate [line:73] INFO Receive new models from clients [18, 19, 13, 9] at time 27
2026-09-24 22:41:50,404 fedbase.py run [line:311] INFO --------------Round 25--------------
2026-09-24 22:41:50,404 simple_logger.py log_once [line:14] INFO Current_time:27
2026-09-24 22:41:51,873 simple_logger.py log_once [line:28] INFO test_accuracy                 0.1135
2026-09-24 22:41:51,873 simple_logger.py log_once [line:28] INFO test_loss                     5.1182
2026-09-24 22:41:51,873 simple_logger.py log_once [line:28] INFO val_accuracy                  0.1119
2026-09-24 22:41:51,873 simple_logger.py log_once [line:28] INFO mean_val_accuracy             0.1111
2026-09-24 22:41:51,873 simple_logger.py log_once [line:28] INFO std_val_accuracy              0.2974
2026-09-24 22:41:51,873 simple_logger.py log_once [line:28] INFO val_loss                      5.1555
2026-09-24 22:41:51,873 simple_logger.py log_once [line:28] INFO mean_val_loss                 5.1531
2026-09-24 22:41:51,873 simple_logger.py log_once [line:28] INFO std_val_loss                  2.8831
2026-09-24 22:41:51,873 fedbase.py run [line:316] INFO Eval Time Cost:               1.4691s
2026-09-24 22:41:51,883 asyncbase.py iterate [line:68] INFO Select clients [np.int64(0), np.int64(10), np.int64(12), np.int64(19), np.int64(16)] at time 28.
2026-09-24 22:41:53,416 asyncbase.py iterate [line:73] INFO Receive new models from clients [10, 12] at time 28
2026-09-24 22:41:53,470 fedbase.py run [line:311] INFO --------------Round 26--------------
2026-09-24 22:41:53,470 simple_logger.py log_once [line:14] INFO Current_time:28
2026-09-24 22:41:54,926 simple_logger.py log_once [line:28] INFO test_accuracy                 0.1135
2026-09-24 22:41:54,926 simple_logger.py log_once [line:28] INFO test_loss                     6.7647
2026-09-24 22:41:54,926 simple_logger.py log_once [line:28] INFO val_accuracy                  0.1119
2026-09-24 22:41:54,926 simple_logger.py log_once [line:28] INFO mean_val_accuracy             0.1111
2026-09-24 22:41:54,926 simple_logger.py log_once [line:28] INFO std_val_accuracy              0.2974
2026-09-24 22:41:54,926 simple_logger.py log_once [line:28] INFO val_loss                      6.8091
2026-09-24 22:41:54,926 simple_logger.py log_once [line:28] INFO mean_val_loss                 6.8079
2026-09-24 22:41:54,926 simple_logger.py log_once [line:28] INFO std_val_loss                  3.2912
2026-09-24 22:41:54,926 fedbase.py run [line:316] INFO Eval Time Cost:               1.4561s
2026-09-24 22:41:54,935 asyncbase.py iterate [line:68] INFO Select clients [np.int64(7), np.int64(1)] at time 29.
2026-09-24 22:41:55,547 asyncbase.py iterate [line:73] INFO Receive new models from clients [16, 7] at time 29
2026-09-24 22:41:55,599 fedbase.py run [line:311] INFO --------------Round 27--------------
2026-09-24 22:41:55,599 simple_logger.py log_once [line:14] INFO Current_time:29
2026-09-24 22:41:57,068 simple_logger.py log_once [line:28] INFO test_accuracy                 0.1135
2026-09-24 22:41:57,068 simple_logger.py log_once [line:28] INFO test_loss                     4.2146
2026-09-24 22:41:57,068 simple_logger.py log_once [line:28] INFO val_accuracy                  0.1119
2026-09-24 22:41:57,068 simple_logger.py log_once [line:28] INFO mean_val_accuracy             0.1111
2026-09-24 22:41:57,068 simple_logger.py log_once [line:28] INFO std_val_accuracy              0.2974
2026-09-24 22:41:57,068 simple_logger.py log_once [line:28] INFO val_loss                      4.2406
2026-09-24 22:41:57,068 simple_logger.py log_once [line:28] INFO mean_val_loss                 4.2394
2026-09-24 22:41:57,068 simple_logger.py log_once [line:28] INFO std_val_loss                  2.1936
2026-09-24 22:41:57,068 fedbase.py run [line:316] INFO Eval Time Cost:               1.4692s
2026-09-24 22:41:57,078 asyncbase.py iterate [line:68] INFO Select clients [np.int64(3), np.int64(9)] at time 30.
2026-09-24 22:41:57,694 asyncbase.py iterate [line:73] INFO Receive new models from clients [14, 19, 3, 0] at time 30
2026-09-24 22:41:57,763 fedbase.py run [line:311] INFO --------------Round 28--------------
2026-09-24 22:41:57,763 simple_logger.py log_once [line:14] INFO Current_time:30
2026-09-24 22:41:59,219 simple_logger.py log_once [line:28] INFO test_accuracy                 0.0982
2026-09-24 22:41:59,219 simple_logger.py log_once [line:28] INFO test_loss                     3.4423
2026-09-24 22:41:59,219 simple_logger.py log_once [line:28] INFO val_accuracy                  0.0989
2026-09-24 22:41:59,219 simple_logger.py log_once [line:28] INFO mean_val_accuracy             0.0993
2026-09-24 22:41:59,219 simple_logger.py log_once [line:28] INFO std_val_accuracy              0.2797
2026-09-24 22:41:59,219 simple_logger.py log_once [line:28] INFO val_loss                      3.4523
2026-09-24 22:41:59,219 simple_logger.py log_once [line:28] INFO mean_val_loss                 3.4523
2026-09-24 22:41:59,219 simple_logger.py log_once [line:28] INFO std_val_loss                  1.4304
2026-09-24 22:41:59,219 fedbase.py run [line:316] INFO Eval Time Cost:               1.4562s
2026-09-24 22:41:59,228 asyncbase.py iterate [line:68] INFO Select clients [np.int64(3), np.int64(18), np.int64(19)] at time 31.
2026-09-24 22:42:00,163 asyncbase.py iterate [line:73] INFO Receive new models from clients [1, 9, 19] at time 31
2026-09-24 22:42:00,222 fedbase.py run [line:311] INFO --------------Round 29--------------
2026-09-24 22:42:00,223 simple_logger.py log_once [line:14] INFO Current_time:31
2026-09-24 22:42:01,679 simple_logger.py log_once [line:28] INFO test_accuracy                 0.0982
2026-09-24 22:42:01,679 simple_logger.py log_once [line:28] INFO test_loss                     2.9264
2026-09-24 22:42:01,679 simple_logger.py log_once [line:28] INFO val_accuracy                  0.0989
2026-09-24 22:42:01,680 simple_logger.py log_once [line:28] INFO mean_val_accuracy             0.0993
2026-09-24 22:42:01,680 simple_logger.py log_once [line:28] INFO std_val_accuracy              0.2797
2026-09-24 22:42:01,680 simple_logger.py log_once [line:28] INFO val_loss                      2.9236
2026-09-24 22:42:01,680 simple_logger.py log_once [line:28] INFO mean_val_loss                 2.9218
2026-09-24 22:42:01,680 simple_logger.py log_once [line:28] INFO std_val_loss                  0.9792
2026-09-24 22:42:01,680 fedbase.py run [line:316] INFO Eval Time Cost:               1.4572s
2026-09-24 22:42:01,688 asyncbase.py iterate [line:68] INFO Select clients [np.int64(17), np.int64(10), np.int64(13)] at time 32.
2026-09-24 22:42:02,602 asyncbase.py iterate [line:73] INFO Receive new models from clients [3, 17] at time 32
2026-09-24 22:42:02,653 fedbase.py run [line:311] INFO --------------Round 30--------------
2026-09-24 22:42:02,653 simple_logger.py log_once [line:14] INFO Current_time:32
2026-09-24 22:42:04,122 simple_logger.py log_once [line:28] INFO test_accuracy                 0.1009
2026-09-24 22:42:04,122 simple_logger.py log_once [line:28] INFO test_loss                     3.5079
2026-09-24 22:42:04,122 simple_logger.py log_once [line:28] INFO val_accuracy                  0.0999
2026-09-24 22:42:04,122 simple_logger.py log_once [line:28] INFO mean_val_accuracy             0.0994
2026-09-24 22:42:04,122 simple_logger.py log_once [line:28] INFO std_val_accuracy              0.2889
2026-09-24 22:42:04,122 simple_logger.py log_once [line:28] INFO val_loss                      3.5035
2026-09-24 22:42:04,122 simple_logger.py log_once [line:28] INFO mean_val_loss                 3.5028
2026-09-24 22:42:04,122 simple_logger.py log_once [line:28] INFO std_val_loss                  1.4612
2026-09-24 22:42:04,122 fedbase.py run [line:316] INFO Eval Time Cost:               1.4697s
2026-09-24 22:42:04,132 asyncbase.py iterate [line:68] INFO Select clients [np.int64(4), np.int64(5), np.int64(17)] at time 33.
2026-09-24 22:42:05,050 asyncbase.py iterate [line:73] INFO Receive new models from clients [5, 17] at time 33
2026-09-24 22:42:05,104 fedbase.py run [line:311] INFO --------------Round 31--------------
2026-09-24 22:42:05,104 simple_logger.py log_once [line:14] INFO Current_time:33
2026-09-24 22:42:06,604 simple_logger.py log_once [line:28] INFO test_accuracy                 0.1010
2026-09-24 22:42:06,604 simple_logger.py log_once [line:28] INFO test_loss                     3.2588
2026-09-24 22:42:06,604 simple_logger.py log_once [line:28] INFO val_accuracy                  0.1020
2026-09-24 22:42:06,604 simple_logger.py log_once [line:28] INFO mean_val_accuracy             0.1016
2026-09-24 22:42:06,604 simple_logger.py log_once [line:28] INFO std_val_accuracy              0.2730
2026-09-24 22:42:06,604 simple_logger.py log_once [line:28] INFO val_loss                      3.2520
2026-09-24 22:42:06,604 simple_logger.py log_once [line:28] INFO mean_val_loss                 3.2553
2026-09-24 22:42:06,604 simple_logger.py log_once [line:28] INFO std_val_loss                  1.2762
2026-09-24 22:42:06,604 fedbase.py run [line:316] INFO Eval Time Cost:               1.4998s
2026-09-24 22:42:06,612 asyncbase.py iterate [line:68] INFO Select clients [np.int64(8), np.int64(17)] at time 34.
2026-09-24 22:42:07,216 asyncbase.py iterate [line:73] INFO Receive new models from clients [4, 18, 13] at time 34
2026-09-24 22:42:07,277 fedbase.py run [line:311] INFO --------------Round 32--------------
2026-09-24 22:42:07,277 simple_logger.py log_once [line:14] INFO Current_time:34
2026-09-24 22:42:08,739 simple_logger.py log_once [line:28] INFO test_accuracy                 0.1135
2026-09-24 22:42:08,740 simple_logger.py log_once [line:28] INFO test_loss                     4.4341
2026-09-24 22:42:08,740 simple_logger.py log_once [line:28] INFO val_accuracy                  0.1119
2026-09-24 22:42:08,740 simple_logger.py log_once [line:28] INFO mean_val_accuracy             0.1111
2026-09-24 22:42:08,740 simple_logger.py log_once [line:28] INFO std_val_accuracy              0.2974
2026-09-24 22:42:08,740 simple_logger.py log_once [line:28] INFO val_loss                      4.4271
2026-09-24 22:42:08,740 simple_logger.py log_once [line:28] INFO mean_val_loss                 4.4340
2026-09-24 22:42:08,740 simple_logger.py log_once [line:28] INFO std_val_loss                  2.0179
2026-09-24 22:42:08,740 fedbase.py run [line:316] INFO Eval Time Cost:               1.4626s
2026-09-24 22:42:08,748 asyncbase.py iterate [line:68] INFO Select clients [np.int64(4), np.int64(14), np.int64(3)] at time 35.
2026-09-24 22:42:09,666 asyncbase.py iterate [line:73] INFO Receive new models from clients [10, 14] at time 35
2026-09-24 22:42:09,719 fedbase.py run [line:311] INFO --------------Round 33--------------
2026-09-24 22:42:09,719 simple_logger.py log_once [line:14] INFO Current_time:35
2026-09-24 22:42:11,176 simple_logger.py log_once [line:28] INFO test_accuracy                 0.1135
2026-09-24 22:42:11,176 simple_logger.py log_once [line:28] INFO test_loss                     3.6142
2026-09-24 22:42:11,176 simple_logger.py log_once [line:28] INFO val_accuracy                  0.1119
2026-09-24 22:42:11,176 simple_logger.py log_once [line:28] INFO mean_val_accuracy             0.1111
2026-09-24 22:42:11,176 simple_logger.py log_once [line:28] INFO std_val_accuracy              0.2974
2026-09-24 22:42:11,176 simple_logger.py log_once [line:28] INFO val_loss                      3.6066
2026-09-24 22:42:11,176 simple_logger.py log_once [line:28] INFO mean_val_loss                 3.6144
2026-09-24 22:42:11,176 simple_logger.py log_once [line:28] INFO std_val_loss                  1.6024
2026-09-24 22:42:11,176 fedbase.py run [line:316] INFO Eval Time Cost:               1.4568s
2026-09-24 22:42:11,185 asyncbase.py iterate [line:68] INFO Select clients [np.int64(9), np.int64(5)] at time 36.
2026-09-24 22:42:11,792 asyncbase.py iterate [line:73] INFO Receive new models from clients [4, 17, 9] at time 36
2026-09-24 22:42:11,853 fedbase.py run [line:311] INFO --------------Round 34--------------
2026-09-24 22:42:11,853 simple_logger.py log_once [line:14] INFO Current_time:36
2026-09-24 22:42:13,318 simple_logger.py log_once [line:28] INFO test_accuracy                 0.0982
2026-09-24 22:42:13,318 simple_logger.py log_once [line:28] INFO test_loss                     3.4376
2026-09-24 22:42:13,318 simple_logger.py log_once [line:28] INFO val_accuracy                  0.0989
2026-09-24 22:42:13,318 simple_logger.py log_once [line:28] INFO mean_val_accuracy             0.0993
2026-09-24 22:42:13,318 simple_logger.py log_once [line:28] INFO std_val_accuracy              0.2797
2026-09-24 22:42:13,318 simple_logger.py log_once [line:28] INFO val_loss                      3.4332
2026-09-24 22:42:13,318 simple_logger.py log_once [line:28] INFO mean_val_loss                 3.4361
2026-09-24 22:42:13,318 simple_logger.py log_once [line:28] INFO std_val_loss                  1.3958
2026-09-24 22:42:13,318 fedbase.py run [line:316] INFO Eval Time Cost:               1.4649s
2026-09-24 22:42:13,327 asyncbase.py iterate [line:68] INFO Select clients [np.int64(9)] at time 37.
2026-09-24 22:42:13,629 asyncbase.py iterate [line:73] INFO Receive new models from clients [8, 3] at time 37
2026-09-24 22:42:13,680 fedbase.py run [line:311] INFO --------------Round 35--------------
2026-09-24 22:42:13,680 simple_logger.py log_once [line:14] INFO Current_time:37
2026-09-24 22:42:15,150 simple_logger.py log_once [line:28] INFO test_accuracy                 0.0982
2026-09-24 22:42:15,150 simple_logger.py log_once [line:28] INFO test_loss                     3.3937
2026-09-24 22:42:15,150 simple_logger.py log_once [line:28] INFO val_accuracy                  0.0989
2026-09-24 22:42:15,150 simple_logger.py log_once [line:28] INFO mean_val_accuracy             0.0993
2026-09-24 22:42:15,150 simple_logger.py log_once [line:28] INFO std_val_accuracy              0.2797
2026-09-24 22:42:15,150 simple_logger.py log_once [line:28] INFO val_loss                      3.3958
2026-09-24 22:42:15,151 simple_logger.py log_once [line:28] INFO mean_val_loss                 3.3941
2026-09-24 22:42:15,151 simple_logger.py log_once [line:28] INFO std_val_loss                  1.5891
2026-09-24 22:42:15,151 fedbase.py run [line:316] INFO Eval Time Cost:               1.4710s
2026-09-24 22:42:15,159 asyncbase.py iterate [line:68] INFO Select clients [np.int64(13), np.int64(0), np.int64(12), np.int64(3)] at time 38.
2026-09-24 22:42:16,385 asyncbase.py iterate [line:73] INFO Receive new models from clients [5, 13, 3, 12, 0] at time 38
2026-09-24 22:42:16,463 fedbase.py run [line:311] INFO --------------Round 36--------------
2026-09-24 22:42:16,463 simple_logger.py log_once [line:14] INFO Current_time:38
2026-09-24 22:42:17,925 simple_logger.py log_once [line:28] INFO test_accuracy                 0.1009
2026-09-24 22:42:17,925 simple_logger.py log_once [line:28] INFO test_loss                     3.5117
2026-09-24 22:42:17,925 simple_logger.py log_once [line:28] INFO val_accuracy                  0.0999
2026-09-24 22:42:17,925 simple_logger.py log_once [line:28] INFO mean_val_accuracy             0.0994
2026-09-24 22:42:17,925 simple_logger.py log_once [line:28] INFO std_val_accuracy              0.2889
2026-09-24 22:42:17,925 simple_logger.py log_once [line:28] INFO val_loss                      3.5242
2026-09-24 22:42:17,925 simple_logger.py log_once [line:28] INFO mean_val_loss                 3.5216
2026-09-24 22:42:17,925 simple_logger.py log_once [line:28] INFO std_val_loss                  1.6616
2026-09-24 22:42:17,925 fedbase.py run [line:316] INFO Eval Time Cost:               1.4619s
2026-09-24 22:42:17,935 asyncbase.py iterate [line:68] INFO Select clients [np.int64(12), np.int64(5), np.int64(10)] at time 39.
2026-09-24 22:42:18,851 asyncbase.py iterate [line:73] INFO Receive new models from clients [12] at time 39
2026-09-24 22:42:18,880 fedbase.py run [line:311] INFO --------------Round 37--------------
2026-09-24 22:42:18,880 simple_logger.py log_once [line:14] INFO Current_time:39
2026-09-24 22:42:20,345 simple_logger.py log_once [line:28] INFO test_accuracy                 0.1009
2026-09-24 22:42:20,345 simple_logger.py log_once [line:28] INFO test_loss                     5.4519
2026-09-24 22:42:20,345 simple_logger.py log_once [line:28] INFO val_accuracy                  0.0999
2026-09-24 22:42:20,346 simple_logger.py log_once [line:28] INFO mean_val_accuracy             0.0994
2026-09-24 22:42:20,346 simple_logger.py log_once [line:28] INFO std_val_accuracy              0.2889
2026-09-24 22:42:20,346 simple_logger.py log_once [line:28] INFO val_loss                      5.4620
2026-09-24 22:42:20,346 simple_logger.py log_once [line:28] INFO mean_val_loss                 5.4540
2026-09-24 22:42:20,346 simple_logger.py log_once [line:28] INFO std_val_loss                  2.6508
2026-09-24 22:42:20,346 fedbase.py run [line:316] INFO Eval Time Cost:               1.4659s
2026-09-24 22:42:20,354 asyncbase.py iterate [line:68] INFO Select clients [np.int64(7), np.int64(6)] at time 40.
2026-09-24 22:42:20,968 asyncbase.py iterate [line:73] INFO Receive new models from clients [9, 5] at time 40
2026-09-24 22:42:21,020 fedbase.py run [line:311] INFO --------------Round 38--------------
2026-09-24 22:42:21,020 simple_logger.py log_once [line:14] INFO Current_time:40
2026-09-24 22:42:22,530 simple_logger.py log_once [line:28] INFO test_accuracy                 0.1009
2026-09-24 22:42:22,530 simple_logger.py log_once [line:28] INFO test_loss                     8.3055
2026-09-24 22:42:22,530 simple_logger.py log_once [line:28] INFO val_accuracy                  0.0999
2026-09-24 22:42:22,530 simple_logger.py log_once [line:28] INFO mean_val_accuracy             0.0994
2026-09-24 22:42:22,530 simple_logger.py log_once [line:28] INFO std_val_accuracy              0.2889
2026-09-24 22:42:22,530 simple_logger.py log_once [line:28] INFO val_loss                      8.3451
2026-09-24 22:42:22,530 simple_logger.py log_once [line:28] INFO mean_val_loss                 8.3299
2026-09-24 22:42:22,530 simple_logger.py log_once [line:28] INFO std_val_loss                  4.2972
2026-09-24 22:42:22,530 fedbase.py run [line:316] INFO Eval Time Cost:               1.5107s
2026-09-24 22:42:22,540 asyncbase.py iterate [line:68] INFO Select clients [np.int64(9), np.int64(15), np.int64(13)] at time 41.
2026-09-24 22:42:23,467 asyncbase.py iterate [line:73] INFO Receive new models from clients [10, 6, 9] at time 41
2026-09-24 22:42:23,527 fedbase.py run [line:311] INFO --------------Round 39--------------
2026-09-24 22:42:23,527 simple_logger.py log_once [line:14] INFO Current_time:41
2026-09-24 22:42:24,997 simple_logger.py log_once [line:28] INFO test_accuracy                 0.1032
2026-09-24 22:42:24,997 simple_logger.py log_once [line:28] INFO test_loss                     9.2744
2026-09-24 22:42:24,997 simple_logger.py log_once [line:28] INFO val_accuracy                  0.0983
2026-09-24 22:42:24,997 simple_logger.py log_once [line:28] INFO mean_val_accuracy             0.0993
2026-09-24 22:42:24,997 simple_logger.py log_once [line:28] INFO std_val_accuracy              0.2871
2026-09-24 22:42:24,997 simple_logger.py log_once [line:28] INFO val_loss                      9.3153
2026-09-24 22:42:24,997 simple_logger.py log_once [line:28] INFO mean_val_loss                 9.2954
2026-09-24 22:42:24,997 simple_logger.py log_once [line:28] INFO std_val_loss                  4.4880
2026-09-24 22:42:24,997 fedbase.py run [line:316] INFO Eval Time Cost:               1.4701s
2026-09-24 22:42:25,007 asyncbase.py iterate [line:68] INFO Select clients [np.int64(14), np.int64(8), np.int64(0)] at time 42.
2026-09-24 22:42:25,919 asyncbase.py iterate [line:73] INFO Receive new models from clients [7] at time 42
2026-09-24 22:42:25,946 fedbase.py run [line:311] INFO --------------Round 40--------------
2026-09-24 22:42:25,946 simple_logger.py log_once [line:14] INFO Current_time:42
2026-09-24 22:42:27,402 simple_logger.py log_once [line:28] INFO test_accuracy                 0.1032
2026-09-24 22:42:27,402 simple_logger.py log_once [line:28] INFO test_loss                     6.9616
2026-09-24 22:42:27,402 simple_logger.py log_once [line:28] INFO val_accuracy                  0.0983
2026-09-24 22:42:27,402 simple_logger.py log_once [line:28] INFO mean_val_accuracy             0.0993
2026-09-24 22:42:27,402 simple_logger.py log_once [line:28] INFO std_val_accuracy              0.2871
2026-09-24 22:42:27,402 simple_logger.py log_once [line:28] INFO val_loss                      6.9864
2026-09-24 22:42:27,402 simple_logger.py log_once [line:28] INFO mean_val_loss                 6.9692
2026-09-24 22:42:27,402 simple_logger.py log_once [line:28] INFO std_val_loss                  3.3295
2026-09-24 22:42:27,402 fedbase.py run [line:316] INFO Eval Time Cost:               1.4555s
2026-09-24 22:42:27,411 asyncbase.py iterate [line:68] INFO Select clients [np.int64(3)] at time 43.
2026-09-24 22:42:27,724 asyncbase.py iterate [line:73] INFO Receive new models from clients [0, 15] at time 43
2026-09-24 22:42:27,776 fedbase.py run [line:311] INFO --------------Round 41--------------
2026-09-24 22:42:27,776 simple_logger.py log_once [line:14] INFO Current_time:43
2026-09-24 22:42:29,232 simple_logger.py log_once [line:28] INFO test_accuracy                 0.1032
2026-09-24 22:42:29,232 simple_logger.py log_once [line:28] INFO test_loss                     7.0045
2026-09-24 22:42:29,232 simple_logger.py log_once [line:28] INFO val_accuracy                  0.0983
2026-09-24 22:42:29,232 simple_logger.py log_once [line:28] INFO mean_val_accuracy             0.0993
2026-09-24 22:42:29,232 simple_logger.py log_once [line:28] INFO std_val_accuracy              0.2871
2026-09-24 22:42:29,232 simple_logger.py log_once [line:28] INFO val_loss                      7.0310
2026-09-24 22:42:29,232 simple_logger.py log_once [line:28] INFO mean_val_loss                 7.0136
2026-09-24 22:42:29,232 simple_logger.py log_once [line:28] INFO std_val_loss                  3.4455
2026-09-24 22:42:29,232 fedbase.py run [line:316] INFO Eval Time Cost:               1.4565s
2026-09-24 22:42:29,242 asyncbase.py iterate [line:68] INFO Select clients [np.int64(0)] at time 44.
2026-09-24 22:42:29,540 asyncbase.py iterate [line:73] INFO Receive new models from clients [13, 0] at time 44
2026-09-24 22:42:29,590 fedbase.py run [line:311] INFO --------------Round 42--------------
2026-09-24 22:42:29,591 simple_logger.py log_once [line:14] INFO Current_time:44
2026-09-24 22:42:31,071 simple_logger.py log_once [line:28] INFO test_accuracy                 0.1032
2026-09-24 22:42:31,071 simple_logger.py log_once [line:28] INFO test_loss                     6.5830
2026-09-24 22:42:31,071 simple_logger.py log_once [line:28] INFO val_accuracy                  0.0983
2026-09-24 22:42:31,071 simple_logger.py log_once [line:28] INFO mean_val_accuracy             0.0993
2026-09-24 22:42:31,071 simple_logger.py log_once [line:28] INFO std_val_accuracy              0.2871
2026-09-24 22:42:31,071 simple_logger.py log_once [line:28] INFO val_loss                      6.6080
2026-09-24 22:42:31,071 simple_logger.py log_once [line:28] INFO mean_val_loss                 6.5919
2026-09-24 22:42:31,071 simple_logger.py log_once [line:28] INFO std_val_loss                  3.1708
2026-09-24 22:42:31,071 fedbase.py run [line:316] INFO Eval Time Cost:               1.4809s
2026-09-24 22:42:31,081 asyncbase.py iterate [line:68] INFO Select clients [np.int64(15), np.int64(1)] at time 45.
2026-09-24 22:42:31,696 asyncbase.py iterate [line:73] INFO Receive new models from clients [14, 3, 8] at time 45
2026-09-24 22:42:31,755 fedbase.py run [line:311] INFO --------------Round 43--------------
2026-09-24 22:42:31,755 simple_logger.py log_once [line:14] INFO Current_time:45
2026-09-24 22:42:33,221 simple_logger.py log_once [line:28] INFO test_accuracy                 0.0982
2026-09-24 22:42:33,222 simple_logger.py log_once [line:28] INFO test_loss                     4.0774
2026-09-24 22:42:33,222 simple_logger.py log_once [line:28] INFO val_accuracy                  0.0989
2026-09-24 22:42:33,222 simple_logger.py log_once [line:28] INFO mean_val_accuracy             0.0993
2026-09-24 22:42:33,222 simple_logger.py log_once [line:28] INFO std_val_accuracy              0.2797
2026-09-24 22:42:33,222 simple_logger.py log_once [line:28] INFO val_loss                      4.0767
2026-09-24 22:42:33,222 simple_logger.py log_once [line:28] INFO mean_val_loss                 4.0697
2026-09-24 22:42:33,222 simple_logger.py log_once [line:28] INFO std_val_loss                  2.1396
2026-09-24 22:42:33,222 fedbase.py run [line:316] INFO Eval Time Cost:               1.4666s
2026-09-24 22:42:33,231 asyncbase.py iterate [line:68] INFO Select clients [np.int64(18), np.int64(4)] at time 46.
2026-09-24 22:42:33,845 asyncbase.py iterate [line:73] INFO Receive new models from clients [1] at time 46
2026-09-24 22:42:33,871 fedbase.py run [line:311] INFO --------------Round 44--------------
2026-09-24 22:42:33,871 simple_logger.py log_once [line:14] INFO Current_time:46
2026-09-24 22:42:35,336 simple_logger.py log_once [line:28] INFO test_accuracy                 0.0958
2026-09-24 22:42:35,336 simple_logger.py log_once [line:28] INFO test_loss                     4.9936
2026-09-24 22:42:35,336 simple_logger.py log_once [line:28] INFO val_accuracy                  0.0981
2026-09-24 22:42:35,336 simple_logger.py log_once [line:28] INFO mean_val_accuracy             0.0983
2026-09-24 22:42:35,336 simple_logger.py log_once [line:28] INFO std_val_accuracy              0.2826
2026-09-24 22:42:35,336 simple_logger.py log_once [line:28] INFO val_loss                      4.9651
2026-09-24 22:42:35,336 simple_logger.py log_once [line:28] INFO mean_val_loss                 4.9617
2026-09-24 22:42:35,336 simple_logger.py log_once [line:28] INFO std_val_loss                  2.4808
2026-09-24 22:42:35,336 fedbase.py run [line:316] INFO Eval Time Cost:               1.4652s
2026-09-24 22:42:35,345 asyncbase.py iterate [line:68] INFO Select clients [np.int64(9), np.int64(14)] at time 47.
2026-09-24 22:42:35,958 asyncbase.py iterate [line:73] INFO Receive new models from clients [15, 18, 14, 4] at time 47
2026-09-24 22:42:36,027 fedbase.py run [line:311] INFO --------------Round 45--------------
2026-09-24 22:42:36,027 simple_logger.py log_once [line:14] INFO Current_time:47
2026-09-24 22:42:37,491 simple_logger.py log_once [line:28] INFO test_accuracy                 0.0958
2026-09-24 22:42:37,491 simple_logger.py log_once [line:28] INFO test_loss                     4.3002
2026-09-24 22:42:37,491 simple_logger.py log_once [line:28] INFO val_accuracy                  0.0981
2026-09-24 22:42:37,491 simple_logger.py log_once [line:28] INFO mean_val_accuracy             0.0983
2026-09-24 22:42:37,491 simple_logger.py log_once [line:28] INFO std_val_accuracy              0.2826
2026-09-24 22:42:37,491 simple_logger.py log_once [line:28] INFO val_loss                      4.2739
2026-09-24 22:42:37,491 simple_logger.py log_once [line:28] INFO mean_val_loss                 4.2761
2026-09-24 22:42:37,491 simple_logger.py log_once [line:28] INFO std_val_loss                  2.0127
2026-09-24 22:42:37,492 fedbase.py run [line:316] INFO Eval Time Cost:               1.4642s
2026-09-24 22:42:37,500 asyncbase.py iterate [line:68] INFO Select clients [np.int64(16), np.int64(1), np.int64(19), np.int64(8), np.int64(7)] at time 48.
2026-09-24 22:42:39,035 asyncbase.py iterate [line:73] INFO Receive new models from clients [19, 8] at time 48
2026-09-24 22:42:39,087 fedbase.py run [line:311] INFO --------------Round 46--------------
2026-09-24 22:42:39,087 simple_logger.py log_once [line:14] INFO Current_time:48
2026-09-24 22:42:40,542 simple_logger.py log_once [line:28] INFO test_accuracy                 0.1380
2026-09-24 22:42:40,542 simple_logger.py log_once [line:28] INFO test_loss                     5.0796
2026-09-24 22:42:40,542 simple_logger.py log_once [line:28] INFO val_accuracy                  0.1369
2026-09-24 22:42:40,542 simple_logger.py log_once [line:28] INFO mean_val_accuracy             0.1380
2026-09-24 22:42:40,542 simple_logger.py log_once [line:28] INFO std_val_accuracy              0.2636
2026-09-24 22:42:40,542 simple_logger.py log_once [line:28] INFO val_loss                      5.0413
2026-09-24 22:42:40,543 simple_logger.py log_once [line:28] INFO mean_val_loss                 5.0508
2026-09-24 22:42:40,543 simple_logger.py log_once [line:28] INFO std_val_loss                  3.4121
2026-09-24 22:42:40,543 fedbase.py run [line:316] INFO Eval Time Cost:               1.4557s
2026-09-24 22:42:40,552 asyncbase.py iterate [line:68] INFO Select clients [np.int64(10), np.int64(15)] at time 49.
2026-09-24 22:42:41,171 asyncbase.py iterate [line:73] INFO Receive new models from clients [7, 9, 10, 1] at time 49
2026-09-24 22:42:41,240 fedbase.py run [line:311] INFO --------------Round 47--------------
2026-09-24 22:42:41,240 simple_logger.py log_once [line:14] INFO Current_time:49
2026-09-24 22:42:42,691 simple_logger.py log_once [line:28] INFO test_accuracy                 0.1895
2026-09-24 22:42:42,691 simple_logger.py log_once [line:28] INFO test_loss                     5.4266
2026-09-24 22:42:42,691 simple_logger.py log_once [line:28] INFO val_accuracy                  0.1887
2026-09-24 22:42:42,691 simple_logger.py log_once [line:28] INFO mean_val_accuracy             0.1897
2026-09-24 22:42:42,691 simple_logger.py log_once [line:28] INFO std_val_accuracy              0.3327
2026-09-24 22:42:42,691 simple_logger.py log_once [line:28] INFO val_loss                      5.3669
2026-09-24 22:42:42,691 simple_logger.py log_once [line:28] INFO mean_val_loss                 5.3749
2026-09-24 22:42:42,691 simple_logger.py log_once [line:28] INFO std_val_loss                  3.4986
2026-09-24 22:42:42,691 fedbase.py run [line:316] INFO Eval Time Cost:               1.4506s
2026-09-24 22:42:42,699 asyncbase.py iterate [line:68] INFO Select clients [np.int64(3), np.int64(5)] at time 50.
2026-09-24 22:42:43,323 asyncbase.py iterate [line:73] INFO Receive new models from clients [16, 15] at time 50
2026-09-24 22:42:43,373 fedbase.py run [line:311] INFO --------------Round 48--------------
2026-09-24 22:42:43,374 simple_logger.py log_once [line:14] INFO Current_time:50
2026-09-24 22:42:44,843 simple_logger.py log_once [line:28] INFO test_accuracy                 0.1516
2026-09-24 22:42:44,843 simple_logger.py log_once [line:28] INFO test_loss                     3.9165
2026-09-24 22:42:44,843 simple_logger.py log_once [line:28] INFO val_accuracy                  0.1543
2026-09-24 22:42:44,843 simple_logger.py log_once [line:28] INFO mean_val_accuracy             0.1548
2026-09-24 22:42:44,843 simple_logger.py log_once [line:28] INFO std_val_accuracy              0.2649
2026-09-24 22:42:44,843 simple_logger.py log_once [line:28] INFO val_loss                      3.9156
2026-09-24 22:42:44,844 simple_logger.py log_once [line:28] INFO mean_val_loss                 3.9172
2026-09-24 22:42:44,844 simple_logger.py log_once [line:28] INFO std_val_loss                  2.0175
2026-09-24 22:42:44,844 fedbase.py run [line:316] INFO Eval Time Cost:               1.4701s
2026-09-24 22:42:44,853 asyncbase.py iterate [line:68] INFO Select clients [np.int64(16), np.int64(17), np.int64(9)] at time 51.
2026-09-24 22:42:45,769 asyncbase.py iterate [line:73] INFO Receive new models from clients [16, 17] at time 51
2026-09-24 22:42:45,821 fedbase.py run [line:311] INFO --------------Round 49--------------
2026-09-24 22:42:45,821 simple_logger.py log_once [line:14] INFO Current_time:51
2026-09-24 22:42:47,301 simple_logger.py log_once [line:28] INFO test_accuracy                 0.1920
2026-09-24 22:42:47,301 simple_logger.py log_once [line:28] INFO test_loss                     3.2154
2026-09-24 22:42:47,301 simple_logger.py log_once [line:28] INFO val_accuracy                  0.1959
2026-09-24 22:42:47,301 simple_logger.py log_once [line:28] INFO mean_val_accuracy             0.1957
2026-09-24 22:42:47,301 simple_logger.py log_once [line:28] INFO std_val_accuracy              0.3097
2026-09-24 22:42:47,301 simple_logger.py log_once [line:28] INFO val_loss                      3.2055
2026-09-24 22:42:47,302 simple_logger.py log_once [line:28] INFO mean_val_loss                 3.2054
2026-09-24 22:42:47,302 simple_logger.py log_once [line:28] INFO std_val_loss                  1.7744
2026-09-24 22:42:47,302 fedbase.py run [line:316] INFO Eval Time Cost:               1.4805s
2026-09-24 22:42:47,310 asyncbase.py iterate [line:68] INFO Select clients [np.int64(15), np.int64(0)] at time 52.
2026-09-24 22:42:47,931 asyncbase.py iterate [line:68] INFO Select clients [np.int64(14)] at time 53.
2026-09-24 22:42:48,241 asyncbase.py iterate [line:73] INFO Receive new models from clients [3, 15, 5] at time 53
2026-09-24 22:42:48,302 fedbase.py run [line:311] INFO --------------Round 50--------------
2026-09-24 22:42:48,302 simple_logger.py log_once [line:14] INFO Current_time:53
2026-09-24 22:42:49,767 simple_logger.py log_once [line:28] INFO test_accuracy                 0.1009
2026-09-24 22:42:49,767 simple_logger.py log_once [line:28] INFO test_loss                     47.9033
2026-09-24 22:42:49,767 simple_logger.py log_once [line:28] INFO val_accuracy                  0.0999
2026-09-24 22:42:49,767 simple_logger.py log_once [line:28] INFO mean_val_accuracy             0.0994
2026-09-24 22:42:49,767 simple_logger.py log_once [line:28] INFO std_val_accuracy              0.2889
2026-09-24 22:42:49,767 simple_logger.py log_once [line:28] INFO val_loss                      47.3752
2026-09-24 22:42:49,767 simple_logger.py log_once [line:28] INFO mean_val_loss                 47.4432
2026-09-24 22:42:49,767 simple_logger.py log_once [line:28] INFO std_val_loss                  26.5393
2026-09-24 22:42:49,767 fedbase.py run [line:316] INFO Eval Time Cost:               1.4655s
2026-09-24 22:42:49,777 asyncbase.py iterate [line:68] INFO Select clients [np.int64(4), np.int64(5)] at time 54.
2026-09-24 22:42:50,394 asyncbase.py iterate [line:73] INFO Receive new models from clients [9, 0] at time 54
2026-09-24 22:42:50,444 fedbase.py run [line:311] INFO --------------Round 51--------------
2026-09-24 22:42:50,444 simple_logger.py log_once [line:14] INFO Current_time:54
2026-09-24 22:42:51,908 simple_logger.py log_once [line:28] INFO test_accuracy                 0.1226
2026-09-24 22:42:51,909 simple_logger.py log_once [line:28] INFO test_loss                     9.2449
2026-09-24 22:42:51,909 simple_logger.py log_once [line:28] INFO val_accuracy                  0.1203
2026-09-24 22:42:51,909 simple_logger.py log_once [line:28] INFO mean_val_accuracy             0.1213
2026-09-24 22:42:51,909 simple_logger.py log_once [line:28] INFO std_val_accuracy              0.2884
2026-09-24 22:42:51,909 simple_logger.py log_once [line:28] INFO val_loss                      9.1661
2026-09-24 22:42:51,909 simple_logger.py log_once [line:28] INFO mean_val_loss                 9.1544
2026-09-24 22:42:51,909 simple_logger.py log_once [line:28] INFO std_val_loss                  5.2298
2026-09-24 22:42:51,909 fedbase.py run [line:316] INFO Eval Time Cost:               1.4646s
2026-09-24 22:42:51,917 asyncbase.py iterate [line:68] INFO Select clients [np.int64(18), np.int64(12), np.int64(7)] at time 55.
2026-09-24 22:42:52,830 asyncbase.py iterate [line:73] INFO Receive new models from clients [18] at time 55
2026-09-24 22:42:52,856 fedbase.py run [line:311] INFO --------------Round 52--------------
2026-09-24 22:42:52,856 simple_logger.py log_once [line:14] INFO Current_time:55
2026-09-24 22:42:54,320 simple_logger.py log_once [line:28] INFO test_accuracy                 0.1135
2026-09-24 22:42:54,320 simple_logger.py log_once [line:28] INFO test_loss                     5.2170
2026-09-24 22:42:54,320 simple_logger.py log_once [line:28] INFO val_accuracy                  0.1119
2026-09-24 22:42:54,320 simple_logger.py log_once [line:28] INFO mean_val_accuracy             0.1111
2026-09-24 22:42:54,320 simple_logger.py log_once [line:28] INFO std_val_accuracy              0.2974
2026-09-24 22:42:54,320 simple_logger.py log_once [line:28] INFO val_loss                      5.2684
2026-09-24 22:42:54,320 simple_logger.py log_once [line:28] INFO mean_val_loss                 5.2709
2026-09-24 22:42:54,320 simple_logger.py log_once [line:28] INFO std_val_loss                  2.0661
2026-09-24 22:42:54,320 fedbase.py run [line:316] INFO Eval Time Cost:               1.4640s
2026-09-24 22:42:54,329 asyncbase.py iterate [line:68] INFO Select clients [np.int64(8)] at time 56.
2026-09-24 22:42:54,628 asyncbase.py iterate [line:73] INFO Receive new models from clients [7, 12, 14, 5] at time 56
2026-09-24 22:42:54,696 fedbase.py run [line:311] INFO --------------Round 53--------------
2026-09-24 22:42:54,696 simple_logger.py log_once [line:14] INFO Current_time:56
2026-09-24 22:42:56,153 simple_logger.py log_once [line:28] INFO test_accuracy                 0.1135
2026-09-24 22:42:56,153 simple_logger.py log_once [line:28] INFO test_loss                     6.5591
2026-09-24 22:42:56,153 simple_logger.py log_once [line:28] INFO val_accuracy                  0.1119
2026-09-24 22:42:56,153 simple_logger.py log_once [line:28] INFO mean_val_accuracy             0.1111
2026-09-24 22:42:56,153 simple_logger.py log_once [line:28] INFO std_val_accuracy              0.2974
2026-09-24 22:42:56,153 simple_logger.py log_once [line:28] INFO val_loss                      6.6022
2026-09-24 22:42:56,153 simple_logger.py log_once [line:28] INFO mean_val_loss                 6.6075
2026-09-24 22:42:56,153 simple_logger.py log_once [line:28] INFO std_val_loss                  2.2731
2026-09-24 22:42:56,153 fedbase.py run [line:316] INFO Eval Time Cost:               1.4566s
2026-09-24 22:42:56,162 asyncbase.py iterate [line:68] INFO Select clients [np.int64(15), np.int64(3), np.int64(9)] at time 57.
2026-09-24 22:42:57,102 asyncbase.py iterate [line:73] INFO Receive new models from clients [4, 3] at time 57
2026-09-24 22:42:57,155 fedbase.py run [line:311] INFO --------------Round 54--------------
2026-09-24 22:42:57,155 simple_logger.py log_once [line:14] INFO Current_time:57
2026-09-24 22:42:58,624 simple_logger.py log_once [line:28] INFO test_accuracy                 0.1141
2026-09-24 22:42:58,624 simple_logger.py log_once [line:28] INFO test_loss                     4.9829
2026-09-24 22:42:58,624 simple_logger.py log_once [line:28] INFO val_accuracy                  0.1122
2026-09-24 22:42:58,624 simple_logger.py log_once [line:28] INFO mean_val_accuracy             0.1114
2026-09-24 22:42:58,624 simple_logger.py log_once [line:28] INFO std_val_accuracy              0.2972
2026-09-24 22:42:58,624 simple_logger.py log_once [line:28] INFO val_loss                      5.0528
2026-09-24 22:42:58,624 simple_logger.py log_once [line:28] INFO mean_val_loss                 5.0594
2026-09-24 22:42:58,624 simple_logger.py log_once [line:28] INFO std_val_loss                  1.8286
2026-09-24 22:42:58,624 fedbase.py run [line:316] INFO Eval Time Cost:               1.4691s
2026-09-24 22:42:58,632 asyncbase.py iterate [line:68] INFO Select clients [np.int64(5), np.int64(1), np.int64(10)] at time 58.
2026-09-24 22:42:59,549 asyncbase.py iterate [line:73] INFO Receive new models from clients [8] at time 58
2026-09-24 22:42:59,576 fedbase.py run [line:311] INFO --------------Round 55--------------
2026-09-24 22:42:59,576 simple_logger.py log_once [line:14] INFO Current_time:58
2026-09-24 22:43:01,040 simple_logger.py log_once [line:28] INFO test_accuracy                 0.1251
2026-09-24 22:43:01,040 simple_logger.py log_once [line:28] INFO test_loss                     3.6281
2026-09-24 22:43:01,040 simple_logger.py log_once [line:28] INFO val_accuracy                  0.1271
2026-09-24 22:43:01,040 simple_logger.py log_once [line:28] INFO mean_val_accuracy             0.1264
2026-09-24 22:43:01,040 simple_logger.py log_once [line:28] INFO std_val_accuracy              0.2951
2026-09-24 22:43:01,040 simple_logger.py log_once [line:28] INFO val_loss                      3.6421
2026-09-24 22:43:01,040 simple_logger.py log_once [line:28] INFO mean_val_loss                 3.6441
2026-09-24 22:43:01,040 simple_logger.py log_once [line:28] INFO std_val_loss                  1.5690
2026-09-24 22:43:01,040 fedbase.py run [line:316] INFO Eval Time Cost:               1.4638s
2026-09-24 22:43:01,048 asyncbase.py iterate [line:68] INFO Select clients [np.int64(18)] at time 59.
2026-09-24 22:43:01,357 asyncbase.py iterate [line:73] INFO Receive new models from clients [10, 1, 15] at time 59
2026-09-24 22:43:01,419 fedbase.py run [line:311] INFO --------------Round 56--------------
2026-09-24 22:43:01,419 simple_logger.py log_once [line:14] INFO Current_time:59
2026-09-24 22:43:02,884 simple_logger.py log_once [line:28] INFO test_accuracy                 0.1259
2026-09-24 22:43:02,884 simple_logger.py log_once [line:28] INFO test_loss                     3.9809
2026-09-24 22:43:02,884 simple_logger.py log_once [line:28] INFO val_accuracy                  0.1274
2026-09-24 22:43:02,884 simple_logger.py log_once [line:28] INFO mean_val_accuracy             0.1268
2026-09-24 22:43:02,884 simple_logger.py log_once [line:28] INFO std_val_accuracy              0.2951
2026-09-24 22:43:02,884 simple_logger.py log_once [line:28] INFO val_loss                      4.0062
2026-09-24 22:43:02,884 simple_logger.py log_once [line:28] INFO mean_val_loss                 4.0072
2026-09-24 22:43:02,884 simple_logger.py log_once [line:28] INFO std_val_loss                  1.8566
2026-09-24 22:43:02,884 fedbase.py run [line:316] INFO Eval Time Cost:               1.4657s
2026-09-24 22:43:02,893 asyncbase.py iterate [line:68] INFO Select clients [np.int64(12), np.int64(3)] at time 60.
2026-09-24 22:43:03,505 asyncbase.py iterate [line:73] INFO Receive new models from clients [18, 9, 12] at time 60
2026-09-24 22:43:03,567 fedbase.py run [line:311] INFO --------------Round 57--------------
2026-09-24 22:43:03,567 simple_logger.py log_once [line:14] INFO Current_time:60
2026-09-24 22:43:05,043 simple_logger.py log_once [line:28] INFO test_accuracy                 0.1151
2026-09-24 22:43:05,043 simple_logger.py log_once [line:28] INFO test_loss                     5.6438
2026-09-24 22:43:05,043 simple_logger.py log_once [line:28] INFO val_accuracy                  0.1132
2026-09-24 22:43:05,043 simple_logger.py log_once [line:28] INFO mean_val_accuracy             0.1124
2026-09-24 22:43:05,043 simple_logger.py log_once [line:28] INFO std_val_accuracy              0.2970
2026-09-24 22:43:05,043 simple_logger.py log_once [line:28] INFO val_loss                      5.6708
2026-09-24 22:43:05,043 simple_logger.py log_once [line:28] INFO mean_val_loss                 5.6702
2026-09-24 22:43:05,043 simple_logger.py log_once [line:28] INFO std_val_loss                  2.6074
2026-09-24 22:43:05,043 fedbase.py run [line:316] INFO Eval Time Cost:               1.4768s
2026-09-24 22:43:05,052 asyncbase.py iterate [line:68] INFO Select clients [np.int64(15), np.int64(13), np.int64(12)] at time 61.
2026-09-24 22:43:05,982 asyncbase.py iterate [line:73] INFO Receive new models from clients [3, 5] at time 61
2026-09-24 22:43:06,038 fedbase.py run [line:311] INFO --------------Round 58--------------
2026-09-24 22:43:06,038 simple_logger.py log_once [line:14] INFO Current_time:61
2026-09-24 22:43:07,597 simple_logger.py log_once [line:28] INFO test_accuracy                 0.1167
2026-09-24 22:43:07,597 simple_logger.py log_once [line:28] INFO test_loss                     5.6660
2026-09-24 22:43:07,597 simple_logger.py log_once [line:28] INFO val_accuracy                  0.1155
2026-09-24 22:43:07,597 simple_logger.py log_once [line:28] INFO mean_val_accuracy             0.1148
2026-09-24 22:43:07,597 simple_logger.py log_once [line:28] INFO std_val_accuracy              0.2965
2026-09-24 22:43:07,597 simple_logger.py log_once [line:28] INFO val_loss                      5.7015
2026-09-24 22:43:07,597 simple_logger.py log_once [line:28] INFO mean_val_loss                 5.7011
2026-09-24 22:43:07,597 simple_logger.py log_once [line:28] INFO std_val_loss                  2.5886
2026-09-24 22:43:07,597 fedbase.py run [line:316] INFO Eval Time Cost:               1.5590s
2026-09-24 22:43:07,607 asyncbase.py iterate [line:68] INFO Select clients [np.int64(9), np.int64(17)] at time 62.
2026-09-24 22:43:08,217 asyncbase.py iterate [line:73] INFO Receive new models from clients [15, 17] at time 62
2026-09-24 22:43:08,269 fedbase.py run [line:311] INFO --------------Round 59--------------
2026-09-24 22:43:08,269 simple_logger.py log_once [line:14] INFO Current_time:62
2026-09-24 22:43:09,740 simple_logger.py log_once [line:28] INFO test_accuracy                 0.2151
2026-09-24 22:43:09,740 simple_logger.py log_once [line:28] INFO test_loss                     4.7621
2026-09-24 22:43:09,740 simple_logger.py log_once [line:28] INFO val_accuracy                  0.2202
2026-09-24 22:43:09,740 simple_logger.py log_once [line:28] INFO mean_val_accuracy             0.2204
2026-09-24 22:43:09,740 simple_logger.py log_once [line:28] INFO std_val_accuracy              0.3400
2026-09-24 22:43:09,740 simple_logger.py log_once [line:28] INFO val_loss                      4.7459
2026-09-24 22:43:09,740 simple_logger.py log_once [line:28] INFO mean_val_loss                 4.7452
2026-09-24 22:43:09,740 simple_logger.py log_once [line:28] INFO std_val_loss                  3.0431
2026-09-24 22:43:09,740 fedbase.py run [line:316] INFO Eval Time Cost:               1.4710s
2026-09-24 22:43:09,749 asyncbase.py iterate [line:68] INFO Select clients [np.int64(0), np.int64(14)] at time 63.
2026-09-24 22:43:10,354 asyncbase.py iterate [line:73] INFO Receive new models from clients [0] at time 63
2026-09-24 22:43:10,384 fedbase.py run [line:311] INFO --------------Round 60--------------
2026-09-24 22:43:10,384 simple_logger.py log_once [line:14] INFO Current_time:63
2026-09-24 22:43:11,871 simple_logger.py log_once [line:28] INFO test_accuracy                 0.1040
2026-09-24 22:43:11,871 simple_logger.py log_once [line:28] INFO test_loss                     6.4795
2026-09-24 22:43:11,871 simple_logger.py log_once [line:28] INFO val_accuracy                  0.0991
2026-09-24 22:43:11,871 simple_logger.py log_once [line:28] INFO mean_val_accuracy             0.1002
2026-09-24 22:43:11,871 simple_logger.py log_once [line:28] INFO std_val_accuracy              0.2868
2026-09-24 22:43:11,871 simple_logger.py log_once [line:28] INFO val_loss                      6.4126
2026-09-24 22:43:11,871 simple_logger.py log_once [line:28] INFO mean_val_loss                 6.4058
2026-09-24 22:43:11,871 simple_logger.py log_once [line:28] INFO std_val_loss                  2.9642
2026-09-24 22:43:11,871 fedbase.py run [line:316] INFO Eval Time Cost:               1.4869s
2026-09-24 22:43:11,880 asyncbase.py iterate [line:68] INFO Select clients [np.int64(18), np.int64(10)] at time 64.
2026-09-24 22:43:12,511 asyncbase.py iterate [line:73] INFO Receive new models from clients [9, 12, 13] at time 64
2026-09-24 22:43:12,574 fedbase.py run [line:311] INFO --------------Round 61--------------
2026-09-24 22:43:12,574 simple_logger.py log_once [line:14] INFO Current_time:64
2026-09-24 22:43:14,058 simple_logger.py log_once [line:28] INFO test_accuracy                 0.1032
2026-09-24 22:43:14,058 simple_logger.py log_once [line:28] INFO test_loss                     9.8697
2026-09-24 22:43:14,058 simple_logger.py log_once [line:28] INFO val_accuracy                  0.0983
2026-09-24 22:43:14,058 simple_logger.py log_once [line:28] INFO mean_val_accuracy             0.0993
2026-09-24 22:43:14,058 simple_logger.py log_once [line:28] INFO std_val_accuracy              0.2871
2026-09-24 22:43:14,058 simple_logger.py log_once [line:28] INFO val_loss                      9.7638
2026-09-24 22:43:14,058 simple_logger.py log_once [line:28] INFO mean_val_loss                 9.7547
2026-09-24 22:43:14,058 simple_logger.py log_once [line:28] INFO std_val_loss                  3.6431
2026-09-24 22:43:14,058 fedbase.py run [line:316] INFO Eval Time Cost:               1.4845s
2026-09-24 22:43:14,067 asyncbase.py iterate [line:68] INFO Select clients [np.int64(15), np.int64(4)] at time 65.
2026-09-24 22:43:14,687 asyncbase.py iterate [line:73] INFO Receive new models from clients [4] at time 65
2026-09-24 22:43:14,715 fedbase.py run [line:311] INFO --------------Round 62--------------
2026-09-24 22:43:14,715 simple_logger.py log_once [line:14] INFO Current_time:65
2026-09-24 22:43:16,191 simple_logger.py log_once [line:28] INFO test_accuracy                 0.2660
2026-09-24 22:43:16,191 simple_logger.py log_once [line:28] INFO test_loss                     9.9685
2026-09-24 22:43:16,191 simple_logger.py log_once [line:28] INFO val_accuracy                  0.2553
2026-09-24 22:43:16,191 simple_logger.py log_once [line:28] INFO mean_val_accuracy             0.2555
2026-09-24 22:43:16,191 simple_logger.py log_once [line:28] INFO std_val_accuracy              0.3747
2026-09-24 22:43:16,191 simple_logger.py log_once [line:28] INFO val_loss                      9.8646
2026-09-24 22:43:16,191 simple_logger.py log_once [line:28] INFO mean_val_loss                 9.8539
2026-09-24 22:43:16,191 simple_logger.py log_once [line:28] INFO std_val_loss                  7.5974
2026-09-24 22:43:16,191 fedbase.py run [line:316] INFO Eval Time Cost:               1.4763s
2026-09-24 22:43:16,200 asyncbase.py iterate [line:68] INFO Select clients [np.int64(9), np.int64(13)] at time 66.
2026-09-24 22:43:16,810 asyncbase.py iterate [line:73] INFO Receive new models from clients [10, 13, 14] at time 66
2026-09-24 22:43:16,874 fedbase.py run [line:311] INFO --------------Round 63--------------
2026-09-24 22:43:16,875 simple_logger.py log_once [line:14] INFO Current_time:66
2026-09-24 22:43:18,337 simple_logger.py log_once [line:28] INFO test_accuracy                 0.2611
2026-09-24 22:43:18,337 simple_logger.py log_once [line:28] INFO test_loss                     7.6898
2026-09-24 22:43:18,337 simple_logger.py log_once [line:28] INFO val_accuracy                  0.2504
2026-09-24 22:43:18,337 simple_logger.py log_once [line:28] INFO mean_val_accuracy             0.2497
2026-09-24 22:43:18,337 simple_logger.py log_once [line:28] INFO std_val_accuracy              0.3429
2026-09-24 22:43:18,337 simple_logger.py log_once [line:28] INFO val_loss                      7.8194
2026-09-24 22:43:18,337 simple_logger.py log_once [line:28] INFO mean_val_loss                 7.8300
2026-09-24 22:43:18,337 simple_logger.py log_once [line:28] INFO std_val_loss                  5.5932
2026-09-24 22:43:18,337 fedbase.py run [line:316] INFO Eval Time Cost:               1.4624s
2026-09-24 22:43:18,345 asyncbase.py iterate [line:68] INFO Select clients [np.int64(3), np.int64(8)] at time 67.
2026-09-24 22:43:18,955 asyncbase.py iterate [line:73] INFO Receive new models from clients [18] at time 67
2026-09-24 22:43:18,985 fedbase.py run [line:311] INFO --------------Round 64--------------
2026-09-24 22:43:18,985 simple_logger.py log_once [line:14] INFO Current_time:67
2026-09-24 22:43:20,481 simple_logger.py log_once [line:28] INFO test_accuracy                 0.2062
2026-09-24 22:43:20,481 simple_logger.py log_once [line:28] INFO test_loss                     7.4773
2026-09-24 22:43:20,481 simple_logger.py log_once [line:28] INFO val_accuracy                  0.1988
2026-09-24 22:43:20,481 simple_logger.py log_once [line:28] INFO mean_val_accuracy             0.1980
2026-09-24 22:43:20,481 simple_logger.py log_once [line:28] INFO std_val_accuracy              0.3141
2026-09-24 22:43:20,481 simple_logger.py log_once [line:28] INFO val_loss                      7.5567
2026-09-24 22:43:20,481 simple_logger.py log_once [line:28] INFO mean_val_loss                 7.5692
2026-09-24 22:43:20,481 simple_logger.py log_once [line:28] INFO std_val_loss                  4.3661
2026-09-24 22:43:20,481 fedbase.py run [line:316] INFO Eval Time Cost:               1.4963s
2026-09-24 22:43:20,490 asyncbase.py iterate [line:68] INFO Select clients [np.int64(6), np.int64(7)] at time 68.
2026-09-24 22:43:21,105 asyncbase.py iterate [line:73] INFO Receive new models from clients [9, 15] at time 68
2026-09-24 22:43:21,158 fedbase.py run [line:311] INFO --------------Round 65--------------
2026-09-24 22:43:21,158 simple_logger.py log_once [line:14] INFO Current_time:68
2026-09-24 22:43:22,638 simple_logger.py log_once [line:28] INFO test_accuracy                 0.2858
2026-09-24 22:43:22,638 simple_logger.py log_once [line:28] INFO test_loss                     3.3785
2026-09-24 22:43:22,638 simple_logger.py log_once [line:28] INFO val_accuracy                  0.2724
2026-09-24 22:43:22,638 simple_logger.py log_once [line:28] INFO mean_val_accuracy             0.2724
2026-09-24 22:43:22,638 simple_logger.py log_once [line:28] INFO std_val_accuracy              0.3370
2026-09-24 22:43:22,638 simple_logger.py log_once [line:28] INFO val_loss                      3.4225
2026-09-24 22:43:22,638 simple_logger.py log_once [line:28] INFO mean_val_loss                 3.4272
2026-09-24 22:43:22,638 simple_logger.py log_once [line:28] INFO std_val_loss                  2.1948
2026-09-24 22:43:22,638 fedbase.py run [line:316] INFO Eval Time Cost:               1.4801s
2026-09-24 22:43:22,648 asyncbase.py iterate [line:68] INFO Select clients [np.int64(16), np.int64(4)] at time 69.
2026-09-24 22:43:23,260 asyncbase.py iterate [line:73] INFO Receive new models from clients [7] at time 69
2026-09-24 22:43:23,287 fedbase.py run [line:311] INFO --------------Round 66--------------
2026-09-24 22:43:23,287 simple_logger.py log_once [line:14] INFO Current_time:69
2026-09-24 22:43:24,760 simple_logger.py log_once [line:28] INFO test_accuracy                 0.2275
2026-09-24 22:43:24,760 simple_logger.py log_once [line:28] INFO test_loss                     2.6748
2026-09-24 22:43:24,760 simple_logger.py log_once [line:28] INFO val_accuracy                  0.2189
2026-09-24 22:43:24,760 simple_logger.py log_once [line:28] INFO mean_val_accuracy             0.2193
2026-09-24 22:43:24,760 simple_logger.py log_once [line:28] INFO std_val_accuracy              0.3149
2026-09-24 22:43:24,760 simple_logger.py log_once [line:28] INFO val_loss                      2.7251
2026-09-24 22:43:24,760 simple_logger.py log_once [line:28] INFO mean_val_loss                 2.7253
2026-09-24 22:43:24,761 simple_logger.py log_once [line:28] INFO std_val_loss                  1.3460
2026-09-24 22:43:24,761 fedbase.py run [line:316] INFO Eval Time Cost:               1.4739s
2026-09-24 22:43:24,771 asyncbase.py iterate [line:73] INFO Receive new models from clients [16, 8, 3] at time 70
2026-09-24 22:43:24,835 fedbase.py run [line:311] INFO --------------Round 67--------------
2026-09-24 22:43:24,835 simple_logger.py log_once [line:14] INFO Current_time:70
2026-09-24 22:43:26,286 simple_logger.py log_once [line:28] INFO test_accuracy                 0.1543
2026-09-24 22:43:26,286 simple_logger.py log_once [line:28] INFO test_loss                     2.7091
2026-09-24 22:43:26,286 simple_logger.py log_once [line:28] INFO val_accuracy                  0.1593
2026-09-24 22:43:26,286 simple_logger.py log_once [line:28] INFO mean_val_accuracy             0.1593
2026-09-24 22:43:26,287 simple_logger.py log_once [line:28] INFO std_val_accuracy              0.1927
2026-09-24 22:43:26,287 simple_logger.py log_once [line:28] INFO val_loss                      2.7169
2026-09-24 22:43:26,287 simple_logger.py log_once [line:28] INFO mean_val_loss                 2.7189
2026-09-24 22:43:26,287 simple_logger.py log_once [line:28] INFO std_val_loss                  0.8929
2026-09-24 22:43:26,287 fedbase.py run [line:316] INFO Eval Time Cost:               1.4521s
2026-09-24 22:43:26,297 asyncbase.py iterate [line:68] INFO Select clients [np.int64(10), np.int64(18), np.int64(16)] at time 71.
2026-09-24 22:43:27,234 asyncbase.py iterate [line:73] INFO Receive new models from clients [6, 10, 4] at time 71
2026-09-24 22:43:27,294 fedbase.py run [line:311] INFO --------------Round 68--------------
2026-09-24 22:43:27,294 simple_logger.py log_once [line:14] INFO Current_time:71
2026-09-24 22:43:28,764 simple_logger.py log_once [line:28] INFO test_accuracy                 0.1613
2026-09-24 22:43:28,764 simple_logger.py log_once [line:28] INFO test_loss                     3.4768
2026-09-24 22:43:28,764 simple_logger.py log_once [line:28] INFO val_accuracy                  0.1660
2026-09-24 22:43:28,764 simple_logger.py log_once [line:28] INFO mean_val_accuracy             0.1661
2026-09-24 22:43:28,764 simple_logger.py log_once [line:28] INFO std_val_accuracy              0.2091
2026-09-24 22:43:28,764 simple_logger.py log_once [line:28] INFO val_loss                      3.5083
2026-09-24 22:43:28,764 simple_logger.py log_once [line:28] INFO mean_val_loss                 3.5138
2026-09-24 22:43:28,764 simple_logger.py log_once [line:28] INFO std_val_loss                  1.9954
2026-09-24 22:43:28,764 fedbase.py run [line:316] INFO Eval Time Cost:               1.4702s
2026-09-24 22:43:28,774 asyncbase.py iterate [line:68] INFO Select clients [np.int64(10), np.int64(8), np.int64(14)] at time 72.
2026-09-24 22:43:29,685 asyncbase.py iterate [line:73] INFO Receive new models from clients [18] at time 72
2026-09-24 22:43:29,713 fedbase.py run [line:311] INFO --------------Round 69--------------
2026-09-24 22:43:29,713 simple_logger.py log_once [line:14] INFO Current_time:72
2026-09-24 22:43:31,180 simple_logger.py log_once [line:28] INFO test_accuracy                 0.2162
2026-09-24 22:43:31,180 simple_logger.py log_once [line:28] INFO test_loss                     3.3423
2026-09-24 22:43:31,180 simple_logger.py log_once [line:28] INFO val_accuracy                  0.2172
2026-09-24 22:43:31,180 simple_logger.py log_once [line:28] INFO mean_val_accuracy             0.2162
2026-09-24 22:43:31,180 simple_logger.py log_once [line:28] INFO std_val_accuracy              0.3111
2026-09-24 22:43:31,180 simple_logger.py log_once [line:28] INFO val_loss                      3.3452
2026-09-24 22:43:31,180 simple_logger.py log_once [line:28] INFO mean_val_loss                 3.3519
2026-09-24 22:43:31,180 simple_logger.py log_once [line:28] INFO std_val_loss                  1.5705
2026-09-24 22:43:31,180 fedbase.py run [line:316] INFO Eval Time Cost:               1.4673s
2026-09-24 22:43:31,190 asyncbase.py iterate [line:68] INFO Select clients [np.int64(0)] at time 73.
2026-09-24 22:43:31,492 asyncbase.py iterate [line:73] INFO Receive new models from clients [10] at time 73
2026-09-24 22:43:31,522 fedbase.py run [line:311] INFO --------------Round 70--------------
2026-09-24 22:43:31,522 simple_logger.py log_once [line:14] INFO Current_time:73
2026-09-24 22:43:32,991 simple_logger.py log_once [line:28] INFO test_accuracy                 0.1615
2026-09-24 22:43:32,991 simple_logger.py log_once [line:28] INFO test_loss                     4.0442
2026-09-24 22:43:32,991 simple_logger.py log_once [line:28] INFO val_accuracy                  0.1645
2026-09-24 22:43:32,991 simple_logger.py log_once [line:28] INFO mean_val_accuracy             0.1637
2026-09-24 22:43:32,991 simple_logger.py log_once [line:28] INFO std_val_accuracy              0.2953
2026-09-24 22:43:32,991 simple_logger.py log_once [line:28] INFO val_loss                      4.0809
2026-09-24 22:43:32,991 simple_logger.py log_once [line:28] INFO mean_val_loss                 4.0876
2026-09-24 22:43:32,991 simple_logger.py log_once [line:28] INFO std_val_loss                  1.6480
2026-09-24 22:43:32,991 fedbase.py run [line:316] INFO Eval Time Cost:               1.4685s
2026-09-24 22:43:33,000 asyncbase.py iterate [line:68] INFO Select clients [np.int64(1)] at time 74.
2026-09-24 22:43:33,307 asyncbase.py iterate [line:73] INFO Receive new models from clients [16, 14, 1] at time 74
2026-09-24 22:43:33,366 fedbase.py run [line:311] INFO --------------Round 71--------------
2026-09-24 22:43:33,366 simple_logger.py log_once [line:14] INFO Current_time:74
2026-09-24 22:43:34,830 simple_logger.py log_once [line:28] INFO test_accuracy                 0.3007
2026-09-24 22:43:34,831 simple_logger.py log_once [line:28] INFO test_loss                     4.3238
2026-09-24 22:43:34,831 simple_logger.py log_once [line:28] INFO val_accuracy                  0.2937
2026-09-24 22:43:34,831 simple_logger.py log_once [line:28] INFO mean_val_accuracy             0.2929
2026-09-24 22:43:34,831 simple_logger.py log_once [line:28] INFO std_val_accuracy              0.3293
2026-09-24 22:43:34,831 simple_logger.py log_once [line:28] INFO val_loss                      4.3214
2026-09-24 22:43:34,831 simple_logger.py log_once [line:28] INFO mean_val_loss                 4.3300
2026-09-24 22:43:34,831 simple_logger.py log_once [line:28] INFO std_val_loss                  3.5315
2026-09-24 22:43:34,831 fedbase.py run [line:316] INFO Eval Time Cost:               1.4645s
2026-09-24 22:43:34,841 asyncbase.py iterate [line:68] INFO Select clients [np.int64(16), np.int64(7), np.int64(9), np.int64(10)] at time 75.
2026-09-24 22:43:36,086 asyncbase.py iterate [line:73] INFO Receive new models from clients [8, 16] at time 75
2026-09-24 22:43:36,138 fedbase.py run [line:311] INFO --------------Round 72--------------
2026-09-24 22:43:36,138 simple_logger.py log_once [line:14] INFO Current_time:75
2026-09-24 22:43:37,612 simple_logger.py log_once [line:28] INFO test_accuracy                 0.3183
2026-09-24 22:43:37,612 simple_logger.py log_once [line:28] INFO test_loss                     7.0222
2026-09-24 22:43:37,612 simple_logger.py log_once [line:28] INFO val_accuracy                  0.3185
2026-09-24 22:43:37,612 simple_logger.py log_once [line:28] INFO mean_val_accuracy             0.3179
2026-09-24 22:43:37,612 simple_logger.py log_once [line:28] INFO std_val_accuracy              0.3583
2026-09-24 22:43:37,612 simple_logger.py log_once [line:28] INFO val_loss                      7.0394
2026-09-24 22:43:37,612 simple_logger.py log_once [line:28] INFO mean_val_loss                 7.0481
2026-09-24 22:43:37,612 simple_logger.py log_once [line:28] INFO std_val_loss                  6.7351
2026-09-24 22:43:37,612 fedbase.py run [line:316] INFO Eval Time Cost:               1.4740s
2026-09-24 22:43:37,621 asyncbase.py iterate [line:68] INFO Select clients [np.int64(8)] at time 76.
2026-09-24 22:43:37,928 asyncbase.py iterate [line:73] INFO Receive new models from clients [7, 9, 0] at time 76
2026-09-24 22:43:37,992 fedbase.py run [line:311] INFO --------------Round 73--------------
2026-09-24 22:43:37,992 simple_logger.py log_once [line:14] INFO Current_time:76
2026-09-24 22:43:39,460 simple_logger.py log_once [line:28] INFO test_accuracy                 0.3029
2026-09-24 22:43:39,460 simple_logger.py log_once [line:28] INFO test_loss                     2.7554
2026-09-24 22:43:39,460 simple_logger.py log_once [line:28] INFO val_accuracy                  0.3063
2026-09-24 22:43:39,460 simple_logger.py log_once [line:28] INFO mean_val_accuracy             0.3071
2026-09-24 22:43:39,460 simple_logger.py log_once [line:28] INFO std_val_accuracy              0.3413
2026-09-24 22:43:39,460 simple_logger.py log_once [line:28] INFO val_loss                      2.7368
2026-09-24 22:43:39,460 simple_logger.py log_once [line:28] INFO mean_val_loss                 2.7313
2026-09-24 22:43:39,460 simple_logger.py log_once [line:28] INFO std_val_loss                  2.0491
2026-09-24 22:43:39,460 fedbase.py run [line:316] INFO Eval Time Cost:               1.4682s
2026-09-24 22:43:39,469 asyncbase.py iterate [line:68] INFO Select clients [np.int64(14), np.int64(16), np.int64(13), np.int64(7)] at time 77.
2026-09-24 22:43:40,715 asyncbase.py iterate [line:73] INFO Receive new models from clients [10, 16] at time 77
2026-09-24 22:43:40,767 fedbase.py run [line:311] INFO --------------Round 74--------------
2026-09-24 22:43:40,767 simple_logger.py log_once [line:14] INFO Current_time:77
2026-09-24 22:43:42,232 simple_logger.py log_once [line:28] INFO test_accuracy                 0.3092
2026-09-24 22:43:42,232 simple_logger.py log_once [line:28] INFO test_loss                     4.2921
2026-09-24 22:43:42,232 simple_logger.py log_once [line:28] INFO val_accuracy                  0.3131
2026-09-24 22:43:42,232 simple_logger.py log_once [line:28] INFO mean_val_accuracy             0.3134
2026-09-24 22:43:42,232 simple_logger.py log_once [line:28] INFO std_val_accuracy              0.3542
2026-09-24 22:43:42,232 simple_logger.py log_once [line:28] INFO val_loss                      4.2753
2026-09-24 22:43:42,232 simple_logger.py log_once [line:28] INFO mean_val_loss                 4.2674
2026-09-24 22:43:42,232 simple_logger.py log_once [line:28] INFO std_val_loss                  3.7102
2026-09-24 22:43:42,232 fedbase.py run [line:316] INFO Eval Time Cost:               1.4653s
2026-09-24 22:43:42,242 asyncbase.py iterate [line:68] INFO Select clients [np.int64(9), np.int64(12)] at time 78.
2026-09-24 22:43:42,845 asyncbase.py iterate [line:73] INFO Receive new models from clients [13] at time 78
2026-09-24 22:43:42,874 fedbase.py run [line:311] INFO --------------Round 75--------------
2026-09-24 22:43:42,874 simple_logger.py log_once [line:14] INFO Current_time:78
2026-09-24 22:43:44,342 simple_logger.py log_once [line:28] INFO test_accuracy                 0.1294
2026-09-24 22:43:44,342 simple_logger.py log_once [line:28] INFO test_loss                     18.9760
2026-09-24 22:43:44,342 simple_logger.py log_once [line:28] INFO val_accuracy                  0.1243
2026-09-24 22:43:44,342 simple_logger.py log_once [line:28] INFO mean_val_accuracy             0.1241
2026-09-24 22:43:44,342 simple_logger.py log_once [line:28] INFO std_val_accuracy              0.2724
2026-09-24 22:43:44,342 simple_logger.py log_once [line:28] INFO val_loss                      18.6099
2026-09-24 22:43:44,342 simple_logger.py log_once [line:28] INFO mean_val_loss                 18.6118
2026-09-24 22:43:44,342 simple_logger.py log_once [line:28] INFO std_val_loss                  11.6143
2026-09-24 22:43:44,342 fedbase.py run [line:316] INFO Eval Time Cost:               1.4686s
2026-09-24 22:43:44,352 asyncbase.py iterate [line:68] INFO Select clients [np.int64(0)] at time 79.
2026-09-24 22:43:44,655 asyncbase.py iterate [line:73] INFO Receive new models from clients [7, 8, 12] at time 79
2026-09-24 22:43:44,714 fedbase.py run [line:311] INFO --------------Round 76--------------
2026-09-24 22:43:44,714 simple_logger.py log_once [line:14] INFO Current_time:79
2026-09-24 22:43:46,183 simple_logger.py log_once [line:28] INFO test_accuracy                 0.1186
2026-09-24 22:43:46,183 simple_logger.py log_once [line:28] INFO test_loss                     31.9077
2026-09-24 22:43:46,183 simple_logger.py log_once [line:28] INFO val_accuracy                  0.1168
2026-09-24 22:43:46,183 simple_logger.py log_once [line:28] INFO mean_val_accuracy             0.1165
2026-09-24 22:43:46,183 simple_logger.py log_once [line:28] INFO std_val_accuracy              0.2698
2026-09-24 22:43:46,183 simple_logger.py log_once [line:28] INFO val_loss                      31.2480
2026-09-24 22:43:46,183 simple_logger.py log_once [line:28] INFO mean_val_loss                 31.2609
2026-09-24 22:43:46,183 simple_logger.py log_once [line:28] INFO std_val_loss                  21.9715
2026-09-24 22:43:46,183 fedbase.py run [line:316] INFO Eval Time Cost:               1.4686s
2026-09-24 22:43:46,194 asyncbase.py iterate [line:68] INFO Select clients [np.int64(12), np.int64(10)] at time 80.
2026-09-24 22:43:46,811 asyncbase.py iterate [line:73] INFO Receive new models from clients [9, 14] at time 80
2026-09-24 22:43:46,862 fedbase.py run [line:311] INFO --------------Round 77--------------
2026-09-24 22:43:46,862 simple_logger.py log_once [line:14] INFO Current_time:80
2026-09-24 22:43:48,323 simple_logger.py log_once [line:28] INFO test_accuracy                 0.1222
2026-09-24 22:43:48,323 simple_logger.py log_once [line:28] INFO test_loss                     17.2477
2026-09-24 22:43:48,323 simple_logger.py log_once [line:28] INFO val_accuracy                  0.1180
2026-09-24 22:43:48,323 simple_logger.py log_once [line:28] INFO mean_val_accuracy             0.1177
2026-09-24 22:43:48,323 simple_logger.py log_once [line:28] INFO std_val_accuracy              0.2725
2026-09-24 22:43:48,323 simple_logger.py log_once [line:28] INFO val_loss                      16.8977
2026-09-24 22:43:48,323 simple_logger.py log_once [line:28] INFO mean_val_loss                 16.9181
2026-09-24 22:43:48,323 simple_logger.py log_once [line:28] INFO std_val_loss                  12.3075
2026-09-24 22:43:48,323 fedbase.py run [line:316] INFO Eval Time Cost:               1.4615s
2026-09-24 22:43:48,332 asyncbase.py iterate [line:68] INFO Select clients [np.int64(4), np.int64(1), np.int64(14)] at time 81.
2026-09-24 22:43:49,251 asyncbase.py iterate [line:73] INFO Receive new models from clients [0, 1] at time 81
2026-09-24 22:43:49,305 fedbase.py run [line:311] INFO --------------Round 78--------------
2026-09-24 22:43:49,305 simple_logger.py log_once [line:14] INFO Current_time:81
2026-09-24 22:43:50,782 simple_logger.py log_once [line:28] INFO test_accuracy                 0.1870
2026-09-24 22:43:50,782 simple_logger.py log_once [line:28] INFO test_loss                     2.7984
2026-09-24 22:43:50,782 simple_logger.py log_once [line:28] INFO val_accuracy                  0.1894
2026-09-24 22:43:50,782 simple_logger.py log_once [line:28] INFO mean_val_accuracy             0.1901
2026-09-24 22:43:50,782 simple_logger.py log_once [line:28] INFO std_val_accuracy              0.2785
2026-09-24 22:43:50,782 simple_logger.py log_once [line:28] INFO val_loss                      2.8047
2026-09-24 22:43:50,782 simple_logger.py log_once [line:28] INFO mean_val_loss                 2.8022
2026-09-24 22:43:50,782 simple_logger.py log_once [line:28] INFO std_val_loss                  1.1171
2026-09-24 22:43:50,782 fedbase.py run [line:316] INFO Eval Time Cost:               1.4776s
2026-09-24 22:43:50,792 asyncbase.py iterate [line:68] INFO Select clients [np.int64(0), np.int64(15)] at time 82.
2026-09-24 22:43:51,411 asyncbase.py iterate [line:73] INFO Receive new models from clients [14, 12] at time 82
2026-09-24 22:43:51,463 fedbase.py run [line:311] INFO --------------Round 79--------------
2026-09-24 22:43:51,463 simple_logger.py log_once [line:14] INFO Current_time:82
2026-09-24 22:43:52,956 simple_logger.py log_once [line:28] INFO test_accuracy                 0.1510
2026-09-24 22:43:52,956 simple_logger.py log_once [line:28] INFO test_loss                     3.1806
2026-09-24 22:43:52,956 simple_logger.py log_once [line:28] INFO val_accuracy                  0.1450
2026-09-24 22:43:52,956 simple_logger.py log_once [line:28] INFO mean_val_accuracy             0.1459
2026-09-24 22:43:52,956 simple_logger.py log_once [line:28] INFO std_val_accuracy              0.2772
2026-09-24 22:43:52,956 simple_logger.py log_once [line:28] INFO val_loss                      3.2004
2026-09-24 22:43:52,957 simple_logger.py log_once [line:28] INFO mean_val_loss                 3.1977
2026-09-24 22:43:52,957 simple_logger.py log_once [line:28] INFO std_val_loss                  1.1783
2026-09-24 22:43:52,957 fedbase.py run [line:316] INFO Eval Time Cost:               1.4934s
2026-09-24 22:43:52,966 asyncbase.py iterate [line:73] INFO Receive new models from clients [15, 10] at time 83
2026-09-24 22:43:53,020 fedbase.py run [line:311] INFO --------------Round 80--------------
2026-09-24 22:43:53,020 simple_logger.py log_once [line:14] INFO Current_time:83
2026-09-24 22:43:54,484 simple_logger.py log_once [line:28] INFO test_accuracy                 0.1852
2026-09-24 22:43:54,484 simple_logger.py log_once [line:28] INFO test_loss                     2.7911
2026-09-24 22:43:54,484 simple_logger.py log_once [line:28] INFO val_accuracy                  0.1862
2026-09-24 22:43:54,484 simple_logger.py log_once [line:28] INFO mean_val_accuracy             0.1869
2026-09-24 22:43:54,484 simple_logger.py log_once [line:28] INFO std_val_accuracy              0.2896
2026-09-24 22:43:54,484 simple_logger.py log_once [line:28] INFO val_loss                      2.7984
2026-09-24 22:43:54,484 simple_logger.py log_once [line:28] INFO mean_val_loss                 2.7968
2026-09-24 22:43:54,484 simple_logger.py log_once [line:28] INFO std_val_loss                  1.1557
2026-09-24 22:43:54,484 fedbase.py run [line:316] INFO Eval Time Cost:               1.4643s
2026-09-24 22:43:54,494 asyncbase.py iterate [line:68] INFO Select clients [np.int64(16), np.int64(14), np.int64(6)] at time 84.
2026-09-24 22:43:55,415 asyncbase.py iterate [line:73] INFO Receive new models from clients [0, 4, 6] at time 84
2026-09-24 22:43:55,477 fedbase.py run [line:311] INFO --------------Round 81--------------
2026-09-24 22:43:55,477 simple_logger.py log_once [line:14] INFO Current_time:84
2026-09-24 22:43:56,936 simple_logger.py log_once [line:28] INFO test_accuracy                 0.1803
2026-09-24 22:43:56,936 simple_logger.py log_once [line:28] INFO test_loss                     2.5892
2026-09-24 22:43:56,936 simple_logger.py log_once [line:28] INFO val_accuracy                  0.1784
2026-09-24 22:43:56,936 simple_logger.py log_once [line:28] INFO mean_val_accuracy             0.1792
2026-09-24 22:43:56,936 simple_logger.py log_once [line:28] INFO std_val_accuracy              0.2913
2026-09-24 22:43:56,936 simple_logger.py log_once [line:28] INFO val_loss                      2.6060
2026-09-24 22:43:56,936 simple_logger.py log_once [line:28] INFO mean_val_loss                 2.6045
2026-09-24 22:43:56,936 simple_logger.py log_once [line:28] INFO std_val_loss                  1.0181
2026-09-24 22:43:56,936 fedbase.py run [line:316] INFO Eval Time Cost:               1.4592s
2026-09-24 22:43:56,946 asyncbase.py iterate [line:68] INFO Select clients [np.int64(4), np.int64(5), np.int64(1), np.int64(17)] at time 85.
2026-09-24 22:43:58,172 asyncbase.py iterate [line:73] INFO Receive new models from clients [16, 14] at time 85
2026-09-24 22:43:58,226 fedbase.py run [line:311] INFO --------------Round 82--------------
2026-09-24 22:43:58,226 simple_logger.py log_once [line:14] INFO Current_time:85
2026-09-24 22:43:59,695 simple_logger.py log_once [line:28] INFO test_accuracy                 0.2568
2026-09-24 22:43:59,695 simple_logger.py log_once [line:28] INFO test_loss                     2.6735
2026-09-24 22:43:59,695 simple_logger.py log_once [line:28] INFO val_accuracy                  0.2594
2026-09-24 22:43:59,695 simple_logger.py log_once [line:28] INFO mean_val_accuracy             0.2585
2026-09-24 22:43:59,695 simple_logger.py log_once [line:28] INFO std_val_accuracy              0.3651
2026-09-24 22:43:59,695 simple_logger.py log_once [line:28] INFO val_loss                      2.6887
2026-09-24 22:43:59,695 simple_logger.py log_once [line:28] INFO mean_val_loss                 2.6917
2026-09-24 22:43:59,695 simple_logger.py log_once [line:28] INFO std_val_loss                  1.8620
2026-09-24 22:43:59,695 fedbase.py run [line:316] INFO Eval Time Cost:               1.4689s
2026-09-24 22:43:59,703 asyncbase.py iterate [line:73] INFO Receive new models from clients [5, 17] at time 86
2026-09-24 22:43:59,755 fedbase.py run [line:311] INFO --------------Round 83--------------
2026-09-24 22:43:59,755 simple_logger.py log_once [line:14] INFO Current_time:86
2026-09-24 22:44:01,225 simple_logger.py log_once [line:28] INFO test_accuracy                 0.3125
2026-09-24 22:44:01,225 simple_logger.py log_once [line:28] INFO test_loss                     2.1418
2026-09-24 22:44:01,225 simple_logger.py log_once [line:28] INFO val_accuracy                  0.3081
2026-09-24 22:44:01,225 simple_logger.py log_once [line:28] INFO mean_val_accuracy             0.3067
2026-09-24 22:44:01,225 simple_logger.py log_once [line:28] INFO std_val_accuracy              0.2871
2026-09-24 22:44:01,225 simple_logger.py log_once [line:28] INFO val_loss                      2.1521
2026-09-24 22:44:01,225 simple_logger.py log_once [line:28] INFO mean_val_loss                 2.1561
2026-09-24 22:44:01,225 simple_logger.py log_once [line:28] INFO std_val_loss                  0.8085
2026-09-24 22:44:01,225 fedbase.py run [line:316] INFO Eval Time Cost:               1.4705s
2026-09-24 22:44:01,236 asyncbase.py iterate [line:68] INFO Select clients [np.int64(10), np.int64(13), np.int64(5), np.int64(16)] at time 87.
2026-09-24 22:44:02,465 asyncbase.py iterate [line:73] INFO Receive new models from clients [4, 16] at time 87
2026-09-24 22:44:02,517 fedbase.py run [line:311] INFO --------------Round 84--------------
2026-09-24 22:44:02,517 simple_logger.py log_once [line:14] INFO Current_time:87
2026-09-24 22:44:03,990 simple_logger.py log_once [line:28] INFO test_accuracy                 0.2869
2026-09-24 22:44:03,990 simple_logger.py log_once [line:28] INFO test_loss                     2.9592
2026-09-24 22:44:03,990 simple_logger.py log_once [line:28] INFO val_accuracy                  0.2846
2026-09-24 22:44:03,990 simple_logger.py log_once [line:28] INFO mean_val_accuracy             0.2836
2026-09-24 22:44:03,990 simple_logger.py log_once [line:28] INFO std_val_accuracy              0.3107
2026-09-24 22:44:03,990 simple_logger.py log_once [line:28] INFO val_loss                      2.9663
2026-09-24 22:44:03,990 simple_logger.py log_once [line:28] INFO mean_val_loss                 2.9714
2026-09-24 22:44:03,990 simple_logger.py log_once [line:28] INFO std_val_loss                  1.6582
2026-09-24 22:44:03,990 fedbase.py run [line:316] INFO Eval Time Cost:               1.4731s
2026-09-24 22:44:03,999 asyncbase.py iterate [line:68] INFO Select clients [np.int64(8), np.int64(12)] at time 88.
2026-09-24 22:44:04,604 asyncbase.py iterate [line:73] INFO Receive new models from clients [5, 12, 1, 8] at time 88
2026-09-24 22:44:04,673 fedbase.py run [line:311] INFO --------------Round 85--------------
2026-09-24 22:44:04,673 simple_logger.py log_once [line:14] INFO Current_time:88
2026-09-24 22:44:06,140 simple_logger.py log_once [line:28] INFO test_accuracy                 0.3219
2026-09-24 22:44:06,140 simple_logger.py log_once [line:28] INFO test_loss                     3.2738
2026-09-24 22:44:06,140 simple_logger.py log_once [line:28] INFO val_accuracy                  0.3234
2026-09-24 22:44:06,140 simple_logger.py log_once [line:28] INFO mean_val_accuracy             0.3234
2026-09-24 22:44:06,140 simple_logger.py log_once [line:28] INFO std_val_accuracy              0.2926
2026-09-24 22:44:06,140 simple_logger.py log_once [line:28] INFO val_loss                      3.2908
2026-09-24 22:44:06,140 simple_logger.py log_once [line:28] INFO mean_val_loss                 3.2946
2026-09-24 22:44:06,140 simple_logger.py log_once [line:28] INFO std_val_loss                  1.9834
2026-09-24 22:44:06,140 fedbase.py run [line:316] INFO Eval Time Cost:               1.4675s
2026-09-24 22:44:06,150 asyncbase.py iterate [line:68] INFO Select clients [np.int64(1), np.int64(3), np.int64(19), np.int64(9)] at time 89.
2026-09-24 22:44:07,366 asyncbase.py iterate [line:73] INFO Receive new models from clients [10, 3] at time 89
2026-09-24 22:44:07,417 fedbase.py run [line:311] INFO --------------Round 86--------------
2026-09-24 22:44:07,417 simple_logger.py log_once [line:14] INFO Current_time:89
2026-09-24 22:44:08,884 simple_logger.py log_once [line:28] INFO test_accuracy                 0.2723
2026-09-24 22:44:08,884 simple_logger.py log_once [line:28] INFO test_loss                     4.8289
2026-09-24 22:44:08,884 simple_logger.py log_once [line:28] INFO val_accuracy                  0.2722
2026-09-24 22:44:08,884 simple_logger.py log_once [line:28] INFO mean_val_accuracy             0.2715
2026-09-24 22:44:08,884 simple_logger.py log_once [line:28] INFO std_val_accuracy              0.2872
2026-09-24 22:44:08,884 simple_logger.py log_once [line:28] INFO val_loss                      4.8415
2026-09-24 22:44:08,884 simple_logger.py log_once [line:28] INFO mean_val_loss                 4.8490
2026-09-24 22:44:08,884 simple_logger.py log_once [line:28] INFO std_val_loss                  3.3078
2026-09-24 22:44:08,884 fedbase.py run [line:316] INFO Eval Time Cost:               1.4669s
2026-09-24 22:44:08,893 asyncbase.py iterate [line:68] INFO Select clients [np.int64(10), np.int64(6)] at time 90.
2026-09-24 22:44:09,505 asyncbase.py iterate [line:73] INFO Receive new models from clients [13, 6, 19] at time 90
2026-09-24 22:44:09,566 fedbase.py run [line:311] INFO --------------Round 87--------------
2026-09-24 22:44:09,566 simple_logger.py log_once [line:14] INFO Current_time:90
2026-09-24 22:44:11,044 simple_logger.py log_once [line:28] INFO test_accuracy                 0.2401
2026-09-24 22:44:11,044 simple_logger.py log_once [line:28] INFO test_loss                     9.5251
2026-09-24 22:44:11,044 simple_logger.py log_once [line:28] INFO val_accuracy                  0.2353
2026-09-24 22:44:11,044 simple_logger.py log_once [line:28] INFO mean_val_accuracy             0.2347
2026-09-24 22:44:11,044 simple_logger.py log_once [line:28] INFO std_val_accuracy              0.3385
2026-09-24 22:44:11,044 simple_logger.py log_once [line:28] INFO val_loss                      9.5067
2026-09-24 22:44:11,044 simple_logger.py log_once [line:28] INFO mean_val_loss                 9.5159
2026-09-24 22:44:11,044 simple_logger.py log_once [line:28] INFO std_val_loss                  6.6437
2026-09-24 22:44:11,044 fedbase.py run [line:316] INFO Eval Time Cost:               1.4776s
2026-09-24 22:44:11,052 asyncbase.py iterate [line:68] INFO Select clients [np.int64(18)] at time 91.
2026-09-24 22:44:11,359 asyncbase.py iterate [line:73] INFO Receive new models from clients [1] at time 91
2026-09-24 22:44:11,390 fedbase.py run [line:311] INFO --------------Round 88--------------
2026-09-24 22:44:11,390 simple_logger.py log_once [line:14] INFO Current_time:91
2026-09-24 22:44:12,862 simple_logger.py log_once [line:28] INFO test_accuracy                 0.2692
2026-09-24 22:44:12,862 simple_logger.py log_once [line:28] INFO test_loss                     10.9073
2026-09-24 22:44:12,862 simple_logger.py log_once [line:28] INFO val_accuracy                  0.2665
2026-09-24 22:44:12,862 simple_logger.py log_once [line:28] INFO mean_val_accuracy             0.2660
2026-09-24 22:44:12,862 simple_logger.py log_once [line:28] INFO std_val_accuracy              0.3816
2026-09-24 22:44:12,862 simple_logger.py log_once [line:28] INFO val_loss                      10.6723
2026-09-24 22:44:12,862 simple_logger.py log_once [line:28] INFO mean_val_loss                 10.6897
2026-09-24 22:44:12,862 simple_logger.py log_once [line:28] INFO std_val_loss                  7.2155
2026-09-24 22:44:12,862 fedbase.py run [line:316] INFO Eval Time Cost:               1.4722s
2026-09-24 22:44:12,871 asyncbase.py iterate [line:68] INFO Select clients [np.int64(19), np.int64(3), np.int64(16)] at time 92.
2026-09-24 22:44:13,787 asyncbase.py iterate [line:73] INFO Receive new models from clients [10, 9, 18] at time 92
2026-09-24 22:44:13,847 fedbase.py run [line:311] INFO --------------Round 89--------------
2026-09-24 22:44:13,847 simple_logger.py log_once [line:14] INFO Current_time:92
2026-09-24 22:44:15,307 simple_logger.py log_once [line:28] INFO test_accuracy                 0.1300
2026-09-24 22:44:15,307 simple_logger.py log_once [line:28] INFO test_loss                     5.2245
2026-09-24 22:44:15,307 simple_logger.py log_once [line:28] INFO val_accuracy                  0.1308
2026-09-24 22:44:15,307 simple_logger.py log_once [line:28] INFO mean_val_accuracy             0.1300
2026-09-24 22:44:15,307 simple_logger.py log_once [line:28] INFO std_val_accuracy              0.2973
2026-09-24 22:44:15,308 simple_logger.py log_once [line:28] INFO val_loss                      5.1817
2026-09-24 22:44:15,308 simple_logger.py log_once [line:28] INFO mean_val_loss                 5.1834
2026-09-24 22:44:15,308 simple_logger.py log_once [line:28] INFO std_val_loss                  2.5035
2026-09-24 22:44:15,308 fedbase.py run [line:316] INFO Eval Time Cost:               1.4609s
2026-09-24 22:44:15,317 asyncbase.py iterate [line:68] INFO Select clients [np.int64(15), np.int64(5)] at time 93.
2026-09-24 22:44:15,928 asyncbase.py iterate [line:73] INFO Receive new models from clients [19, 16, 5] at time 93
2026-09-24 22:44:15,992 fedbase.py run [line:311] INFO --------------Round 90--------------
2026-09-24 22:44:15,992 simple_logger.py log_once [line:14] INFO Current_time:93
2026-09-24 22:44:17,463 simple_logger.py log_once [line:28] INFO test_accuracy                 0.1206
2026-09-24 22:44:17,463 simple_logger.py log_once [line:28] INFO test_loss                     4.0723
2026-09-24 22:44:17,463 simple_logger.py log_once [line:28] INFO val_accuracy                  0.1197
2026-09-24 22:44:17,463 simple_logger.py log_once [line:28] INFO mean_val_accuracy             0.1189
2026-09-24 22:44:17,463 simple_logger.py log_once [line:28] INFO std_val_accuracy              0.2963
2026-09-24 22:44:17,464 simple_logger.py log_once [line:28] INFO val_loss                      4.0760
2026-09-24 22:44:17,464 simple_logger.py log_once [line:28] INFO mean_val_loss                 4.0778
2026-09-24 22:44:17,464 simple_logger.py log_once [line:28] INFO std_val_loss                  1.8246
2026-09-24 22:44:17,464 fedbase.py run [line:316] INFO Eval Time Cost:               1.4720s
2026-09-24 22:44:17,472 asyncbase.py iterate [line:68] INFO Select clients [np.int64(14), np.int64(4)] at time 94.
2026-09-24 22:44:18,080 asyncbase.py iterate [line:73] INFO Receive new models from clients [3, 4] at time 94
2026-09-24 22:44:18,131 fedbase.py run [line:311] INFO --------------Round 91--------------
2026-09-24 22:44:18,131 simple_logger.py log_once [line:14] INFO Current_time:94
2026-09-24 22:44:19,592 simple_logger.py log_once [line:28] INFO test_accuracy                 0.1135
2026-09-24 22:44:19,592 simple_logger.py log_once [line:28] INFO test_loss                     2.7081
2026-09-24 22:44:19,592 simple_logger.py log_once [line:28] INFO val_accuracy                  0.1119
2026-09-24 22:44:19,592 simple_logger.py log_once [line:28] INFO mean_val_accuracy             0.1111
2026-09-24 22:44:19,592 simple_logger.py log_once [line:28] INFO std_val_accuracy              0.2974
2026-09-24 22:44:19,592 simple_logger.py log_once [line:28] INFO val_loss                      2.7132
2026-09-24 22:44:19,592 simple_logger.py log_once [line:28] INFO mean_val_loss                 2.7157
2026-09-24 22:44:19,592 simple_logger.py log_once [line:28] INFO std_val_loss                  0.8713
2026-09-24 22:44:19,592 fedbase.py run [line:316] INFO Eval Time Cost:               1.4612s
2026-09-24 22:44:19,602 asyncbase.py iterate [line:68] INFO Select clients [np.int64(7), np.int64(6), np.int64(17)] at time 95.
2026-09-24 22:44:20,540 asyncbase.py iterate [line:73] INFO Receive new models from clients [15, 6] at time 95
2026-09-24 22:44:20,593 fedbase.py run [line:311] INFO --------------Round 92--------------
2026-09-24 22:44:20,593 simple_logger.py log_once [line:14] INFO Current_time:95
2026-09-24 22:44:22,080 simple_logger.py log_once [line:28] INFO test_accuracy                 0.1009
2026-09-24 22:44:22,080 simple_logger.py log_once [line:28] INFO test_loss                     2.5316
2026-09-24 22:44:22,080 simple_logger.py log_once [line:28] INFO val_accuracy                  0.0999
2026-09-24 22:44:22,080 simple_logger.py log_once [line:28] INFO mean_val_accuracy             0.0994
2026-09-24 22:44:22,080 simple_logger.py log_once [line:28] INFO std_val_accuracy              0.2889
2026-09-24 22:44:22,080 simple_logger.py log_once [line:28] INFO val_loss                      2.5316
2026-09-24 22:44:22,080 simple_logger.py log_once [line:28] INFO mean_val_loss                 2.5334
2026-09-24 22:44:22,080 simple_logger.py log_once [line:28] INFO std_val_loss                  0.6978
2026-09-24 22:44:22,080 fedbase.py run [line:316] INFO Eval Time Cost:               1.4875s
2026-09-24 22:44:22,089 asyncbase.py iterate [line:68] INFO Select clients [np.int64(3), np.int64(19), np.int64(8)] at time 96.
2026-09-24 22:44:23,010 asyncbase.py iterate [line:73] INFO Receive new models from clients [17, 7, 8] at time 96
2026-09-24 22:44:23,071 fedbase.py run [line:311] INFO --------------Round 93--------------
2026-09-24 22:44:23,071 simple_logger.py log_once [line:14] INFO Current_time:96
2026-09-24 22:44:24,537 simple_logger.py log_once [line:28] INFO test_accuracy                 0.0982
2026-09-24 22:44:24,537 simple_logger.py log_once [line:28] INFO test_loss                     2.7234
2026-09-24 22:44:24,537 simple_logger.py log_once [line:28] INFO val_accuracy                  0.0989
2026-09-24 22:44:24,537 simple_logger.py log_once [line:28] INFO mean_val_accuracy             0.0993
2026-09-24 22:44:24,537 simple_logger.py log_once [line:28] INFO std_val_accuracy              0.2797
2026-09-24 22:44:24,537 simple_logger.py log_once [line:28] INFO val_loss                      2.7150
2026-09-24 22:44:24,537 simple_logger.py log_once [line:28] INFO mean_val_loss                 2.7137
2026-09-24 22:44:24,537 simple_logger.py log_once [line:28] INFO std_val_loss                  0.8394
2026-09-24 22:44:24,537 fedbase.py run [line:316] INFO Eval Time Cost:               1.4667s
2026-09-24 22:44:24,546 asyncbase.py iterate [line:68] INFO Select clients [np.int64(13), np.int64(0)] at time 97.
2026-09-24 22:44:25,157 asyncbase.py iterate [line:73] INFO Receive new models from clients [14] at time 97
2026-09-24 22:44:25,185 fedbase.py run [line:311] INFO --------------Round 94--------------
2026-09-24 22:44:25,185 simple_logger.py log_once [line:14] INFO Current_time:97
2026-09-24 22:44:26,654 simple_logger.py log_once [line:28] INFO test_accuracy                 0.0974
2026-09-24 22:44:26,654 simple_logger.py log_once [line:28] INFO test_loss                     4.8399
2026-09-24 22:44:26,654 simple_logger.py log_once [line:28] INFO val_accuracy                  0.0972
2026-09-24 22:44:26,654 simple_logger.py log_once [line:28] INFO mean_val_accuracy             0.0962
2026-09-24 22:44:26,654 simple_logger.py log_once [line:28] INFO std_val_accuracy              0.2801
2026-09-24 22:44:26,654 simple_logger.py log_once [line:28] INFO val_loss                      4.8307
2026-09-24 22:44:26,654 simple_logger.py log_once [line:28] INFO mean_val_loss                 4.8320
2026-09-24 22:44:26,654 simple_logger.py log_once [line:28] INFO std_val_loss                  2.1858
2026-09-24 22:44:26,654 fedbase.py run [line:316] INFO Eval Time Cost:               1.4687s
2026-09-24 22:44:26,662 asyncbase.py iterate [line:68] INFO Select clients [np.int64(5), np.int64(14)] at time 98.
2026-09-24 22:44:27,274 asyncbase.py iterate [line:73] INFO Receive new models from clients [3] at time 98
2026-09-24 22:44:27,302 fedbase.py run [line:311] INFO --------------Round 95--------------
2026-09-24 22:44:27,302 simple_logger.py log_once [line:14] INFO Current_time:98
2026-09-24 22:44:28,767 simple_logger.py log_once [line:28] INFO test_accuracy                 0.0974
2026-09-24 22:44:28,768 simple_logger.py log_once [line:28] INFO test_loss                     4.9391
2026-09-24 22:44:28,768 simple_logger.py log_once [line:28] INFO val_accuracy                  0.0972
2026-09-24 22:44:28,768 simple_logger.py log_once [line:28] INFO mean_val_accuracy             0.0962
2026-09-24 22:44:28,768 simple_logger.py log_once [line:28] INFO std_val_accuracy              0.2801
2026-09-24 22:44:28,768 simple_logger.py log_once [line:28] INFO val_loss                      4.9305
2026-09-24 22:44:28,768 simple_logger.py log_once [line:28] INFO mean_val_loss                 4.9337
2026-09-24 22:44:28,768 simple_logger.py log_once [line:28] INFO std_val_loss                  2.3873
2026-09-24 22:44:28,768 fedbase.py run [line:316] INFO Eval Time Cost:               1.4659s
2026-09-24 22:44:28,776 asyncbase.py iterate [line:68] INFO Select clients [np.int64(10)] at time 99.
2026-09-24 22:44:29,085 asyncbase.py iterate [line:73] INFO Receive new models from clients [5, 19, 0] at time 99
2026-09-24 22:44:29,146 fedbase.py run [line:311] INFO --------------Round 96--------------
2026-09-24 22:44:29,146 simple_logger.py log_once [line:14] INFO Current_time:99
2026-09-24 22:44:30,631 simple_logger.py log_once [line:28] INFO test_accuracy                 0.1009
2026-09-24 22:44:30,631 simple_logger.py log_once [line:28] INFO test_loss                     4.4231
2026-09-24 22:44:30,631 simple_logger.py log_once [line:28] INFO val_accuracy                  0.0999
2026-09-24 22:44:30,631 simple_logger.py log_once [line:28] INFO mean_val_accuracy             0.0994
2026-09-24 22:44:30,631 simple_logger.py log_once [line:28] INFO std_val_accuracy              0.2889
2026-09-24 22:44:30,631 simple_logger.py log_once [line:28] INFO val_loss                      4.4155
2026-09-24 22:44:30,631 simple_logger.py log_once [line:28] INFO mean_val_loss                 4.4195
2026-09-24 22:44:30,631 simple_logger.py log_once [line:28] INFO std_val_loss                  2.0559
2026-09-24 22:44:30,631 fedbase.py run [line:316] INFO Eval Time Cost:               1.4857s
2026-09-24 22:44:30,640 asyncbase.py iterate [line:68] INFO Select clients [np.int64(12), np.int64(7), np.int64(6)] at time 100.
2026-09-24 22:44:31,553 asyncbase.py iterate [line:73] INFO Receive new models from clients [10, 13] at time 100
2026-09-24 22:44:31,603 fedbase.py run [line:311] INFO --------------Round 97--------------
2026-09-24 22:44:31,603 simple_logger.py log_once [line:14] INFO Current_time:100
2026-09-24 22:44:33,070 simple_logger.py log_once [line:28] INFO test_accuracy                 0.0974
2026-09-24 22:44:33,070 simple_logger.py log_once [line:28] INFO test_loss                     5.3739
2026-09-24 22:44:33,070 simple_logger.py log_once [line:28] INFO val_accuracy                  0.0972
2026-09-24 22:44:33,070 simple_logger.py log_once [line:28] INFO mean_val_accuracy             0.0962
2026-09-24 22:44:33,070 simple_logger.py log_once [line:28] INFO std_val_accuracy              0.2801
2026-09-24 22:44:33,070 simple_logger.py log_once [line:28] INFO val_loss                      5.3649
2026-09-24 22:44:33,070 simple_logger.py log_once [line:28] INFO mean_val_loss                 5.3718
2026-09-24 22:44:33,070 simple_logger.py log_once [line:28] INFO std_val_loss                  2.3964
2026-09-24 22:44:33,071 fedbase.py run [line:316] INFO Eval Time Cost:               1.4676s
2026-09-24 22:44:33,080 asyncbase.py iterate [line:68] INFO Select clients [np.int64(17), np.int64(15)] at time 101.
2026-09-24 22:44:33,695 asyncbase.py iterate [line:73] INFO Receive new models from clients [7, 14, 6] at time 101
2026-09-24 22:44:33,755 fedbase.py run [line:311] INFO --------------Round 98--------------
2026-09-24 22:44:33,755 simple_logger.py log_once [line:14] INFO Current_time:101
2026-09-24 22:44:35,228 simple_logger.py log_once [line:28] INFO test_accuracy                 0.0974
2026-09-24 22:44:35,228 simple_logger.py log_once [line:28] INFO test_loss                     9.2292
2026-09-24 22:44:35,228 simple_logger.py log_once [line:28] INFO val_accuracy                  0.0972
2026-09-24 22:44:35,228 simple_logger.py log_once [line:28] INFO mean_val_accuracy             0.0962
2026-09-24 22:44:35,228 simple_logger.py log_once [line:28] INFO std_val_accuracy              0.2801
2026-09-24 22:44:35,228 simple_logger.py log_once [line:28] INFO val_loss                      9.2494
2026-09-24 22:44:35,228 simple_logger.py log_once [line:28] INFO mean_val_loss                 9.2577
2026-09-24 22:44:35,228 simple_logger.py log_once [line:28] INFO std_val_loss                  4.6597
2026-09-24 22:44:35,228 fedbase.py run [line:316] INFO Eval Time Cost:               1.4730s
2026-09-24 22:44:35,239 asyncbase.py iterate [line:68] INFO Select clients [np.int64(1), np.int64(7)] at time 102.
2026-09-24 22:44:35,862 asyncbase.py iterate [line:73] INFO Receive new models from clients [17, 7] at time 102
2026-09-24 22:44:35,914 fedbase.py run [line:311] INFO --------------Round 99--------------
2026-09-24 22:44:35,914 simple_logger.py log_once [line:14] INFO Current_time:102
2026-09-24 22:44:37,390 simple_logger.py log_once [line:28] INFO test_accuracy                 0.1039
2026-09-24 22:44:37,390 simple_logger.py log_once [line:28] INFO test_loss                     4.5361
2026-09-24 22:44:37,390 simple_logger.py log_once [line:28] INFO val_accuracy                  0.1044
2026-09-24 22:44:37,390 simple_logger.py log_once [line:28] INFO mean_val_accuracy             0.1048
2026-09-24 22:44:37,390 simple_logger.py log_once [line:28] INFO std_val_accuracy              0.2792
2026-09-24 22:44:37,390 simple_logger.py log_once [line:28] INFO val_loss                      4.5064
2026-09-24 22:44:37,390 simple_logger.py log_once [line:28] INFO mean_val_loss                 4.5023
2026-09-24 22:44:37,390 simple_logger.py log_once [line:28] INFO std_val_loss                  2.1649
2026-09-24 22:44:37,390 fedbase.py run [line:316] INFO Eval Time Cost:               1.4756s
2026-09-24 22:44:37,398 asyncbase.py iterate [line:68] INFO Select clients [np.int64(6), np.int64(18)] at time 103.
2026-09-24 22:44:38,014 asyncbase.py iterate [line:73] INFO Receive new models from clients [12, 18] at time 103
2026-09-24 22:44:38,065 fedbase.py run [line:311] INFO --------------Round 100--------------
2026-09-24 22:44:38,065 simple_logger.py log_once [line:14] INFO Current_time:103
2026-09-24 22:44:39,531 simple_logger.py log_once [line:28] INFO test_accuracy                 0.1467
2026-09-24 22:44:39,531 simple_logger.py log_once [line:28] INFO test_loss                     3.1002
2026-09-24 22:44:39,531 simple_logger.py log_once [line:28] INFO val_accuracy                  0.1439
2026-09-24 22:44:39,531 simple_logger.py log_once [line:28] INFO mean_val_accuracy             0.1430
2026-09-24 22:44:39,531 simple_logger.py log_once [line:28] INFO std_val_accuracy              0.2973
2026-09-24 22:44:39,531 simple_logger.py log_once [line:28] INFO val_loss                      3.0860
2026-09-24 22:44:39,531 simple_logger.py log_once [line:28] INFO mean_val_loss                 3.0866
2026-09-24 22:44:39,531 simple_logger.py log_once [line:28] INFO std_val_loss                  1.5712
2026-09-24 22:44:39,532 fedbase.py run [line:316] INFO Eval Time Cost:               1.4661s
2026-09-24 22:44:39,532 fedbase.py run [line:324] INFO =================End==================
2026-09-24 22:44:39,532 fedbase.py run [line:325] INFO Total Time Cost:              225.2516s
