E:\fl-experiment\.venv\Lib\site-packages\torch\cuda\__init__.py:61: FutureWarning: The pynvml package is deprecated. Please install nvidia-ml-py instead. If you did not install pynvml directly, please report this to the maintainers of the package that installed pynvml for you.
  import pynvml  # type: ignore[import]
2026-09-24 22:05:07,523 fflow.py init [line:848] INFO PROCESS ID:	31600
2026-09-24 22:05:07,523 fflow.py init [line:849] INFO Initializing devices: cuda:0 will be used for this running.
2026-09-24 22:05:07,523 fflow.py init [line:852] INFO BENCHMARK:	flgo.benchmark.mnist_classification
2026-09-24 22:05:07,523 fflow.py init [line:853] INFO TASK:			E:\Federated Machine Learning\FL-Byzantine-Library\mnist_dir20
2026-09-24 22:05:07,533 fflow.py init [line:854] INFO MODEL:		flgo.benchmark.mnist_classification.model.cnn
2026-09-24 22:05:07,533 fflow.py init [line:855] INFO ALGORITHM:	research_algorithm
2026-09-24 22:05:08,557 fflow.py init [line:901] INFO SCENE:		horizontal FL with 1 <class 'flgo_byzantine.research_algorithm.Server'>, 20 <class 'flgo_byzantine.research_algorithm.Client'>
2026-09-24 22:05:08,645 fflow.py init [line:918] INFO SIMULATOR:	<class 'flgo.simulator.default_simulator.Simulator'>
2026-09-24 22:05:13,075 fflow.py init [line:931] INFO Ready to start.
2026-09-24 22:05:13,075 fedbase.py run [line:300] INFO --------------Initial Evaluation--------------
2026-09-24 22:05:13,075 simple_logger.py log_once [line:14] INFO Current_time:0
2026-09-24 22:05:14,675 simple_logger.py log_once [line:28] INFO test_accuracy                 0.0875
2026-09-24 22:05:14,675 simple_logger.py log_once [line:28] INFO test_loss                     2.3101
2026-09-24 22:05:14,675 simple_logger.py log_once [line:28] INFO val_accuracy                  0.0866
2026-09-24 22:05:14,675 simple_logger.py log_once [line:28] INFO mean_val_accuracy             0.0874
2026-09-24 22:05:14,675 simple_logger.py log_once [line:28] INFO std_val_accuracy              0.2312
2026-09-24 22:05:14,675 simple_logger.py log_once [line:28] INFO val_loss                      2.3109
2026-09-24 22:05:14,675 simple_logger.py log_once [line:28] INFO mean_val_loss                 2.3111
2026-09-24 22:05:14,675 simple_logger.py log_once [line:28] INFO std_val_loss                  0.0785
2026-09-24 22:05:14,676 fedbase.py run [line:303] INFO Eval Time Cost:               1.6004s
2026-09-24 22:05:14,686 asyncbase.py iterate [line:68] INFO Select clients [np.int64(3), np.int64(19), np.int64(4), np.int64(10), np.int64(9)] at time 1.
2026-09-24 22:05:16,278 asyncbase.py iterate [line:73] INFO Receive new models from clients [19] at time 1
2026-09-24 22:05:16,341 fedbase.py run [line:311] INFO --------------Round 1--------------
2026-09-24 22:05:16,341 simple_logger.py log_once [line:14] INFO Current_time:1
2026-09-24 22:05:17,798 simple_logger.py log_once [line:28] INFO test_accuracy                 0.1028
2026-09-24 22:05:17,798 simple_logger.py log_once [line:28] INFO test_loss                     5.8916
2026-09-24 22:05:17,798 simple_logger.py log_once [line:28] INFO val_accuracy                  0.1043
2026-09-24 22:05:17,798 simple_logger.py log_once [line:28] INFO mean_val_accuracy             0.1043
2026-09-24 22:05:17,798 simple_logger.py log_once [line:28] INFO std_val_accuracy              0.2848
2026-09-24 22:05:17,798 simple_logger.py log_once [line:28] INFO val_loss                      5.8423
2026-09-24 22:05:17,798 simple_logger.py log_once [line:28] INFO mean_val_loss                 5.8418
2026-09-24 22:05:17,798 simple_logger.py log_once [line:28] INFO std_val_loss                  1.9902
2026-09-24 22:05:17,799 fedbase.py run [line:316] INFO Eval Time Cost:               1.4572s
2026-09-24 22:05:17,808 asyncbase.py iterate [line:68] INFO Select clients [np.int64(0)] at time 2.
2026-09-24 22:05:18,109 asyncbase.py iterate [line:73] INFO Receive new models from clients [4, 0] at time 2
2026-09-24 22:05:18,159 fedbase.py run [line:311] INFO --------------Round 2--------------
2026-09-24 22:05:18,159 simple_logger.py log_once [line:14] INFO Current_time:2
2026-09-24 22:05:19,618 simple_logger.py log_once [line:28] INFO test_accuracy                 0.1032
2026-09-24 22:05:19,618 simple_logger.py log_once [line:28] INFO test_loss                     2.3775
2026-09-24 22:05:19,618 simple_logger.py log_once [line:28] INFO val_accuracy                  0.0983
2026-09-24 22:05:19,618 simple_logger.py log_once [line:28] INFO mean_val_accuracy             0.0993
2026-09-24 22:05:19,619 simple_logger.py log_once [line:28] INFO std_val_accuracy              0.2871
2026-09-24 22:05:19,619 simple_logger.py log_once [line:28] INFO val_loss                      2.3831
2026-09-24 22:05:19,619 simple_logger.py log_once [line:28] INFO mean_val_loss                 2.3818
2026-09-24 22:05:19,619 simple_logger.py log_once [line:28] INFO std_val_loss                  0.3924
2026-09-24 22:05:19,619 fedbase.py run [line:316] INFO Eval Time Cost:               1.4595s
2026-09-24 22:05:19,629 asyncbase.py iterate [line:68] INFO Select clients [np.int64(7), np.int64(13), np.int64(16)] at time 3.
2026-09-24 22:05:20,548 asyncbase.py iterate [line:73] INFO Receive new models from clients [3, 10, 16] at time 3
2026-09-24 22:05:20,601 fedbase.py run [line:311] INFO --------------Round 3--------------
2026-09-24 22:05:20,601 simple_logger.py log_once [line:14] INFO Current_time:3
2026-09-24 22:05:22,078 simple_logger.py log_once [line:28] INFO test_accuracy                 0.1020
2026-09-24 22:05:22,078 simple_logger.py log_once [line:28] INFO test_loss                     2.2787
2026-09-24 22:05:22,078 simple_logger.py log_once [line:28] INFO val_accuracy                  0.1062
2026-09-24 22:05:22,078 simple_logger.py log_once [line:28] INFO mean_val_accuracy             0.1072
2026-09-24 22:05:22,078 simple_logger.py log_once [line:28] INFO std_val_accuracy              0.2604
2026-09-24 22:05:22,078 simple_logger.py log_once [line:28] INFO val_loss                      2.2790
2026-09-24 22:05:22,078 simple_logger.py log_once [line:28] INFO mean_val_loss                 2.2785
2026-09-24 22:05:22,078 simple_logger.py log_once [line:28] INFO std_val_loss                  0.1050
2026-09-24 22:05:22,078 fedbase.py run [line:316] INFO Eval Time Cost:               1.4764s
2026-09-24 22:05:22,087 asyncbase.py iterate [line:68] INFO Select clients [np.int64(15), np.int64(1)] at time 4.
2026-09-24 22:05:22,704 asyncbase.py iterate [line:73] INFO Receive new models from clients [7, 9, 15] at time 4
2026-09-24 22:05:22,761 fedbase.py run [line:311] INFO --------------Round 4--------------
2026-09-24 22:05:22,761 simple_logger.py log_once [line:14] INFO Current_time:4
2026-09-24 22:05:24,238 simple_logger.py log_once [line:28] INFO test_accuracy                 0.0980
2026-09-24 22:05:24,238 simple_logger.py log_once [line:28] INFO test_loss                     3.2275
2026-09-24 22:05:24,238 simple_logger.py log_once [line:28] INFO val_accuracy                  0.0990
2026-09-24 22:05:24,238 simple_logger.py log_once [line:28] INFO mean_val_accuracy             0.1000
2026-09-24 22:05:24,238 simple_logger.py log_once [line:28] INFO std_val_accuracy              0.2627
2026-09-24 22:05:24,238 simple_logger.py log_once [line:28] INFO val_loss                      3.2196
2026-09-24 22:05:24,238 simple_logger.py log_once [line:28] INFO mean_val_loss                 3.2158
2026-09-24 22:05:24,238 simple_logger.py log_once [line:28] INFO std_val_loss                  1.0653
2026-09-24 22:05:24,238 fedbase.py run [line:316] INFO Eval Time Cost:               1.4769s
2026-09-24 22:05:24,248 asyncbase.py iterate [line:68] INFO Select clients [np.int64(10), np.int64(4)] at time 5.
2026-09-24 22:05:24,853 asyncbase.py iterate [line:73] INFO Receive new models from clients [13] at time 5
2026-09-24 22:05:24,884 fedbase.py run [line:311] INFO --------------Round 5--------------
2026-09-24 22:05:24,884 simple_logger.py log_once [line:14] INFO Current_time:5
2026-09-24 22:05:26,348 simple_logger.py log_once [line:28] INFO test_accuracy                 0.1028
2026-09-24 22:05:26,348 simple_logger.py log_once [line:28] INFO test_loss                     3.8691
2026-09-24 22:05:26,348 simple_logger.py log_once [line:28] INFO val_accuracy                  0.1043
2026-09-24 22:05:26,348 simple_logger.py log_once [line:28] INFO mean_val_accuracy             0.1043
2026-09-24 22:05:26,348 simple_logger.py log_once [line:28] INFO std_val_accuracy              0.2848
2026-09-24 22:05:26,348 simple_logger.py log_once [line:28] INFO val_loss                      3.8490
2026-09-24 22:05:26,348 simple_logger.py log_once [line:28] INFO mean_val_loss                 3.8508
2026-09-24 22:05:26,348 simple_logger.py log_once [line:28] INFO std_val_loss                  1.5892
2026-09-24 22:05:26,348 fedbase.py run [line:316] INFO Eval Time Cost:               1.4644s
2026-09-24 22:05:26,358 asyncbase.py iterate [line:68] INFO Select clients [np.int64(16), np.int64(7), np.int64(8)] at time 6.
2026-09-24 22:05:27,278 asyncbase.py iterate [line:73] INFO Receive new models from clients [1] at time 6
2026-09-24 22:05:27,309 fedbase.py run [line:311] INFO --------------Round 6--------------
2026-09-24 22:05:27,309 simple_logger.py log_once [line:14] INFO Current_time:6
2026-09-24 22:05:28,776 simple_logger.py log_once [line:28] INFO test_accuracy                 0.1607
2026-09-24 22:05:28,776 simple_logger.py log_once [line:28] INFO test_loss                     2.4214
2026-09-24 22:05:28,776 simple_logger.py log_once [line:28] INFO val_accuracy                  0.1603
2026-09-24 22:05:28,776 simple_logger.py log_once [line:28] INFO mean_val_accuracy             0.1614
2026-09-24 22:05:28,777 simple_logger.py log_once [line:28] INFO std_val_accuracy              0.2921
2026-09-24 22:05:28,777 simple_logger.py log_once [line:28] INFO val_loss                      2.4139
2026-09-24 22:05:28,777 simple_logger.py log_once [line:28] INFO mean_val_loss                 2.4123
2026-09-24 22:05:28,777 simple_logger.py log_once [line:28] INFO std_val_loss                  0.5801
2026-09-24 22:05:28,777 fedbase.py run [line:316] INFO Eval Time Cost:               1.4672s
2026-09-24 22:05:28,787 asyncbase.py iterate [line:68] INFO Select clients [np.int64(3)] at time 7.
2026-09-24 22:05:29,094 asyncbase.py iterate [line:73] INFO Receive new models from clients [8, 3, 4] at time 7
2026-09-24 22:05:29,152 fedbase.py run [line:311] INFO --------------Round 7--------------
2026-09-24 22:05:29,152 simple_logger.py log_once [line:14] INFO Current_time:7
2026-09-24 22:05:30,624 simple_logger.py log_once [line:28] INFO test_accuracy                 0.1028
2026-09-24 22:05:30,625 simple_logger.py log_once [line:28] INFO test_loss                     27.1964
2026-09-24 22:05:30,625 simple_logger.py log_once [line:28] INFO val_accuracy                  0.1043
2026-09-24 22:05:30,625 simple_logger.py log_once [line:28] INFO mean_val_accuracy             0.1043
2026-09-24 22:05:30,625 simple_logger.py log_once [line:28] INFO std_val_accuracy              0.2848
2026-09-24 22:05:30,625 simple_logger.py log_once [line:28] INFO val_loss                      26.9422
2026-09-24 22:05:30,625 simple_logger.py log_once [line:28] INFO mean_val_loss                 26.9262
2026-09-24 22:05:30,625 simple_logger.py log_once [line:28] INFO std_val_loss                  11.0129
2026-09-24 22:05:30,625 fedbase.py run [line:316] INFO Eval Time Cost:               1.4728s
2026-09-24 22:05:30,635 asyncbase.py iterate [line:68] INFO Select clients [np.int64(9)] at time 8.
2026-09-24 22:05:30,939 asyncbase.py iterate [line:73] INFO Receive new models from clients [10, 9] at time 8
2026-09-24 22:05:30,984 fedbase.py run [line:311] INFO --------------Round 8--------------
2026-09-24 22:05:30,984 simple_logger.py log_once [line:14] INFO Current_time:8
2026-09-24 22:05:32,453 simple_logger.py log_once [line:28] INFO test_accuracy                 0.0980
2026-09-24 22:05:32,453 simple_logger.py log_once [line:28] INFO test_loss                     4.5369
2026-09-24 22:05:32,453 simple_logger.py log_once [line:28] INFO val_accuracy                  0.0990
2026-09-24 22:05:32,453 simple_logger.py log_once [line:28] INFO mean_val_accuracy             0.1000
2026-09-24 22:05:32,453 simple_logger.py log_once [line:28] INFO std_val_accuracy              0.2627
2026-09-24 22:05:32,453 simple_logger.py log_once [line:28] INFO val_loss                      4.5015
2026-09-24 22:05:32,453 simple_logger.py log_once [line:28] INFO mean_val_loss                 4.4973
2026-09-24 22:05:32,453 simple_logger.py log_once [line:28] INFO std_val_loss                  1.9062
2026-09-24 22:05:32,454 fedbase.py run [line:316] INFO Eval Time Cost:               1.4693s
2026-09-24 22:05:32,462 asyncbase.py iterate [line:68] INFO Select clients [np.int64(6), np.int64(12), np.int64(15), np.int64(4)] at time 9.
2026-09-24 22:05:33,708 asyncbase.py iterate [line:73] INFO Receive new models from clients [16, 7, 15] at time 9
2026-09-24 22:05:33,771 fedbase.py run [line:311] INFO --------------Round 9--------------
2026-09-24 22:05:33,771 simple_logger.py log_once [line:14] INFO Current_time:9
2026-09-24 22:05:35,254 simple_logger.py log_once [line:28] INFO test_accuracy                 0.1028
2026-09-24 22:05:35,254 simple_logger.py log_once [line:28] INFO test_loss                     2.3254
2026-09-24 22:05:35,254 simple_logger.py log_once [line:28] INFO val_accuracy                  0.1043
2026-09-24 22:05:35,254 simple_logger.py log_once [line:28] INFO mean_val_accuracy             0.1043
2026-09-24 22:05:35,254 simple_logger.py log_once [line:28] INFO std_val_accuracy              0.2848
2026-09-24 22:05:35,254 simple_logger.py log_once [line:28] INFO val_loss                      2.3230
2026-09-24 22:05:35,254 simple_logger.py log_once [line:28] INFO mean_val_loss                 2.3228
2026-09-24 22:05:35,254 simple_logger.py log_once [line:28] INFO std_val_loss                  0.4758
2026-09-24 22:05:35,254 fedbase.py run [line:316] INFO Eval Time Cost:               1.4833s
2026-09-24 22:05:35,263 asyncbase.py iterate [line:68] INFO Select clients [np.int64(3), np.int64(19)] at time 10.
2026-09-24 22:05:35,873 asyncbase.py iterate [line:73] INFO Receive new models from clients [12, 6] at time 10
2026-09-24 22:05:35,919 fedbase.py run [line:311] INFO --------------Round 10--------------
2026-09-24 22:05:35,919 simple_logger.py log_once [line:14] INFO Current_time:10
2026-09-24 22:05:37,378 simple_logger.py log_once [line:28] INFO test_accuracy                 0.1991
2026-09-24 22:05:37,378 simple_logger.py log_once [line:28] INFO test_loss                     2.6684
2026-09-24 22:05:37,378 simple_logger.py log_once [line:28] INFO val_accuracy                  0.2012
2026-09-24 22:05:37,378 simple_logger.py log_once [line:28] INFO mean_val_accuracy             0.2023
2026-09-24 22:05:37,378 simple_logger.py log_once [line:28] INFO std_val_accuracy              0.3553
2026-09-24 22:05:37,378 simple_logger.py log_once [line:28] INFO val_loss                      2.6436
2026-09-24 22:05:37,378 simple_logger.py log_once [line:28] INFO mean_val_loss                 2.6393
2026-09-24 22:05:37,378 simple_logger.py log_once [line:28] INFO std_val_loss                  1.2047
2026-09-24 22:05:37,379 fedbase.py run [line:316] INFO Eval Time Cost:               1.4591s
2026-09-24 22:05:37,389 asyncbase.py iterate [line:68] INFO Select clients [np.int64(7), np.int64(9), np.int64(15)] at time 11.
2026-09-24 22:05:38,313 asyncbase.py iterate [line:73] INFO Receive new models from clients [3, 4] at time 11
2026-09-24 22:05:38,362 fedbase.py run [line:311] INFO --------------Round 11--------------
2026-09-24 22:05:38,362 simple_logger.py log_once [line:14] INFO Current_time:11
2026-09-24 22:05:39,830 simple_logger.py log_once [line:28] INFO test_accuracy                 0.1899
2026-09-24 22:05:39,830 simple_logger.py log_once [line:28] INFO test_loss                     5.9002
2026-09-24 22:05:39,830 simple_logger.py log_once [line:28] INFO val_accuracy                  0.1937
2026-09-24 22:05:39,830 simple_logger.py log_once [line:28] INFO mean_val_accuracy             0.1948
2026-09-24 22:05:39,830 simple_logger.py log_once [line:28] INFO std_val_accuracy              0.3414
2026-09-24 22:05:39,830 simple_logger.py log_once [line:28] INFO val_loss                      5.8305
2026-09-24 22:05:39,830 simple_logger.py log_once [line:28] INFO mean_val_loss                 5.8232
2026-09-24 22:05:39,830 simple_logger.py log_once [line:28] INFO std_val_loss                  2.8075
2026-09-24 22:05:39,830 fedbase.py run [line:316] INFO Eval Time Cost:               1.4683s
2026-09-24 22:05:39,839 asyncbase.py iterate [line:68] INFO Select clients [np.int64(10), np.int64(3)] at time 12.
2026-09-24 22:05:40,456 asyncbase.py iterate [line:73] INFO Receive new models from clients [9, 3] at time 12
2026-09-24 22:05:40,503 fedbase.py run [line:311] INFO --------------Round 12--------------
2026-09-24 22:05:40,503 simple_logger.py log_once [line:14] INFO Current_time:12
2026-09-24 22:05:41,979 simple_logger.py log_once [line:28] INFO test_accuracy                 0.1150
2026-09-24 22:05:41,979 simple_logger.py log_once [line:28] INFO test_loss                     2.2986
2026-09-24 22:05:41,979 simple_logger.py log_once [line:28] INFO val_accuracy                  0.1138
2026-09-24 22:05:41,979 simple_logger.py log_once [line:28] INFO mean_val_accuracy             0.1133
2026-09-24 22:05:41,979 simple_logger.py log_once [line:28] INFO std_val_accuracy              0.2859
2026-09-24 22:05:41,979 simple_logger.py log_once [line:28] INFO val_loss                      2.2964
2026-09-24 22:05:41,979 simple_logger.py log_once [line:28] INFO mean_val_loss                 2.2979
2026-09-24 22:05:41,979 simple_logger.py log_once [line:28] INFO std_val_loss                  0.6061
2026-09-24 22:05:41,979 fedbase.py run [line:316] INFO Eval Time Cost:               1.4758s
2026-09-24 22:05:41,989 asyncbase.py iterate [line:68] INFO Select clients [np.int64(4)] at time 13.
2026-09-24 22:05:42,292 asyncbase.py iterate [line:73] INFO Receive new models from clients [19, 10, 15, 4] at time 13
2026-09-24 22:05:42,358 fedbase.py run [line:311] INFO --------------Round 13--------------
2026-09-24 22:05:42,358 simple_logger.py log_once [line:14] INFO Current_time:13
2026-09-24 22:05:43,854 simple_logger.py log_once [line:28] INFO test_accuracy                 0.1692
2026-09-24 22:05:43,854 simple_logger.py log_once [line:28] INFO test_loss                     2.3597
2026-09-24 22:05:43,854 simple_logger.py log_once [line:28] INFO val_accuracy                  0.1707
2026-09-24 22:05:43,854 simple_logger.py log_once [line:28] INFO mean_val_accuracy             0.1715
2026-09-24 22:05:43,854 simple_logger.py log_once [line:28] INFO std_val_accuracy              0.3126
2026-09-24 22:05:43,854 simple_logger.py log_once [line:28] INFO val_loss                      2.3501
2026-09-24 22:05:43,855 simple_logger.py log_once [line:28] INFO mean_val_loss                 2.3498
2026-09-24 22:05:43,855 simple_logger.py log_once [line:28] INFO std_val_loss                  0.7774
2026-09-24 22:05:43,855 fedbase.py run [line:316] INFO Eval Time Cost:               1.4964s
2026-09-24 22:05:43,863 asyncbase.py iterate [line:68] INFO Select clients [np.int64(16), np.int64(6), np.int64(4), np.int64(14), np.int64(0)] at time 14.
2026-09-24 22:05:45,390 asyncbase.py iterate [line:73] INFO Receive new models from clients [7] at time 14
2026-09-24 22:05:45,422 fedbase.py run [line:311] INFO --------------Round 14--------------
2026-09-24 22:05:45,422 simple_logger.py log_once [line:14] INFO Current_time:14
2026-09-24 22:05:46,889 simple_logger.py log_once [line:28] INFO test_accuracy                 0.2143
2026-09-24 22:05:46,889 simple_logger.py log_once [line:28] INFO test_loss                     2.3257
2026-09-24 22:05:46,889 simple_logger.py log_once [line:28] INFO val_accuracy                  0.2233
2026-09-24 22:05:46,889 simple_logger.py log_once [line:28] INFO mean_val_accuracy             0.2242
2026-09-24 22:05:46,889 simple_logger.py log_once [line:28] INFO std_val_accuracy              0.3503
2026-09-24 22:05:46,889 simple_logger.py log_once [line:28] INFO val_loss                      2.3009
2026-09-24 22:05:46,889 simple_logger.py log_once [line:28] INFO mean_val_loss                 2.2992
2026-09-24 22:05:46,889 simple_logger.py log_once [line:28] INFO std_val_loss                  1.1304
2026-09-24 22:05:46,889 fedbase.py run [line:316] INFO Eval Time Cost:               1.4671s
2026-09-24 22:05:46,898 asyncbase.py iterate [line:73] INFO Receive new models from clients [4] at time 15
2026-09-24 22:05:46,932 fedbase.py run [line:311] INFO --------------Round 15--------------
2026-09-24 22:05:46,932 simple_logger.py log_once [line:14] INFO Current_time:15
2026-09-24 22:05:48,395 simple_logger.py log_once [line:28] INFO test_accuracy                 0.4164
2026-09-24 22:05:48,396 simple_logger.py log_once [line:28] INFO test_loss                     6.1883
2026-09-24 22:05:48,396 simple_logger.py log_once [line:28] INFO val_accuracy                  0.4087
2026-09-24 22:05:48,396 simple_logger.py log_once [line:28] INFO mean_val_accuracy             0.4088
2026-09-24 22:05:48,396 simple_logger.py log_once [line:28] INFO std_val_accuracy              0.3882
2026-09-24 22:05:48,396 simple_logger.py log_once [line:28] INFO val_loss                      6.1204
2026-09-24 22:05:48,396 simple_logger.py log_once [line:28] INFO mean_val_loss                 6.1144
2026-09-24 22:05:48,396 simple_logger.py log_once [line:28] INFO std_val_loss                  5.4547
2026-09-24 22:05:48,396 fedbase.py run [line:316] INFO Eval Time Cost:               1.4635s
2026-09-24 22:05:48,405 asyncbase.py iterate [line:68] INFO Select clients [np.int64(19), np.int64(17)] at time 16.
2026-09-24 22:05:49,024 asyncbase.py iterate [line:73] INFO Receive new models from clients [16, 17, 6] at time 16
2026-09-24 22:05:49,084 fedbase.py run [line:311] INFO --------------Round 16--------------
2026-09-24 22:05:49,084 simple_logger.py log_once [line:14] INFO Current_time:16
2026-09-24 22:05:50,554 simple_logger.py log_once [line:28] INFO test_accuracy                 0.3053
2026-09-24 22:05:50,554 simple_logger.py log_once [line:28] INFO test_loss                     4.7977
2026-09-24 22:05:50,554 simple_logger.py log_once [line:28] INFO val_accuracy                  0.3009
2026-09-24 22:05:50,554 simple_logger.py log_once [line:28] INFO mean_val_accuracy             0.3013
2026-09-24 22:05:50,554 simple_logger.py log_once [line:28] INFO std_val_accuracy              0.3951
2026-09-24 22:05:50,554 simple_logger.py log_once [line:28] INFO val_loss                      4.7320
2026-09-24 22:05:50,554 simple_logger.py log_once [line:28] INFO mean_val_loss                 4.7300
2026-09-24 22:05:50,554 simple_logger.py log_once [line:28] INFO std_val_loss                  3.1899
2026-09-24 22:05:50,555 fedbase.py run [line:316] INFO Eval Time Cost:               1.4702s
2026-09-24 22:05:50,563 asyncbase.py iterate [line:68] INFO Select clients [np.int64(13), np.int64(10), np.int64(1)] at time 17.
2026-09-24 22:05:51,478 asyncbase.py iterate [line:73] INFO Receive new models from clients [0, 14, 13] at time 17
2026-09-24 22:05:51,538 fedbase.py run [line:311] INFO --------------Round 17--------------
2026-09-24 22:05:51,538 simple_logger.py log_once [line:14] INFO Current_time:17
2026-09-24 22:05:53,018 simple_logger.py log_once [line:28] INFO test_accuracy                 0.1765
2026-09-24 22:05:53,018 simple_logger.py log_once [line:28] INFO test_loss                     5.5921
2026-09-24 22:05:53,018 simple_logger.py log_once [line:28] INFO val_accuracy                  0.1776
2026-09-24 22:05:53,018 simple_logger.py log_once [line:28] INFO mean_val_accuracy             0.1774
2026-09-24 22:05:53,018 simple_logger.py log_once [line:28] INFO std_val_accuracy              0.3256
2026-09-24 22:05:53,019 simple_logger.py log_once [line:28] INFO val_loss                      5.5386
2026-09-24 22:05:53,019 simple_logger.py log_once [line:28] INFO mean_val_loss                 5.5426
2026-09-24 22:05:53,019 simple_logger.py log_once [line:28] INFO std_val_loss                  2.7996
2026-09-24 22:05:53,019 fedbase.py run [line:316] INFO Eval Time Cost:               1.4803s
2026-09-24 22:05:53,027 asyncbase.py iterate [line:68] INFO Select clients [np.int64(5), np.int64(6)] at time 18.
2026-09-24 22:05:53,645 asyncbase.py iterate [line:73] INFO Receive new models from clients [19, 1, 6] at time 18
2026-09-24 22:05:53,707 fedbase.py run [line:311] INFO --------------Round 18--------------
2026-09-24 22:05:53,707 simple_logger.py log_once [line:14] INFO Current_time:18
2026-09-24 22:05:55,174 simple_logger.py log_once [line:28] INFO test_accuracy                 0.2600
2026-09-24 22:05:55,175 simple_logger.py log_once [line:28] INFO test_loss                     2.1158
2026-09-24 22:05:55,175 simple_logger.py log_once [line:28] INFO val_accuracy                  0.2659
2026-09-24 22:05:55,175 simple_logger.py log_once [line:28] INFO mean_val_accuracy             0.2670
2026-09-24 22:05:55,175 simple_logger.py log_once [line:28] INFO std_val_accuracy              0.3797
2026-09-24 22:05:55,175 simple_logger.py log_once [line:28] INFO val_loss                      2.1129
2026-09-24 22:05:55,175 simple_logger.py log_once [line:28] INFO mean_val_loss                 2.1123
2026-09-24 22:05:55,175 simple_logger.py log_once [line:28] INFO std_val_loss                  0.5285
2026-09-24 22:05:55,175 fedbase.py run [line:316] INFO Eval Time Cost:               1.4675s
2026-09-24 22:05:55,183 asyncbase.py iterate [line:68] INFO Select clients [np.int64(0), np.int64(3), np.int64(13), np.int64(1)] at time 19.
2026-09-24 22:05:56,405 asyncbase.py iterate [line:73] INFO Receive new models from clients [10, 3] at time 19
2026-09-24 22:05:56,453 fedbase.py run [line:311] INFO --------------Round 19--------------
2026-09-24 22:05:56,453 simple_logger.py log_once [line:14] INFO Current_time:19
2026-09-24 22:05:57,920 simple_logger.py log_once [line:28] INFO test_accuracy                 0.2452
2026-09-24 22:05:57,920 simple_logger.py log_once [line:28] INFO test_loss                     2.9910
2026-09-24 22:05:57,920 simple_logger.py log_once [line:28] INFO val_accuracy                  0.2444
2026-09-24 22:05:57,920 simple_logger.py log_once [line:28] INFO mean_val_accuracy             0.2454
2026-09-24 22:05:57,920 simple_logger.py log_once [line:28] INFO std_val_accuracy              0.3504
2026-09-24 22:05:57,920 simple_logger.py log_once [line:28] INFO val_loss                      2.9799
2026-09-24 22:05:57,920 simple_logger.py log_once [line:28] INFO mean_val_loss                 2.9778
2026-09-24 22:05:57,920 simple_logger.py log_once [line:28] INFO std_val_loss                  1.3872
2026-09-24 22:05:57,921 fedbase.py run [line:316] INFO Eval Time Cost:               1.4672s
2026-09-24 22:05:57,930 asyncbase.py iterate [line:68] INFO Select clients [np.int64(14), np.int64(18)] at time 20.
2026-09-24 22:05:58,556 asyncbase.py iterate [line:73] INFO Receive new models from clients [1, 0] at time 20
2026-09-24 22:05:58,604 fedbase.py run [line:311] INFO --------------Round 20--------------
2026-09-24 22:05:58,604 simple_logger.py log_once [line:14] INFO Current_time:20
2026-09-24 22:06:00,071 simple_logger.py log_once [line:28] INFO test_accuracy                 0.3140
2026-09-24 22:06:00,072 simple_logger.py log_once [line:28] INFO test_loss                     2.1146
2026-09-24 22:06:00,072 simple_logger.py log_once [line:28] INFO val_accuracy                  0.3191
2026-09-24 22:06:00,072 simple_logger.py log_once [line:28] INFO mean_val_accuracy             0.3195
2026-09-24 22:06:00,072 simple_logger.py log_once [line:28] INFO std_val_accuracy              0.3887
2026-09-24 22:06:00,072 simple_logger.py log_once [line:28] INFO val_loss                      2.1086
2026-09-24 22:06:00,072 simple_logger.py log_once [line:28] INFO mean_val_loss                 2.1055
2026-09-24 22:06:00,072 simple_logger.py log_once [line:28] INFO std_val_loss                  1.2095
2026-09-24 22:06:00,072 fedbase.py run [line:316] INFO Eval Time Cost:               1.4676s
2026-09-24 22:06:00,081 asyncbase.py iterate [line:73] INFO Receive new models from clients [5, 14] at time 21
2026-09-24 22:06:00,132 fedbase.py run [line:311] INFO --------------Round 21--------------
2026-09-24 22:06:00,132 simple_logger.py log_once [line:14] INFO Current_time:21
2026-09-24 22:06:01,602 simple_logger.py log_once [line:28] INFO test_accuracy                 0.1315
2026-09-24 22:06:01,602 simple_logger.py log_once [line:28] INFO test_loss                     6.9783
2026-09-24 22:06:01,602 simple_logger.py log_once [line:28] INFO val_accuracy                  0.1345
2026-09-24 22:06:01,602 simple_logger.py log_once [line:28] INFO mean_val_accuracy             0.1348
2026-09-24 22:06:01,602 simple_logger.py log_once [line:28] INFO std_val_accuracy              0.2822
2026-09-24 22:06:01,602 simple_logger.py log_once [line:28] INFO val_loss                      6.9956
2026-09-24 22:06:01,602 simple_logger.py log_once [line:28] INFO mean_val_loss                 6.9917
2026-09-24 22:06:01,603 simple_logger.py log_once [line:28] INFO std_val_loss                  3.8539
2026-09-24 22:06:01,603 fedbase.py run [line:316] INFO Eval Time Cost:               1.4710s
2026-09-24 22:06:01,613 asyncbase.py iterate [line:68] INFO Select clients [np.int64(9), np.int64(14), np.int64(4), np.int64(1)] at time 22.
2026-09-24 22:06:02,940 asyncbase.py iterate [line:73] INFO Receive new models from clients [13, 1, 14] at time 22
2026-09-24 22:06:03,002 fedbase.py run [line:311] INFO --------------Round 22--------------
2026-09-24 22:06:03,002 simple_logger.py log_once [line:14] INFO Current_time:22
2026-09-24 22:06:04,589 simple_logger.py log_once [line:28] INFO test_accuracy                 0.2051
2026-09-24 22:06:04,589 simple_logger.py log_once [line:28] INFO test_loss                     2.0353
2026-09-24 22:06:04,589 simple_logger.py log_once [line:28] INFO val_accuracy                  0.2096
2026-09-24 22:06:04,589 simple_logger.py log_once [line:28] INFO mean_val_accuracy             0.2107
2026-09-24 22:06:04,589 simple_logger.py log_once [line:28] INFO std_val_accuracy              0.3466
2026-09-24 22:06:04,589 simple_logger.py log_once [line:28] INFO val_loss                      2.0344
2026-09-24 22:06:04,589 simple_logger.py log_once [line:28] INFO mean_val_loss                 2.0337
2026-09-24 22:06:04,589 simple_logger.py log_once [line:28] INFO std_val_loss                  0.4217
2026-09-24 22:06:04,589 fedbase.py run [line:316] INFO Eval Time Cost:               1.5872s
2026-09-24 22:06:04,599 asyncbase.py iterate [line:68] INFO Select clients [np.int64(7), np.int64(15)] at time 23.
2026-09-24 22:06:05,208 asyncbase.py iterate [line:73] INFO Receive new models from clients [18, 7] at time 23
2026-09-24 22:06:05,256 fedbase.py run [line:311] INFO --------------Round 23--------------
2026-09-24 22:06:05,256 simple_logger.py log_once [line:14] INFO Current_time:23
2026-09-24 22:06:06,727 simple_logger.py log_once [line:28] INFO test_accuracy                 0.2778
2026-09-24 22:06:06,727 simple_logger.py log_once [line:28] INFO test_loss                     2.4404
2026-09-24 22:06:06,727 simple_logger.py log_once [line:28] INFO val_accuracy                  0.2777
2026-09-24 22:06:06,727 simple_logger.py log_once [line:28] INFO mean_val_accuracy             0.2791
2026-09-24 22:06:06,727 simple_logger.py log_once [line:28] INFO std_val_accuracy              0.3741
2026-09-24 22:06:06,727 simple_logger.py log_once [line:28] INFO val_loss                      2.3969
2026-09-24 22:06:06,727 simple_logger.py log_once [line:28] INFO mean_val_loss                 2.3941
2026-09-24 22:06:06,727 simple_logger.py log_once [line:28] INFO std_val_loss                  1.2317
2026-09-24 22:06:06,727 fedbase.py run [line:316] INFO Eval Time Cost:               1.4712s
2026-09-24 22:06:06,736 asyncbase.py iterate [line:68] INFO Select clients [np.int64(7), np.int64(12)] at time 24.
2026-09-24 22:06:07,345 asyncbase.py iterate [line:73] INFO Receive new models from clients [4, 7] at time 24
2026-09-24 22:06:07,396 fedbase.py run [line:311] INFO --------------Round 24--------------
2026-09-24 22:06:07,396 simple_logger.py log_once [line:14] INFO Current_time:24
2026-09-24 22:06:08,871 simple_logger.py log_once [line:28] INFO test_accuracy                 0.4249
2026-09-24 22:06:08,871 simple_logger.py log_once [line:28] INFO test_loss                     1.8703
2026-09-24 22:06:08,871 simple_logger.py log_once [line:28] INFO val_accuracy                  0.4166
2026-09-24 22:06:08,871 simple_logger.py log_once [line:28] INFO mean_val_accuracy             0.4161
2026-09-24 22:06:08,871 simple_logger.py log_once [line:28] INFO std_val_accuracy              0.3955
2026-09-24 22:06:08,871 simple_logger.py log_once [line:28] INFO val_loss                      1.8589
2026-09-24 22:06:08,871 simple_logger.py log_once [line:28] INFO mean_val_loss                 1.8579
2026-09-24 22:06:08,871 simple_logger.py log_once [line:28] INFO std_val_loss                  1.1252
2026-09-24 22:06:08,871 fedbase.py run [line:316] INFO Eval Time Cost:               1.4750s
2026-09-24 22:06:08,880 asyncbase.py iterate [line:68] INFO Select clients [np.int64(18), np.int64(14), np.int64(17)] at time 25.
2026-09-24 22:06:09,806 asyncbase.py iterate [line:73] INFO Receive new models from clients [15, 9, 12] at time 25
2026-09-24 22:06:09,867 fedbase.py run [line:311] INFO --------------Round 25--------------
2026-09-24 22:06:09,868 simple_logger.py log_once [line:14] INFO Current_time:25
2026-09-24 22:06:11,332 simple_logger.py log_once [line:28] INFO test_accuracy                 0.3241
2026-09-24 22:06:11,332 simple_logger.py log_once [line:28] INFO test_loss                     2.8318
2026-09-24 22:06:11,332 simple_logger.py log_once [line:28] INFO val_accuracy                  0.3168
2026-09-24 22:06:11,332 simple_logger.py log_once [line:28] INFO mean_val_accuracy             0.3178
2026-09-24 22:06:11,332 simple_logger.py log_once [line:28] INFO std_val_accuracy              0.3634
2026-09-24 22:06:11,332 simple_logger.py log_once [line:28] INFO val_loss                      2.7664
2026-09-24 22:06:11,332 simple_logger.py log_once [line:28] INFO mean_val_loss                 2.7633
2026-09-24 22:06:11,332 simple_logger.py log_once [line:28] INFO std_val_loss                  1.5997
2026-09-24 22:06:11,332 fedbase.py run [line:316] INFO Eval Time Cost:               1.4645s
2026-09-24 22:06:11,342 asyncbase.py iterate [line:68] INFO Select clients [np.int64(8), np.int64(9), np.int64(4)] at time 26.
2026-09-24 22:06:12,299 asyncbase.py iterate [line:73] INFO Receive new models from clients [18, 4, 9] at time 26
2026-09-24 22:06:12,361 fedbase.py run [line:311] INFO --------------Round 26--------------
2026-09-24 22:06:12,361 simple_logger.py log_once [line:14] INFO Current_time:26
2026-09-24 22:06:13,904 simple_logger.py log_once [line:28] INFO test_accuracy                 0.4130
2026-09-24 22:06:13,904 simple_logger.py log_once [line:28] INFO test_loss                     1.9372
2026-09-24 22:06:13,904 simple_logger.py log_once [line:28] INFO val_accuracy                  0.4124
2026-09-24 22:06:13,904 simple_logger.py log_once [line:28] INFO mean_val_accuracy             0.4129
2026-09-24 22:06:13,904 simple_logger.py log_once [line:28] INFO std_val_accuracy              0.4111
2026-09-24 22:06:13,904 simple_logger.py log_once [line:28] INFO val_loss                      1.9193
2026-09-24 22:06:13,904 simple_logger.py log_once [line:28] INFO mean_val_loss                 1.9172
2026-09-24 22:06:13,904 simple_logger.py log_once [line:28] INFO std_val_loss                  1.3036
2026-09-24 22:06:13,904 fedbase.py run [line:316] INFO Eval Time Cost:               1.5434s
2026-09-24 22:06:13,914 asyncbase.py iterate [line:68] INFO Select clients [np.int64(0), np.int64(12)] at time 27.
2026-09-24 22:06:14,531 asyncbase.py iterate [line:73] INFO Receive new models from clients [17, 14] at time 27
2026-09-24 22:06:14,583 fedbase.py run [line:311] INFO --------------Round 27--------------
2026-09-24 22:06:14,583 simple_logger.py log_once [line:14] INFO Current_time:27
2026-09-24 22:06:16,051 simple_logger.py log_once [line:28] INFO test_accuracy                 0.4253
2026-09-24 22:06:16,051 simple_logger.py log_once [line:28] INFO test_loss                     2.7230
2026-09-24 22:06:16,051 simple_logger.py log_once [line:28] INFO val_accuracy                  0.4256
2026-09-24 22:06:16,051 simple_logger.py log_once [line:28] INFO mean_val_accuracy             0.4262
2026-09-24 22:06:16,051 simple_logger.py log_once [line:28] INFO std_val_accuracy              0.3981
2026-09-24 22:06:16,051 simple_logger.py log_once [line:28] INFO val_loss                      2.6563
2026-09-24 22:06:16,052 simple_logger.py log_once [line:28] INFO mean_val_loss                 2.6536
2026-09-24 22:06:16,052 simple_logger.py log_once [line:28] INFO std_val_loss                  2.0249
2026-09-24 22:06:16,052 fedbase.py run [line:316] INFO Eval Time Cost:               1.4684s
2026-09-24 22:06:16,060 asyncbase.py iterate [line:68] INFO Select clients [np.int64(7), np.int64(5)] at time 28.
2026-09-24 22:06:16,687 asyncbase.py iterate [line:73] INFO Receive new models from clients [0, 12, 7] at time 28
2026-09-24 22:06:16,749 fedbase.py run [line:311] INFO --------------Round 28--------------
2026-09-24 22:06:16,749 simple_logger.py log_once [line:14] INFO Current_time:28
2026-09-24 22:06:18,208 simple_logger.py log_once [line:28] INFO test_accuracy                 0.4943
2026-09-24 22:06:18,208 simple_logger.py log_once [line:28] INFO test_loss                     2.1338
2026-09-24 22:06:18,209 simple_logger.py log_once [line:28] INFO val_accuracy                  0.4906
2026-09-24 22:06:18,209 simple_logger.py log_once [line:28] INFO mean_val_accuracy             0.4914
2026-09-24 22:06:18,209 simple_logger.py log_once [line:28] INFO std_val_accuracy              0.3832
2026-09-24 22:06:18,209 simple_logger.py log_once [line:28] INFO val_loss                      2.0856
2026-09-24 22:06:18,209 simple_logger.py log_once [line:28] INFO mean_val_loss                 2.0823
2026-09-24 22:06:18,209 simple_logger.py log_once [line:28] INFO std_val_loss                  1.9268
2026-09-24 22:06:18,209 fedbase.py run [line:316] INFO Eval Time Cost:               1.4594s
2026-09-24 22:06:18,217 asyncbase.py iterate [line:68] INFO Select clients [np.int64(10), np.int64(4), np.int64(3)] at time 29.
2026-09-24 22:06:19,150 asyncbase.py iterate [line:73] INFO Receive new models from clients [5, 10, 3, 8] at time 29
2026-09-24 22:06:19,222 fedbase.py run [line:311] INFO --------------Round 29--------------
2026-09-24 22:06:19,222 simple_logger.py log_once [line:14] INFO Current_time:29
2026-09-24 22:06:20,689 simple_logger.py log_once [line:28] INFO test_accuracy                 0.3605
2026-09-24 22:06:20,689 simple_logger.py log_once [line:28] INFO test_loss                     2.6696
2026-09-24 22:06:20,689 simple_logger.py log_once [line:28] INFO val_accuracy                  0.3618
2026-09-24 22:06:20,689 simple_logger.py log_once [line:28] INFO mean_val_accuracy             0.3625
2026-09-24 22:06:20,689 simple_logger.py log_once [line:28] INFO std_val_accuracy              0.3821
2026-09-24 22:06:20,689 simple_logger.py log_once [line:28] INFO val_loss                      2.6253
2026-09-24 22:06:20,689 simple_logger.py log_once [line:28] INFO mean_val_loss                 2.6210
2026-09-24 22:06:20,689 simple_logger.py log_once [line:28] INFO std_val_loss                  1.8786
2026-09-24 22:06:20,689 fedbase.py run [line:316] INFO Eval Time Cost:               1.4679s
2026-09-24 22:06:20,700 asyncbase.py iterate [line:68] INFO Select clients [np.int64(16), np.int64(13), np.int64(6), np.int64(10)] at time 30.
2026-09-24 22:06:21,945 asyncbase.py iterate [line:73] INFO Receive new models from clients [10] at time 30
2026-09-24 22:06:21,976 fedbase.py run [line:311] INFO --------------Round 30--------------
2026-09-24 22:06:21,976 simple_logger.py log_once [line:14] INFO Current_time:30
2026-09-24 22:06:23,432 simple_logger.py log_once [line:28] INFO test_accuracy                 0.4280
2026-09-24 22:06:23,432 simple_logger.py log_once [line:28] INFO test_loss                     2.6000
2026-09-24 22:06:23,432 simple_logger.py log_once [line:28] INFO val_accuracy                  0.4322
2026-09-24 22:06:23,432 simple_logger.py log_once [line:28] INFO mean_val_accuracy             0.4326
2026-09-24 22:06:23,432 simple_logger.py log_once [line:28] INFO std_val_accuracy              0.4008
2026-09-24 22:06:23,432 simple_logger.py log_once [line:28] INFO val_loss                      2.5615
2026-09-24 22:06:23,433 simple_logger.py log_once [line:28] INFO mean_val_loss                 2.5597
2026-09-24 22:06:23,433 simple_logger.py log_once [line:28] INFO std_val_loss                  2.3760
2026-09-24 22:06:23,433 fedbase.py run [line:316] INFO Eval Time Cost:               1.4569s
2026-09-24 22:06:23,443 asyncbase.py iterate [line:68] INFO Select clients [np.int64(19), np.int64(9)] at time 31.
2026-09-24 22:06:24,060 asyncbase.py iterate [line:73] INFO Receive new models from clients [4] at time 31
2026-09-24 22:06:24,091 fedbase.py run [line:311] INFO --------------Round 31--------------
2026-09-24 22:06:24,092 simple_logger.py log_once [line:14] INFO Current_time:31
2026-09-24 22:06:25,555 simple_logger.py log_once [line:28] INFO test_accuracy                 0.5068
2026-09-24 22:06:25,556 simple_logger.py log_once [line:28] INFO test_loss                     1.7223
2026-09-24 22:06:25,556 simple_logger.py log_once [line:28] INFO val_accuracy                  0.5129
2026-09-24 22:06:25,556 simple_logger.py log_once [line:28] INFO mean_val_accuracy             0.5136
2026-09-24 22:06:25,556 simple_logger.py log_once [line:28] INFO std_val_accuracy              0.4029
2026-09-24 22:06:25,556 simple_logger.py log_once [line:28] INFO val_loss                      1.7011
2026-09-24 22:06:25,556 simple_logger.py log_once [line:28] INFO mean_val_loss                 1.6995
2026-09-24 22:06:25,556 simple_logger.py log_once [line:28] INFO std_val_loss                  1.4427
2026-09-24 22:06:25,556 fedbase.py run [line:316] INFO Eval Time Cost:               1.4642s
2026-09-24 22:06:25,566 asyncbase.py iterate [line:68] INFO Select clients [np.int64(8)] at time 32.
2026-09-24 22:06:25,868 asyncbase.py iterate [line:73] INFO Receive new models from clients [9, 19, 13, 6, 16] at time 32
2026-09-24 22:06:25,946 fedbase.py run [line:311] INFO --------------Round 32--------------
2026-09-24 22:06:25,946 simple_logger.py log_once [line:14] INFO Current_time:32
2026-09-24 22:06:27,422 simple_logger.py log_once [line:28] INFO test_accuracy                 0.3487
2026-09-24 22:06:27,423 simple_logger.py log_once [line:28] INFO test_loss                     1.8362
2026-09-24 22:06:27,423 simple_logger.py log_once [line:28] INFO val_accuracy                  0.3538
2026-09-24 22:06:27,423 simple_logger.py log_once [line:28] INFO mean_val_accuracy             0.3545
2026-09-24 22:06:27,423 simple_logger.py log_once [line:28] INFO std_val_accuracy              0.3723
2026-09-24 22:06:27,423 simple_logger.py log_once [line:28] INFO val_loss                      1.8243
2026-09-24 22:06:27,423 simple_logger.py log_once [line:28] INFO mean_val_loss                 1.8229
2026-09-24 22:06:27,423 simple_logger.py log_once [line:28] INFO std_val_loss                  1.1360
2026-09-24 22:06:27,423 fedbase.py run [line:316] INFO Eval Time Cost:               1.4765s
2026-09-24 22:06:27,433 asyncbase.py iterate [line:68] INFO Select clients [np.int64(3), np.int64(10), np.int64(5), np.int64(4), np.int64(6)] at time 33.
2026-09-24 22:06:28,948 asyncbase.py iterate [line:73] INFO Receive new models from clients [10] at time 33
2026-09-24 22:06:28,978 fedbase.py run [line:311] INFO --------------Round 33--------------
2026-09-24 22:06:28,978 simple_logger.py log_once [line:14] INFO Current_time:33
2026-09-24 22:06:30,448 simple_logger.py log_once [line:28] INFO test_accuracy                 0.4928
2026-09-24 22:06:30,448 simple_logger.py log_once [line:28] INFO test_loss                     2.2599
2026-09-24 22:06:30,448 simple_logger.py log_once [line:28] INFO val_accuracy                  0.4920
2026-09-24 22:06:30,448 simple_logger.py log_once [line:28] INFO mean_val_accuracy             0.4925
2026-09-24 22:06:30,448 simple_logger.py log_once [line:28] INFO std_val_accuracy              0.4112
2026-09-24 22:06:30,448 simple_logger.py log_once [line:28] INFO val_loss                      2.2349
2026-09-24 22:06:30,448 simple_logger.py log_once [line:28] INFO mean_val_loss                 2.2310
2026-09-24 22:06:30,448 simple_logger.py log_once [line:28] INFO std_val_loss                  1.9964
2026-09-24 22:06:30,449 fedbase.py run [line:316] INFO Eval Time Cost:               1.4706s
2026-09-24 22:06:30,459 asyncbase.py iterate [line:73] INFO Receive new models from clients [3, 5, 8] at time 34
2026-09-24 22:06:30,524 fedbase.py run [line:311] INFO --------------Round 34--------------
2026-09-24 22:06:30,524 simple_logger.py log_once [line:14] INFO Current_time:34
2026-09-24 22:06:31,994 simple_logger.py log_once [line:28] INFO test_accuracy                 0.5294
2026-09-24 22:06:31,994 simple_logger.py log_once [line:28] INFO test_loss                     1.4826
2026-09-24 22:06:31,994 simple_logger.py log_once [line:28] INFO val_accuracy                  0.5276
2026-09-24 22:06:31,994 simple_logger.py log_once [line:28] INFO mean_val_accuracy             0.5280
2026-09-24 22:06:31,994 simple_logger.py log_once [line:28] INFO std_val_accuracy              0.3424
2026-09-24 22:06:31,994 simple_logger.py log_once [line:28] INFO val_loss                      1.4711
2026-09-24 22:06:31,994 simple_logger.py log_once [line:28] INFO mean_val_loss                 1.4704
2026-09-24 22:06:31,994 simple_logger.py log_once [line:28] INFO std_val_loss                  1.0272
2026-09-24 22:06:31,994 fedbase.py run [line:316] INFO Eval Time Cost:               1.4708s
2026-09-24 22:06:32,005 asyncbase.py iterate [line:68] INFO Select clients [np.int64(10), np.int64(15), np.int64(5)] at time 35.
2026-09-24 22:06:32,943 asyncbase.py iterate [line:73] INFO Receive new models from clients [6, 10] at time 35
2026-09-24 22:06:32,996 fedbase.py run [line:311] INFO --------------Round 35--------------
2026-09-24 22:06:32,996 simple_logger.py log_once [line:14] INFO Current_time:35
2026-09-24 22:06:34,460 simple_logger.py log_once [line:28] INFO test_accuracy                 0.3542
2026-09-24 22:06:34,460 simple_logger.py log_once [line:28] INFO test_loss                     2.9385
2026-09-24 22:06:34,460 simple_logger.py log_once [line:28] INFO val_accuracy                  0.3556
2026-09-24 22:06:34,460 simple_logger.py log_once [line:28] INFO mean_val_accuracy             0.3553
2026-09-24 22:06:34,460 simple_logger.py log_once [line:28] INFO std_val_accuracy              0.3975
2026-09-24 22:06:34,460 simple_logger.py log_once [line:28] INFO val_loss                      2.9119
2026-09-24 22:06:34,460 simple_logger.py log_once [line:28] INFO mean_val_loss                 2.9148
2026-09-24 22:06:34,460 simple_logger.py log_once [line:28] INFO std_val_loss                  2.0768
2026-09-24 22:06:34,460 fedbase.py run [line:316] INFO Eval Time Cost:               1.4634s
2026-09-24 22:06:34,469 asyncbase.py iterate [line:68] INFO Select clients [np.int64(8), np.int64(16), np.int64(7)] at time 36.
2026-09-24 22:06:35,379 asyncbase.py iterate [line:73] INFO Receive new models from clients [4, 16] at time 36
2026-09-24 22:06:35,429 fedbase.py run [line:311] INFO --------------Round 36--------------
2026-09-24 22:06:35,429 simple_logger.py log_once [line:14] INFO Current_time:36
2026-09-24 22:06:36,904 simple_logger.py log_once [line:28] INFO test_accuracy                 0.6275
2026-09-24 22:06:36,905 simple_logger.py log_once [line:28] INFO test_loss                     1.1311
2026-09-24 22:06:36,905 simple_logger.py log_once [line:28] INFO val_accuracy                  0.6282
2026-09-24 22:06:36,905 simple_logger.py log_once [line:28] INFO mean_val_accuracy             0.6283
2026-09-24 22:06:36,905 simple_logger.py log_once [line:28] INFO std_val_accuracy              0.3174
2026-09-24 22:06:36,905 simple_logger.py log_once [line:28] INFO val_loss                      1.1321
2026-09-24 22:06:36,905 simple_logger.py log_once [line:28] INFO mean_val_loss                 1.1318
2026-09-24 22:06:36,905 simple_logger.py log_once [line:28] INFO std_val_loss                  0.8047
2026-09-24 22:06:36,905 fedbase.py run [line:316] INFO Eval Time Cost:               1.4754s
2026-09-24 22:06:36,915 asyncbase.py iterate [line:73] INFO Receive new models from clients [7] at time 37
2026-09-24 22:06:36,946 fedbase.py run [line:311] INFO --------------Round 37--------------
2026-09-24 22:06:36,946 simple_logger.py log_once [line:14] INFO Current_time:37
2026-09-24 22:06:38,423 simple_logger.py log_once [line:28] INFO test_accuracy                 0.4052
2026-09-24 22:06:38,423 simple_logger.py log_once [line:28] INFO test_loss                     2.8869
2026-09-24 22:06:38,423 simple_logger.py log_once [line:28] INFO val_accuracy                  0.4071
2026-09-24 22:06:38,423 simple_logger.py log_once [line:28] INFO mean_val_accuracy             0.4079
2026-09-24 22:06:38,423 simple_logger.py log_once [line:28] INFO std_val_accuracy              0.4030
2026-09-24 22:06:38,423 simple_logger.py log_once [line:28] INFO val_loss                      2.8121
2026-09-24 22:06:38,423 simple_logger.py log_once [line:28] INFO mean_val_loss                 2.8098
2026-09-24 22:06:38,423 simple_logger.py log_once [line:28] INFO std_val_loss                  2.4439
2026-09-24 22:06:38,424 fedbase.py run [line:316] INFO Eval Time Cost:               1.4771s
2026-09-24 22:06:38,433 asyncbase.py iterate [line:68] INFO Select clients [np.int64(7)] at time 38.
2026-09-24 22:06:38,741 asyncbase.py iterate [line:73] INFO Receive new models from clients [5, 15] at time 38
2026-09-24 22:06:38,793 fedbase.py run [line:311] INFO --------------Round 38--------------
2026-09-24 22:06:38,793 simple_logger.py log_once [line:14] INFO Current_time:38
2026-09-24 22:06:40,261 simple_logger.py log_once [line:28] INFO test_accuracy                 0.4690
2026-09-24 22:06:40,261 simple_logger.py log_once [line:28] INFO test_loss                     2.5640
2026-09-24 22:06:40,261 simple_logger.py log_once [line:28] INFO val_accuracy                  0.4660
2026-09-24 22:06:40,261 simple_logger.py log_once [line:28] INFO mean_val_accuracy             0.4666
2026-09-24 22:06:40,261 simple_logger.py log_once [line:28] INFO std_val_accuracy              0.4336
2026-09-24 22:06:40,261 simple_logger.py log_once [line:28] INFO val_loss                      2.4891
2026-09-24 22:06:40,261 simple_logger.py log_once [line:28] INFO mean_val_loss                 2.4868
2026-09-24 22:06:40,261 simple_logger.py log_once [line:28] INFO std_val_loss                  2.3363
2026-09-24 22:06:40,261 fedbase.py run [line:316] INFO Eval Time Cost:               1.4683s
2026-09-24 22:06:40,270 asyncbase.py iterate [line:68] INFO Select clients [np.int64(16), np.int64(0), np.int64(15)] at time 39.
2026-09-24 22:06:41,193 asyncbase.py iterate [line:73] INFO Receive new models from clients [8] at time 39
2026-09-24 22:06:41,225 fedbase.py run [line:311] INFO --------------Round 39--------------
2026-09-24 22:06:41,225 simple_logger.py log_once [line:14] INFO Current_time:39
2026-09-24 22:06:42,700 simple_logger.py log_once [line:28] INFO test_accuracy                 0.3300
2026-09-24 22:06:42,700 simple_logger.py log_once [line:28] INFO test_loss                     9.9708
2026-09-24 22:06:42,700 simple_logger.py log_once [line:28] INFO val_accuracy                  0.3326
2026-09-24 22:06:42,700 simple_logger.py log_once [line:28] INFO mean_val_accuracy             0.3333
2026-09-24 22:06:42,700 simple_logger.py log_once [line:28] INFO std_val_accuracy              0.3048
2026-09-24 22:06:42,700 simple_logger.py log_once [line:28] INFO val_loss                      9.8218
2026-09-24 22:06:42,700 simple_logger.py log_once [line:28] INFO mean_val_loss                 9.7959
2026-09-24 22:06:42,700 simple_logger.py log_once [line:28] INFO std_val_loss                  9.3119
2026-09-24 22:06:42,700 fedbase.py run [line:316] INFO Eval Time Cost:               1.4752s
2026-09-24 22:06:42,709 asyncbase.py iterate [line:68] INFO Select clients [np.int64(1)] at time 40.
2026-09-24 22:06:43,019 asyncbase.py iterate [line:73] INFO Receive new models from clients [1] at time 40
2026-09-24 22:06:43,054 fedbase.py run [line:311] INFO --------------Round 40--------------
2026-09-24 22:06:43,054 simple_logger.py log_once [line:14] INFO Current_time:40
2026-09-24 22:06:44,525 simple_logger.py log_once [line:28] INFO test_accuracy                 0.2836
2026-09-24 22:06:44,525 simple_logger.py log_once [line:28] INFO test_loss                     5.3076
2026-09-24 22:06:44,525 simple_logger.py log_once [line:28] INFO val_accuracy                  0.2865
2026-09-24 22:06:44,525 simple_logger.py log_once [line:28] INFO mean_val_accuracy             0.2861
2026-09-24 22:06:44,525 simple_logger.py log_once [line:28] INFO std_val_accuracy              0.3961
2026-09-24 22:06:44,526 simple_logger.py log_once [line:28] INFO val_loss                      5.1929
2026-09-24 22:06:44,526 simple_logger.py log_once [line:28] INFO mean_val_loss                 5.1962
2026-09-24 22:06:44,526 simple_logger.py log_once [line:28] INFO std_val_loss                  3.4684
2026-09-24 22:06:44,526 fedbase.py run [line:316] INFO Eval Time Cost:               1.4718s
2026-09-24 22:06:44,534 asyncbase.py iterate [line:68] INFO Select clients [np.int64(17)] at time 41.
2026-09-24 22:06:44,842 asyncbase.py iterate [line:73] INFO Receive new models from clients [7] at time 41
2026-09-24 22:06:44,876 fedbase.py run [line:311] INFO --------------Round 41--------------
2026-09-24 22:06:44,876 simple_logger.py log_once [line:14] INFO Current_time:41
2026-09-24 22:06:46,350 simple_logger.py log_once [line:28] INFO test_accuracy                 0.4444
2026-09-24 22:06:46,350 simple_logger.py log_once [line:28] INFO test_loss                     2.3583
2026-09-24 22:06:46,350 simple_logger.py log_once [line:28] INFO val_accuracy                  0.4422
2026-09-24 22:06:46,350 simple_logger.py log_once [line:28] INFO mean_val_accuracy             0.4428
2026-09-24 22:06:46,350 simple_logger.py log_once [line:28] INFO std_val_accuracy              0.3938
2026-09-24 22:06:46,350 simple_logger.py log_once [line:28] INFO val_loss                      2.3647
2026-09-24 22:06:46,350 simple_logger.py log_once [line:28] INFO mean_val_loss                 2.3632
2026-09-24 22:06:46,350 simple_logger.py log_once [line:28] INFO std_val_loss                  1.9022
2026-09-24 22:06:46,350 fedbase.py run [line:316] INFO Eval Time Cost:               1.4742s
2026-09-24 22:06:46,359 asyncbase.py iterate [line:68] INFO Select clients [np.int64(5), np.int64(1)] at time 42.
2026-09-24 22:06:46,979 asyncbase.py iterate [line:73] INFO Receive new models from clients [15, 0, 16] at time 42
2026-09-24 22:06:47,038 fedbase.py run [line:311] INFO --------------Round 42--------------
2026-09-24 22:06:47,038 simple_logger.py log_once [line:14] INFO Current_time:42
2026-09-24 22:06:48,523 simple_logger.py log_once [line:28] INFO test_accuracy                 0.3422
2026-09-24 22:06:48,523 simple_logger.py log_once [line:28] INFO test_loss                     3.0582
2026-09-24 22:06:48,523 simple_logger.py log_once [line:28] INFO val_accuracy                  0.3394
2026-09-24 22:06:48,523 simple_logger.py log_once [line:28] INFO mean_val_accuracy             0.3403
2026-09-24 22:06:48,523 simple_logger.py log_once [line:28] INFO std_val_accuracy              0.3632
2026-09-24 22:06:48,523 simple_logger.py log_once [line:28] INFO val_loss                      3.0756
2026-09-24 22:06:48,523 simple_logger.py log_once [line:28] INFO mean_val_loss                 3.0704
2026-09-24 22:06:48,523 simple_logger.py log_once [line:28] INFO std_val_loss                  2.3494
2026-09-24 22:06:48,523 fedbase.py run [line:316] INFO Eval Time Cost:               1.4847s
2026-09-24 22:06:48,532 asyncbase.py iterate [line:68] INFO Select clients [np.int64(6), np.int64(18)] at time 43.
2026-09-24 22:06:49,150 asyncbase.py iterate [line:73] INFO Receive new models from clients [1, 6, 18] at time 43
2026-09-24 22:06:49,212 fedbase.py run [line:311] INFO --------------Round 43--------------
2026-09-24 22:06:49,212 simple_logger.py log_once [line:14] INFO Current_time:43
2026-09-24 22:06:50,680 simple_logger.py log_once [line:28] INFO test_accuracy                 0.5281
2026-09-24 22:06:50,680 simple_logger.py log_once [line:28] INFO test_loss                     1.8021
2026-09-24 22:06:50,680 simple_logger.py log_once [line:28] INFO val_accuracy                  0.5320
2026-09-24 22:06:50,680 simple_logger.py log_once [line:28] INFO mean_val_accuracy             0.5326
2026-09-24 22:06:50,680 simple_logger.py log_once [line:28] INFO std_val_accuracy              0.3767
2026-09-24 22:06:50,680 simple_logger.py log_once [line:28] INFO val_loss                      1.7835
2026-09-24 22:06:50,680 simple_logger.py log_once [line:28] INFO mean_val_loss                 1.7814
2026-09-24 22:06:50,680 simple_logger.py log_once [line:28] INFO std_val_loss                  1.5052
2026-09-24 22:06:50,680 fedbase.py run [line:316] INFO Eval Time Cost:               1.4680s
2026-09-24 22:06:50,689 asyncbase.py iterate [line:68] INFO Select clients [np.int64(3), np.int64(19), np.int64(0)] at time 44.
2026-09-24 22:06:51,611 asyncbase.py iterate [line:73] INFO Receive new models from clients [17, 3] at time 44
2026-09-24 22:06:51,661 fedbase.py run [line:311] INFO --------------Round 44--------------
2026-09-24 22:06:51,662 simple_logger.py log_once [line:14] INFO Current_time:44
2026-09-24 22:06:53,133 simple_logger.py log_once [line:28] INFO test_accuracy                 0.3858
2026-09-24 22:06:53,133 simple_logger.py log_once [line:28] INFO test_loss                     2.8167
2026-09-24 22:06:53,133 simple_logger.py log_once [line:28] INFO val_accuracy                  0.3815
2026-09-24 22:06:53,134 simple_logger.py log_once [line:28] INFO mean_val_accuracy             0.3815
2026-09-24 22:06:53,134 simple_logger.py log_once [line:28] INFO std_val_accuracy              0.4050
2026-09-24 22:06:53,134 simple_logger.py log_once [line:28] INFO val_loss                      2.8490
2026-09-24 22:06:53,134 simple_logger.py log_once [line:28] INFO mean_val_loss                 2.8511
2026-09-24 22:06:53,134 simple_logger.py log_once [line:28] INFO std_val_loss                  2.1048
2026-09-24 22:06:53,134 fedbase.py run [line:316] INFO Eval Time Cost:               1.4722s
2026-09-24 22:06:53,143 asyncbase.py iterate [line:68] INFO Select clients [np.int64(9), np.int64(16)] at time 45.
2026-09-24 22:06:53,752 asyncbase.py iterate [line:73] INFO Receive new models from clients [5] at time 45
2026-09-24 22:06:53,783 fedbase.py run [line:311] INFO --------------Round 45--------------
2026-09-24 22:06:53,783 simple_logger.py log_once [line:14] INFO Current_time:45
2026-09-24 22:06:55,318 simple_logger.py log_once [line:28] INFO test_accuracy                 0.4041
2026-09-24 22:06:55,318 simple_logger.py log_once [line:28] INFO test_loss                     2.5020
2026-09-24 22:06:55,318 simple_logger.py log_once [line:28] INFO val_accuracy                  0.4012
2026-09-24 22:06:55,318 simple_logger.py log_once [line:28] INFO mean_val_accuracy             0.4012
2026-09-24 22:06:55,318 simple_logger.py log_once [line:28] INFO std_val_accuracy              0.4368
2026-09-24 22:06:55,318 simple_logger.py log_once [line:28] INFO val_loss                      2.4643
2026-09-24 22:06:55,318 simple_logger.py log_once [line:28] INFO mean_val_loss                 2.4657
2026-09-24 22:06:55,318 simple_logger.py log_once [line:28] INFO std_val_loss                  1.9827
2026-09-24 22:06:55,318 fedbase.py run [line:316] INFO Eval Time Cost:               1.5350s
2026-09-24 22:06:55,327 asyncbase.py iterate [line:68] INFO Select clients [np.int64(17)] at time 46.
2026-09-24 22:06:55,663 asyncbase.py iterate [line:73] INFO Receive new models from clients [0, 9, 19] at time 46
2026-09-24 22:06:55,724 fedbase.py run [line:311] INFO --------------Round 46--------------
2026-09-24 22:06:55,725 simple_logger.py log_once [line:14] INFO Current_time:46
2026-09-24 22:06:57,257 simple_logger.py log_once [line:28] INFO test_accuracy                 0.2214
2026-09-24 22:06:57,257 simple_logger.py log_once [line:28] INFO test_loss                     6.1399
2026-09-24 22:06:57,257 simple_logger.py log_once [line:28] INFO val_accuracy                  0.2217
2026-09-24 22:06:57,257 simple_logger.py log_once [line:28] INFO mean_val_accuracy             0.2228
2026-09-24 22:06:57,257 simple_logger.py log_once [line:28] INFO std_val_accuracy              0.3398
2026-09-24 22:06:57,257 simple_logger.py log_once [line:28] INFO val_loss                      6.0876
2026-09-24 22:06:57,257 simple_logger.py log_once [line:28] INFO mean_val_loss                 6.0796
2026-09-24 22:06:57,257 simple_logger.py log_once [line:28] INFO std_val_loss                  3.3985
2026-09-24 22:06:57,257 fedbase.py run [line:316] INFO Eval Time Cost:               1.5323s
2026-09-24 22:06:57,266 asyncbase.py iterate [line:68] INFO Select clients [np.int64(13), np.int64(18), np.int64(12)] at time 47.
2026-09-24 22:06:58,198 asyncbase.py iterate [line:73] INFO Receive new models from clients [17] at time 47
2026-09-24 22:06:58,229 fedbase.py run [line:311] INFO --------------Round 47--------------
2026-09-24 22:06:58,229 simple_logger.py log_once [line:14] INFO Current_time:47
2026-09-24 22:06:59,695 simple_logger.py log_once [line:28] INFO test_accuracy                 0.3670
2026-09-24 22:06:59,696 simple_logger.py log_once [line:28] INFO test_loss                     4.2757
2026-09-24 22:06:59,696 simple_logger.py log_once [line:28] INFO val_accuracy                  0.3742
2026-09-24 22:06:59,696 simple_logger.py log_once [line:28] INFO mean_val_accuracy             0.3753
2026-09-24 22:06:59,696 simple_logger.py log_once [line:28] INFO std_val_accuracy              0.4245
2026-09-24 22:06:59,696 simple_logger.py log_once [line:28] INFO val_loss                      4.1893
2026-09-24 22:06:59,696 simple_logger.py log_once [line:28] INFO mean_val_loss                 4.1780
2026-09-24 22:06:59,696 simple_logger.py log_once [line:28] INFO std_val_loss                  3.5715
2026-09-24 22:06:59,696 fedbase.py run [line:316] INFO Eval Time Cost:               1.4666s
2026-09-24 22:06:59,705 asyncbase.py iterate [line:68] INFO Select clients [np.int64(15)] at time 48.
2026-09-24 22:07:00,021 asyncbase.py iterate [line:73] INFO Receive new models from clients [16] at time 48
2026-09-24 22:07:00,056 fedbase.py run [line:311] INFO --------------Round 48--------------
2026-09-24 22:07:00,056 simple_logger.py log_once [line:14] INFO Current_time:48
2026-09-24 22:07:01,522 simple_logger.py log_once [line:28] INFO test_accuracy                 0.3539
2026-09-24 22:07:01,522 simple_logger.py log_once [line:28] INFO test_loss                     2.3385
2026-09-24 22:07:01,522 simple_logger.py log_once [line:28] INFO val_accuracy                  0.3563
2026-09-24 22:07:01,522 simple_logger.py log_once [line:28] INFO mean_val_accuracy             0.3574
2026-09-24 22:07:01,522 simple_logger.py log_once [line:28] INFO std_val_accuracy              0.3575
2026-09-24 22:07:01,522 simple_logger.py log_once [line:28] INFO val_loss                      2.3259
2026-09-24 22:07:01,522 simple_logger.py log_once [line:28] INFO mean_val_loss                 2.3216
2026-09-24 22:07:01,522 simple_logger.py log_once [line:28] INFO std_val_loss                  1.4052
2026-09-24 22:07:01,522 fedbase.py run [line:316] INFO Eval Time Cost:               1.4661s
2026-09-24 22:07:01,532 asyncbase.py iterate [line:68] INFO Select clients [np.int64(9), np.int64(14)] at time 49.
2026-09-24 22:07:02,150 asyncbase.py iterate [line:73] INFO Receive new models from clients [12, 15, 18] at time 49
2026-09-24 22:07:02,211 fedbase.py run [line:311] INFO --------------Round 49--------------
2026-09-24 22:07:02,211 simple_logger.py log_once [line:14] INFO Current_time:49
2026-09-24 22:07:03,693 simple_logger.py log_once [line:28] INFO test_accuracy                 0.5541
2026-09-24 22:07:03,693 simple_logger.py log_once [line:28] INFO test_loss                     1.3674
2026-09-24 22:07:03,693 simple_logger.py log_once [line:28] INFO val_accuracy                  0.5434
2026-09-24 22:07:03,693 simple_logger.py log_once [line:28] INFO mean_val_accuracy             0.5439
2026-09-24 22:07:03,693 simple_logger.py log_once [line:28] INFO std_val_accuracy              0.3969
2026-09-24 22:07:03,693 simple_logger.py log_once [line:28] INFO val_loss                      1.3823
2026-09-24 22:07:03,693 simple_logger.py log_once [line:28] INFO mean_val_loss                 1.3815
2026-09-24 22:07:03,693 simple_logger.py log_once [line:28] INFO std_val_loss                  0.9688
2026-09-24 22:07:03,693 fedbase.py run [line:316] INFO Eval Time Cost:               1.4818s
2026-09-24 22:07:03,703 asyncbase.py iterate [line:68] INFO Select clients [np.int64(0), np.int64(7), np.int64(12)] at time 50.
2026-09-24 22:07:04,614 asyncbase.py iterate [line:73] INFO Receive new models from clients [13] at time 50
2026-09-24 22:07:04,645 fedbase.py run [line:311] INFO --------------Round 50--------------
2026-09-24 22:07:04,645 simple_logger.py log_once [line:14] INFO Current_time:50
2026-09-24 22:07:06,107 simple_logger.py log_once [line:28] INFO test_accuracy                 0.3070
2026-09-24 22:07:06,107 simple_logger.py log_once [line:28] INFO test_loss                     9.7635
2026-09-24 22:07:06,107 simple_logger.py log_once [line:28] INFO val_accuracy                  0.3104
2026-09-24 22:07:06,107 simple_logger.py log_once [line:28] INFO mean_val_accuracy             0.3114
2026-09-24 22:07:06,107 simple_logger.py log_once [line:28] INFO std_val_accuracy              0.3548
2026-09-24 22:07:06,107 simple_logger.py log_once [line:28] INFO val_loss                      9.7220
2026-09-24 22:07:06,107 simple_logger.py log_once [line:28] INFO mean_val_loss                 9.7017
2026-09-24 22:07:06,107 simple_logger.py log_once [line:28] INFO std_val_loss                  7.3931
2026-09-24 22:07:06,107 fedbase.py run [line:316] INFO Eval Time Cost:               1.4623s
2026-09-24 22:07:06,117 asyncbase.py iterate [line:68] INFO Select clients [np.int64(5)] at time 51.
2026-09-24 22:07:06,433 asyncbase.py iterate [line:73] INFO Receive new models from clients [12, 0, 14] at time 51
2026-09-24 22:07:06,496 fedbase.py run [line:311] INFO --------------Round 51--------------
2026-09-24 22:07:06,496 simple_logger.py log_once [line:14] INFO Current_time:51
2026-09-24 22:07:07,958 simple_logger.py log_once [line:28] INFO test_accuracy                 0.3532
2026-09-24 22:07:07,958 simple_logger.py log_once [line:28] INFO test_loss                     5.8202
2026-09-24 22:07:07,958 simple_logger.py log_once [line:28] INFO val_accuracy                  0.3547
2026-09-24 22:07:07,958 simple_logger.py log_once [line:28] INFO mean_val_accuracy             0.3556
2026-09-24 22:07:07,958 simple_logger.py log_once [line:28] INFO std_val_accuracy              0.3495
2026-09-24 22:07:07,958 simple_logger.py log_once [line:28] INFO val_loss                      5.8127
2026-09-24 22:07:07,958 simple_logger.py log_once [line:28] INFO mean_val_loss                 5.7955
2026-09-24 22:07:07,958 simple_logger.py log_once [line:28] INFO std_val_loss                  4.8466
2026-09-24 22:07:07,958 fedbase.py run [line:316] INFO Eval Time Cost:               1.4621s
2026-09-24 22:07:07,968 asyncbase.py iterate [line:68] INFO Select clients [np.int64(18), np.int64(10)] at time 52.
2026-09-24 22:07:08,600 asyncbase.py iterate [line:73] INFO Receive new models from clients [9, 18] at time 52
2026-09-24 22:07:08,652 fedbase.py run [line:311] INFO --------------Round 52--------------
2026-09-24 22:07:08,652 simple_logger.py log_once [line:14] INFO Current_time:52
2026-09-24 22:07:10,115 simple_logger.py log_once [line:28] INFO test_accuracy                 0.3204
2026-09-24 22:07:10,115 simple_logger.py log_once [line:28] INFO test_loss                     7.0206
2026-09-24 22:07:10,115 simple_logger.py log_once [line:28] INFO val_accuracy                  0.3139
2026-09-24 22:07:10,115 simple_logger.py log_once [line:28] INFO mean_val_accuracy             0.3151
2026-09-24 22:07:10,115 simple_logger.py log_once [line:28] INFO std_val_accuracy              0.3504
2026-09-24 22:07:10,115 simple_logger.py log_once [line:28] INFO val_loss                      6.9573
2026-09-24 22:07:10,115 simple_logger.py log_once [line:28] INFO mean_val_loss                 6.9429
2026-09-24 22:07:10,115 simple_logger.py log_once [line:28] INFO std_val_loss                  4.9038
2026-09-24 22:07:10,115 fedbase.py run [line:316] INFO Eval Time Cost:               1.4628s
2026-09-24 22:07:10,124 asyncbase.py iterate [line:68] INFO Select clients [np.int64(19), np.int64(12)] at time 53.
2026-09-24 22:07:10,748 asyncbase.py iterate [line:73] INFO Receive new models from clients [7, 5, 12, 10] at time 53
2026-09-24 22:07:10,823 fedbase.py run [line:311] INFO --------------Round 53--------------
2026-09-24 22:07:10,823 simple_logger.py log_once [line:14] INFO Current_time:53
2026-09-24 22:07:12,308 simple_logger.py log_once [line:28] INFO test_accuracy                 0.3944
2026-09-24 22:07:12,308 simple_logger.py log_once [line:28] INFO test_loss                     1.7604
2026-09-24 22:07:12,308 simple_logger.py log_once [line:28] INFO val_accuracy                  0.3924
2026-09-24 22:07:12,308 simple_logger.py log_once [line:28] INFO mean_val_accuracy             0.3924
2026-09-24 22:07:12,308 simple_logger.py log_once [line:28] INFO std_val_accuracy              0.3789
2026-09-24 22:07:12,308 simple_logger.py log_once [line:28] INFO val_loss                      1.7761
2026-09-24 22:07:12,308 simple_logger.py log_once [line:28] INFO mean_val_loss                 1.7758
2026-09-24 22:07:12,308 simple_logger.py log_once [line:28] INFO std_val_loss                  0.9370
2026-09-24 22:07:12,308 fedbase.py run [line:316] INFO Eval Time Cost:               1.4851s
2026-09-24 22:07:12,318 asyncbase.py iterate [line:68] INFO Select clients [np.int64(0), np.int64(5), np.int64(13), np.int64(4), np.int64(1)] at time 54.
2026-09-24 22:07:13,939 asyncbase.py iterate [line:73] INFO Receive new models from clients [13, 1] at time 54
2026-09-24 22:07:13,992 fedbase.py run [line:311] INFO --------------Round 54--------------
2026-09-24 22:07:13,993 simple_logger.py log_once [line:14] INFO Current_time:54
2026-09-24 22:07:15,462 simple_logger.py log_once [line:28] INFO test_accuracy                 0.4545
2026-09-24 22:07:15,462 simple_logger.py log_once [line:28] INFO test_loss                     1.7104
2026-09-24 22:07:15,462 simple_logger.py log_once [line:28] INFO val_accuracy                  0.4495
2026-09-24 22:07:15,462 simple_logger.py log_once [line:28] INFO mean_val_accuracy             0.4497
2026-09-24 22:07:15,462 simple_logger.py log_once [line:28] INFO std_val_accuracy              0.4068
2026-09-24 22:07:15,462 simple_logger.py log_once [line:28] INFO val_loss                      1.7113
2026-09-24 22:07:15,462 simple_logger.py log_once [line:28] INFO mean_val_loss                 1.7096
2026-09-24 22:07:15,462 simple_logger.py log_once [line:28] INFO std_val_loss                  1.3047
2026-09-24 22:07:15,462 fedbase.py run [line:316] INFO Eval Time Cost:               1.4698s
2026-09-24 22:07:15,471 asyncbase.py iterate [line:68] INFO Select clients [np.int64(7), np.int64(6)] at time 55.
2026-09-24 22:07:16,080 asyncbase.py iterate [line:73] INFO Receive new models from clients [6] at time 55
2026-09-24 22:07:16,113 fedbase.py run [line:311] INFO --------------Round 55--------------
2026-09-24 22:07:16,113 simple_logger.py log_once [line:14] INFO Current_time:55
2026-09-24 22:07:17,581 simple_logger.py log_once [line:28] INFO test_accuracy                 0.5334
2026-09-24 22:07:17,581 simple_logger.py log_once [line:28] INFO test_loss                     2.4084
2026-09-24 22:07:17,581 simple_logger.py log_once [line:28] INFO val_accuracy                  0.5297
2026-09-24 22:07:17,581 simple_logger.py log_once [line:28] INFO mean_val_accuracy             0.5303
2026-09-24 22:07:17,581 simple_logger.py log_once [line:28] INFO std_val_accuracy              0.3937
2026-09-24 22:07:17,581 simple_logger.py log_once [line:28] INFO val_loss                      2.3775
2026-09-24 22:07:17,581 simple_logger.py log_once [line:28] INFO mean_val_loss                 2.3712
2026-09-24 22:07:17,581 simple_logger.py log_once [line:28] INFO std_val_loss                  2.3732
2026-09-24 22:07:17,582 fedbase.py run [line:316] INFO Eval Time Cost:               1.4686s
2026-09-24 22:07:17,590 asyncbase.py iterate [line:73] INFO Receive new models from clients [19] at time 56
2026-09-24 22:07:17,624 fedbase.py run [line:311] INFO --------------Round 56--------------
2026-09-24 22:07:17,624 simple_logger.py log_once [line:14] INFO Current_time:56
2026-09-24 22:07:19,081 simple_logger.py log_once [line:28] INFO test_accuracy                 0.4677
2026-09-24 22:07:19,081 simple_logger.py log_once [line:28] INFO test_loss                     2.9889
2026-09-24 22:07:19,081 simple_logger.py log_once [line:28] INFO val_accuracy                  0.4676
2026-09-24 22:07:19,081 simple_logger.py log_once [line:28] INFO mean_val_accuracy             0.4682
2026-09-24 22:07:19,081 simple_logger.py log_once [line:28] INFO std_val_accuracy              0.3692
2026-09-24 22:07:19,081 simple_logger.py log_once [line:28] INFO val_loss                      2.9231
2026-09-24 22:07:19,081 simple_logger.py log_once [line:28] INFO mean_val_loss                 2.9163
2026-09-24 22:07:19,081 simple_logger.py log_once [line:28] INFO std_val_loss                  2.7521
2026-09-24 22:07:19,081 fedbase.py run [line:316] INFO Eval Time Cost:               1.4573s
2026-09-24 22:07:19,089 asyncbase.py iterate [line:68] INFO Select clients [np.int64(16), np.int64(18)] at time 57.
2026-09-24 22:07:19,710 asyncbase.py iterate [line:73] INFO Receive new models from clients [0, 5, 4] at time 57
2026-09-24 22:07:19,773 fedbase.py run [line:311] INFO --------------Round 57--------------
2026-09-24 22:07:19,773 simple_logger.py log_once [line:14] INFO Current_time:57
2026-09-24 22:07:21,247 simple_logger.py log_once [line:28] INFO test_accuracy                 0.5915
2026-09-24 22:07:21,247 simple_logger.py log_once [line:28] INFO test_loss                     2.4501
2026-09-24 22:07:21,247 simple_logger.py log_once [line:28] INFO val_accuracy                  0.5966
2026-09-24 22:07:21,248 simple_logger.py log_once [line:28] INFO mean_val_accuracy             0.5977
2026-09-24 22:07:21,248 simple_logger.py log_once [line:28] INFO std_val_accuracy              0.3709
2026-09-24 22:07:21,248 simple_logger.py log_once [line:28] INFO val_loss                      2.3731
2026-09-24 22:07:21,248 simple_logger.py log_once [line:28] INFO mean_val_loss                 2.3636
2026-09-24 22:07:21,248 simple_logger.py log_once [line:28] INFO std_val_loss                  2.6550
2026-09-24 22:07:21,248 fedbase.py run [line:316] INFO Eval Time Cost:               1.4745s
2026-09-24 22:07:21,256 asyncbase.py iterate [line:68] INFO Select clients [np.int64(9), np.int64(10)] at time 58.
2026-09-24 22:07:21,900 asyncbase.py iterate [line:73] INFO Receive new models from clients [7] at time 58
2026-09-24 22:07:21,932 fedbase.py run [line:311] INFO --------------Round 58--------------
2026-09-24 22:07:21,932 simple_logger.py log_once [line:14] INFO Current_time:58
2026-09-24 22:07:23,398 simple_logger.py log_once [line:28] INFO test_accuracy                 0.5535
2026-09-24 22:07:23,398 simple_logger.py log_once [line:28] INFO test_loss                     2.5638
2026-09-24 22:07:23,398 simple_logger.py log_once [line:28] INFO val_accuracy                  0.5564
2026-09-24 22:07:23,398 simple_logger.py log_once [line:28] INFO mean_val_accuracy             0.5573
2026-09-24 22:07:23,398 simple_logger.py log_once [line:28] INFO std_val_accuracy              0.3103
2026-09-24 22:07:23,398 simple_logger.py log_once [line:28] INFO val_loss                      2.5303
2026-09-24 22:07:23,398 simple_logger.py log_once [line:28] INFO mean_val_loss                 2.5256
2026-09-24 22:07:23,398 simple_logger.py log_once [line:28] INFO std_val_loss                  2.6919
2026-09-24 22:07:23,399 fedbase.py run [line:316] INFO Eval Time Cost:               1.4662s
2026-09-24 22:07:23,408 asyncbase.py iterate [line:68] INFO Select clients [np.int64(1), np.int64(19)] at time 59.
2026-09-24 22:07:24,041 asyncbase.py iterate [line:73] INFO Receive new models from clients [9, 18] at time 59
2026-09-24 22:07:24,091 fedbase.py run [line:311] INFO --------------Round 59--------------
2026-09-24 22:07:24,091 simple_logger.py log_once [line:14] INFO Current_time:59
2026-09-24 22:07:25,568 simple_logger.py log_once [line:28] INFO test_accuracy                 0.5780
2026-09-24 22:07:25,568 simple_logger.py log_once [line:28] INFO test_loss                     3.3021
2026-09-24 22:07:25,568 simple_logger.py log_once [line:28] INFO val_accuracy                  0.5856
2026-09-24 22:07:25,568 simple_logger.py log_once [line:28] INFO mean_val_accuracy             0.5866
2026-09-24 22:07:25,569 simple_logger.py log_once [line:28] INFO std_val_accuracy              0.3989
2026-09-24 22:07:25,569 simple_logger.py log_once [line:28] INFO val_loss                      3.2318
2026-09-24 22:07:25,569 simple_logger.py log_once [line:28] INFO mean_val_loss                 3.2217
2026-09-24 22:07:25,569 simple_logger.py log_once [line:28] INFO std_val_loss                  3.9521
2026-09-24 22:07:25,569 fedbase.py run [line:316] INFO Eval Time Cost:               1.4777s
2026-09-24 22:07:25,578 asyncbase.py iterate [line:73] INFO Receive new models from clients [16, 10] at time 60
2026-09-24 22:07:25,628 fedbase.py run [line:311] INFO --------------Round 60--------------
2026-09-24 22:07:25,628 simple_logger.py log_once [line:14] INFO Current_time:60
2026-09-24 22:07:27,098 simple_logger.py log_once [line:28] INFO test_accuracy                 0.2606
2026-09-24 22:07:27,098 simple_logger.py log_once [line:28] INFO test_loss                     7.0381
2026-09-24 22:07:27,098 simple_logger.py log_once [line:28] INFO val_accuracy                  0.2604
2026-09-24 22:07:27,098 simple_logger.py log_once [line:28] INFO mean_val_accuracy             0.2607
2026-09-24 22:07:27,098 simple_logger.py log_once [line:28] INFO std_val_accuracy              0.3171
2026-09-24 22:07:27,098 simple_logger.py log_once [line:28] INFO val_loss                      6.9744
2026-09-24 22:07:27,098 simple_logger.py log_once [line:28] INFO mean_val_loss                 6.9710
2026-09-24 22:07:27,098 simple_logger.py log_once [line:28] INFO std_val_loss                  4.8517
2026-09-24 22:07:27,098 fedbase.py run [line:316] INFO Eval Time Cost:               1.4700s
2026-09-24 22:07:27,107 asyncbase.py iterate [line:68] INFO Select clients [np.int64(7), np.int64(0), np.int64(8), np.int64(3)] at time 61.
2026-09-24 22:07:28,350 asyncbase.py iterate [line:73] INFO Receive new models from clients [8] at time 61
2026-09-24 22:07:28,385 fedbase.py run [line:311] INFO --------------Round 61--------------
2026-09-24 22:07:28,385 simple_logger.py log_once [line:14] INFO Current_time:61
2026-09-24 22:07:29,867 simple_logger.py log_once [line:28] INFO test_accuracy                 0.3208
2026-09-24 22:07:29,867 simple_logger.py log_once [line:28] INFO test_loss                     9.1294
2026-09-24 22:07:29,867 simple_logger.py log_once [line:28] INFO val_accuracy                  0.3224
2026-09-24 22:07:29,867 simple_logger.py log_once [line:28] INFO mean_val_accuracy             0.3228
2026-09-24 22:07:29,868 simple_logger.py log_once [line:28] INFO std_val_accuracy              0.3819
2026-09-24 22:07:29,868 simple_logger.py log_once [line:28] INFO val_loss                      9.0235
2026-09-24 22:07:29,868 simple_logger.py log_once [line:28] INFO mean_val_loss                 9.0179
2026-09-24 22:07:29,868 simple_logger.py log_once [line:28] INFO std_val_loss                  6.2785
2026-09-24 22:07:29,868 fedbase.py run [line:316] INFO Eval Time Cost:               1.4830s
2026-09-24 22:07:29,876 asyncbase.py iterate [line:68] INFO Select clients [np.int64(14)] at time 62.
2026-09-24 22:07:30,217 asyncbase.py iterate [line:73] INFO Receive new models from clients [1, 0, 7, 19] at time 62
2026-09-24 22:07:30,291 fedbase.py run [line:311] INFO --------------Round 62--------------
2026-09-24 22:07:30,291 simple_logger.py log_once [line:14] INFO Current_time:62
2026-09-24 22:07:31,770 simple_logger.py log_once [line:28] INFO test_accuracy                 0.4615
2026-09-24 22:07:31,770 simple_logger.py log_once [line:28] INFO test_loss                     2.9239
2026-09-24 22:07:31,770 simple_logger.py log_once [line:28] INFO val_accuracy                  0.4652
2026-09-24 22:07:31,770 simple_logger.py log_once [line:28] INFO mean_val_accuracy             0.4656
2026-09-24 22:07:31,770 simple_logger.py log_once [line:28] INFO std_val_accuracy              0.4242
2026-09-24 22:07:31,770 simple_logger.py log_once [line:28] INFO val_loss                      2.8800
2026-09-24 22:07:31,770 simple_logger.py log_once [line:28] INFO mean_val_loss                 2.8773
2026-09-24 22:07:31,770 simple_logger.py log_once [line:28] INFO std_val_loss                  2.7743
2026-09-24 22:07:31,770 fedbase.py run [line:316] INFO Eval Time Cost:               1.4794s
2026-09-24 22:07:31,780 asyncbase.py iterate [line:68] INFO Select clients [np.int64(17), np.int64(9), np.int64(8), np.int64(15)] at time 63.
2026-09-24 22:07:33,018 asyncbase.py iterate [line:73] INFO Receive new models from clients [14] at time 63
2026-09-24 22:07:33,048 fedbase.py run [line:311] INFO --------------Round 63--------------
2026-09-24 22:07:33,048 simple_logger.py log_once [line:14] INFO Current_time:63
2026-09-24 22:07:34,527 simple_logger.py log_once [line:28] INFO test_accuracy                 0.1058
2026-09-24 22:07:34,527 simple_logger.py log_once [line:28] INFO test_loss                     22.7870
2026-09-24 22:07:34,527 simple_logger.py log_once [line:28] INFO val_accuracy                  0.1051
2026-09-24 22:07:34,527 simple_logger.py log_once [line:28] INFO mean_val_accuracy             0.1048
2026-09-24 22:07:34,527 simple_logger.py log_once [line:28] INFO std_val_accuracy              0.2719
2026-09-24 22:07:34,527 simple_logger.py log_once [line:28] INFO val_loss                      22.6272
2026-09-24 22:07:34,527 simple_logger.py log_once [line:28] INFO mean_val_loss                 22.6230
2026-09-24 22:07:34,527 simple_logger.py log_once [line:28] INFO std_val_loss                  8.7339
2026-09-24 22:07:34,528 fedbase.py run [line:316] INFO Eval Time Cost:               1.4792s
2026-09-24 22:07:34,537 asyncbase.py iterate [line:68] INFO Select clients [np.int64(1)] at time 64.
2026-09-24 22:07:34,844 asyncbase.py iterate [line:73] INFO Receive new models from clients [15, 1, 3, 17] at time 64
2026-09-24 22:07:34,915 fedbase.py run [line:311] INFO --------------Round 64--------------
2026-09-24 22:07:34,915 simple_logger.py log_once [line:14] INFO Current_time:64
2026-09-24 22:07:36,380 simple_logger.py log_once [line:28] INFO test_accuracy                 0.3156
2026-09-24 22:07:36,380 simple_logger.py log_once [line:28] INFO test_loss                     4.1795
2026-09-24 22:07:36,380 simple_logger.py log_once [line:28] INFO val_accuracy                  0.3136
2026-09-24 22:07:36,380 simple_logger.py log_once [line:28] INFO mean_val_accuracy             0.3141
2026-09-24 22:07:36,380 simple_logger.py log_once [line:28] INFO std_val_accuracy              0.3607
2026-09-24 22:07:36,380 simple_logger.py log_once [line:28] INFO val_loss                      4.1367
2026-09-24 22:07:36,380 simple_logger.py log_once [line:28] INFO mean_val_loss                 4.1294
2026-09-24 22:07:36,380 simple_logger.py log_once [line:28] INFO std_val_loss                  2.7002
2026-09-24 22:07:36,380 fedbase.py run [line:316] INFO Eval Time Cost:               1.4653s
2026-09-24 22:07:36,389 asyncbase.py iterate [line:68] INFO Select clients [np.int64(4), np.int64(14), np.int64(1)] at time 65.
2026-09-24 22:07:37,322 asyncbase.py iterate [line:68] INFO Select clients [np.int64(16)] at time 66.
2026-09-24 22:07:37,636 asyncbase.py iterate [line:73] INFO Receive new models from clients [4, 9, 8, 14] at time 66
2026-09-24 22:07:37,709 fedbase.py run [line:311] INFO --------------Round 65--------------
2026-09-24 22:07:37,709 simple_logger.py log_once [line:14] INFO Current_time:66
2026-09-24 22:07:39,193 simple_logger.py log_once [line:28] INFO test_accuracy                 0.5517
2026-09-24 22:07:39,193 simple_logger.py log_once [line:28] INFO test_loss                     1.4007
2026-09-24 22:07:39,193 simple_logger.py log_once [line:28] INFO val_accuracy                  0.5482
2026-09-24 22:07:39,193 simple_logger.py log_once [line:28] INFO mean_val_accuracy             0.5492
2026-09-24 22:07:39,193 simple_logger.py log_once [line:28] INFO std_val_accuracy              0.3693
2026-09-24 22:07:39,193 simple_logger.py log_once [line:28] INFO val_loss                      1.4315
2026-09-24 22:07:39,193 simple_logger.py log_once [line:28] INFO mean_val_loss                 1.4287
2026-09-24 22:07:39,194 simple_logger.py log_once [line:28] INFO std_val_loss                  0.9074
2026-09-24 22:07:39,194 fedbase.py run [line:316] INFO Eval Time Cost:               1.4849s
2026-09-24 22:07:39,202 asyncbase.py iterate [line:68] INFO Select clients [np.int64(8), np.int64(3), np.int64(12), np.int64(6)] at time 67.
2026-09-24 22:07:40,442 asyncbase.py iterate [line:73] INFO Receive new models from clients [1, 6, 12] at time 67
2026-09-24 22:07:40,505 fedbase.py run [line:311] INFO --------------Round 66--------------
2026-09-24 22:07:40,505 simple_logger.py log_once [line:14] INFO Current_time:67
2026-09-24 22:07:41,990 simple_logger.py log_once [line:28] INFO test_accuracy                 0.4854
2026-09-24 22:07:41,990 simple_logger.py log_once [line:28] INFO test_loss                     1.6077
2026-09-24 22:07:41,990 simple_logger.py log_once [line:28] INFO val_accuracy                  0.4834
2026-09-24 22:07:41,990 simple_logger.py log_once [line:28] INFO mean_val_accuracy             0.4848
2026-09-24 22:07:41,990 simple_logger.py log_once [line:28] INFO std_val_accuracy              0.3756
2026-09-24 22:07:41,990 simple_logger.py log_once [line:28] INFO val_loss                      1.6392
2026-09-24 22:07:41,990 simple_logger.py log_once [line:28] INFO mean_val_loss                 1.6355
2026-09-24 22:07:41,990 simple_logger.py log_once [line:28] INFO std_val_loss                  1.2313
2026-09-24 22:07:41,990 fedbase.py run [line:316] INFO Eval Time Cost:               1.4848s
2026-09-24 22:07:41,999 asyncbase.py iterate [line:68] INFO Select clients [np.int64(12), np.int64(1)] at time 68.
2026-09-24 22:07:42,617 asyncbase.py iterate [line:73] INFO Receive new models from clients [16, 12] at time 68
2026-09-24 22:07:42,671 fedbase.py run [line:311] INFO --------------Round 67--------------
2026-09-24 22:07:42,671 simple_logger.py log_once [line:14] INFO Current_time:68
2026-09-24 22:07:44,159 simple_logger.py log_once [line:28] INFO test_accuracy                 0.5482
2026-09-24 22:07:44,159 simple_logger.py log_once [line:28] INFO test_loss                     1.5721
2026-09-24 22:07:44,159 simple_logger.py log_once [line:28] INFO val_accuracy                  0.5434
2026-09-24 22:07:44,159 simple_logger.py log_once [line:28] INFO mean_val_accuracy             0.5441
2026-09-24 22:07:44,159 simple_logger.py log_once [line:28] INFO std_val_accuracy              0.3651
2026-09-24 22:07:44,159 simple_logger.py log_once [line:28] INFO val_loss                      1.6074
2026-09-24 22:07:44,159 simple_logger.py log_once [line:28] INFO mean_val_loss                 1.6050
2026-09-24 22:07:44,159 simple_logger.py log_once [line:28] INFO std_val_loss                  1.3260
2026-09-24 22:07:44,159 fedbase.py run [line:316] INFO Eval Time Cost:               1.4883s
2026-09-24 22:07:44,169 asyncbase.py iterate [line:68] INFO Select clients [np.int64(14), np.int64(9), np.int64(10)] at time 69.
2026-09-24 22:07:45,097 asyncbase.py iterate [line:73] INFO Receive new models from clients [8, 3, 1] at time 69
2026-09-24 22:07:45,160 fedbase.py run [line:311] INFO --------------Round 68--------------
2026-09-24 22:07:45,160 simple_logger.py log_once [line:14] INFO Current_time:69
2026-09-24 22:07:46,677 simple_logger.py log_once [line:28] INFO test_accuracy                 0.5794
2026-09-24 22:07:46,677 simple_logger.py log_once [line:28] INFO test_loss                     1.4965
2026-09-24 22:07:46,677 simple_logger.py log_once [line:28] INFO val_accuracy                  0.5686
2026-09-24 22:07:46,677 simple_logger.py log_once [line:28] INFO mean_val_accuracy             0.5690
2026-09-24 22:07:46,677 simple_logger.py log_once [line:28] INFO std_val_accuracy              0.3690
2026-09-24 22:07:46,677 simple_logger.py log_once [line:28] INFO val_loss                      1.5349
2026-09-24 22:07:46,677 simple_logger.py log_once [line:28] INFO mean_val_loss                 1.5343
2026-09-24 22:07:46,677 simple_logger.py log_once [line:28] INFO std_val_loss                  1.3223
2026-09-24 22:07:46,677 fedbase.py run [line:316] INFO Eval Time Cost:               1.5176s
2026-09-24 22:07:46,687 asyncbase.py iterate [line:68] INFO Select clients [np.int64(3), np.int64(5), np.int64(17)] at time 70.
2026-09-24 22:07:47,622 asyncbase.py iterate [line:73] INFO Receive new models from clients [14, 10, 17, 5, 3] at time 70
2026-09-24 22:07:47,703 fedbase.py run [line:311] INFO --------------Round 69--------------
2026-09-24 22:07:47,703 simple_logger.py log_once [line:14] INFO Current_time:70
2026-09-24 22:07:49,181 simple_logger.py log_once [line:28] INFO test_accuracy                 0.5441
2026-09-24 22:07:49,181 simple_logger.py log_once [line:28] INFO test_loss                     2.1915
2026-09-24 22:07:49,181 simple_logger.py log_once [line:28] INFO val_accuracy                  0.5359
2026-09-24 22:07:49,181 simple_logger.py log_once [line:28] INFO mean_val_accuracy             0.5361
2026-09-24 22:07:49,181 simple_logger.py log_once [line:28] INFO std_val_accuracy              0.3319
2026-09-24 22:07:49,181 simple_logger.py log_once [line:28] INFO val_loss                      2.2387
2026-09-24 22:07:49,181 simple_logger.py log_once [line:28] INFO mean_val_loss                 2.2389
2026-09-24 22:07:49,181 simple_logger.py log_once [line:28] INFO std_val_loss                  1.7026
2026-09-24 22:07:49,182 fedbase.py run [line:316] INFO Eval Time Cost:               1.4786s
2026-09-24 22:07:49,192 asyncbase.py iterate [line:68] INFO Select clients [np.int64(6), np.int64(1), np.int64(7), np.int64(12), np.int64(14)] at time 71.
2026-09-24 22:07:50,743 asyncbase.py iterate [line:73] INFO Receive new models from clients [9, 1, 14] at time 71
2026-09-24 22:07:50,808 fedbase.py run [line:311] INFO --------------Round 70--------------
2026-09-24 22:07:50,808 simple_logger.py log_once [line:14] INFO Current_time:71
2026-09-24 22:07:52,289 simple_logger.py log_once [line:28] INFO test_accuracy                 0.3320
2026-09-24 22:07:52,289 simple_logger.py log_once [line:28] INFO test_loss                     14.8378
2026-09-24 22:07:52,289 simple_logger.py log_once [line:28] INFO val_accuracy                  0.3361
2026-09-24 22:07:52,289 simple_logger.py log_once [line:28] INFO mean_val_accuracy             0.3362
2026-09-24 22:07:52,289 simple_logger.py log_once [line:28] INFO std_val_accuracy              0.3867
2026-09-24 22:07:52,290 simple_logger.py log_once [line:28] INFO val_loss                      14.5168
2026-09-24 22:07:52,290 simple_logger.py log_once [line:28] INFO mean_val_loss                 14.5124
2026-09-24 22:07:52,290 simple_logger.py log_once [line:28] INFO std_val_loss                  11.6397
2026-09-24 22:07:52,290 fedbase.py run [line:316] INFO Eval Time Cost:               1.4814s
2026-09-24 22:07:52,300 asyncbase.py iterate [line:68] INFO Select clients [np.int64(18), np.int64(10), np.int64(8)] at time 72.
2026-09-24 22:07:53,224 asyncbase.py iterate [line:73] INFO Receive new models from clients [7] at time 72
2026-09-24 22:07:53,258 fedbase.py run [line:311] INFO --------------Round 71--------------
2026-09-24 22:07:53,258 simple_logger.py log_once [line:14] INFO Current_time:72
2026-09-24 22:07:54,734 simple_logger.py log_once [line:28] INFO test_accuracy                 0.4915
2026-09-24 22:07:54,734 simple_logger.py log_once [line:28] INFO test_loss                     2.3402
2026-09-24 22:07:54,734 simple_logger.py log_once [line:28] INFO val_accuracy                  0.4945
2026-09-24 22:07:54,734 simple_logger.py log_once [line:28] INFO mean_val_accuracy             0.4943
2026-09-24 22:07:54,734 simple_logger.py log_once [line:28] INFO std_val_accuracy              0.3646
2026-09-24 22:07:54,734 simple_logger.py log_once [line:28] INFO val_loss                      2.3302
2026-09-24 22:07:54,734 simple_logger.py log_once [line:28] INFO mean_val_loss                 2.3327
2026-09-24 22:07:54,734 simple_logger.py log_once [line:28] INFO std_val_loss                  2.0770
2026-09-24 22:07:54,735 fedbase.py run [line:316] INFO Eval Time Cost:               1.4769s
2026-09-24 22:07:54,744 asyncbase.py iterate [line:68] INFO Select clients [np.int64(7)] at time 73.
2026-09-24 22:07:55,049 asyncbase.py iterate [line:73] INFO Receive new models from clients [12, 6] at time 73
2026-09-24 22:07:55,100 fedbase.py run [line:311] INFO --------------Round 72--------------
2026-09-24 22:07:55,100 simple_logger.py log_once [line:14] INFO Current_time:73
2026-09-24 22:07:56,573 simple_logger.py log_once [line:28] INFO test_accuracy                 0.6638
2026-09-24 22:07:56,573 simple_logger.py log_once [line:28] INFO test_loss                     1.2457
2026-09-24 22:07:56,573 simple_logger.py log_once [line:28] INFO val_accuracy                  0.6614
2026-09-24 22:07:56,573 simple_logger.py log_once [line:28] INFO mean_val_accuracy             0.6626
2026-09-24 22:07:56,573 simple_logger.py log_once [line:28] INFO std_val_accuracy              0.3376
2026-09-24 22:07:56,573 simple_logger.py log_once [line:28] INFO val_loss                      1.2529
2026-09-24 22:07:56,573 simple_logger.py log_once [line:28] INFO mean_val_loss                 1.2484
2026-09-24 22:07:56,573 simple_logger.py log_once [line:28] INFO std_val_loss                  1.2445
2026-09-24 22:07:56,573 fedbase.py run [line:316] INFO Eval Time Cost:               1.4729s
2026-09-24 22:07:56,581 asyncbase.py iterate [line:68] INFO Select clients [np.int64(4)] at time 74.
2026-09-24 22:07:56,902 asyncbase.py iterate [line:68] INFO Select clients [np.int64(6)] at time 75.
2026-09-24 22:07:57,212 asyncbase.py iterate [line:73] INFO Receive new models from clients [10, 6, 18, 8, 7] at time 75
2026-09-24 22:07:57,291 fedbase.py run [line:311] INFO --------------Round 73--------------
2026-09-24 22:07:57,291 simple_logger.py log_once [line:14] INFO Current_time:75
2026-09-24 22:07:58,775 simple_logger.py log_once [line:28] INFO test_accuracy                 0.5103
2026-09-24 22:07:58,775 simple_logger.py log_once [line:28] INFO test_loss                     3.4804
2026-09-24 22:07:58,775 simple_logger.py log_once [line:28] INFO val_accuracy                  0.5116
2026-09-24 22:07:58,775 simple_logger.py log_once [line:28] INFO mean_val_accuracy             0.5123
2026-09-24 22:07:58,776 simple_logger.py log_once [line:28] INFO std_val_accuracy              0.3950
2026-09-24 22:07:58,776 simple_logger.py log_once [line:28] INFO val_loss                      3.4530
2026-09-24 22:07:58,776 simple_logger.py log_once [line:28] INFO mean_val_loss                 3.4484
2026-09-24 22:07:58,776 simple_logger.py log_once [line:28] INFO std_val_loss                  3.0019
2026-09-24 22:07:58,776 fedbase.py run [line:316] INFO Eval Time Cost:               1.4849s
2026-09-24 22:07:58,785 asyncbase.py iterate [line:68] INFO Select clients [np.int64(10), np.int64(15), np.int64(18), np.int64(13)] at time 76.
2026-09-24 22:08:00,022 asyncbase.py iterate [line:73] INFO Receive new models from clients [15, 13] at time 76
2026-09-24 22:08:00,074 fedbase.py run [line:311] INFO --------------Round 74--------------
2026-09-24 22:08:00,074 simple_logger.py log_once [line:14] INFO Current_time:76
2026-09-24 22:08:01,551 simple_logger.py log_once [line:28] INFO test_accuracy                 0.5454
2026-09-24 22:08:01,551 simple_logger.py log_once [line:28] INFO test_loss                     2.6376
2026-09-24 22:08:01,551 simple_logger.py log_once [line:28] INFO val_accuracy                  0.5429
2026-09-24 22:08:01,551 simple_logger.py log_once [line:28] INFO mean_val_accuracy             0.5434
2026-09-24 22:08:01,551 simple_logger.py log_once [line:28] INFO std_val_accuracy              0.4005
2026-09-24 22:08:01,551 simple_logger.py log_once [line:28] INFO val_loss                      2.6125
2026-09-24 22:08:01,551 simple_logger.py log_once [line:28] INFO mean_val_loss                 2.6093
2026-09-24 22:08:01,551 simple_logger.py log_once [line:28] INFO std_val_loss                  2.7862
2026-09-24 22:08:01,551 fedbase.py run [line:316] INFO Eval Time Cost:               1.4772s
2026-09-24 22:08:01,560 asyncbase.py iterate [line:68] INFO Select clients [np.int64(7), np.int64(19), np.int64(17)] at time 77.
2026-09-24 22:08:02,476 asyncbase.py iterate [line:73] INFO Receive new models from clients [4] at time 77
2026-09-24 22:08:02,510 fedbase.py run [line:311] INFO --------------Round 75--------------
2026-09-24 22:08:02,510 simple_logger.py log_once [line:14] INFO Current_time:77
2026-09-24 22:08:03,988 simple_logger.py log_once [line:28] INFO test_accuracy                 0.5264
2026-09-24 22:08:03,988 simple_logger.py log_once [line:28] INFO test_loss                     2.4706
2026-09-24 22:08:03,988 simple_logger.py log_once [line:28] INFO val_accuracy                  0.5216
2026-09-24 22:08:03,988 simple_logger.py log_once [line:28] INFO mean_val_accuracy             0.5221
2026-09-24 22:08:03,989 simple_logger.py log_once [line:28] INFO std_val_accuracy              0.4144
2026-09-24 22:08:03,989 simple_logger.py log_once [line:28] INFO val_loss                      2.4428
2026-09-24 22:08:03,989 simple_logger.py log_once [line:28] INFO mean_val_loss                 2.4397
2026-09-24 22:08:03,989 simple_logger.py log_once [line:28] INFO std_val_loss                  2.7126
2026-09-24 22:08:03,989 fedbase.py run [line:316] INFO Eval Time Cost:               1.4786s
2026-09-24 22:08:03,998 asyncbase.py iterate [line:68] INFO Select clients [np.int64(15)] at time 78.
2026-09-24 22:08:04,318 asyncbase.py iterate [line:73] INFO Receive new models from clients [7] at time 78
2026-09-24 22:08:04,349 fedbase.py run [line:311] INFO --------------Round 76--------------
2026-09-24 22:08:04,349 simple_logger.py log_once [line:14] INFO Current_time:78
2026-09-24 22:08:05,824 simple_logger.py log_once [line:28] INFO test_accuracy                 0.5888
2026-09-24 22:08:05,824 simple_logger.py log_once [line:28] INFO test_loss                     2.2077
2026-09-24 22:08:05,824 simple_logger.py log_once [line:28] INFO val_accuracy                  0.5880
2026-09-24 22:08:05,824 simple_logger.py log_once [line:28] INFO mean_val_accuracy             0.5882
2026-09-24 22:08:05,824 simple_logger.py log_once [line:28] INFO std_val_accuracy              0.3636
2026-09-24 22:08:05,824 simple_logger.py log_once [line:28] INFO val_loss                      2.1779
2026-09-24 22:08:05,824 simple_logger.py log_once [line:28] INFO mean_val_loss                 2.1757
2026-09-24 22:08:05,825 simple_logger.py log_once [line:28] INFO std_val_loss                  2.6194
2026-09-24 22:08:05,825 fedbase.py run [line:316] INFO Eval Time Cost:               1.4755s
2026-09-24 22:08:05,833 asyncbase.py iterate [line:73] INFO Receive new models from clients [18, 17, 10, 15] at time 79
2026-09-24 22:08:05,907 fedbase.py run [line:311] INFO --------------Round 77--------------
2026-09-24 22:08:05,907 simple_logger.py log_once [line:14] INFO Current_time:79
2026-09-24 22:08:07,392 simple_logger.py log_once [line:28] INFO test_accuracy                 0.6055
2026-09-24 22:08:07,392 simple_logger.py log_once [line:28] INFO test_loss                     2.1219
2026-09-24 22:08:07,392 simple_logger.py log_once [line:28] INFO val_accuracy                  0.5999
2026-09-24 22:08:07,392 simple_logger.py log_once [line:28] INFO mean_val_accuracy             0.6002
2026-09-24 22:08:07,392 simple_logger.py log_once [line:28] INFO std_val_accuracy              0.3662
2026-09-24 22:08:07,392 simple_logger.py log_once [line:28] INFO val_loss                      2.0802
2026-09-24 22:08:07,392 simple_logger.py log_once [line:28] INFO mean_val_loss                 2.0775
2026-09-24 22:08:07,392 simple_logger.py log_once [line:28] INFO std_val_loss                  2.5000
2026-09-24 22:08:07,392 fedbase.py run [line:316] INFO Eval Time Cost:               1.4847s
2026-09-24 22:08:07,403 asyncbase.py iterate [line:68] INFO Select clients [np.int64(16), np.int64(0), np.int64(13), np.int64(5)] at time 80.
2026-09-24 22:08:08,638 asyncbase.py iterate [line:73] INFO Receive new models from clients [19] at time 80
2026-09-24 22:08:08,669 fedbase.py run [line:311] INFO --------------Round 78--------------
2026-09-24 22:08:08,669 simple_logger.py log_once [line:14] INFO Current_time:80
2026-09-24 22:08:10,154 simple_logger.py log_once [line:28] INFO test_accuracy                 0.5727
2026-09-24 22:08:10,154 simple_logger.py log_once [line:28] INFO test_loss                     2.6274
2026-09-24 22:08:10,154 simple_logger.py log_once [line:28] INFO val_accuracy                  0.5736
2026-09-24 22:08:10,154 simple_logger.py log_once [line:28] INFO mean_val_accuracy             0.5742
2026-09-24 22:08:10,154 simple_logger.py log_once [line:28] INFO std_val_accuracy              0.3552
2026-09-24 22:08:10,154 simple_logger.py log_once [line:28] INFO val_loss                      2.5979
2026-09-24 22:08:10,154 simple_logger.py log_once [line:28] INFO mean_val_loss                 2.5944
2026-09-24 22:08:10,154 simple_logger.py log_once [line:28] INFO std_val_loss                  3.1099
2026-09-24 22:08:10,154 fedbase.py run [line:316] INFO Eval Time Cost:               1.4855s
2026-09-24 22:08:10,164 asyncbase.py iterate [line:68] INFO Select clients [np.int64(8)] at time 81.
2026-09-24 22:08:10,469 asyncbase.py iterate [line:73] INFO Receive new models from clients [13, 16] at time 81
2026-09-24 22:08:10,521 fedbase.py run [line:311] INFO --------------Round 79--------------
2026-09-24 22:08:10,521 simple_logger.py log_once [line:14] INFO Current_time:81
2026-09-24 22:08:12,023 simple_logger.py log_once [line:28] INFO test_accuracy                 0.6055
2026-09-24 22:08:12,023 simple_logger.py log_once [line:28] INFO test_loss                     1.9228
2026-09-24 22:08:12,023 simple_logger.py log_once [line:28] INFO val_accuracy                  0.6057
2026-09-24 22:08:12,023 simple_logger.py log_once [line:28] INFO mean_val_accuracy             0.6062
2026-09-24 22:08:12,023 simple_logger.py log_once [line:28] INFO std_val_accuracy              0.3755
2026-09-24 22:08:12,023 simple_logger.py log_once [line:28] INFO val_loss                      1.9107
2026-09-24 22:08:12,023 simple_logger.py log_once [line:28] INFO mean_val_loss                 1.9091
2026-09-24 22:08:12,023 simple_logger.py log_once [line:28] INFO std_val_loss                  1.9360
2026-09-24 22:08:12,023 fedbase.py run [line:316] INFO Eval Time Cost:               1.5022s
2026-09-24 22:08:12,031 asyncbase.py iterate [line:68] INFO Select clients [np.int64(12), np.int64(1), np.int64(7)] at time 82.
2026-09-24 22:08:12,970 asyncbase.py iterate [line:73] INFO Receive new models from clients [0, 7, 5, 8, 12] at time 83
2026-09-24 22:08:13,048 fedbase.py run [line:311] INFO --------------Round 80--------------
2026-09-24 22:08:13,048 simple_logger.py log_once [line:14] INFO Current_time:83
2026-09-24 22:08:14,557 simple_logger.py log_once [line:28] INFO test_accuracy                 0.6586
2026-09-24 22:08:14,557 simple_logger.py log_once [line:28] INFO test_loss                     1.5067
2026-09-24 22:08:14,557 simple_logger.py log_once [line:28] INFO val_accuracy                  0.6543
2026-09-24 22:08:14,557 simple_logger.py log_once [line:28] INFO mean_val_accuracy             0.6548
2026-09-24 22:08:14,557 simple_logger.py log_once [line:28] INFO std_val_accuracy              0.3110
2026-09-24 22:08:14,557 simple_logger.py log_once [line:28] INFO val_loss                      1.5214
2026-09-24 22:08:14,557 simple_logger.py log_once [line:28] INFO mean_val_loss                 1.5200
2026-09-24 22:08:14,557 simple_logger.py log_once [line:28] INFO std_val_loss                  1.4944
2026-09-24 22:08:14,558 fedbase.py run [line:316] INFO Eval Time Cost:               1.5094s
2026-09-24 22:08:14,567 asyncbase.py iterate [line:68] INFO Select clients [np.int64(10), np.int64(9), np.int64(7)] at time 84.
2026-09-24 22:08:15,472 asyncbase.py iterate [line:73] INFO Receive new models from clients [1, 9] at time 84
2026-09-24 22:08:15,528 fedbase.py run [line:311] INFO --------------Round 81--------------
2026-09-24 22:08:15,528 simple_logger.py log_once [line:14] INFO Current_time:84
2026-09-24 22:08:17,007 simple_logger.py log_once [line:28] INFO test_accuracy                 0.6942
2026-09-24 22:08:17,007 simple_logger.py log_once [line:28] INFO test_loss                     1.3387
2026-09-24 22:08:17,008 simple_logger.py log_once [line:28] INFO val_accuracy                  0.6916
2026-09-24 22:08:17,008 simple_logger.py log_once [line:28] INFO mean_val_accuracy             0.6924
2026-09-24 22:08:17,008 simple_logger.py log_once [line:28] INFO std_val_accuracy              0.3299
2026-09-24 22:08:17,008 simple_logger.py log_once [line:28] INFO val_loss                      1.3530
2026-09-24 22:08:17,008 simple_logger.py log_once [line:28] INFO mean_val_loss                 1.3502
2026-09-24 22:08:17,008 simple_logger.py log_once [line:28] INFO std_val_loss                  1.6156
2026-09-24 22:08:17,008 fedbase.py run [line:316] INFO Eval Time Cost:               1.4800s
2026-09-24 22:08:17,016 asyncbase.py iterate [line:68] INFO Select clients [np.int64(18), np.int64(19), np.int64(17)] at time 85.
2026-09-24 22:08:17,945 asyncbase.py iterate [line:73] INFO Receive new models from clients [7, 17] at time 85
2026-09-24 22:08:17,996 fedbase.py run [line:311] INFO --------------Round 82--------------
2026-09-24 22:08:17,996 simple_logger.py log_once [line:14] INFO Current_time:85
2026-09-24 22:08:19,475 simple_logger.py log_once [line:28] INFO test_accuracy                 0.6729
2026-09-24 22:08:19,475 simple_logger.py log_once [line:28] INFO test_loss                     1.5656
2026-09-24 22:08:19,475 simple_logger.py log_once [line:28] INFO val_accuracy                  0.6718
2026-09-24 22:08:19,476 simple_logger.py log_once [line:28] INFO mean_val_accuracy             0.6724
2026-09-24 22:08:19,476 simple_logger.py log_once [line:28] INFO std_val_accuracy              0.3406
2026-09-24 22:08:19,476 simple_logger.py log_once [line:28] INFO val_loss                      1.5746
2026-09-24 22:08:19,476 simple_logger.py log_once [line:28] INFO mean_val_loss                 1.5719
2026-09-24 22:08:19,476 simple_logger.py log_once [line:28] INFO std_val_loss                  1.7273
2026-09-24 22:08:19,476 fedbase.py run [line:316] INFO Eval Time Cost:               1.4798s
2026-09-24 22:08:19,486 asyncbase.py iterate [line:68] INFO Select clients [np.int64(16)] at time 86.
2026-09-24 22:08:19,800 asyncbase.py iterate [line:73] INFO Receive new models from clients [10, 16] at time 86
2026-09-24 22:08:19,853 fedbase.py run [line:311] INFO --------------Round 83--------------
2026-09-24 22:08:19,853 simple_logger.py log_once [line:14] INFO Current_time:86
2026-09-24 22:08:21,336 simple_logger.py log_once [line:28] INFO test_accuracy                 0.6696
2026-09-24 22:08:21,336 simple_logger.py log_once [line:28] INFO test_loss                     2.0839
2026-09-24 22:08:21,336 simple_logger.py log_once [line:28] INFO val_accuracy                  0.6728
2026-09-24 22:08:21,336 simple_logger.py log_once [line:28] INFO mean_val_accuracy             0.6734
2026-09-24 22:08:21,336 simple_logger.py log_once [line:28] INFO std_val_accuracy              0.3467
2026-09-24 22:08:21,337 simple_logger.py log_once [line:28] INFO val_loss                      2.0648
2026-09-24 22:08:21,337 simple_logger.py log_once [line:28] INFO mean_val_loss                 2.0637
2026-09-24 22:08:21,337 simple_logger.py log_once [line:28] INFO std_val_loss                  2.5986
2026-09-24 22:08:21,337 fedbase.py run [line:316] INFO Eval Time Cost:               1.4839s
2026-09-24 22:08:21,345 asyncbase.py iterate [line:68] INFO Select clients [np.int64(9), np.int64(16), np.int64(12), np.int64(13)] at time 87.
2026-09-24 22:08:22,615 asyncbase.py iterate [line:73] INFO Receive new models from clients [16] at time 87
2026-09-24 22:08:22,648 fedbase.py run [line:311] INFO --------------Round 84--------------
2026-09-24 22:08:22,648 simple_logger.py log_once [line:14] INFO Current_time:87
2026-09-24 22:08:24,123 simple_logger.py log_once [line:28] INFO test_accuracy                 0.3257
2026-09-24 22:08:24,123 simple_logger.py log_once [line:28] INFO test_loss                     12.9710
2026-09-24 22:08:24,123 simple_logger.py log_once [line:28] INFO val_accuracy                  0.3215
2026-09-24 22:08:24,123 simple_logger.py log_once [line:28] INFO mean_val_accuracy             0.3216
2026-09-24 22:08:24,123 simple_logger.py log_once [line:28] INFO std_val_accuracy              0.3363
2026-09-24 22:08:24,123 simple_logger.py log_once [line:28] INFO val_loss                      13.0935
2026-09-24 22:08:24,123 simple_logger.py log_once [line:28] INFO mean_val_loss                 13.0906
2026-09-24 22:08:24,123 simple_logger.py log_once [line:28] INFO std_val_loss                  8.7527
2026-09-24 22:08:24,123 fedbase.py run [line:316] INFO Eval Time Cost:               1.4753s
2026-09-24 22:08:24,132 asyncbase.py iterate [line:73] INFO Receive new models from clients [19, 18, 9] at time 88
2026-09-24 22:08:24,195 fedbase.py run [line:311] INFO --------------Round 85--------------
2026-09-24 22:08:24,195 simple_logger.py log_once [line:14] INFO Current_time:88
2026-09-24 22:08:25,670 simple_logger.py log_once [line:28] INFO test_accuracy                 0.4116
2026-09-24 22:08:25,670 simple_logger.py log_once [line:28] INFO test_loss                     7.3060
2026-09-24 22:08:25,670 simple_logger.py log_once [line:28] INFO val_accuracy                  0.4160
2026-09-24 22:08:25,670 simple_logger.py log_once [line:28] INFO mean_val_accuracy             0.4162
2026-09-24 22:08:25,670 simple_logger.py log_once [line:28] INFO std_val_accuracy              0.3381
2026-09-24 22:08:25,670 simple_logger.py log_once [line:28] INFO val_loss                      7.4165
2026-09-24 22:08:25,670 simple_logger.py log_once [line:28] INFO mean_val_loss                 7.4140
2026-09-24 22:08:25,670 simple_logger.py log_once [line:28] INFO std_val_loss                  5.5161
2026-09-24 22:08:25,670 fedbase.py run [line:316] INFO Eval Time Cost:               1.4752s
2026-09-24 22:08:25,680 asyncbase.py iterate [line:68] INFO Select clients [np.int64(7), np.int64(15)] at time 89.
2026-09-24 22:08:26,300 asyncbase.py iterate [line:73] INFO Receive new models from clients [13, 12] at time 89
2026-09-24 22:08:26,352 fedbase.py run [line:311] INFO --------------Round 86--------------
2026-09-24 22:08:26,352 simple_logger.py log_once [line:14] INFO Current_time:89
2026-09-24 22:08:27,835 simple_logger.py log_once [line:28] INFO test_accuracy                 0.5639
2026-09-24 22:08:27,836 simple_logger.py log_once [line:28] INFO test_loss                     3.4084
2026-09-24 22:08:27,836 simple_logger.py log_once [line:28] INFO val_accuracy                  0.5534
2026-09-24 22:08:27,836 simple_logger.py log_once [line:28] INFO mean_val_accuracy             0.5538
2026-09-24 22:08:27,836 simple_logger.py log_once [line:28] INFO std_val_accuracy              0.2825
2026-09-24 22:08:27,836 simple_logger.py log_once [line:28] INFO val_loss                      3.4641
2026-09-24 22:08:27,836 simple_logger.py log_once [line:28] INFO mean_val_loss                 3.4626
2026-09-24 22:08:27,836 simple_logger.py log_once [line:28] INFO std_val_loss                  2.7701
2026-09-24 22:08:27,836 fedbase.py run [line:316] INFO Eval Time Cost:               1.4837s
2026-09-24 22:08:27,845 asyncbase.py iterate [line:68] INFO Select clients [np.int64(18), np.int64(13), np.int64(12), np.int64(5)] at time 90.
2026-09-24 22:08:29,098 asyncbase.py iterate [line:73] INFO Receive new models from clients [7] at time 90
2026-09-24 22:08:29,129 fedbase.py run [line:311] INFO --------------Round 87--------------
2026-09-24 22:08:29,129 simple_logger.py log_once [line:14] INFO Current_time:90
2026-09-24 22:08:30,613 simple_logger.py log_once [line:28] INFO test_accuracy                 0.4215
2026-09-24 22:08:30,613 simple_logger.py log_once [line:28] INFO test_loss                     3.6671
2026-09-24 22:08:30,613 simple_logger.py log_once [line:28] INFO val_accuracy                  0.4204
2026-09-24 22:08:30,613 simple_logger.py log_once [line:28] INFO mean_val_accuracy             0.4213
2026-09-24 22:08:30,613 simple_logger.py log_once [line:28] INFO std_val_accuracy              0.3525
2026-09-24 22:08:30,613 simple_logger.py log_once [line:28] INFO val_loss                      3.5757
2026-09-24 22:08:30,613 simple_logger.py log_once [line:28] INFO mean_val_loss                 3.5664
2026-09-24 22:08:30,613 simple_logger.py log_once [line:28] INFO std_val_loss                  4.8074
2026-09-24 22:08:30,613 fedbase.py run [line:316] INFO Eval Time Cost:               1.4842s
2026-09-24 22:08:30,622 asyncbase.py iterate [line:68] INFO Select clients [np.int64(16)] at time 91.
2026-09-24 22:08:30,936 asyncbase.py iterate [line:73] INFO Receive new models from clients [5, 16, 18] at time 91
2026-09-24 22:08:30,999 fedbase.py run [line:311] INFO --------------Round 88--------------
2026-09-24 22:08:31,000 simple_logger.py log_once [line:14] INFO Current_time:91
2026-09-24 22:08:32,471 simple_logger.py log_once [line:28] INFO test_accuracy                 0.5497
2026-09-24 22:08:32,471 simple_logger.py log_once [line:28] INFO test_loss                     2.0428
2026-09-24 22:08:32,471 simple_logger.py log_once [line:28] INFO val_accuracy                  0.5586
2026-09-24 22:08:32,471 simple_logger.py log_once [line:28] INFO mean_val_accuracy             0.5595
2026-09-24 22:08:32,471 simple_logger.py log_once [line:28] INFO std_val_accuracy              0.3054
2026-09-24 22:08:32,471 simple_logger.py log_once [line:28] INFO val_loss                      1.9938
2026-09-24 22:08:32,471 simple_logger.py log_once [line:28] INFO mean_val_loss                 1.9881
2026-09-24 22:08:32,471 simple_logger.py log_once [line:28] INFO std_val_loss                  2.4611
2026-09-24 22:08:32,471 fedbase.py run [line:316] INFO Eval Time Cost:               1.4716s
2026-09-24 22:08:32,481 asyncbase.py iterate [line:68] INFO Select clients [np.int64(10), np.int64(14)] at time 92.
2026-09-24 22:08:33,106 asyncbase.py iterate [line:73] INFO Receive new models from clients [15] at time 92
2026-09-24 22:08:33,138 fedbase.py run [line:311] INFO --------------Round 89--------------
2026-09-24 22:08:33,138 simple_logger.py log_once [line:14] INFO Current_time:92
2026-09-24 22:08:34,612 simple_logger.py log_once [line:28] INFO test_accuracy                 0.3193
2026-09-24 22:08:34,612 simple_logger.py log_once [line:28] INFO test_loss                     24.7200
2026-09-24 22:08:34,612 simple_logger.py log_once [line:28] INFO val_accuracy                  0.3157
2026-09-24 22:08:34,612 simple_logger.py log_once [line:28] INFO mean_val_accuracy             0.3162
2026-09-24 22:08:34,612 simple_logger.py log_once [line:28] INFO std_val_accuracy              0.3321
2026-09-24 22:08:34,612 simple_logger.py log_once [line:28] INFO val_loss                      24.5642
2026-09-24 22:08:34,612 simple_logger.py log_once [line:28] INFO mean_val_loss                 24.5472
2026-09-24 22:08:34,612 simple_logger.py log_once [line:28] INFO std_val_loss                  19.9229
2026-09-24 22:08:34,612 fedbase.py run [line:316] INFO Eval Time Cost:               1.4746s
2026-09-24 22:08:34,621 asyncbase.py iterate [line:68] INFO Select clients [np.int64(19)] at time 93.
2026-09-24 22:08:34,931 asyncbase.py iterate [line:73] INFO Receive new models from clients [12, 13, 19] at time 93
2026-09-24 22:08:34,994 fedbase.py run [line:311] INFO --------------Round 90--------------
2026-09-24 22:08:34,994 simple_logger.py log_once [line:14] INFO Current_time:93
2026-09-24 22:08:36,466 simple_logger.py log_once [line:28] INFO test_accuracy                 0.5364
2026-09-24 22:08:36,466 simple_logger.py log_once [line:28] INFO test_loss                     4.8765
2026-09-24 22:08:36,466 simple_logger.py log_once [line:28] INFO val_accuracy                  0.5367
2026-09-24 22:08:36,466 simple_logger.py log_once [line:28] INFO mean_val_accuracy             0.5374
2026-09-24 22:08:36,466 simple_logger.py log_once [line:28] INFO std_val_accuracy              0.3757
2026-09-24 22:08:36,466 simple_logger.py log_once [line:28] INFO val_loss                      4.8325
2026-09-24 22:08:36,466 simple_logger.py log_once [line:28] INFO mean_val_loss                 4.8240
2026-09-24 22:08:36,466 simple_logger.py log_once [line:28] INFO std_val_loss                  4.5683
2026-09-24 22:08:36,466 fedbase.py run [line:316] INFO Eval Time Cost:               1.4723s
2026-09-24 22:08:36,476 asyncbase.py iterate [line:68] INFO Select clients [np.int64(0), np.int64(4), np.int64(16)] at time 94.
2026-09-24 22:08:37,391 asyncbase.py iterate [line:73] INFO Receive new models from clients [14, 10] at time 94
2026-09-24 22:08:37,446 fedbase.py run [line:311] INFO --------------Round 91--------------
2026-09-24 22:08:37,446 simple_logger.py log_once [line:14] INFO Current_time:94
2026-09-24 22:08:38,920 simple_logger.py log_once [line:28] INFO test_accuracy                 0.5414
2026-09-24 22:08:38,920 simple_logger.py log_once [line:28] INFO test_loss                     5.6334
2026-09-24 22:08:38,920 simple_logger.py log_once [line:28] INFO val_accuracy                  0.5392
2026-09-24 22:08:38,920 simple_logger.py log_once [line:28] INFO mean_val_accuracy             0.5397
2026-09-24 22:08:38,920 simple_logger.py log_once [line:28] INFO std_val_accuracy              0.3607
2026-09-24 22:08:38,920 simple_logger.py log_once [line:28] INFO val_loss                      5.5149
2026-09-24 22:08:38,920 simple_logger.py log_once [line:28] INFO mean_val_loss                 5.5152
2026-09-24 22:08:38,920 simple_logger.py log_once [line:28] INFO std_val_loss                  5.8749
2026-09-24 22:08:38,920 fedbase.py run [line:316] INFO Eval Time Cost:               1.4743s
2026-09-24 22:08:38,929 asyncbase.py iterate [line:68] INFO Select clients [np.int64(10), np.int64(17), np.int64(14)] at time 95.
2026-09-24 22:08:39,866 asyncbase.py iterate [line:73] INFO Receive new models from clients [4, 0, 14, 10] at time 95
2026-09-24 22:08:39,934 fedbase.py run [line:311] INFO --------------Round 92--------------
2026-09-24 22:08:39,934 simple_logger.py log_once [line:14] INFO Current_time:95
2026-09-24 22:08:41,416 simple_logger.py log_once [line:28] INFO test_accuracy                 0.5170
2026-09-24 22:08:41,416 simple_logger.py log_once [line:28] INFO test_loss                     4.2686
2026-09-24 22:08:41,416 simple_logger.py log_once [line:28] INFO val_accuracy                  0.5203
2026-09-24 22:08:41,416 simple_logger.py log_once [line:28] INFO mean_val_accuracy             0.5219
2026-09-24 22:08:41,416 simple_logger.py log_once [line:28] INFO std_val_accuracy              0.3496
2026-09-24 22:08:41,416 simple_logger.py log_once [line:28] INFO val_loss                      4.3650
2026-09-24 22:08:41,416 simple_logger.py log_once [line:28] INFO mean_val_loss                 4.3509
2026-09-24 22:08:41,416 simple_logger.py log_once [line:28] INFO std_val_loss                  4.1111
2026-09-24 22:08:41,416 fedbase.py run [line:316] INFO Eval Time Cost:               1.4816s
2026-09-24 22:08:41,425 asyncbase.py iterate [line:68] INFO Select clients [np.int64(9), np.int64(18), np.int64(1)] at time 96.
2026-09-24 22:08:42,356 asyncbase.py iterate [line:73] INFO Receive new models from clients [17, 1] at time 96
2026-09-24 22:08:42,408 fedbase.py run [line:311] INFO --------------Round 93--------------
2026-09-24 22:08:42,408 simple_logger.py log_once [line:14] INFO Current_time:96
2026-09-24 22:08:43,967 simple_logger.py log_once [line:28] INFO test_accuracy                 0.7187
2026-09-24 22:08:43,967 simple_logger.py log_once [line:28] INFO test_loss                     1.3917
2026-09-24 22:08:43,967 simple_logger.py log_once [line:28] INFO val_accuracy                  0.7128
2026-09-24 22:08:43,967 simple_logger.py log_once [line:28] INFO mean_val_accuracy             0.7142
2026-09-24 22:08:43,967 simple_logger.py log_once [line:28] INFO std_val_accuracy              0.3160
2026-09-24 22:08:43,967 simple_logger.py log_once [line:28] INFO val_loss                      1.4502
2026-09-24 22:08:43,967 simple_logger.py log_once [line:28] INFO mean_val_loss                 1.4445
2026-09-24 22:08:43,967 simple_logger.py log_once [line:28] INFO std_val_loss                  1.8095
2026-09-24 22:08:43,967 fedbase.py run [line:316] INFO Eval Time Cost:               1.5598s
2026-09-24 22:08:43,976 asyncbase.py iterate [line:68] INFO Select clients [np.int64(0)] at time 97.
2026-09-24 22:08:44,283 asyncbase.py iterate [line:73] INFO Receive new models from clients [16] at time 97
2026-09-24 22:08:44,316 fedbase.py run [line:311] INFO --------------Round 94--------------
2026-09-24 22:08:44,316 simple_logger.py log_once [line:14] INFO Current_time:97
2026-09-24 22:08:45,784 simple_logger.py log_once [line:28] INFO test_accuracy                 0.7619
2026-09-24 22:08:45,784 simple_logger.py log_once [line:28] INFO test_loss                     1.2351
2026-09-24 22:08:45,784 simple_logger.py log_once [line:28] INFO val_accuracy                  0.7606
2026-09-24 22:08:45,784 simple_logger.py log_once [line:28] INFO mean_val_accuracy             0.7609
2026-09-24 22:08:45,784 simple_logger.py log_once [line:28] INFO std_val_accuracy              0.2457
2026-09-24 22:08:45,784 simple_logger.py log_once [line:28] INFO val_loss                      1.2064
2026-09-24 22:08:45,784 simple_logger.py log_once [line:28] INFO mean_val_loss                 1.2063
2026-09-24 22:08:45,784 simple_logger.py log_once [line:28] INFO std_val_loss                  1.3647
2026-09-24 22:08:45,784 fedbase.py run [line:316] INFO Eval Time Cost:               1.4678s
2026-09-24 22:08:45,793 asyncbase.py iterate [line:68] INFO Select clients [np.int64(3), np.int64(4), np.int64(14)] at time 98.
2026-09-24 22:08:46,728 asyncbase.py iterate [line:73] INFO Receive new models from clients [9] at time 98
2026-09-24 22:08:46,761 fedbase.py run [line:311] INFO --------------Round 95--------------
2026-09-24 22:08:46,761 simple_logger.py log_once [line:14] INFO Current_time:98
2026-09-24 22:08:48,236 simple_logger.py log_once [line:28] INFO test_accuracy                 0.4919
2026-09-24 22:08:48,236 simple_logger.py log_once [line:28] INFO test_loss                     5.8056
2026-09-24 22:08:48,236 simple_logger.py log_once [line:28] INFO val_accuracy                  0.4948
2026-09-24 22:08:48,236 simple_logger.py log_once [line:28] INFO mean_val_accuracy             0.4957
2026-09-24 22:08:48,236 simple_logger.py log_once [line:28] INFO std_val_accuracy              0.3674
2026-09-24 22:08:48,236 simple_logger.py log_once [line:28] INFO val_loss                      5.8633
2026-09-24 22:08:48,236 simple_logger.py log_once [line:28] INFO mean_val_loss                 5.8419
2026-09-24 22:08:48,236 simple_logger.py log_once [line:28] INFO std_val_loss                  7.9994
2026-09-24 22:08:48,236 fedbase.py run [line:316] INFO Eval Time Cost:               1.4750s
2026-09-24 22:08:48,246 asyncbase.py iterate [line:68] INFO Select clients [np.int64(15)] at time 99.
2026-09-24 22:08:48,564 asyncbase.py iterate [line:73] INFO Receive new models from clients [18, 15] at time 99
2026-09-24 22:08:48,615 fedbase.py run [line:311] INFO --------------Round 96--------------
2026-09-24 22:08:48,615 simple_logger.py log_once [line:14] INFO Current_time:99
2026-09-24 22:08:50,091 simple_logger.py log_once [line:28] INFO test_accuracy                 0.7021
2026-09-24 22:08:50,091 simple_logger.py log_once [line:28] INFO test_loss                     1.0532
2026-09-24 22:08:50,091 simple_logger.py log_once [line:28] INFO val_accuracy                  0.7038
2026-09-24 22:08:50,091 simple_logger.py log_once [line:28] INFO mean_val_accuracy             0.7044
2026-09-24 22:08:50,091 simple_logger.py log_once [line:28] INFO std_val_accuracy              0.2547
2026-09-24 22:08:50,091 simple_logger.py log_once [line:28] INFO val_loss                      1.0349
2026-09-24 22:08:50,091 simple_logger.py log_once [line:28] INFO mean_val_loss                 1.0327
2026-09-24 22:08:50,091 simple_logger.py log_once [line:28] INFO std_val_loss                  1.0048
2026-09-24 22:08:50,092 fedbase.py run [line:316] INFO Eval Time Cost:               1.4762s
2026-09-24 22:08:50,101 asyncbase.py iterate [line:68] INFO Select clients [np.int64(13), np.int64(8)] at time 100.
2026-09-24 22:08:50,720 asyncbase.py iterate [line:73] INFO Receive new models from clients [0] at time 100
2026-09-24 22:08:50,754 fedbase.py run [line:311] INFO --------------Round 97--------------
2026-09-24 22:08:50,754 simple_logger.py log_once [line:14] INFO Current_time:100
2026-09-24 22:08:52,278 simple_logger.py log_once [line:28] INFO test_accuracy                 0.7542
2026-09-24 22:08:52,278 simple_logger.py log_once [line:28] INFO test_loss                     0.8727
2026-09-24 22:08:52,278 simple_logger.py log_once [line:28] INFO val_accuracy                  0.7486
2026-09-24 22:08:52,278 simple_logger.py log_once [line:28] INFO mean_val_accuracy             0.7494
2026-09-24 22:08:52,278 simple_logger.py log_once [line:28] INFO std_val_accuracy              0.2413
2026-09-24 22:08:52,278 simple_logger.py log_once [line:28] INFO val_loss                      0.8753
2026-09-24 22:08:52,278 simple_logger.py log_once [line:28] INFO mean_val_loss                 0.8722
2026-09-24 22:08:52,278 simple_logger.py log_once [line:28] INFO std_val_loss                  0.8465
2026-09-24 22:08:52,278 fedbase.py run [line:316] INFO Eval Time Cost:               1.5242s
2026-09-24 22:08:52,287 asyncbase.py iterate [line:68] INFO Select clients [np.int64(1)] at time 101.
2026-09-24 22:08:52,596 asyncbase.py iterate [line:73] INFO Receive new models from clients [14, 1, 4, 13, 3] at time 101
2026-09-24 22:08:52,678 fedbase.py run [line:311] INFO --------------Round 98--------------
2026-09-24 22:08:52,678 simple_logger.py log_once [line:14] INFO Current_time:101
2026-09-24 22:08:54,162 simple_logger.py log_once [line:28] INFO test_accuracy                 0.6955
2026-09-24 22:08:54,162 simple_logger.py log_once [line:28] INFO test_loss                     1.1647
2026-09-24 22:08:54,162 simple_logger.py log_once [line:28] INFO val_accuracy                  0.7003
2026-09-24 22:08:54,163 simple_logger.py log_once [line:28] INFO mean_val_accuracy             0.7010
2026-09-24 22:08:54,163 simple_logger.py log_once [line:28] INFO std_val_accuracy              0.2865
2026-09-24 22:08:54,163 simple_logger.py log_once [line:28] INFO val_loss                      1.1706
2026-09-24 22:08:54,163 simple_logger.py log_once [line:28] INFO mean_val_loss                 1.1678
2026-09-24 22:08:54,163 simple_logger.py log_once [line:28] INFO std_val_loss                  1.1926
2026-09-24 22:08:54,163 fedbase.py run [line:316] INFO Eval Time Cost:               1.4849s
2026-09-24 22:08:54,172 asyncbase.py iterate [line:68] INFO Select clients [np.int64(17), np.int64(16), np.int64(0), np.int64(10), np.int64(3)] at time 102.
2026-09-24 22:08:55,733 asyncbase.py iterate [line:73] INFO Receive new models from clients [8, 10] at time 102
2026-09-24 22:08:55,784 fedbase.py run [line:311] INFO --------------Round 99--------------
2026-09-24 22:08:55,784 simple_logger.py log_once [line:14] INFO Current_time:102
2026-09-24 22:08:57,321 simple_logger.py log_once [line:28] INFO test_accuracy                 0.7752
2026-09-24 22:08:57,321 simple_logger.py log_once [line:28] INFO test_loss                     0.7357
2026-09-24 22:08:57,321 simple_logger.py log_once [line:28] INFO val_accuracy                  0.7780
2026-09-24 22:08:57,321 simple_logger.py log_once [line:28] INFO mean_val_accuracy             0.7786
2026-09-24 22:08:57,321 simple_logger.py log_once [line:28] INFO std_val_accuracy              0.2171
2026-09-24 22:08:57,321 simple_logger.py log_once [line:28] INFO val_loss                      0.7361
2026-09-24 22:08:57,321 simple_logger.py log_once [line:28] INFO mean_val_loss                 0.7347
2026-09-24 22:08:57,321 simple_logger.py log_once [line:28] INFO std_val_loss                  0.6753
2026-09-24 22:08:57,321 fedbase.py run [line:316] INFO Eval Time Cost:               1.5374s
2026-09-24 22:08:57,330 asyncbase.py iterate [line:68] INFO Select clients [np.int64(7)] at time 103.
2026-09-24 22:08:57,636 asyncbase.py iterate [line:73] INFO Receive new models from clients [3, 0, 16] at time 103
2026-09-24 22:08:57,697 fedbase.py run [line:311] INFO --------------Round 100--------------
2026-09-24 22:08:57,697 simple_logger.py log_once [line:14] INFO Current_time:103
2026-09-24 22:08:59,295 simple_logger.py log_once [line:28] INFO test_accuracy                 0.7861
2026-09-24 22:08:59,295 simple_logger.py log_once [line:28] INFO test_loss                     0.6808
2026-09-24 22:08:59,295 simple_logger.py log_once [line:28] INFO val_accuracy                  0.7801
2026-09-24 22:08:59,295 simple_logger.py log_once [line:28] INFO mean_val_accuracy             0.7806
2026-09-24 22:08:59,295 simple_logger.py log_once [line:28] INFO std_val_accuracy              0.2341
2026-09-24 22:08:59,295 simple_logger.py log_once [line:28] INFO val_loss                      0.7097
2026-09-24 22:08:59,295 simple_logger.py log_once [line:28] INFO mean_val_loss                 0.7077
2026-09-24 22:08:59,295 simple_logger.py log_once [line:28] INFO std_val_loss                  0.7751
2026-09-24 22:08:59,295 fedbase.py run [line:316] INFO Eval Time Cost:               1.5985s
2026-09-24 22:08:59,295 fedbase.py run [line:324] INFO =================End==================
2026-09-24 22:08:59,295 fedbase.py run [line:325] INFO Total Time Cost:              226.2201s
