E:\fl-experiment\.venv\Lib\site-packages\torch\cuda\__init__.py:61: FutureWarning: The pynvml package is deprecated. Please install nvidia-ml-py instead. If you did not install pynvml directly, please report this to the maintainers of the package that installed pynvml for you.
  import pynvml  # type: ignore[import]
2026-09-24 23:05:57,869 fflow.py init [line:848] INFO PROCESS ID:	41536
2026-09-24 23:05:57,870 fflow.py init [line:849] INFO Initializing devices: cuda:0 will be used for this running.
2026-09-24 23:05:57,870 fflow.py init [line:852] INFO BENCHMARK:	flgo.benchmark.mnist_classification
2026-09-24 23:05:57,870 fflow.py init [line:853] INFO TASK:			E:\Federated Machine Learning\FL-Byzantine-Library\mnist_dir20
2026-09-24 23:05:57,879 fflow.py init [line:854] INFO MODEL:		flgo.benchmark.mnist_classification.model.cnn
2026-09-24 23:05:57,879 fflow.py init [line:855] INFO ALGORITHM:	research_algorithm
2026-09-24 23:05:58,899 fflow.py init [line:901] INFO SCENE:		horizontal FL with 1 <class 'flgo_byzantine.research_algorithm.Server'>, 20 <class 'flgo_byzantine.research_algorithm.Client'>
2026-09-24 23:05:58,985 fflow.py init [line:918] INFO SIMULATOR:	<class 'flgo.simulator.default_simulator.Simulator'>
2026-09-24 23:06:03,489 fflow.py init [line:931] INFO Ready to start.
2026-09-24 23:06:03,489 fedbase.py run [line:300] INFO --------------Initial Evaluation--------------
2026-09-24 23:06:03,489 simple_logger.py log_once [line:14] INFO Current_time:0
2026-09-24 23:06:05,126 simple_logger.py log_once [line:28] INFO test_accuracy                 0.0875
2026-09-24 23:06:05,126 simple_logger.py log_once [line:28] INFO test_loss                     2.3101
2026-09-24 23:06:05,126 simple_logger.py log_once [line:28] INFO val_accuracy                  0.0866
2026-09-24 23:06:05,126 simple_logger.py log_once [line:28] INFO mean_val_accuracy             0.0874
2026-09-24 23:06:05,126 simple_logger.py log_once [line:28] INFO std_val_accuracy              0.2312
2026-09-24 23:06:05,126 simple_logger.py log_once [line:28] INFO val_loss                      2.3109
2026-09-24 23:06:05,126 simple_logger.py log_once [line:28] INFO mean_val_loss                 2.3111
2026-09-24 23:06:05,126 simple_logger.py log_once [line:28] INFO std_val_loss                  0.0785
2026-09-24 23:06:05,126 fedbase.py run [line:303] INFO Eval Time Cost:               1.6370s
2026-09-24 23:06:05,137 asyncbase.py iterate [line:68] INFO Select clients [np.int64(5), np.int64(16), np.int64(0), np.int64(4), np.int64(9)] at time 1.
2026-09-24 23:06:06,778 asyncbase.py iterate [line:73] INFO Receive new models from clients [9, 0] at time 2
2026-09-24 23:06:06,862 fedbase.py run [line:311] INFO --------------Round 1--------------
2026-09-24 23:06:06,862 simple_logger.py log_once [line:14] INFO Current_time:2
2026-09-24 23:06:08,418 simple_logger.py log_once [line:28] INFO test_accuracy                 0.1032
2026-09-24 23:06:08,418 simple_logger.py log_once [line:28] INFO test_loss                     7.5431
2026-09-24 23:06:08,418 simple_logger.py log_once [line:28] INFO val_accuracy                  0.0983
2026-09-24 23:06:08,418 simple_logger.py log_once [line:28] INFO mean_val_accuracy             0.0993
2026-09-24 23:06:08,418 simple_logger.py log_once [line:28] INFO std_val_accuracy              0.2871
2026-09-24 23:06:08,418 simple_logger.py log_once [line:28] INFO val_loss                      7.5395
2026-09-24 23:06:08,418 simple_logger.py log_once [line:28] INFO mean_val_loss                 7.5377
2026-09-24 23:06:08,418 simple_logger.py log_once [line:28] INFO std_val_loss                  3.2661
2026-09-24 23:06:08,418 fedbase.py run [line:316] INFO Eval Time Cost:               1.5560s
2026-09-24 23:06:08,427 asyncbase.py iterate [line:68] INFO Select clients [np.int64(3), np.int64(8), np.int64(18)] at time 3.
2026-09-24 23:06:09,420 asyncbase.py iterate [line:73] INFO Receive new models from clients [16, 5, 3] at time 3
2026-09-24 23:06:09,474 fedbase.py run [line:311] INFO --------------Round 2--------------
2026-09-24 23:06:09,474 simple_logger.py log_once [line:14] INFO Current_time:3
2026-09-24 23:06:11,094 simple_logger.py log_once [line:28] INFO test_accuracy                 0.1009
2026-09-24 23:06:11,094 simple_logger.py log_once [line:28] INFO test_loss                     4.5025
2026-09-24 23:06:11,094 simple_logger.py log_once [line:28] INFO val_accuracy                  0.0999
2026-09-24 23:06:11,094 simple_logger.py log_once [line:28] INFO mean_val_accuracy             0.0994
2026-09-24 23:06:11,094 simple_logger.py log_once [line:28] INFO std_val_accuracy              0.2889
2026-09-24 23:06:11,094 simple_logger.py log_once [line:28] INFO val_loss                      4.4869
2026-09-24 23:06:11,094 simple_logger.py log_once [line:28] INFO mean_val_loss                 4.4920
2026-09-24 23:06:11,094 simple_logger.py log_once [line:28] INFO std_val_loss                  1.5863
2026-09-24 23:06:11,094 fedbase.py run [line:316] INFO Eval Time Cost:               1.6200s
2026-09-24 23:06:11,103 asyncbase.py iterate [line:68] INFO Select clients [np.int64(10), np.int64(6)] at time 4.
2026-09-24 23:06:11,729 asyncbase.py iterate [line:73] INFO Receive new models from clients [4, 18] at time 4
2026-09-24 23:06:11,772 fedbase.py run [line:311] INFO --------------Round 3--------------
2026-09-24 23:06:11,772 simple_logger.py log_once [line:14] INFO Current_time:4
2026-09-24 23:06:13,294 simple_logger.py log_once [line:28] INFO test_accuracy                 0.1627
2026-09-24 23:06:13,294 simple_logger.py log_once [line:28] INFO test_loss                     3.4872
2026-09-24 23:06:13,294 simple_logger.py log_once [line:28] INFO val_accuracy                  0.1647
2026-09-24 23:06:13,294 simple_logger.py log_once [line:28] INFO mean_val_accuracy             0.1637
2026-09-24 23:06:13,294 simple_logger.py log_once [line:28] INFO std_val_accuracy              0.3166
2026-09-24 23:06:13,294 simple_logger.py log_once [line:28] INFO val_loss                      3.4831
2026-09-24 23:06:13,294 simple_logger.py log_once [line:28] INFO mean_val_loss                 3.4894
2026-09-24 23:06:13,294 simple_logger.py log_once [line:28] INFO std_val_loss                  1.5114
2026-09-24 23:06:13,294 fedbase.py run [line:316] INFO Eval Time Cost:               1.5227s
2026-09-24 23:06:13,305 asyncbase.py iterate [line:68] INFO Select clients [np.int64(1), np.int64(4)] at time 5.
2026-09-24 23:06:13,924 asyncbase.py iterate [line:73] INFO Receive new models from clients [10] at time 5
2026-09-24 23:06:13,954 fedbase.py run [line:311] INFO --------------Round 4--------------
2026-09-24 23:06:13,954 simple_logger.py log_once [line:14] INFO Current_time:5
2026-09-24 23:06:15,442 simple_logger.py log_once [line:28] INFO test_accuracy                 0.0892
2026-09-24 23:06:15,442 simple_logger.py log_once [line:28] INFO test_loss                     4.7815
2026-09-24 23:06:15,442 simple_logger.py log_once [line:28] INFO val_accuracy                  0.0907
2026-09-24 23:06:15,442 simple_logger.py log_once [line:28] INFO mean_val_accuracy             0.0904
2026-09-24 23:06:15,442 simple_logger.py log_once [line:28] INFO std_val_accuracy              0.2536
2026-09-24 23:06:15,442 simple_logger.py log_once [line:28] INFO val_loss                      4.7866
2026-09-24 23:06:15,442 simple_logger.py log_once [line:28] INFO mean_val_loss                 4.7895
2026-09-24 23:06:15,442 simple_logger.py log_once [line:28] INFO std_val_loss                  1.9179
2026-09-24 23:06:15,442 fedbase.py run [line:316] INFO Eval Time Cost:               1.4881s
2026-09-24 23:06:15,452 asyncbase.py iterate [line:68] INFO Select clients [np.int64(5)] at time 6.
2026-09-24 23:06:15,764 asyncbase.py iterate [line:73] INFO Receive new models from clients [4, 1, 6, 8] at time 6
2026-09-24 23:06:15,832 fedbase.py run [line:311] INFO --------------Round 5--------------
2026-09-24 23:06:15,832 simple_logger.py log_once [line:14] INFO Current_time:6
2026-09-24 23:06:17,339 simple_logger.py log_once [line:28] INFO test_accuracy                 0.0892
2026-09-24 23:06:17,339 simple_logger.py log_once [line:28] INFO test_loss                     5.8951
2026-09-24 23:06:17,339 simple_logger.py log_once [line:28] INFO val_accuracy                  0.0907
2026-09-24 23:06:17,339 simple_logger.py log_once [line:28] INFO mean_val_accuracy             0.0904
2026-09-24 23:06:17,339 simple_logger.py log_once [line:28] INFO std_val_accuracy              0.2536
2026-09-24 23:06:17,339 simple_logger.py log_once [line:28] INFO val_loss                      5.8904
2026-09-24 23:06:17,339 simple_logger.py log_once [line:28] INFO mean_val_loss                 5.8929
2026-09-24 23:06:17,339 simple_logger.py log_once [line:28] INFO std_val_loss                  2.6495
2026-09-24 23:06:17,339 fedbase.py run [line:316] INFO Eval Time Cost:               1.5073s
2026-09-24 23:06:17,348 asyncbase.py iterate [line:68] INFO Select clients [np.int64(14), np.int64(15), np.int64(1), np.int64(6)] at time 7.
2026-09-24 23:06:18,592 asyncbase.py iterate [line:73] INFO Receive new models from clients [1] at time 7
2026-09-24 23:06:18,627 fedbase.py run [line:311] INFO --------------Round 6--------------
2026-09-24 23:06:18,627 simple_logger.py log_once [line:14] INFO Current_time:7
2026-09-24 23:06:20,121 simple_logger.py log_once [line:28] INFO test_accuracy                 0.0892
2026-09-24 23:06:20,121 simple_logger.py log_once [line:28] INFO test_loss                     114.7219
2026-09-24 23:06:20,121 simple_logger.py log_once [line:28] INFO val_accuracy                  0.0907
2026-09-24 23:06:20,121 simple_logger.py log_once [line:28] INFO mean_val_accuracy             0.0904
2026-09-24 23:06:20,121 simple_logger.py log_once [line:28] INFO std_val_accuracy              0.2536
2026-09-24 23:06:20,121 simple_logger.py log_once [line:28] INFO val_loss                      114.3025
2026-09-24 23:06:20,121 simple_logger.py log_once [line:28] INFO mean_val_loss                 114.3242
2026-09-24 23:06:20,121 simple_logger.py log_once [line:28] INFO std_val_loss                  39.5785
2026-09-24 23:06:20,121 fedbase.py run [line:316] INFO Eval Time Cost:               1.4946s
2026-09-24 23:06:20,130 asyncbase.py iterate [line:68] INFO Select clients [np.int64(3), np.int64(0)] at time 8.
2026-09-24 23:06:20,750 asyncbase.py iterate [line:73] INFO Receive new models from clients [3, 0] at time 8
2026-09-24 23:06:20,805 fedbase.py run [line:311] INFO --------------Round 7--------------
2026-09-24 23:06:20,805 simple_logger.py log_once [line:14] INFO Current_time:8
2026-09-24 23:06:22,318 simple_logger.py log_once [line:28] INFO test_accuracy                 0.1009
2026-09-24 23:06:22,318 simple_logger.py log_once [line:28] INFO test_loss                     4.5607
2026-09-24 23:06:22,318 simple_logger.py log_once [line:28] INFO val_accuracy                  0.0999
2026-09-24 23:06:22,318 simple_logger.py log_once [line:28] INFO mean_val_accuracy             0.0994
2026-09-24 23:06:22,318 simple_logger.py log_once [line:28] INFO std_val_accuracy              0.2889
2026-09-24 23:06:22,318 simple_logger.py log_once [line:28] INFO val_loss                      4.5883
2026-09-24 23:06:22,318 simple_logger.py log_once [line:28] INFO mean_val_loss                 4.5866
2026-09-24 23:06:22,318 simple_logger.py log_once [line:28] INFO std_val_loss                  2.3244
2026-09-24 23:06:22,318 fedbase.py run [line:316] INFO Eval Time Cost:               1.5137s
2026-09-24 23:06:22,329 asyncbase.py iterate [line:68] INFO Select clients [np.int64(7), np.int64(19)] at time 9.
2026-09-24 23:06:22,953 asyncbase.py iterate [line:73] INFO Receive new models from clients [15, 5] at time 9
2026-09-24 23:06:22,996 fedbase.py run [line:311] INFO --------------Round 8--------------
2026-09-24 23:06:22,996 simple_logger.py log_once [line:14] INFO Current_time:9
2026-09-24 23:06:24,501 simple_logger.py log_once [line:28] INFO test_accuracy                 0.1009
2026-09-24 23:06:24,501 simple_logger.py log_once [line:28] INFO test_loss                     4.5579
2026-09-24 23:06:24,501 simple_logger.py log_once [line:28] INFO val_accuracy                  0.0999
2026-09-24 23:06:24,501 simple_logger.py log_once [line:28] INFO mean_val_accuracy             0.0994
2026-09-24 23:06:24,501 simple_logger.py log_once [line:28] INFO std_val_accuracy              0.2889
2026-09-24 23:06:24,501 simple_logger.py log_once [line:28] INFO val_loss                      4.5851
2026-09-24 23:06:24,501 simple_logger.py log_once [line:28] INFO mean_val_loss                 4.5833
2026-09-24 23:06:24,501 simple_logger.py log_once [line:28] INFO std_val_loss                  2.2901
2026-09-24 23:06:24,501 fedbase.py run [line:316] INFO Eval Time Cost:               1.5053s
2026-09-24 23:06:24,509 asyncbase.py iterate [line:68] INFO Select clients [np.int64(4), np.int64(5)] at time 10.
2026-09-24 23:06:25,126 asyncbase.py iterate [line:73] INFO Receive new models from clients [14, 6] at time 10
2026-09-24 23:06:25,182 fedbase.py run [line:311] INFO --------------Round 9--------------
2026-09-24 23:06:25,182 simple_logger.py log_once [line:14] INFO Current_time:10
2026-09-24 23:06:26,672 simple_logger.py log_once [line:28] INFO test_accuracy                 0.1009
2026-09-24 23:06:26,672 simple_logger.py log_once [line:28] INFO test_loss                     4.1399
2026-09-24 23:06:26,672 simple_logger.py log_once [line:28] INFO val_accuracy                  0.0999
2026-09-24 23:06:26,672 simple_logger.py log_once [line:28] INFO mean_val_accuracy             0.0994
2026-09-24 23:06:26,672 simple_logger.py log_once [line:28] INFO std_val_accuracy              0.2889
2026-09-24 23:06:26,672 simple_logger.py log_once [line:28] INFO val_loss                      4.1646
2026-09-24 23:06:26,672 simple_logger.py log_once [line:28] INFO mean_val_loss                 4.1631
2026-09-24 23:06:26,672 simple_logger.py log_once [line:28] INFO std_val_loss                  2.0536
2026-09-24 23:06:26,672 fedbase.py run [line:316] INFO Eval Time Cost:               1.4907s
2026-09-24 23:06:26,683 asyncbase.py iterate [line:68] INFO Select clients [np.int64(9)] at time 11.
2026-09-24 23:06:26,988 asyncbase.py iterate [line:73] INFO Receive new models from clients [19, 7] at time 11
2026-09-24 23:06:27,047 fedbase.py run [line:311] INFO --------------Round 10--------------
2026-09-24 23:06:27,047 simple_logger.py log_once [line:14] INFO Current_time:11
2026-09-24 23:06:28,539 simple_logger.py log_once [line:28] INFO test_accuracy                 0.0982
2026-09-24 23:06:28,539 simple_logger.py log_once [line:28] INFO test_loss                     2.6666
2026-09-24 23:06:28,539 simple_logger.py log_once [line:28] INFO val_accuracy                  0.0989
2026-09-24 23:06:28,539 simple_logger.py log_once [line:28] INFO mean_val_accuracy             0.0993
2026-09-24 23:06:28,539 simple_logger.py log_once [line:28] INFO std_val_accuracy              0.2797
2026-09-24 23:06:28,539 simple_logger.py log_once [line:28] INFO val_loss                      2.6679
2026-09-24 23:06:28,539 simple_logger.py log_once [line:28] INFO mean_val_loss                 2.6662
2026-09-24 23:06:28,539 simple_logger.py log_once [line:28] INFO std_val_loss                  0.7935
2026-09-24 23:06:28,539 fedbase.py run [line:316] INFO Eval Time Cost:               1.4921s
2026-09-24 23:06:28,547 asyncbase.py iterate [line:68] INFO Select clients [np.int64(7), np.int64(13), np.int64(1)] at time 12.
2026-09-24 23:06:29,497 asyncbase.py iterate [line:73] INFO Receive new models from clients [4, 5, 7] at time 13
2026-09-24 23:06:29,562 fedbase.py run [line:311] INFO --------------Round 11--------------
2026-09-24 23:06:29,562 simple_logger.py log_once [line:14] INFO Current_time:13
2026-09-24 23:06:31,066 simple_logger.py log_once [line:28] INFO test_accuracy                 0.0982
2026-09-24 23:06:31,066 simple_logger.py log_once [line:28] INFO test_loss                     5.4447
2026-09-24 23:06:31,066 simple_logger.py log_once [line:28] INFO val_accuracy                  0.0989
2026-09-24 23:06:31,066 simple_logger.py log_once [line:28] INFO mean_val_accuracy             0.0993
2026-09-24 23:06:31,066 simple_logger.py log_once [line:28] INFO std_val_accuracy              0.2797
2026-09-24 23:06:31,066 simple_logger.py log_once [line:28] INFO val_loss                      5.4381
2026-09-24 23:06:31,066 simple_logger.py log_once [line:28] INFO mean_val_loss                 5.4358
2026-09-24 23:06:31,066 simple_logger.py log_once [line:28] INFO std_val_loss                  1.8118
2026-09-24 23:06:31,066 fedbase.py run [line:316] INFO Eval Time Cost:               1.5045s
2026-09-24 23:06:31,077 asyncbase.py iterate [line:68] INFO Select clients [np.int64(19), np.int64(15)] at time 14.
2026-09-24 23:06:31,697 asyncbase.py iterate [line:73] INFO Receive new models from clients [9] at time 14
2026-09-24 23:06:31,729 fedbase.py run [line:311] INFO --------------Round 12--------------
2026-09-24 23:06:31,729 simple_logger.py log_once [line:14] INFO Current_time:14
2026-09-24 23:06:33,235 simple_logger.py log_once [line:28] INFO test_accuracy                 0.0982
2026-09-24 23:06:33,235 simple_logger.py log_once [line:28] INFO test_loss                     5.9095
2026-09-24 23:06:33,235 simple_logger.py log_once [line:28] INFO val_accuracy                  0.0989
2026-09-24 23:06:33,235 simple_logger.py log_once [line:28] INFO mean_val_accuracy             0.0993
2026-09-24 23:06:33,235 simple_logger.py log_once [line:28] INFO std_val_accuracy              0.2797
2026-09-24 23:06:33,235 simple_logger.py log_once [line:28] INFO val_loss                      5.9157
2026-09-24 23:06:33,235 simple_logger.py log_once [line:28] INFO mean_val_loss                 5.9101
2026-09-24 23:06:33,235 simple_logger.py log_once [line:28] INFO std_val_loss                  2.1102
2026-09-24 23:06:33,235 fedbase.py run [line:316] INFO Eval Time Cost:               1.5061s
2026-09-24 23:06:33,246 asyncbase.py iterate [line:68] INFO Select clients [np.int64(5)] at time 15.
2026-09-24 23:06:33,560 asyncbase.py iterate [line:73] INFO Receive new models from clients [1, 13] at time 15
2026-09-24 23:06:33,618 fedbase.py run [line:311] INFO --------------Round 13--------------
2026-09-24 23:06:33,618 simple_logger.py log_once [line:14] INFO Current_time:15
2026-09-24 23:06:35,115 simple_logger.py log_once [line:28] INFO test_accuracy                 0.0982
2026-09-24 23:06:35,115 simple_logger.py log_once [line:28] INFO test_loss                     5.2099
2026-09-24 23:06:35,115 simple_logger.py log_once [line:28] INFO val_accuracy                  0.0989
2026-09-24 23:06:35,115 simple_logger.py log_once [line:28] INFO mean_val_accuracy             0.0993
2026-09-24 23:06:35,115 simple_logger.py log_once [line:28] INFO std_val_accuracy              0.2797
2026-09-24 23:06:35,115 simple_logger.py log_once [line:28] INFO val_loss                      5.2191
2026-09-24 23:06:35,115 simple_logger.py log_once [line:28] INFO mean_val_loss                 5.2131
2026-09-24 23:06:35,115 simple_logger.py log_once [line:28] INFO std_val_loss                  2.2867
2026-09-24 23:06:35,115 fedbase.py run [line:316] INFO Eval Time Cost:               1.4973s
2026-09-24 23:06:35,124 asyncbase.py iterate [line:68] INFO Select clients [np.int64(9), np.int64(1), np.int64(3)] at time 16.
2026-09-24 23:06:36,055 asyncbase.py iterate [line:73] INFO Receive new models from clients [5, 19] at time 16
2026-09-24 23:06:36,098 fedbase.py run [line:311] INFO --------------Round 14--------------
2026-09-24 23:06:36,098 simple_logger.py log_once [line:14] INFO Current_time:16
2026-09-24 23:06:37,591 simple_logger.py log_once [line:28] INFO test_accuracy                 0.1028
2026-09-24 23:06:37,591 simple_logger.py log_once [line:28] INFO test_loss                     4.6259
2026-09-24 23:06:37,591 simple_logger.py log_once [line:28] INFO val_accuracy                  0.1043
2026-09-24 23:06:37,591 simple_logger.py log_once [line:28] INFO mean_val_accuracy             0.1043
2026-09-24 23:06:37,591 simple_logger.py log_once [line:28] INFO std_val_accuracy              0.2848
2026-09-24 23:06:37,591 simple_logger.py log_once [line:28] INFO val_loss                      4.6273
2026-09-24 23:06:37,591 simple_logger.py log_once [line:28] INFO mean_val_loss                 4.6232
2026-09-24 23:06:37,591 simple_logger.py log_once [line:28] INFO std_val_loss                  2.2410
2026-09-24 23:06:37,591 fedbase.py run [line:316] INFO Eval Time Cost:               1.4926s
2026-09-24 23:06:37,601 asyncbase.py iterate [line:68] INFO Select clients [np.int64(4)] at time 17.
2026-09-24 23:06:37,916 asyncbase.py iterate [line:73] INFO Receive new models from clients [9, 15] at time 17
2026-09-24 23:06:37,971 fedbase.py run [line:311] INFO --------------Round 15--------------
2026-09-24 23:06:37,971 simple_logger.py log_once [line:14] INFO Current_time:17
2026-09-24 23:06:39,473 simple_logger.py log_once [line:28] INFO test_accuracy                 0.1028
2026-09-24 23:06:39,473 simple_logger.py log_once [line:28] INFO test_loss                     5.3090
2026-09-24 23:06:39,473 simple_logger.py log_once [line:28] INFO val_accuracy                  0.1043
2026-09-24 23:06:39,473 simple_logger.py log_once [line:28] INFO mean_val_accuracy             0.1043
2026-09-24 23:06:39,473 simple_logger.py log_once [line:28] INFO std_val_accuracy              0.2848
2026-09-24 23:06:39,473 simple_logger.py log_once [line:28] INFO val_loss                      5.3295
2026-09-24 23:06:39,474 simple_logger.py log_once [line:28] INFO mean_val_loss                 5.3227
2026-09-24 23:06:39,474 simple_logger.py log_once [line:28] INFO std_val_loss                  3.0059
2026-09-24 23:06:39,474 fedbase.py run [line:316] INFO Eval Time Cost:               1.5021s
2026-09-24 23:06:39,482 asyncbase.py iterate [line:68] INFO Select clients [np.int64(6), np.int64(17), np.int64(7)] at time 18.
2026-09-24 23:06:40,418 asyncbase.py iterate [line:73] INFO Receive new models from clients [4, 3, 6] at time 18
2026-09-24 23:06:40,485 fedbase.py run [line:311] INFO --------------Round 16--------------
2026-09-24 23:06:40,485 simple_logger.py log_once [line:14] INFO Current_time:18
2026-09-24 23:06:41,985 simple_logger.py log_once [line:28] INFO test_accuracy                 0.1009
2026-09-24 23:06:41,986 simple_logger.py log_once [line:28] INFO test_loss                     3.7498
2026-09-24 23:06:41,986 simple_logger.py log_once [line:28] INFO val_accuracy                  0.0999
2026-09-24 23:06:41,986 simple_logger.py log_once [line:28] INFO mean_val_accuracy             0.0994
2026-09-24 23:06:41,986 simple_logger.py log_once [line:28] INFO std_val_accuracy              0.2889
2026-09-24 23:06:41,986 simple_logger.py log_once [line:28] INFO val_loss                      3.7701
2026-09-24 23:06:41,986 simple_logger.py log_once [line:28] INFO mean_val_loss                 3.7657
2026-09-24 23:06:41,986 simple_logger.py log_once [line:28] INFO std_val_loss                  2.3944
2026-09-24 23:06:41,986 fedbase.py run [line:316] INFO Eval Time Cost:               1.5004s
2026-09-24 23:06:41,996 asyncbase.py iterate [line:68] INFO Select clients [np.int64(10), np.int64(8), np.int64(18)] at time 19.
2026-09-24 23:06:42,924 asyncbase.py iterate [line:73] INFO Receive new models from clients [17, 1, 10, 8] at time 19
2026-09-24 23:06:43,000 fedbase.py run [line:311] INFO --------------Round 17--------------
2026-09-24 23:06:43,000 simple_logger.py log_once [line:14] INFO Current_time:19
2026-09-24 23:06:44,503 simple_logger.py log_once [line:28] INFO test_accuracy                 0.1015
2026-09-24 23:06:44,503 simple_logger.py log_once [line:28] INFO test_loss                     3.0026
2026-09-24 23:06:44,503 simple_logger.py log_once [line:28] INFO val_accuracy                  0.1025
2026-09-24 23:06:44,503 simple_logger.py log_once [line:28] INFO mean_val_accuracy             0.1022
2026-09-24 23:06:44,503 simple_logger.py log_once [line:28] INFO std_val_accuracy              0.2733
2026-09-24 23:06:44,503 simple_logger.py log_once [line:28] INFO val_loss                      2.9996
2026-09-24 23:06:44,503 simple_logger.py log_once [line:28] INFO mean_val_loss                 2.9969
2026-09-24 23:06:44,503 simple_logger.py log_once [line:28] INFO std_val_loss                  1.3951
2026-09-24 23:06:44,504 fedbase.py run [line:316] INFO Eval Time Cost:               1.5034s
2026-09-24 23:06:44,514 asyncbase.py iterate [line:68] INFO Select clients [np.int64(12), np.int64(4), np.int64(16), np.int64(19)] at time 20.
2026-09-24 23:06:45,774 asyncbase.py iterate [line:73] INFO Receive new models from clients [18, 19, 7] at time 20
2026-09-24 23:06:45,837 fedbase.py run [line:311] INFO --------------Round 18--------------
2026-09-24 23:06:45,837 simple_logger.py log_once [line:14] INFO Current_time:20
2026-09-24 23:06:47,357 simple_logger.py log_once [line:28] INFO test_accuracy                 0.0982
2026-09-24 23:06:47,357 simple_logger.py log_once [line:28] INFO test_loss                     3.8799
2026-09-24 23:06:47,357 simple_logger.py log_once [line:28] INFO val_accuracy                  0.0989
2026-09-24 23:06:47,357 simple_logger.py log_once [line:28] INFO mean_val_accuracy             0.0993
2026-09-24 23:06:47,357 simple_logger.py log_once [line:28] INFO std_val_accuracy              0.2797
2026-09-24 23:06:47,357 simple_logger.py log_once [line:28] INFO val_loss                      3.8652
2026-09-24 23:06:47,357 simple_logger.py log_once [line:28] INFO mean_val_loss                 3.8656
2026-09-24 23:06:47,357 simple_logger.py log_once [line:28] INFO std_val_loss                  1.9257
2026-09-24 23:06:47,357 fedbase.py run [line:316] INFO Eval Time Cost:               1.5199s
2026-09-24 23:06:47,369 asyncbase.py iterate [line:68] INFO Select clients [np.int64(15), np.int64(10), np.int64(14)] at time 21.
2026-09-24 23:06:48,321 asyncbase.py iterate [line:73] INFO Receive new models from clients [16, 15] at time 21
2026-09-24 23:06:48,381 fedbase.py run [line:311] INFO --------------Round 19--------------
2026-09-24 23:06:48,381 simple_logger.py log_once [line:14] INFO Current_time:21
2026-09-24 23:06:49,883 simple_logger.py log_once [line:28] INFO test_accuracy                 0.1135
2026-09-24 23:06:49,883 simple_logger.py log_once [line:28] INFO test_loss                     5.2875
2026-09-24 23:06:49,883 simple_logger.py log_once [line:28] INFO val_accuracy                  0.1119
2026-09-24 23:06:49,883 simple_logger.py log_once [line:28] INFO mean_val_accuracy             0.1111
2026-09-24 23:06:49,883 simple_logger.py log_once [line:28] INFO std_val_accuracy              0.2974
2026-09-24 23:06:49,883 simple_logger.py log_once [line:28] INFO val_loss                      5.2774
2026-09-24 23:06:49,883 simple_logger.py log_once [line:28] INFO mean_val_loss                 5.2777
2026-09-24 23:06:49,883 simple_logger.py log_once [line:28] INFO std_val_loss                  2.9132
2026-09-24 23:06:49,883 fedbase.py run [line:316] INFO Eval Time Cost:               1.5020s
2026-09-24 23:06:49,892 asyncbase.py iterate [line:68] INFO Select clients [np.int64(6), np.int64(0)] at time 22.
2026-09-24 23:06:50,514 asyncbase.py iterate [line:73] INFO Receive new models from clients [4, 0] at time 22
2026-09-24 23:06:50,571 fedbase.py run [line:311] INFO --------------Round 20--------------
2026-09-24 23:06:50,571 simple_logger.py log_once [line:14] INFO Current_time:22
2026-09-24 23:06:52,078 simple_logger.py log_once [line:28] INFO test_accuracy                 0.1135
2026-09-24 23:06:52,078 simple_logger.py log_once [line:28] INFO test_loss                     5.9119
2026-09-24 23:06:52,078 simple_logger.py log_once [line:28] INFO val_accuracy                  0.1119
2026-09-24 23:06:52,078 simple_logger.py log_once [line:28] INFO mean_val_accuracy             0.1111
2026-09-24 23:06:52,078 simple_logger.py log_once [line:28] INFO std_val_accuracy              0.2974
2026-09-24 23:06:52,078 simple_logger.py log_once [line:28] INFO val_loss                      5.9281
2026-09-24 23:06:52,078 simple_logger.py log_once [line:28] INFO mean_val_loss                 5.9248
2026-09-24 23:06:52,078 simple_logger.py log_once [line:28] INFO std_val_loss                  3.2260
2026-09-24 23:06:52,078 fedbase.py run [line:316] INFO Eval Time Cost:               1.5075s
2026-09-24 23:06:52,088 asyncbase.py iterate [line:68] INFO Select clients [np.int64(15), np.int64(0)] at time 23.
2026-09-24 23:06:52,716 asyncbase.py iterate [line:73] INFO Receive new models from clients [14, 10, 12] at time 23
2026-09-24 23:06:52,783 fedbase.py run [line:311] INFO --------------Round 21--------------
2026-09-24 23:06:52,783 simple_logger.py log_once [line:14] INFO Current_time:23
2026-09-24 23:06:54,283 simple_logger.py log_once [line:28] INFO test_accuracy                 0.1135
2026-09-24 23:06:54,283 simple_logger.py log_once [line:28] INFO test_loss                     3.8985
2026-09-24 23:06:54,283 simple_logger.py log_once [line:28] INFO val_accuracy                  0.1119
2026-09-24 23:06:54,283 simple_logger.py log_once [line:28] INFO mean_val_accuracy             0.1111
2026-09-24 23:06:54,283 simple_logger.py log_once [line:28] INFO std_val_accuracy              0.2974
2026-09-24 23:06:54,283 simple_logger.py log_once [line:28] INFO val_loss                      3.9118
2026-09-24 23:06:54,283 simple_logger.py log_once [line:28] INFO mean_val_loss                 3.9097
2026-09-24 23:06:54,283 simple_logger.py log_once [line:28] INFO std_val_loss                  1.9150
2026-09-24 23:06:54,283 fedbase.py run [line:316] INFO Eval Time Cost:               1.5000s
2026-09-24 23:06:54,293 asyncbase.py iterate [line:68] INFO Select clients [np.int64(9)] at time 24.
2026-09-24 23:06:54,618 asyncbase.py iterate [line:73] INFO Receive new models from clients [0, 9] at time 24
2026-09-24 23:06:54,678 fedbase.py run [line:311] INFO --------------Round 22--------------
2026-09-24 23:06:54,678 simple_logger.py log_once [line:14] INFO Current_time:24
2026-09-24 23:06:56,243 simple_logger.py log_once [line:28] INFO test_accuracy                 0.1032
2026-09-24 23:06:56,243 simple_logger.py log_once [line:28] INFO test_loss                     6.7070
2026-09-24 23:06:56,243 simple_logger.py log_once [line:28] INFO val_accuracy                  0.0983
2026-09-24 23:06:56,243 simple_logger.py log_once [line:28] INFO mean_val_accuracy             0.0993
2026-09-24 23:06:56,243 simple_logger.py log_once [line:28] INFO std_val_accuracy              0.2871
2026-09-24 23:06:56,243 simple_logger.py log_once [line:28] INFO val_loss                      6.7535
2026-09-24 23:06:56,243 simple_logger.py log_once [line:28] INFO mean_val_loss                 6.7446
2026-09-24 23:06:56,243 simple_logger.py log_once [line:28] INFO std_val_loss                  2.6487
2026-09-24 23:06:56,243 fedbase.py run [line:316] INFO Eval Time Cost:               1.5656s
2026-09-24 23:06:56,252 asyncbase.py iterate [line:68] INFO Select clients [np.int64(1), np.int64(14), np.int64(10)] at time 25.
2026-09-24 23:06:57,233 asyncbase.py iterate [line:73] INFO Receive new models from clients [6, 15] at time 25
2026-09-24 23:06:57,289 fedbase.py run [line:311] INFO --------------Round 23--------------
2026-09-24 23:06:57,289 simple_logger.py log_once [line:14] INFO Current_time:25
2026-09-24 23:06:58,787 simple_logger.py log_once [line:28] INFO test_accuracy                 0.1032
2026-09-24 23:06:58,787 simple_logger.py log_once [line:28] INFO test_loss                     6.8633
2026-09-24 23:06:58,787 simple_logger.py log_once [line:28] INFO val_accuracy                  0.0983
2026-09-24 23:06:58,787 simple_logger.py log_once [line:28] INFO mean_val_accuracy             0.0993
2026-09-24 23:06:58,787 simple_logger.py log_once [line:28] INFO std_val_accuracy              0.2871
2026-09-24 23:06:58,787 simple_logger.py log_once [line:28] INFO val_loss                      6.8987
2026-09-24 23:06:58,787 simple_logger.py log_once [line:28] INFO mean_val_loss                 6.8881
2026-09-24 23:06:58,787 simple_logger.py log_once [line:28] INFO std_val_loss                  2.6273
2026-09-24 23:06:58,787 fedbase.py run [line:316] INFO Eval Time Cost:               1.4978s
2026-09-24 23:06:58,798 asyncbase.py iterate [line:68] INFO Select clients [np.int64(9), np.int64(8), np.int64(4)] at time 26.
2026-09-24 23:06:59,722 asyncbase.py iterate [line:73] INFO Receive new models from clients [14, 8] at time 26
2026-09-24 23:06:59,780 fedbase.py run [line:311] INFO --------------Round 24--------------
2026-09-24 23:06:59,780 simple_logger.py log_once [line:14] INFO Current_time:26
2026-09-24 23:07:01,279 simple_logger.py log_once [line:28] INFO test_accuracy                 0.0958
2026-09-24 23:07:01,279 simple_logger.py log_once [line:28] INFO test_loss                     3.2115
2026-09-24 23:07:01,279 simple_logger.py log_once [line:28] INFO val_accuracy                  0.0981
2026-09-24 23:07:01,279 simple_logger.py log_once [line:28] INFO mean_val_accuracy             0.0983
2026-09-24 23:07:01,279 simple_logger.py log_once [line:28] INFO std_val_accuracy              0.2826
2026-09-24 23:07:01,279 simple_logger.py log_once [line:28] INFO val_loss                      3.2061
2026-09-24 23:07:01,279 simple_logger.py log_once [line:28] INFO mean_val_loss                 3.2032
2026-09-24 23:07:01,279 simple_logger.py log_once [line:28] INFO std_val_loss                  1.4857
2026-09-24 23:07:01,279 fedbase.py run [line:316] INFO Eval Time Cost:               1.4987s
2026-09-24 23:07:01,288 asyncbase.py iterate [line:68] INFO Select clients [np.int64(15), np.int64(6)] at time 27.
2026-09-24 23:07:01,913 asyncbase.py iterate [line:73] INFO Receive new models from clients [1, 9, 15, 10] at time 27
2026-09-24 23:07:01,992 fedbase.py run [line:311] INFO --------------Round 25--------------
2026-09-24 23:07:01,992 simple_logger.py log_once [line:14] INFO Current_time:27
2026-09-24 23:07:03,496 simple_logger.py log_once [line:28] INFO test_accuracy                 0.0980
2026-09-24 23:07:03,496 simple_logger.py log_once [line:28] INFO test_loss                     3.5895
2026-09-24 23:07:03,496 simple_logger.py log_once [line:28] INFO val_accuracy                  0.0990
2026-09-24 23:07:03,496 simple_logger.py log_once [line:28] INFO mean_val_accuracy             0.1000
2026-09-24 23:07:03,496 simple_logger.py log_once [line:28] INFO std_val_accuracy              0.2627
2026-09-24 23:07:03,496 simple_logger.py log_once [line:28] INFO val_loss                      3.5798
2026-09-24 23:07:03,496 simple_logger.py log_once [line:28] INFO mean_val_loss                 3.5779
2026-09-24 23:07:03,496 simple_logger.py log_once [line:28] INFO std_val_loss                  1.6346
2026-09-24 23:07:03,497 fedbase.py run [line:316] INFO Eval Time Cost:               1.5047s
2026-09-24 23:07:03,506 asyncbase.py iterate [line:68] INFO Select clients [np.int64(17), np.int64(10), np.int64(19)] at time 28.
2026-09-24 23:07:04,461 asyncbase.py iterate [line:73] INFO Receive new models from clients [4] at time 29
2026-09-24 23:07:04,495 fedbase.py run [line:311] INFO --------------Round 26--------------
2026-09-24 23:07:04,495 simple_logger.py log_once [line:14] INFO Current_time:29
2026-09-24 23:07:05,988 simple_logger.py log_once [line:28] INFO test_accuracy                 0.0982
2026-09-24 23:07:05,988 simple_logger.py log_once [line:28] INFO test_loss                     4.2703
2026-09-24 23:07:05,988 simple_logger.py log_once [line:28] INFO val_accuracy                  0.0989
2026-09-24 23:07:05,988 simple_logger.py log_once [line:28] INFO mean_val_accuracy             0.0993
2026-09-24 23:07:05,988 simple_logger.py log_once [line:28] INFO std_val_accuracy              0.2797
2026-09-24 23:07:05,988 simple_logger.py log_once [line:28] INFO val_loss                      4.2393
2026-09-24 23:07:05,988 simple_logger.py log_once [line:28] INFO mean_val_loss                 4.2437
2026-09-24 23:07:05,988 simple_logger.py log_once [line:28] INFO std_val_loss                  2.6576
2026-09-24 23:07:05,988 fedbase.py run [line:316] INFO Eval Time Cost:               1.4935s
2026-09-24 23:07:05,997 asyncbase.py iterate [line:68] INFO Select clients [np.int64(7), np.int64(0)] at time 30.
2026-09-24 23:07:06,609 asyncbase.py iterate [line:73] INFO Receive new models from clients [19, 6] at time 30
2026-09-24 23:07:06,667 fedbase.py run [line:311] INFO --------------Round 27--------------
2026-09-24 23:07:06,667 simple_logger.py log_once [line:14] INFO Current_time:30
2026-09-24 23:07:08,173 simple_logger.py log_once [line:28] INFO test_accuracy                 0.1028
2026-09-24 23:07:08,173 simple_logger.py log_once [line:28] INFO test_loss                     4.4978
2026-09-24 23:07:08,173 simple_logger.py log_once [line:28] INFO val_accuracy                  0.1043
2026-09-24 23:07:08,173 simple_logger.py log_once [line:28] INFO mean_val_accuracy             0.1043
2026-09-24 23:07:08,173 simple_logger.py log_once [line:28] INFO std_val_accuracy              0.2848
2026-09-24 23:07:08,173 simple_logger.py log_once [line:28] INFO val_loss                      4.4592
2026-09-24 23:07:08,173 simple_logger.py log_once [line:28] INFO mean_val_loss                 4.4645
2026-09-24 23:07:08,173 simple_logger.py log_once [line:28] INFO std_val_loss                  2.8915
2026-09-24 23:07:08,173 fedbase.py run [line:316] INFO Eval Time Cost:               1.5064s
2026-09-24 23:07:08,183 asyncbase.py iterate [line:68] INFO Select clients [np.int64(4)] at time 31.
2026-09-24 23:07:08,499 asyncbase.py iterate [line:73] INFO Receive new models from clients [10, 17] at time 31
2026-09-24 23:07:08,556 fedbase.py run [line:311] INFO --------------Round 28--------------
2026-09-24 23:07:08,557 simple_logger.py log_once [line:14] INFO Current_time:31
2026-09-24 23:07:10,044 simple_logger.py log_once [line:28] INFO test_accuracy                 0.0982
2026-09-24 23:07:10,044 simple_logger.py log_once [line:28] INFO test_loss                     5.2501
2026-09-24 23:07:10,044 simple_logger.py log_once [line:28] INFO val_accuracy                  0.0989
2026-09-24 23:07:10,044 simple_logger.py log_once [line:28] INFO mean_val_accuracy             0.0993
2026-09-24 23:07:10,044 simple_logger.py log_once [line:28] INFO std_val_accuracy              0.2797
2026-09-24 23:07:10,044 simple_logger.py log_once [line:28] INFO val_loss                      5.2064
2026-09-24 23:07:10,044 simple_logger.py log_once [line:28] INFO mean_val_loss                 5.2130
2026-09-24 23:07:10,044 simple_logger.py log_once [line:28] INFO std_val_loss                  3.1287
2026-09-24 23:07:10,045 fedbase.py run [line:316] INFO Eval Time Cost:               1.4880s
2026-09-24 23:07:10,053 asyncbase.py iterate [line:68] INFO Select clients [np.int64(17), np.int64(18)] at time 32.
2026-09-24 23:07:10,691 asyncbase.py iterate [line:73] INFO Receive new models from clients [0, 7, 18, 4] at time 32
2026-09-24 23:07:10,764 fedbase.py run [line:311] INFO --------------Round 29--------------
2026-09-24 23:07:10,764 simple_logger.py log_once [line:14] INFO Current_time:32
2026-09-24 23:07:12,266 simple_logger.py log_once [line:28] INFO test_accuracy                 0.0982
2026-09-24 23:07:12,266 simple_logger.py log_once [line:28] INFO test_loss                     6.0600
2026-09-24 23:07:12,266 simple_logger.py log_once [line:28] INFO val_accuracy                  0.0989
2026-09-24 23:07:12,266 simple_logger.py log_once [line:28] INFO mean_val_accuracy             0.0993
2026-09-24 23:07:12,266 simple_logger.py log_once [line:28] INFO std_val_accuracy              0.2797
2026-09-24 23:07:12,266 simple_logger.py log_once [line:28] INFO val_loss                      6.0276
2026-09-24 23:07:12,266 simple_logger.py log_once [line:28] INFO mean_val_loss                 6.0349
2026-09-24 23:07:12,266 simple_logger.py log_once [line:28] INFO std_val_loss                  3.2560
2026-09-24 23:07:12,266 fedbase.py run [line:316] INFO Eval Time Cost:               1.5017s
2026-09-24 23:07:12,277 asyncbase.py iterate [line:68] INFO Select clients [np.int64(12), np.int64(4), np.int64(8), np.int64(10), np.int64(3)] at time 33.
2026-09-24 23:07:13,937 asyncbase.py iterate [line:73] INFO Receive new models from clients [8, 10] at time 33
2026-09-24 23:07:14,001 fedbase.py run [line:311] INFO --------------Round 30--------------
2026-09-24 23:07:14,001 simple_logger.py log_once [line:14] INFO Current_time:33
2026-09-24 23:07:15,496 simple_logger.py log_once [line:28] INFO test_accuracy                 0.1135
2026-09-24 23:07:15,496 simple_logger.py log_once [line:28] INFO test_loss                     3.7462
2026-09-24 23:07:15,496 simple_logger.py log_once [line:28] INFO val_accuracy                  0.1119
2026-09-24 23:07:15,496 simple_logger.py log_once [line:28] INFO mean_val_accuracy             0.1111
2026-09-24 23:07:15,496 simple_logger.py log_once [line:28] INFO std_val_accuracy              0.2974
2026-09-24 23:07:15,496 simple_logger.py log_once [line:28] INFO val_loss                      3.7117
2026-09-24 23:07:15,496 simple_logger.py log_once [line:28] INFO mean_val_loss                 3.7148
2026-09-24 23:07:15,496 simple_logger.py log_once [line:28] INFO std_val_loss                  2.4282
2026-09-24 23:07:15,496 fedbase.py run [line:316] INFO Eval Time Cost:               1.4952s
2026-09-24 23:07:15,506 asyncbase.py iterate [line:68] INFO Select clients [np.int64(19)] at time 34.
2026-09-24 23:07:15,829 asyncbase.py iterate [line:73] INFO Receive new models from clients [3] at time 34
2026-09-24 23:07:15,862 fedbase.py run [line:311] INFO --------------Round 31--------------
2026-09-24 23:07:15,862 simple_logger.py log_once [line:14] INFO Current_time:34
2026-09-24 23:07:17,350 simple_logger.py log_once [line:28] INFO test_accuracy                 0.1009
2026-09-24 23:07:17,350 simple_logger.py log_once [line:28] INFO test_loss                     5.3308
2026-09-24 23:07:17,350 simple_logger.py log_once [line:28] INFO val_accuracy                  0.0999
2026-09-24 23:07:17,350 simple_logger.py log_once [line:28] INFO mean_val_accuracy             0.0994
2026-09-24 23:07:17,350 simple_logger.py log_once [line:28] INFO std_val_accuracy              0.2889
2026-09-24 23:07:17,350 simple_logger.py log_once [line:28] INFO val_loss                      5.3100
2026-09-24 23:07:17,350 simple_logger.py log_once [line:28] INFO mean_val_loss                 5.3169
2026-09-24 23:07:17,350 simple_logger.py log_once [line:28] INFO std_val_loss                  2.4924
2026-09-24 23:07:17,351 fedbase.py run [line:316] INFO Eval Time Cost:               1.4887s
2026-09-24 23:07:17,359 asyncbase.py iterate [line:73] INFO Receive new models from clients [17, 4] at time 35
2026-09-24 23:07:17,417 fedbase.py run [line:311] INFO --------------Round 32--------------
2026-09-24 23:07:17,418 simple_logger.py log_once [line:14] INFO Current_time:35
2026-09-24 23:07:18,922 simple_logger.py log_once [line:28] INFO test_accuracy                 0.1009
2026-09-24 23:07:18,922 simple_logger.py log_once [line:28] INFO test_loss                     5.5851
2026-09-24 23:07:18,922 simple_logger.py log_once [line:28] INFO val_accuracy                  0.0999
2026-09-24 23:07:18,922 simple_logger.py log_once [line:28] INFO mean_val_accuracy             0.0994
2026-09-24 23:07:18,922 simple_logger.py log_once [line:28] INFO std_val_accuracy              0.2889
2026-09-24 23:07:18,922 simple_logger.py log_once [line:28] INFO val_loss                      5.5647
2026-09-24 23:07:18,922 simple_logger.py log_once [line:28] INFO mean_val_loss                 5.5721
2026-09-24 23:07:18,922 simple_logger.py log_once [line:28] INFO std_val_loss                  2.6618
2026-09-24 23:07:18,922 fedbase.py run [line:316] INFO Eval Time Cost:               1.5049s
2026-09-24 23:07:18,932 asyncbase.py iterate [line:68] INFO Select clients [np.int64(0), np.int64(9), np.int64(5), np.int64(14)] at time 36.
2026-09-24 23:07:20,186 asyncbase.py iterate [line:73] INFO Receive new models from clients [12, 19, 5, 9] at time 36
2026-09-24 23:07:20,258 fedbase.py run [line:311] INFO --------------Round 33--------------
2026-09-24 23:07:20,258 simple_logger.py log_once [line:14] INFO Current_time:36
2026-09-24 23:07:21,753 simple_logger.py log_once [line:28] INFO test_accuracy                 0.1009
2026-09-24 23:07:21,754 simple_logger.py log_once [line:28] INFO test_loss                     6.7119
2026-09-24 23:07:21,754 simple_logger.py log_once [line:28] INFO val_accuracy                  0.0999
2026-09-24 23:07:21,754 simple_logger.py log_once [line:28] INFO mean_val_accuracy             0.0994
2026-09-24 23:07:21,754 simple_logger.py log_once [line:28] INFO std_val_accuracy              0.2889
2026-09-24 23:07:21,754 simple_logger.py log_once [line:28] INFO val_loss                      6.6849
2026-09-24 23:07:21,754 simple_logger.py log_once [line:28] INFO mean_val_loss                 6.6886
2026-09-24 23:07:21,754 simple_logger.py log_once [line:28] INFO std_val_loss                  3.7269
2026-09-24 23:07:21,754 fedbase.py run [line:316] INFO Eval Time Cost:               1.4955s
2026-09-24 23:07:21,763 asyncbase.py iterate [line:68] INFO Select clients [np.int64(3), np.int64(13)] at time 37.
2026-09-24 23:07:22,405 asyncbase.py iterate [line:73] INFO Receive new models from clients [13] at time 37
2026-09-24 23:07:22,438 fedbase.py run [line:311] INFO --------------Round 34--------------
2026-09-24 23:07:22,438 simple_logger.py log_once [line:14] INFO Current_time:37
2026-09-24 23:07:23,926 simple_logger.py log_once [line:28] INFO test_accuracy                 0.1010
2026-09-24 23:07:23,926 simple_logger.py log_once [line:28] INFO test_loss                     8.9296
2026-09-24 23:07:23,926 simple_logger.py log_once [line:28] INFO val_accuracy                  0.1020
2026-09-24 23:07:23,926 simple_logger.py log_once [line:28] INFO mean_val_accuracy             0.1016
2026-09-24 23:07:23,926 simple_logger.py log_once [line:28] INFO std_val_accuracy              0.2730
2026-09-24 23:07:23,926 simple_logger.py log_once [line:28] INFO val_loss                      8.8956
2026-09-24 23:07:23,926 simple_logger.py log_once [line:28] INFO mean_val_loss                 8.9015
2026-09-24 23:07:23,926 simple_logger.py log_once [line:28] INFO std_val_loss                  4.0114
2026-09-24 23:07:23,926 fedbase.py run [line:316] INFO Eval Time Cost:               1.4888s
2026-09-24 23:07:23,935 asyncbase.py iterate [line:68] INFO Select clients [np.int64(16), np.int64(7), np.int64(13)] at time 38.
2026-09-24 23:07:24,887 asyncbase.py iterate [line:73] INFO Receive new models from clients [14] at time 38
2026-09-24 23:07:24,919 fedbase.py run [line:311] INFO --------------Round 35--------------
2026-09-24 23:07:24,919 simple_logger.py log_once [line:14] INFO Current_time:38
2026-09-24 23:07:26,413 simple_logger.py log_once [line:28] INFO test_accuracy                 0.1010
2026-09-24 23:07:26,413 simple_logger.py log_once [line:28] INFO test_loss                     7.7845
2026-09-24 23:07:26,414 simple_logger.py log_once [line:28] INFO val_accuracy                  0.1020
2026-09-24 23:07:26,414 simple_logger.py log_once [line:28] INFO mean_val_accuracy             0.1016
2026-09-24 23:07:26,414 simple_logger.py log_once [line:28] INFO std_val_accuracy              0.2730
2026-09-24 23:07:26,414 simple_logger.py log_once [line:28] INFO val_loss                      7.7448
2026-09-24 23:07:26,414 simple_logger.py log_once [line:28] INFO mean_val_loss                 7.7565
2026-09-24 23:07:26,414 simple_logger.py log_once [line:28] INFO std_val_loss                  4.0026
2026-09-24 23:07:26,414 fedbase.py run [line:316] INFO Eval Time Cost:               1.4945s
2026-09-24 23:07:26,422 asyncbase.py iterate [line:68] INFO Select clients [np.int64(15)] at time 39.
2026-09-24 23:07:26,741 asyncbase.py iterate [line:73] INFO Receive new models from clients [0] at time 39
2026-09-24 23:07:26,773 fedbase.py run [line:311] INFO --------------Round 36--------------
2026-09-24 23:07:26,773 simple_logger.py log_once [line:14] INFO Current_time:39
2026-09-24 23:07:28,261 simple_logger.py log_once [line:28] INFO test_accuracy                 0.1010
2026-09-24 23:07:28,261 simple_logger.py log_once [line:28] INFO test_loss                     5.2308
2026-09-24 23:07:28,261 simple_logger.py log_once [line:28] INFO val_accuracy                  0.1020
2026-09-24 23:07:28,261 simple_logger.py log_once [line:28] INFO mean_val_accuracy             0.1016
2026-09-24 23:07:28,261 simple_logger.py log_once [line:28] INFO std_val_accuracy              0.2730
2026-09-24 23:07:28,261 simple_logger.py log_once [line:28] INFO val_loss                      5.2446
2026-09-24 23:07:28,261 simple_logger.py log_once [line:28] INFO mean_val_loss                 5.2433
2026-09-24 23:07:28,261 simple_logger.py log_once [line:28] INFO std_val_loss                  3.0140
2026-09-24 23:07:28,261 fedbase.py run [line:316] INFO Eval Time Cost:               1.4879s
2026-09-24 23:07:28,270 asyncbase.py iterate [line:68] INFO Select clients [np.int64(14)] at time 40.
2026-09-24 23:07:28,582 asyncbase.py iterate [line:73] INFO Receive new models from clients [13, 14, 3, 7] at time 40
2026-09-24 23:07:28,657 fedbase.py run [line:311] INFO --------------Round 37--------------
2026-09-24 23:07:28,660 simple_logger.py log_once [line:14] INFO Current_time:40
2026-09-24 23:07:30,160 simple_logger.py log_once [line:28] INFO test_accuracy                 0.0974
2026-09-24 23:07:30,160 simple_logger.py log_once [line:28] INFO test_loss                     5.4286
2026-09-24 23:07:30,160 simple_logger.py log_once [line:28] INFO val_accuracy                  0.0972
2026-09-24 23:07:30,160 simple_logger.py log_once [line:28] INFO mean_val_accuracy             0.0962
2026-09-24 23:07:30,160 simple_logger.py log_once [line:28] INFO std_val_accuracy              0.2801
2026-09-24 23:07:30,160 simple_logger.py log_once [line:28] INFO val_loss                      5.4459
2026-09-24 23:07:30,160 simple_logger.py log_once [line:28] INFO mean_val_loss                 5.4449
2026-09-24 23:07:30,161 simple_logger.py log_once [line:28] INFO std_val_loss                  2.9037
2026-09-24 23:07:30,161 fedbase.py run [line:316] INFO Eval Time Cost:               1.5009s
2026-09-24 23:07:30,170 asyncbase.py iterate [line:68] INFO Select clients [np.int64(8), np.int64(0), np.int64(18)] at time 41.
2026-09-24 23:07:31,108 asyncbase.py iterate [line:73] INFO Receive new models from clients [15, 8, 16] at time 41
2026-09-24 23:07:31,172 fedbase.py run [line:311] INFO --------------Round 38--------------
2026-09-24 23:07:31,172 simple_logger.py log_once [line:14] INFO Current_time:41
2026-09-24 23:07:32,646 simple_logger.py log_once [line:28] INFO test_accuracy                 0.1032
2026-09-24 23:07:32,646 simple_logger.py log_once [line:28] INFO test_loss                     4.3414
2026-09-24 23:07:32,647 simple_logger.py log_once [line:28] INFO val_accuracy                  0.0983
2026-09-24 23:07:32,647 simple_logger.py log_once [line:28] INFO mean_val_accuracy             0.0993
2026-09-24 23:07:32,647 simple_logger.py log_once [line:28] INFO std_val_accuracy              0.2871
2026-09-24 23:07:32,647 simple_logger.py log_once [line:28] INFO val_loss                      4.3610
2026-09-24 23:07:32,647 simple_logger.py log_once [line:28] INFO mean_val_loss                 4.3568
2026-09-24 23:07:32,647 simple_logger.py log_once [line:28] INFO std_val_loss                  1.8333
2026-09-24 23:07:32,647 fedbase.py run [line:316] INFO Eval Time Cost:               1.4746s
2026-09-24 23:07:32,657 asyncbase.py iterate [line:68] INFO Select clients [np.int64(8), np.int64(4), np.int64(9)] at time 42.
2026-09-24 23:07:33,600 asyncbase.py iterate [line:73] INFO Receive new models from clients [9] at time 42
2026-09-24 23:07:33,631 fedbase.py run [line:311] INFO --------------Round 39--------------
2026-09-24 23:07:33,632 simple_logger.py log_once [line:14] INFO Current_time:42
2026-09-24 23:07:35,127 simple_logger.py log_once [line:28] INFO test_accuracy                 0.1032
2026-09-24 23:07:35,127 simple_logger.py log_once [line:28] INFO test_loss                     5.1311
2026-09-24 23:07:35,127 simple_logger.py log_once [line:28] INFO val_accuracy                  0.0983
2026-09-24 23:07:35,127 simple_logger.py log_once [line:28] INFO mean_val_accuracy             0.0993
2026-09-24 23:07:35,127 simple_logger.py log_once [line:28] INFO std_val_accuracy              0.2871
2026-09-24 23:07:35,128 simple_logger.py log_once [line:28] INFO val_loss                      5.1592
2026-09-24 23:07:35,128 simple_logger.py log_once [line:28] INFO mean_val_loss                 5.1538
2026-09-24 23:07:35,128 simple_logger.py log_once [line:28] INFO std_val_loss                  1.7935
2026-09-24 23:07:35,128 fedbase.py run [line:316] INFO Eval Time Cost:               1.4961s
2026-09-24 23:07:35,137 asyncbase.py iterate [line:68] INFO Select clients [np.int64(1)] at time 43.
2026-09-24 23:07:35,471 asyncbase.py iterate [line:73] INFO Receive new models from clients [4] at time 43
2026-09-24 23:07:35,508 fedbase.py run [line:311] INFO --------------Round 40--------------
2026-09-24 23:07:35,508 simple_logger.py log_once [line:14] INFO Current_time:43
2026-09-24 23:07:37,004 simple_logger.py log_once [line:28] INFO test_accuracy                 0.0982
2026-09-24 23:07:37,004 simple_logger.py log_once [line:28] INFO test_loss                     4.1305
2026-09-24 23:07:37,004 simple_logger.py log_once [line:28] INFO val_accuracy                  0.0989
2026-09-24 23:07:37,004 simple_logger.py log_once [line:28] INFO mean_val_accuracy             0.0993
2026-09-24 23:07:37,004 simple_logger.py log_once [line:28] INFO std_val_accuracy              0.2797
2026-09-24 23:07:37,004 simple_logger.py log_once [line:28] INFO val_loss                      4.1457
2026-09-24 23:07:37,004 simple_logger.py log_once [line:28] INFO mean_val_loss                 4.1423
2026-09-24 23:07:37,004 simple_logger.py log_once [line:28] INFO std_val_loss                  1.6139
2026-09-24 23:07:37,004 fedbase.py run [line:316] INFO Eval Time Cost:               1.4961s
2026-09-24 23:07:37,015 asyncbase.py iterate [line:68] INFO Select clients [np.int64(14)] at time 44.
2026-09-24 23:07:37,331 asyncbase.py iterate [line:73] INFO Receive new models from clients [8, 0, 18] at time 44
2026-09-24 23:07:37,394 fedbase.py run [line:311] INFO --------------Round 41--------------
2026-09-24 23:07:37,394 simple_logger.py log_once [line:14] INFO Current_time:44
2026-09-24 23:07:38,899 simple_logger.py log_once [line:28] INFO test_accuracy                 0.0982
2026-09-24 23:07:38,899 simple_logger.py log_once [line:28] INFO test_loss                     4.7254
2026-09-24 23:07:38,899 simple_logger.py log_once [line:28] INFO val_accuracy                  0.0989
2026-09-24 23:07:38,899 simple_logger.py log_once [line:28] INFO mean_val_accuracy             0.0993
2026-09-24 23:07:38,899 simple_logger.py log_once [line:28] INFO std_val_accuracy              0.2797
2026-09-24 23:07:38,899 simple_logger.py log_once [line:28] INFO val_loss                      4.7377
2026-09-24 23:07:38,899 simple_logger.py log_once [line:28] INFO mean_val_loss                 4.7351
2026-09-24 23:07:38,899 simple_logger.py log_once [line:28] INFO std_val_loss                  2.1132
2026-09-24 23:07:38,899 fedbase.py run [line:316] INFO Eval Time Cost:               1.5051s
2026-09-24 23:07:38,909 asyncbase.py iterate [line:68] INFO Select clients [np.int64(9), np.int64(19)] at time 45.
2026-09-24 23:07:39,537 asyncbase.py iterate [line:68] INFO Select clients [np.int64(0), np.int64(12)] at time 46.
2026-09-24 23:07:40,156 asyncbase.py iterate [line:73] INFO Receive new models from clients [9, 12, 14, 1] at time 46
2026-09-24 23:07:40,227 fedbase.py run [line:311] INFO --------------Round 42--------------
2026-09-24 23:07:40,228 simple_logger.py log_once [line:14] INFO Current_time:46
2026-09-24 23:07:41,722 simple_logger.py log_once [line:28] INFO test_accuracy                 0.1135
2026-09-24 23:07:41,722 simple_logger.py log_once [line:28] INFO test_loss                     3.6230
2026-09-24 23:07:41,722 simple_logger.py log_once [line:28] INFO val_accuracy                  0.1119
2026-09-24 23:07:41,722 simple_logger.py log_once [line:28] INFO mean_val_accuracy             0.1111
2026-09-24 23:07:41,722 simple_logger.py log_once [line:28] INFO std_val_accuracy              0.2974
2026-09-24 23:07:41,722 simple_logger.py log_once [line:28] INFO val_loss                      3.6222
2026-09-24 23:07:41,722 simple_logger.py log_once [line:28] INFO mean_val_loss                 3.6220
2026-09-24 23:07:41,722 simple_logger.py log_once [line:28] INFO std_val_loss                  1.4822
2026-09-24 23:07:41,722 fedbase.py run [line:316] INFO Eval Time Cost:               1.4944s
2026-09-24 23:07:41,732 asyncbase.py iterate [line:68] INFO Select clients [np.int64(16), np.int64(10), np.int64(3)] at time 47.
2026-09-24 23:07:42,679 asyncbase.py iterate [line:73] INFO Receive new models from clients [10] at time 47
2026-09-24 23:07:42,710 fedbase.py run [line:311] INFO --------------Round 43--------------
2026-09-24 23:07:42,710 simple_logger.py log_once [line:14] INFO Current_time:47
2026-09-24 23:07:44,205 simple_logger.py log_once [line:28] INFO test_accuracy                 0.0892
2026-09-24 23:07:44,205 simple_logger.py log_once [line:28] INFO test_loss                     5.0651
2026-09-24 23:07:44,205 simple_logger.py log_once [line:28] INFO val_accuracy                  0.0907
2026-09-24 23:07:44,205 simple_logger.py log_once [line:28] INFO mean_val_accuracy             0.0904
2026-09-24 23:07:44,205 simple_logger.py log_once [line:28] INFO std_val_accuracy              0.2536
2026-09-24 23:07:44,205 simple_logger.py log_once [line:28] INFO val_loss                      5.0461
2026-09-24 23:07:44,205 simple_logger.py log_once [line:28] INFO mean_val_loss                 5.0473
2026-09-24 23:07:44,205 simple_logger.py log_once [line:28] INFO std_val_loss                  1.7492
2026-09-24 23:07:44,205 fedbase.py run [line:316] INFO Eval Time Cost:               1.4956s
2026-09-24 23:07:44,216 asyncbase.py iterate [line:68] INFO Select clients [np.int64(17)] at time 48.
2026-09-24 23:07:44,536 asyncbase.py iterate [line:73] INFO Receive new models from clients [19, 17] at time 48
2026-09-24 23:07:44,595 fedbase.py run [line:311] INFO --------------Round 44--------------
2026-09-24 23:07:44,595 simple_logger.py log_once [line:14] INFO Current_time:48
2026-09-24 23:07:46,093 simple_logger.py log_once [line:28] INFO test_accuracy                 0.0892
2026-09-24 23:07:46,093 simple_logger.py log_once [line:28] INFO test_loss                     4.0122
2026-09-24 23:07:46,093 simple_logger.py log_once [line:28] INFO val_accuracy                  0.0907
2026-09-24 23:07:46,093 simple_logger.py log_once [line:28] INFO mean_val_accuracy             0.0904
2026-09-24 23:07:46,093 simple_logger.py log_once [line:28] INFO std_val_accuracy              0.2536
2026-09-24 23:07:46,093 simple_logger.py log_once [line:28] INFO val_loss                      3.9881
2026-09-24 23:07:46,093 simple_logger.py log_once [line:28] INFO mean_val_loss                 3.9890
2026-09-24 23:07:46,093 simple_logger.py log_once [line:28] INFO std_val_loss                  1.5816
2026-09-24 23:07:46,093 fedbase.py run [line:316] INFO Eval Time Cost:               1.4981s
2026-09-24 23:07:46,102 asyncbase.py iterate [line:68] INFO Select clients [np.int64(13), np.int64(15)] at time 49.
2026-09-24 23:07:46,732 asyncbase.py iterate [line:73] INFO Receive new models from clients [16, 0] at time 49
2026-09-24 23:07:46,788 fedbase.py run [line:311] INFO --------------Round 45--------------
2026-09-24 23:07:46,788 simple_logger.py log_once [line:14] INFO Current_time:49
2026-09-24 23:07:48,268 simple_logger.py log_once [line:28] INFO test_accuracy                 0.0892
2026-09-24 23:07:48,268 simple_logger.py log_once [line:28] INFO test_loss                     3.3283
2026-09-24 23:07:48,268 simple_logger.py log_once [line:28] INFO val_accuracy                  0.0907
2026-09-24 23:07:48,268 simple_logger.py log_once [line:28] INFO mean_val_accuracy             0.0904
2026-09-24 23:07:48,268 simple_logger.py log_once [line:28] INFO std_val_accuracy              0.2536
2026-09-24 23:07:48,268 simple_logger.py log_once [line:28] INFO val_loss                      3.3145
2026-09-24 23:07:48,268 simple_logger.py log_once [line:28] INFO mean_val_loss                 3.3143
2026-09-24 23:07:48,268 simple_logger.py log_once [line:28] INFO std_val_loss                  1.3158
2026-09-24 23:07:48,269 fedbase.py run [line:316] INFO Eval Time Cost:               1.4807s
2026-09-24 23:07:48,279 asyncbase.py iterate [line:68] INFO Select clients [np.int64(0), np.int64(16)] at time 50.
2026-09-24 23:07:48,906 asyncbase.py iterate [line:73] INFO Receive new models from clients [3, 0] at time 50
2026-09-24 23:07:48,962 fedbase.py run [line:311] INFO --------------Round 46--------------
2026-09-24 23:07:48,962 simple_logger.py log_once [line:14] INFO Current_time:50
2026-09-24 23:07:50,478 simple_logger.py log_once [line:28] INFO test_accuracy                 0.1009
2026-09-24 23:07:50,478 simple_logger.py log_once [line:28] INFO test_loss                     4.0464
2026-09-24 23:07:50,478 simple_logger.py log_once [line:28] INFO val_accuracy                  0.0999
2026-09-24 23:07:50,478 simple_logger.py log_once [line:28] INFO mean_val_accuracy             0.0994
2026-09-24 23:07:50,478 simple_logger.py log_once [line:28] INFO std_val_accuracy              0.2889
2026-09-24 23:07:50,478 simple_logger.py log_once [line:28] INFO val_loss                      4.0590
2026-09-24 23:07:50,478 simple_logger.py log_once [line:28] INFO mean_val_loss                 4.0560
2026-09-24 23:07:50,478 simple_logger.py log_once [line:28] INFO std_val_loss                  1.9797
2026-09-24 23:07:50,478 fedbase.py run [line:316] INFO Eval Time Cost:               1.5164s
2026-09-24 23:07:50,488 asyncbase.py iterate [line:68] INFO Select clients [np.int64(12), np.int64(6), np.int64(18)] at time 51.
2026-09-24 23:07:51,443 asyncbase.py iterate [line:73] INFO Receive new models from clients [15, 6] at time 51
2026-09-24 23:07:51,501 fedbase.py run [line:311] INFO --------------Round 47--------------
2026-09-24 23:07:51,501 simple_logger.py log_once [line:14] INFO Current_time:51
2026-09-24 23:07:53,008 simple_logger.py log_once [line:28] INFO test_accuracy                 0.1009
2026-09-24 23:07:53,008 simple_logger.py log_once [line:28] INFO test_loss                     4.1167
2026-09-24 23:07:53,008 simple_logger.py log_once [line:28] INFO val_accuracy                  0.0999
2026-09-24 23:07:53,008 simple_logger.py log_once [line:28] INFO mean_val_accuracy             0.0994
2026-09-24 23:07:53,008 simple_logger.py log_once [line:28] INFO std_val_accuracy              0.2889
2026-09-24 23:07:53,008 simple_logger.py log_once [line:28] INFO val_loss                      4.1244
2026-09-24 23:07:53,008 simple_logger.py log_once [line:28] INFO mean_val_loss                 4.1201
2026-09-24 23:07:53,008 simple_logger.py log_once [line:28] INFO std_val_loss                  2.2159
2026-09-24 23:07:53,008 fedbase.py run [line:316] INFO Eval Time Cost:               1.5073s
2026-09-24 23:07:53,018 asyncbase.py iterate [line:68] INFO Select clients [np.int64(5), np.int64(3)] at time 52.
2026-09-24 23:07:53,643 asyncbase.py iterate [line:73] INFO Receive new models from clients [16, 3, 13, 5] at time 52
2026-09-24 23:07:53,718 fedbase.py run [line:311] INFO --------------Round 48--------------
2026-09-24 23:07:53,719 simple_logger.py log_once [line:14] INFO Current_time:52
2026-09-24 23:07:55,223 simple_logger.py log_once [line:28] INFO test_accuracy                 0.1009
2026-09-24 23:07:55,223 simple_logger.py log_once [line:28] INFO test_loss                     5.8264
2026-09-24 23:07:55,223 simple_logger.py log_once [line:28] INFO val_accuracy                  0.0999
2026-09-24 23:07:55,223 simple_logger.py log_once [line:28] INFO mean_val_accuracy             0.0994
2026-09-24 23:07:55,223 simple_logger.py log_once [line:28] INFO std_val_accuracy              0.2889
2026-09-24 23:07:55,223 simple_logger.py log_once [line:28] INFO val_loss                      5.8363
2026-09-24 23:07:55,223 simple_logger.py log_once [line:28] INFO mean_val_loss                 5.8323
2026-09-24 23:07:55,223 simple_logger.py log_once [line:28] INFO std_val_loss                  2.9508
2026-09-24 23:07:55,223 fedbase.py run [line:316] INFO Eval Time Cost:               1.5045s
2026-09-24 23:07:55,231 asyncbase.py iterate [line:68] INFO Select clients [np.int64(3), np.int64(9), np.int64(4), np.int64(19)] at time 53.
2026-09-24 23:07:56,484 asyncbase.py iterate [line:73] INFO Receive new models from clients [18, 4] at time 53
2026-09-24 23:07:56,542 fedbase.py run [line:311] INFO --------------Round 49--------------
2026-09-24 23:07:56,542 simple_logger.py log_once [line:14] INFO Current_time:53
2026-09-24 23:07:58,059 simple_logger.py log_once [line:28] INFO test_accuracy                 0.0958
2026-09-24 23:07:58,059 simple_logger.py log_once [line:28] INFO test_loss                     3.5049
2026-09-24 23:07:58,059 simple_logger.py log_once [line:28] INFO val_accuracy                  0.0981
2026-09-24 23:07:58,059 simple_logger.py log_once [line:28] INFO mean_val_accuracy             0.0983
2026-09-24 23:07:58,060 simple_logger.py log_once [line:28] INFO std_val_accuracy              0.2826
2026-09-24 23:07:58,060 simple_logger.py log_once [line:28] INFO val_loss                      3.5122
2026-09-24 23:07:58,060 simple_logger.py log_once [line:28] INFO mean_val_loss                 3.5127
2026-09-24 23:07:58,060 simple_logger.py log_once [line:28] INFO std_val_loss                  1.6404
2026-09-24 23:07:58,060 fedbase.py run [line:316] INFO Eval Time Cost:               1.5179s
2026-09-24 23:07:58,069 asyncbase.py iterate [line:68] INFO Select clients [np.int64(8)] at time 54.
2026-09-24 23:07:58,376 asyncbase.py iterate [line:73] INFO Receive new models from clients [12, 19, 8] at time 54
2026-09-24 23:07:58,442 fedbase.py run [line:311] INFO --------------Round 50--------------
2026-09-24 23:07:58,442 simple_logger.py log_once [line:14] INFO Current_time:54
2026-09-24 23:07:59,934 simple_logger.py log_once [line:28] INFO test_accuracy                 0.1135
2026-09-24 23:07:59,934 simple_logger.py log_once [line:28] INFO test_loss                     3.3342
2026-09-24 23:07:59,934 simple_logger.py log_once [line:28] INFO val_accuracy                  0.1119
2026-09-24 23:07:59,934 simple_logger.py log_once [line:28] INFO mean_val_accuracy             0.1111
2026-09-24 23:07:59,934 simple_logger.py log_once [line:28] INFO std_val_accuracy              0.2974
2026-09-24 23:07:59,934 simple_logger.py log_once [line:28] INFO val_loss                      3.3278
2026-09-24 23:07:59,934 simple_logger.py log_once [line:28] INFO mean_val_loss                 3.3255
2026-09-24 23:07:59,934 simple_logger.py log_once [line:28] INFO std_val_loss                  1.4138
2026-09-24 23:07:59,934 fedbase.py run [line:316] INFO Eval Time Cost:               1.4924s
2026-09-24 23:07:59,944 asyncbase.py iterate [line:68] INFO Select clients [np.int64(7), np.int64(16), np.int64(14)] at time 55.
2026-09-24 23:08:00,891 asyncbase.py iterate [line:73] INFO Receive new models from clients [3, 7, 14] at time 55
2026-09-24 23:08:00,956 fedbase.py run [line:311] INFO --------------Round 51--------------
2026-09-24 23:08:00,956 simple_logger.py log_once [line:14] INFO Current_time:55
2026-09-24 23:08:02,449 simple_logger.py log_once [line:28] INFO test_accuracy                 0.0980
2026-09-24 23:08:02,449 simple_logger.py log_once [line:28] INFO test_loss                     2.9238
2026-09-24 23:08:02,449 simple_logger.py log_once [line:28] INFO val_accuracy                  0.0990
2026-09-24 23:08:02,449 simple_logger.py log_once [line:28] INFO mean_val_accuracy             0.1000
2026-09-24 23:08:02,449 simple_logger.py log_once [line:28] INFO std_val_accuracy              0.2627
2026-09-24 23:08:02,449 simple_logger.py log_once [line:28] INFO val_loss                      2.9130
2026-09-24 23:08:02,449 simple_logger.py log_once [line:28] INFO mean_val_loss                 2.9127
2026-09-24 23:08:02,449 simple_logger.py log_once [line:28] INFO std_val_loss                  1.1213
2026-09-24 23:08:02,450 fedbase.py run [line:316] INFO Eval Time Cost:               1.4934s
2026-09-24 23:08:02,459 asyncbase.py iterate [line:68] INFO Select clients [np.int64(17), np.int64(7), np.int64(15)] at time 56.
2026-09-24 23:08:03,402 asyncbase.py iterate [line:73] INFO Receive new models from clients [9, 16] at time 56
2026-09-24 23:08:03,459 fedbase.py run [line:311] INFO --------------Round 52--------------
2026-09-24 23:08:03,459 simple_logger.py log_once [line:14] INFO Current_time:56
2026-09-24 23:08:04,962 simple_logger.py log_once [line:28] INFO test_accuracy                 0.1009
2026-09-24 23:08:04,962 simple_logger.py log_once [line:28] INFO test_loss                     2.8410
2026-09-24 23:08:04,962 simple_logger.py log_once [line:28] INFO val_accuracy                  0.0999
2026-09-24 23:08:04,962 simple_logger.py log_once [line:28] INFO mean_val_accuracy             0.0994
2026-09-24 23:08:04,962 simple_logger.py log_once [line:28] INFO std_val_accuracy              0.2889
2026-09-24 23:08:04,962 simple_logger.py log_once [line:28] INFO val_loss                      2.8365
2026-09-24 23:08:04,962 simple_logger.py log_once [line:28] INFO mean_val_loss                 2.8377
2026-09-24 23:08:04,962 simple_logger.py log_once [line:28] INFO std_val_loss                  1.0111
2026-09-24 23:08:04,962 fedbase.py run [line:316] INFO Eval Time Cost:               1.5035s
2026-09-24 23:08:04,971 asyncbase.py iterate [line:68] INFO Select clients [np.int64(19), np.int64(9)] at time 57.
2026-09-24 23:08:05,597 asyncbase.py iterate [line:73] INFO Receive new models from clients [15, 17] at time 57
2026-09-24 23:08:05,654 fedbase.py run [line:311] INFO --------------Round 53--------------
2026-09-24 23:08:05,654 simple_logger.py log_once [line:14] INFO Current_time:57
2026-09-24 23:08:07,160 simple_logger.py log_once [line:28] INFO test_accuracy                 0.1009
2026-09-24 23:08:07,160 simple_logger.py log_once [line:28] INFO test_loss                     2.9548
2026-09-24 23:08:07,160 simple_logger.py log_once [line:28] INFO val_accuracy                  0.0999
2026-09-24 23:08:07,160 simple_logger.py log_once [line:28] INFO mean_val_accuracy             0.0994
2026-09-24 23:08:07,160 simple_logger.py log_once [line:28] INFO std_val_accuracy              0.2889
2026-09-24 23:08:07,160 simple_logger.py log_once [line:28] INFO val_loss                      2.9488
2026-09-24 23:08:07,160 simple_logger.py log_once [line:28] INFO mean_val_loss                 2.9509
2026-09-24 23:08:07,160 simple_logger.py log_once [line:28] INFO std_val_loss                  1.1431
2026-09-24 23:08:07,160 fedbase.py run [line:316] INFO Eval Time Cost:               1.5065s
2026-09-24 23:08:07,171 asyncbase.py iterate [line:68] INFO Select clients [np.int64(6), np.int64(17)] at time 58.
2026-09-24 23:08:07,797 asyncbase.py iterate [line:73] INFO Receive new models from clients [19] at time 58
2026-09-24 23:08:07,828 fedbase.py run [line:311] INFO --------------Round 54--------------
2026-09-24 23:08:07,828 simple_logger.py log_once [line:14] INFO Current_time:58
2026-09-24 23:08:09,324 simple_logger.py log_once [line:28] INFO test_accuracy                 0.1028
2026-09-24 23:08:09,324 simple_logger.py log_once [line:28] INFO test_loss                     6.0222
2026-09-24 23:08:09,324 simple_logger.py log_once [line:28] INFO val_accuracy                  0.1043
2026-09-24 23:08:09,324 simple_logger.py log_once [line:28] INFO mean_val_accuracy             0.1043
2026-09-24 23:08:09,324 simple_logger.py log_once [line:28] INFO std_val_accuracy              0.2848
2026-09-24 23:08:09,324 simple_logger.py log_once [line:28] INFO val_loss                      6.0088
2026-09-24 23:08:09,324 simple_logger.py log_once [line:28] INFO mean_val_loss                 6.0098
2026-09-24 23:08:09,325 simple_logger.py log_once [line:28] INFO std_val_loss                  2.1491
2026-09-24 23:08:09,325 fedbase.py run [line:316] INFO Eval Time Cost:               1.4970s
2026-09-24 23:08:09,334 asyncbase.py iterate [line:68] INFO Select clients [np.int64(10)] at time 59.
2026-09-24 23:08:09,646 asyncbase.py iterate [line:73] INFO Receive new models from clients [7] at time 59
2026-09-24 23:08:09,678 fedbase.py run [line:311] INFO --------------Round 55--------------
2026-09-24 23:08:09,678 simple_logger.py log_once [line:14] INFO Current_time:59
2026-09-24 23:08:11,179 simple_logger.py log_once [line:28] INFO test_accuracy                 0.1028
2026-09-24 23:08:11,179 simple_logger.py log_once [line:28] INFO test_loss                     6.4676
2026-09-24 23:08:11,179 simple_logger.py log_once [line:28] INFO val_accuracy                  0.1043
2026-09-24 23:08:11,179 simple_logger.py log_once [line:28] INFO mean_val_accuracy             0.1043
2026-09-24 23:08:11,179 simple_logger.py log_once [line:28] INFO std_val_accuracy              0.2848
2026-09-24 23:08:11,179 simple_logger.py log_once [line:28] INFO val_loss                      6.4560
2026-09-24 23:08:11,179 simple_logger.py log_once [line:28] INFO mean_val_loss                 6.4568
2026-09-24 23:08:11,179 simple_logger.py log_once [line:28] INFO std_val_loss                  2.6305
2026-09-24 23:08:11,179 fedbase.py run [line:316] INFO Eval Time Cost:               1.5014s
2026-09-24 23:08:11,189 asyncbase.py iterate [line:68] INFO Select clients [np.int64(18)] at time 60.
2026-09-24 23:08:11,501 asyncbase.py iterate [line:73] INFO Receive new models from clients [6, 10, 9] at time 60
2026-09-24 23:08:11,567 fedbase.py run [line:311] INFO --------------Round 56--------------
2026-09-24 23:08:11,567 simple_logger.py log_once [line:14] INFO Current_time:60
2026-09-24 23:08:13,065 simple_logger.py log_once [line:28] INFO test_accuracy                 0.1028
2026-09-24 23:08:13,065 simple_logger.py log_once [line:28] INFO test_loss                     6.0711
2026-09-24 23:08:13,065 simple_logger.py log_once [line:28] INFO val_accuracy                  0.1043
2026-09-24 23:08:13,065 simple_logger.py log_once [line:28] INFO mean_val_accuracy             0.1043
2026-09-24 23:08:13,065 simple_logger.py log_once [line:28] INFO std_val_accuracy              0.2848
2026-09-24 23:08:13,065 simple_logger.py log_once [line:28] INFO val_loss                      6.0581
2026-09-24 23:08:13,065 simple_logger.py log_once [line:28] INFO mean_val_loss                 6.0562
2026-09-24 23:08:13,065 simple_logger.py log_once [line:28] INFO std_val_loss                  2.6549
2026-09-24 23:08:13,066 fedbase.py run [line:316] INFO Eval Time Cost:               1.4981s
2026-09-24 23:08:13,076 asyncbase.py iterate [line:68] INFO Select clients [np.int64(8), np.int64(0), np.int64(15)] at time 61.
2026-09-24 23:08:14,002 asyncbase.py iterate [line:73] INFO Receive new models from clients [17] at time 61
2026-09-24 23:08:14,033 fedbase.py run [line:311] INFO --------------Round 57--------------
2026-09-24 23:08:14,033 simple_logger.py log_once [line:14] INFO Current_time:61
2026-09-24 23:08:15,540 simple_logger.py log_once [line:28] INFO test_accuracy                 0.1028
2026-09-24 23:08:15,540 simple_logger.py log_once [line:28] INFO test_loss                     7.3906
2026-09-24 23:08:15,540 simple_logger.py log_once [line:28] INFO val_accuracy                  0.1043
2026-09-24 23:08:15,540 simple_logger.py log_once [line:28] INFO mean_val_accuracy             0.1043
2026-09-24 23:08:15,540 simple_logger.py log_once [line:28] INFO std_val_accuracy              0.2848
2026-09-24 23:08:15,540 simple_logger.py log_once [line:28] INFO val_loss                      7.3723
2026-09-24 23:08:15,540 simple_logger.py log_once [line:28] INFO mean_val_loss                 7.3688
2026-09-24 23:08:15,540 simple_logger.py log_once [line:28] INFO std_val_loss                  3.5771
2026-09-24 23:08:15,540 fedbase.py run [line:316] INFO Eval Time Cost:               1.5072s
2026-09-24 23:08:15,550 asyncbase.py iterate [line:68] INFO Select clients [np.int64(4)] at time 62.
2026-09-24 23:08:15,860 asyncbase.py iterate [line:73] INFO Receive new models from clients [8] at time 62
2026-09-24 23:08:15,892 fedbase.py run [line:311] INFO --------------Round 58--------------
2026-09-24 23:08:15,892 simple_logger.py log_once [line:14] INFO Current_time:62
2026-09-24 23:08:17,397 simple_logger.py log_once [line:28] INFO test_accuracy                 0.0980
2026-09-24 23:08:17,397 simple_logger.py log_once [line:28] INFO test_loss                     4.3717
2026-09-24 23:08:17,397 simple_logger.py log_once [line:28] INFO val_accuracy                  0.0990
2026-09-24 23:08:17,397 simple_logger.py log_once [line:28] INFO mean_val_accuracy             0.1000
2026-09-24 23:08:17,397 simple_logger.py log_once [line:28] INFO std_val_accuracy              0.2627
2026-09-24 23:08:17,397 simple_logger.py log_once [line:28] INFO val_loss                      4.3556
2026-09-24 23:08:17,397 simple_logger.py log_once [line:28] INFO mean_val_loss                 4.3456
2026-09-24 23:08:17,397 simple_logger.py log_once [line:28] INFO std_val_loss                  2.1963
2026-09-24 23:08:17,397 fedbase.py run [line:316] INFO Eval Time Cost:               1.5053s
2026-09-24 23:08:17,407 asyncbase.py iterate [line:68] INFO Select clients [np.int64(1)] at time 63.
2026-09-24 23:08:17,716 asyncbase.py iterate [line:73] INFO Receive new models from clients [18] at time 63
2026-09-24 23:08:17,749 fedbase.py run [line:311] INFO --------------Round 59--------------
2026-09-24 23:08:17,749 simple_logger.py log_once [line:14] INFO Current_time:63
2026-09-24 23:08:19,274 simple_logger.py log_once [line:28] INFO test_accuracy                 0.1135
2026-09-24 23:08:19,274 simple_logger.py log_once [line:28] INFO test_loss                     6.2138
2026-09-24 23:08:19,274 simple_logger.py log_once [line:28] INFO val_accuracy                  0.1119
2026-09-24 23:08:19,275 simple_logger.py log_once [line:28] INFO mean_val_accuracy             0.1111
2026-09-24 23:08:19,275 simple_logger.py log_once [line:28] INFO std_val_accuracy              0.2974
2026-09-24 23:08:19,275 simple_logger.py log_once [line:28] INFO val_loss                      6.2244
2026-09-24 23:08:19,275 simple_logger.py log_once [line:28] INFO mean_val_loss                 6.2208
2026-09-24 23:08:19,275 simple_logger.py log_once [line:28] INFO std_val_loss                  2.9093
2026-09-24 23:08:19,275 fedbase.py run [line:316] INFO Eval Time Cost:               1.5254s
2026-09-24 23:08:19,284 asyncbase.py iterate [line:68] INFO Select clients [np.int64(3), np.int64(12)] at time 64.
2026-09-24 23:08:19,912 asyncbase.py iterate [line:73] INFO Receive new models from clients [0, 1, 3, 15] at time 64
2026-09-24 23:08:19,985 fedbase.py run [line:311] INFO --------------Round 60--------------
2026-09-24 23:08:19,985 simple_logger.py log_once [line:14] INFO Current_time:64
2026-09-24 23:08:21,489 simple_logger.py log_once [line:28] INFO test_accuracy                 0.1135
2026-09-24 23:08:21,489 simple_logger.py log_once [line:28] INFO test_loss                     7.1822
2026-09-24 23:08:21,489 simple_logger.py log_once [line:28] INFO val_accuracy                  0.1119
2026-09-24 23:08:21,489 simple_logger.py log_once [line:28] INFO mean_val_accuracy             0.1111
2026-09-24 23:08:21,489 simple_logger.py log_once [line:28] INFO std_val_accuracy              0.2974
2026-09-24 23:08:21,489 simple_logger.py log_once [line:28] INFO val_loss                      7.1997
2026-09-24 23:08:21,489 simple_logger.py log_once [line:28] INFO mean_val_loss                 7.2008
2026-09-24 23:08:21,489 simple_logger.py log_once [line:28] INFO std_val_loss                  2.8237
2026-09-24 23:08:21,489 fedbase.py run [line:316] INFO Eval Time Cost:               1.5036s
2026-09-24 23:08:21,498 asyncbase.py iterate [line:68] INFO Select clients [np.int64(8), np.int64(18), np.int64(0)] at time 65.
2026-09-24 23:08:22,454 asyncbase.py iterate [line:73] INFO Receive new models from clients [4, 0] at time 65
2026-09-24 23:08:22,512 fedbase.py run [line:311] INFO --------------Round 61--------------
2026-09-24 23:08:22,512 simple_logger.py log_once [line:14] INFO Current_time:65
2026-09-24 23:08:24,005 simple_logger.py log_once [line:28] INFO test_accuracy                 0.1135
2026-09-24 23:08:24,005 simple_logger.py log_once [line:28] INFO test_loss                     7.1801
2026-09-24 23:08:24,005 simple_logger.py log_once [line:28] INFO val_accuracy                  0.1119
2026-09-24 23:08:24,005 simple_logger.py log_once [line:28] INFO mean_val_accuracy             0.1111
2026-09-24 23:08:24,005 simple_logger.py log_once [line:28] INFO std_val_accuracy              0.2974
2026-09-24 23:08:24,005 simple_logger.py log_once [line:28] INFO val_loss                      7.2179
2026-09-24 23:08:24,005 simple_logger.py log_once [line:28] INFO mean_val_loss                 7.2173
2026-09-24 23:08:24,005 simple_logger.py log_once [line:28] INFO std_val_loss                  3.0731
2026-09-24 23:08:24,005 fedbase.py run [line:316] INFO Eval Time Cost:               1.4932s
2026-09-24 23:08:24,016 asyncbase.py iterate [line:68] INFO Select clients [np.int64(10), np.int64(14), np.int64(7)] at time 66.
2026-09-24 23:08:24,957 asyncbase.py iterate [line:73] INFO Receive new models from clients [18] at time 66
2026-09-24 23:08:24,990 fedbase.py run [line:311] INFO --------------Round 62--------------
2026-09-24 23:08:24,990 simple_logger.py log_once [line:14] INFO Current_time:66
2026-09-24 23:08:26,489 simple_logger.py log_once [line:28] INFO test_accuracy                 0.1135
2026-09-24 23:08:26,489 simple_logger.py log_once [line:28] INFO test_loss                     7.4935
2026-09-24 23:08:26,489 simple_logger.py log_once [line:28] INFO val_accuracy                  0.1119
2026-09-24 23:08:26,489 simple_logger.py log_once [line:28] INFO mean_val_accuracy             0.1111
2026-09-24 23:08:26,490 simple_logger.py log_once [line:28] INFO std_val_accuracy              0.2974
2026-09-24 23:08:26,490 simple_logger.py log_once [line:28] INFO val_loss                      7.5324
2026-09-24 23:08:26,490 simple_logger.py log_once [line:28] INFO mean_val_loss                 7.5321
2026-09-24 23:08:26,490 simple_logger.py log_once [line:28] INFO std_val_loss                  3.1658
2026-09-24 23:08:26,490 fedbase.py run [line:316] INFO Eval Time Cost:               1.4993s
2026-09-24 23:08:26,499 asyncbase.py iterate [line:68] INFO Select clients [np.int64(6)] at time 67.
2026-09-24 23:08:26,813 asyncbase.py iterate [line:73] INFO Receive new models from clients [8, 6, 12] at time 67
2026-09-24 23:08:26,878 fedbase.py run [line:311] INFO --------------Round 63--------------
2026-09-24 23:08:26,878 simple_logger.py log_once [line:14] INFO Current_time:67
2026-09-24 23:08:28,378 simple_logger.py log_once [line:28] INFO test_accuracy                 0.1135
2026-09-24 23:08:28,378 simple_logger.py log_once [line:28] INFO test_loss                     2.8825
2026-09-24 23:08:28,378 simple_logger.py log_once [line:28] INFO val_accuracy                  0.1119
2026-09-24 23:08:28,378 simple_logger.py log_once [line:28] INFO mean_val_accuracy             0.1111
2026-09-24 23:08:28,378 simple_logger.py log_once [line:28] INFO std_val_accuracy              0.2974
2026-09-24 23:08:28,378 simple_logger.py log_once [line:28] INFO val_loss                      2.8889
2026-09-24 23:08:28,378 simple_logger.py log_once [line:28] INFO mean_val_loss                 2.8854
2026-09-24 23:08:28,378 simple_logger.py log_once [line:28] INFO std_val_loss                  1.1844
2026-09-24 23:08:28,378 fedbase.py run [line:316] INFO Eval Time Cost:               1.4999s
2026-09-24 23:08:28,388 asyncbase.py iterate [line:68] INFO Select clients [np.int64(8), np.int64(15), np.int64(3)] at time 68.
2026-09-24 23:08:29,329 asyncbase.py iterate [line:73] INFO Receive new models from clients [7, 3, 14, 10] at time 69
2026-09-24 23:08:29,403 fedbase.py run [line:311] INFO --------------Round 64--------------
2026-09-24 23:08:29,403 simple_logger.py log_once [line:14] INFO Current_time:69
2026-09-24 23:08:30,909 simple_logger.py log_once [line:28] INFO test_accuracy                 0.0892
2026-09-24 23:08:30,909 simple_logger.py log_once [line:28] INFO test_loss                     4.4950
2026-09-24 23:08:30,909 simple_logger.py log_once [line:28] INFO val_accuracy                  0.0907
2026-09-24 23:08:30,909 simple_logger.py log_once [line:28] INFO mean_val_accuracy             0.0904
2026-09-24 23:08:30,909 simple_logger.py log_once [line:28] INFO std_val_accuracy              0.2536
2026-09-24 23:08:30,909 simple_logger.py log_once [line:28] INFO val_loss                      4.4739
2026-09-24 23:08:30,909 simple_logger.py log_once [line:28] INFO mean_val_loss                 4.4718
2026-09-24 23:08:30,909 simple_logger.py log_once [line:28] INFO std_val_loss                  1.9338
2026-09-24 23:08:30,909 fedbase.py run [line:316] INFO Eval Time Cost:               1.5060s
2026-09-24 23:08:30,919 asyncbase.py iterate [line:68] INFO Select clients [np.int64(9), np.int64(7)] at time 70.
2026-09-24 23:08:31,546 asyncbase.py iterate [line:68] INFO Select clients [np.int64(3), np.int64(17)] at time 71.
2026-09-24 23:08:32,184 asyncbase.py iterate [line:73] INFO Receive new models from clients [9, 8, 15] at time 71
2026-09-24 23:08:32,247 fedbase.py run [line:311] INFO --------------Round 65--------------
2026-09-24 23:08:32,248 simple_logger.py log_once [line:14] INFO Current_time:71
2026-09-24 23:08:33,726 simple_logger.py log_once [line:28] INFO test_accuracy                 0.0892
2026-09-24 23:08:33,726 simple_logger.py log_once [line:28] INFO test_loss                     3.7580
2026-09-24 23:08:33,726 simple_logger.py log_once [line:28] INFO val_accuracy                  0.0907
2026-09-24 23:08:33,726 simple_logger.py log_once [line:28] INFO mean_val_accuracy             0.0904
2026-09-24 23:08:33,726 simple_logger.py log_once [line:28] INFO std_val_accuracy              0.2536
2026-09-24 23:08:33,726 simple_logger.py log_once [line:28] INFO val_loss                      3.7527
2026-09-24 23:08:33,727 simple_logger.py log_once [line:28] INFO mean_val_loss                 3.7480
2026-09-24 23:08:33,727 simple_logger.py log_once [line:28] INFO std_val_loss                  1.8302
2026-09-24 23:08:33,727 fedbase.py run [line:316] INFO Eval Time Cost:               1.4791s
2026-09-24 23:08:33,735 asyncbase.py iterate [line:68] INFO Select clients [np.int64(6), np.int64(10)] at time 72.
2026-09-24 23:08:34,379 asyncbase.py iterate [line:68] INFO Select clients [np.int64(19)] at time 73.
2026-09-24 23:08:34,692 asyncbase.py iterate [line:73] INFO Receive new models from clients [7, 17] at time 73
2026-09-24 23:08:34,747 fedbase.py run [line:311] INFO --------------Round 66--------------
2026-09-24 23:08:34,747 simple_logger.py log_once [line:14] INFO Current_time:73
2026-09-24 23:08:36,246 simple_logger.py log_once [line:28] INFO test_accuracy                 0.0982
2026-09-24 23:08:36,246 simple_logger.py log_once [line:28] INFO test_loss                     3.6701
2026-09-24 23:08:36,246 simple_logger.py log_once [line:28] INFO val_accuracy                  0.0989
2026-09-24 23:08:36,246 simple_logger.py log_once [line:28] INFO mean_val_accuracy             0.0993
2026-09-24 23:08:36,246 simple_logger.py log_once [line:28] INFO std_val_accuracy              0.2797
2026-09-24 23:08:36,246 simple_logger.py log_once [line:28] INFO val_loss                      3.6732
2026-09-24 23:08:36,246 simple_logger.py log_once [line:28] INFO mean_val_loss                 3.6678
2026-09-24 23:08:36,246 simple_logger.py log_once [line:28] INFO std_val_loss                  1.6963
2026-09-24 23:08:36,246 fedbase.py run [line:316] INFO Eval Time Cost:               1.4992s
2026-09-24 23:08:36,255 asyncbase.py iterate [line:68] INFO Select clients [np.int64(18)] at time 74.
2026-09-24 23:08:36,577 asyncbase.py iterate [line:73] INFO Receive new models from clients [3] at time 74
2026-09-24 23:08:36,609 fedbase.py run [line:311] INFO --------------Round 67--------------
2026-09-24 23:08:36,609 simple_logger.py log_once [line:14] INFO Current_time:74
2026-09-24 23:08:38,103 simple_logger.py log_once [line:28] INFO test_accuracy                 0.1009
2026-09-24 23:08:38,103 simple_logger.py log_once [line:28] INFO test_loss                     4.4210
2026-09-24 23:08:38,103 simple_logger.py log_once [line:28] INFO val_accuracy                  0.0999
2026-09-24 23:08:38,103 simple_logger.py log_once [line:28] INFO mean_val_accuracy             0.0994
2026-09-24 23:08:38,103 simple_logger.py log_once [line:28] INFO std_val_accuracy              0.2889
2026-09-24 23:08:38,103 simple_logger.py log_once [line:28] INFO val_loss                      4.4374
2026-09-24 23:08:38,103 simple_logger.py log_once [line:28] INFO mean_val_loss                 4.4343
2026-09-24 23:08:38,103 simple_logger.py log_once [line:28] INFO std_val_loss                  2.5098
2026-09-24 23:08:38,103 fedbase.py run [line:316] INFO Eval Time Cost:               1.4943s
2026-09-24 23:08:38,112 asyncbase.py iterate [line:68] INFO Select clients [np.int64(13)] at time 75.
2026-09-24 23:08:38,427 asyncbase.py iterate [line:73] INFO Receive new models from clients [6, 18, 10] at time 75
2026-09-24 23:08:38,492 fedbase.py run [line:311] INFO --------------Round 68--------------
2026-09-24 23:08:38,493 simple_logger.py log_once [line:14] INFO Current_time:75
2026-09-24 23:08:39,988 simple_logger.py log_once [line:28] INFO test_accuracy                 0.1009
2026-09-24 23:08:39,988 simple_logger.py log_once [line:28] INFO test_loss                     4.5950
2026-09-24 23:08:39,988 simple_logger.py log_once [line:28] INFO val_accuracy                  0.0999
2026-09-24 23:08:39,988 simple_logger.py log_once [line:28] INFO mean_val_accuracy             0.0994
2026-09-24 23:08:39,988 simple_logger.py log_once [line:28] INFO std_val_accuracy              0.2889
2026-09-24 23:08:39,988 simple_logger.py log_once [line:28] INFO val_loss                      4.6074
2026-09-24 23:08:39,988 simple_logger.py log_once [line:28] INFO mean_val_loss                 4.6077
2026-09-24 23:08:39,988 simple_logger.py log_once [line:28] INFO std_val_loss                  2.4306
2026-09-24 23:08:39,988 fedbase.py run [line:316] INFO Eval Time Cost:               1.4953s
2026-09-24 23:08:39,996 asyncbase.py iterate [line:68] INFO Select clients [np.int64(4), np.int64(1), np.int64(10)] at time 76.
2026-09-24 23:08:40,953 asyncbase.py iterate [line:73] INFO Receive new models from clients [19, 13] at time 76
2026-09-24 23:08:41,009 fedbase.py run [line:311] INFO --------------Round 69--------------
2026-09-24 23:08:41,009 simple_logger.py log_once [line:14] INFO Current_time:76
2026-09-24 23:08:42,498 simple_logger.py log_once [line:28] INFO test_accuracy                 0.1010
2026-09-24 23:08:42,498 simple_logger.py log_once [line:28] INFO test_loss                     4.4972
2026-09-24 23:08:42,498 simple_logger.py log_once [line:28] INFO val_accuracy                  0.1020
2026-09-24 23:08:42,498 simple_logger.py log_once [line:28] INFO mean_val_accuracy             0.1016
2026-09-24 23:08:42,498 simple_logger.py log_once [line:28] INFO std_val_accuracy              0.2730
2026-09-24 23:08:42,498 simple_logger.py log_once [line:28] INFO val_loss                      4.4991
2026-09-24 23:08:42,498 simple_logger.py log_once [line:28] INFO mean_val_loss                 4.5011
2026-09-24 23:08:42,498 simple_logger.py log_once [line:28] INFO std_val_loss                  2.8963
2026-09-24 23:08:42,498 fedbase.py run [line:316] INFO Eval Time Cost:               1.4894s
2026-09-24 23:08:42,509 asyncbase.py iterate [line:68] INFO Select clients [np.int64(13), np.int64(18)] at time 77.
2026-09-24 23:08:43,139 asyncbase.py iterate [line:73] INFO Receive new models from clients [10, 4, 13] at time 77
2026-09-24 23:08:43,203 fedbase.py run [line:311] INFO --------------Round 70--------------
2026-09-24 23:08:43,204 simple_logger.py log_once [line:14] INFO Current_time:77
2026-09-24 23:08:44,694 simple_logger.py log_once [line:28] INFO test_accuracy                 0.1010
2026-09-24 23:08:44,694 simple_logger.py log_once [line:28] INFO test_loss                     4.2445
2026-09-24 23:08:44,694 simple_logger.py log_once [line:28] INFO val_accuracy                  0.1020
2026-09-24 23:08:44,694 simple_logger.py log_once [line:28] INFO mean_val_accuracy             0.1016
2026-09-24 23:08:44,694 simple_logger.py log_once [line:28] INFO std_val_accuracy              0.2730
2026-09-24 23:08:44,694 simple_logger.py log_once [line:28] INFO val_loss                      4.2388
2026-09-24 23:08:44,694 simple_logger.py log_once [line:28] INFO mean_val_loss                 4.2404
2026-09-24 23:08:44,694 simple_logger.py log_once [line:28] INFO std_val_loss                  2.1638
2026-09-24 23:08:44,694 fedbase.py run [line:316] INFO Eval Time Cost:               1.4907s
2026-09-24 23:08:44,704 asyncbase.py iterate [line:68] INFO Select clients [np.int64(13), np.int64(17), np.int64(10)] at time 78.
2026-09-24 23:08:45,647 asyncbase.py iterate [line:73] INFO Receive new models from clients [18, 1, 17] at time 78
2026-09-24 23:08:45,712 fedbase.py run [line:311] INFO --------------Round 71--------------
2026-09-24 23:08:45,713 simple_logger.py log_once [line:14] INFO Current_time:78
2026-09-24 23:08:47,205 simple_logger.py log_once [line:28] INFO test_accuracy                 0.1010
2026-09-24 23:08:47,206 simple_logger.py log_once [line:28] INFO test_loss                     5.0676
2026-09-24 23:08:47,206 simple_logger.py log_once [line:28] INFO val_accuracy                  0.1020
2026-09-24 23:08:47,206 simple_logger.py log_once [line:28] INFO mean_val_accuracy             0.1016
2026-09-24 23:08:47,206 simple_logger.py log_once [line:28] INFO std_val_accuracy              0.2730
2026-09-24 23:08:47,206 simple_logger.py log_once [line:28] INFO val_loss                      5.0620
2026-09-24 23:08:47,206 simple_logger.py log_once [line:28] INFO mean_val_loss                 5.0631
2026-09-24 23:08:47,206 simple_logger.py log_once [line:28] INFO std_val_loss                  2.5690
2026-09-24 23:08:47,206 fedbase.py run [line:316] INFO Eval Time Cost:               1.4932s
2026-09-24 23:08:47,216 asyncbase.py iterate [line:68] INFO Select clients [np.int64(7), np.int64(6)] at time 79.
2026-09-24 23:08:47,854 asyncbase.py iterate [line:68] INFO Select clients [np.int64(12)] at time 80.
2026-09-24 23:08:48,165 asyncbase.py iterate [line:73] INFO Receive new models from clients [10, 13] at time 80
2026-09-24 23:08:48,222 fedbase.py run [line:311] INFO --------------Round 72--------------
2026-09-24 23:08:48,222 simple_logger.py log_once [line:14] INFO Current_time:80
2026-09-24 23:08:49,721 simple_logger.py log_once [line:28] INFO test_accuracy                 0.1010
2026-09-24 23:08:49,721 simple_logger.py log_once [line:28] INFO test_loss                     5.1821
2026-09-24 23:08:49,721 simple_logger.py log_once [line:28] INFO val_accuracy                  0.1020
2026-09-24 23:08:49,721 simple_logger.py log_once [line:28] INFO mean_val_accuracy             0.1016
2026-09-24 23:08:49,721 simple_logger.py log_once [line:28] INFO std_val_accuracy              0.2730
2026-09-24 23:08:49,721 simple_logger.py log_once [line:28] INFO val_loss                      5.1726
2026-09-24 23:08:49,721 simple_logger.py log_once [line:28] INFO mean_val_loss                 5.1743
2026-09-24 23:08:49,721 simple_logger.py log_once [line:28] INFO std_val_loss                  2.3275
2026-09-24 23:08:49,721 fedbase.py run [line:316] INFO Eval Time Cost:               1.4994s
2026-09-24 23:08:49,731 asyncbase.py iterate [line:68] INFO Select clients [np.int64(3), np.int64(8), np.int64(13)] at time 81.
2026-09-24 23:08:50,715 asyncbase.py iterate [line:73] INFO Receive new models from clients [7, 13, 6] at time 82
2026-09-24 23:08:50,780 fedbase.py run [line:311] INFO --------------Round 73--------------
2026-09-24 23:08:50,780 simple_logger.py log_once [line:14] INFO Current_time:82
2026-09-24 23:08:52,292 simple_logger.py log_once [line:28] INFO test_accuracy                 0.0982
2026-09-24 23:08:52,292 simple_logger.py log_once [line:28] INFO test_loss                     3.2711
2026-09-24 23:08:52,292 simple_logger.py log_once [line:28] INFO val_accuracy                  0.0989
2026-09-24 23:08:52,292 simple_logger.py log_once [line:28] INFO mean_val_accuracy             0.0993
2026-09-24 23:08:52,292 simple_logger.py log_once [line:28] INFO std_val_accuracy              0.2797
2026-09-24 23:08:52,292 simple_logger.py log_once [line:28] INFO val_loss                      3.2575
2026-09-24 23:08:52,292 simple_logger.py log_once [line:28] INFO mean_val_loss                 3.2574
2026-09-24 23:08:52,292 simple_logger.py log_once [line:28] INFO std_val_loss                  1.6553
2026-09-24 23:08:52,292 fedbase.py run [line:316] INFO Eval Time Cost:               1.5119s
2026-09-24 23:08:52,300 asyncbase.py iterate [line:68] INFO Select clients [np.int64(6), np.int64(13), np.int64(18)] at time 83.
2026-09-24 23:08:53,234 asyncbase.py iterate [line:73] INFO Receive new models from clients [12, 18] at time 83
2026-09-24 23:08:53,291 fedbase.py run [line:311] INFO --------------Round 74--------------
2026-09-24 23:08:53,291 simple_logger.py log_once [line:14] INFO Current_time:83
2026-09-24 23:08:54,793 simple_logger.py log_once [line:28] INFO test_accuracy                 0.0892
2026-09-24 23:08:54,793 simple_logger.py log_once [line:28] INFO test_loss                     3.8013
2026-09-24 23:08:54,793 simple_logger.py log_once [line:28] INFO val_accuracy                  0.0907
2026-09-24 23:08:54,793 simple_logger.py log_once [line:28] INFO mean_val_accuracy             0.0904
2026-09-24 23:08:54,793 simple_logger.py log_once [line:28] INFO std_val_accuracy              0.2536
2026-09-24 23:08:54,793 simple_logger.py log_once [line:28] INFO val_loss                      3.7861
2026-09-24 23:08:54,793 simple_logger.py log_once [line:28] INFO mean_val_loss                 3.7849
2026-09-24 23:08:54,793 simple_logger.py log_once [line:28] INFO std_val_loss                  1.8535
2026-09-24 23:08:54,793 fedbase.py run [line:316] INFO Eval Time Cost:               1.5023s
2026-09-24 23:08:54,802 asyncbase.py iterate [line:68] INFO Select clients [np.int64(14), np.int64(5)] at time 84.
2026-09-24 23:08:55,429 asyncbase.py iterate [line:73] INFO Receive new models from clients [8, 5, 6, 3] at time 84
2026-09-24 23:08:55,502 fedbase.py run [line:311] INFO --------------Round 75--------------
2026-09-24 23:08:55,502 simple_logger.py log_once [line:14] INFO Current_time:84
2026-09-24 23:08:57,009 simple_logger.py log_once [line:28] INFO test_accuracy                 0.0980
2026-09-24 23:08:57,009 simple_logger.py log_once [line:28] INFO test_loss                     4.7352
2026-09-24 23:08:57,009 simple_logger.py log_once [line:28] INFO val_accuracy                  0.0990
2026-09-24 23:08:57,009 simple_logger.py log_once [line:28] INFO mean_val_accuracy             0.1000
2026-09-24 23:08:57,009 simple_logger.py log_once [line:28] INFO std_val_accuracy              0.2627
2026-09-24 23:08:57,009 simple_logger.py log_once [line:28] INFO val_loss                      4.7175
2026-09-24 23:08:57,009 simple_logger.py log_once [line:28] INFO mean_val_loss                 4.7131
2026-09-24 23:08:57,009 simple_logger.py log_once [line:28] INFO std_val_loss                  2.3305
2026-09-24 23:08:57,009 fedbase.py run [line:316] INFO Eval Time Cost:               1.5071s
2026-09-24 23:08:57,017 asyncbase.py iterate [line:68] INFO Select clients [np.int64(1), np.int64(5), np.int64(10)] at time 85.
2026-09-24 23:08:57,959 asyncbase.py iterate [line:73] INFO Receive new models from clients [13] at time 85
2026-09-24 23:08:57,992 fedbase.py run [line:311] INFO --------------Round 76--------------
2026-09-24 23:08:57,992 simple_logger.py log_once [line:14] INFO Current_time:85
2026-09-24 23:08:59,480 simple_logger.py log_once [line:28] INFO test_accuracy                 0.0980
2026-09-24 23:08:59,480 simple_logger.py log_once [line:28] INFO test_loss                     4.9622
2026-09-24 23:08:59,480 simple_logger.py log_once [line:28] INFO val_accuracy                  0.0990
2026-09-24 23:08:59,480 simple_logger.py log_once [line:28] INFO mean_val_accuracy             0.1000
2026-09-24 23:08:59,480 simple_logger.py log_once [line:28] INFO std_val_accuracy              0.2627
2026-09-24 23:08:59,480 simple_logger.py log_once [line:28] INFO val_loss                      4.9393
2026-09-24 23:08:59,481 simple_logger.py log_once [line:28] INFO mean_val_loss                 4.9357
2026-09-24 23:08:59,481 simple_logger.py log_once [line:28] INFO std_val_loss                  2.2682
2026-09-24 23:08:59,481 fedbase.py run [line:316] INFO Eval Time Cost:               1.4886s
2026-09-24 23:08:59,489 asyncbase.py iterate [line:68] INFO Select clients [np.int64(9), np.int64(8)] at time 86.
2026-09-24 23:09:00,106 asyncbase.py iterate [line:73] INFO Receive new models from clients [8] at time 86
2026-09-24 23:09:00,138 fedbase.py run [line:311] INFO --------------Round 77--------------
2026-09-24 23:09:00,138 simple_logger.py log_once [line:14] INFO Current_time:86
2026-09-24 23:09:01,649 simple_logger.py log_once [line:28] INFO test_accuracy                 0.0980
2026-09-24 23:09:01,649 simple_logger.py log_once [line:28] INFO test_loss                     6.0385
2026-09-24 23:09:01,649 simple_logger.py log_once [line:28] INFO val_accuracy                  0.0990
2026-09-24 23:09:01,649 simple_logger.py log_once [line:28] INFO mean_val_accuracy             0.1000
2026-09-24 23:09:01,649 simple_logger.py log_once [line:28] INFO std_val_accuracy              0.2627
2026-09-24 23:09:01,649 simple_logger.py log_once [line:28] INFO val_loss                      6.0218
2026-09-24 23:09:01,649 simple_logger.py log_once [line:28] INFO mean_val_loss                 6.0175
2026-09-24 23:09:01,649 simple_logger.py log_once [line:28] INFO std_val_loss                  2.4198
2026-09-24 23:09:01,649 fedbase.py run [line:316] INFO Eval Time Cost:               1.5107s
2026-09-24 23:09:01,658 asyncbase.py iterate [line:73] INFO Receive new models from clients [5, 14, 1, 10] at time 87
2026-09-24 23:09:01,733 fedbase.py run [line:311] INFO --------------Round 78--------------
2026-09-24 23:09:01,733 simple_logger.py log_once [line:14] INFO Current_time:87
2026-09-24 23:09:03,292 simple_logger.py log_once [line:28] INFO test_accuracy                 0.0980
2026-09-24 23:09:03,292 simple_logger.py log_once [line:28] INFO test_loss                     8.1826
2026-09-24 23:09:03,292 simple_logger.py log_once [line:28] INFO val_accuracy                  0.0990
2026-09-24 23:09:03,292 simple_logger.py log_once [line:28] INFO mean_val_accuracy             0.1000
2026-09-24 23:09:03,292 simple_logger.py log_once [line:28] INFO std_val_accuracy              0.2627
2026-09-24 23:09:03,292 simple_logger.py log_once [line:28] INFO val_loss                      8.1711
2026-09-24 23:09:03,293 simple_logger.py log_once [line:28] INFO mean_val_loss                 8.1654
2026-09-24 23:09:03,293 simple_logger.py log_once [line:28] INFO std_val_loss                  2.8520
2026-09-24 23:09:03,293 fedbase.py run [line:316] INFO Eval Time Cost:               1.5599s
2026-09-24 23:09:03,302 asyncbase.py iterate [line:68] INFO Select clients [np.int64(12), np.int64(14), np.int64(15), np.int64(3), np.int64(17)] at time 88.
2026-09-24 23:09:05,069 asyncbase.py iterate [line:73] INFO Receive new models from clients [9, 14, 17] at time 88
2026-09-24 23:09:05,134 fedbase.py run [line:311] INFO --------------Round 79--------------
2026-09-24 23:09:05,134 simple_logger.py log_once [line:14] INFO Current_time:88
2026-09-24 23:09:06,628 simple_logger.py log_once [line:28] INFO test_accuracy                 0.0980
2026-09-24 23:09:06,628 simple_logger.py log_once [line:28] INFO test_loss                     2.8922
2026-09-24 23:09:06,628 simple_logger.py log_once [line:28] INFO val_accuracy                  0.0990
2026-09-24 23:09:06,628 simple_logger.py log_once [line:28] INFO mean_val_accuracy             0.1000
2026-09-24 23:09:06,628 simple_logger.py log_once [line:28] INFO std_val_accuracy              0.2627
2026-09-24 23:09:06,628 simple_logger.py log_once [line:28] INFO val_loss                      2.8979
2026-09-24 23:09:06,628 simple_logger.py log_once [line:28] INFO mean_val_loss                 2.8980
2026-09-24 23:09:06,628 simple_logger.py log_once [line:28] INFO std_val_loss                  1.1387
2026-09-24 23:09:06,628 fedbase.py run [line:316] INFO Eval Time Cost:               1.4940s
2026-09-24 23:09:06,638 asyncbase.py iterate [line:68] INFO Select clients [np.int64(17), np.int64(8)] at time 89.
2026-09-24 23:09:07,271 asyncbase.py iterate [line:73] INFO Receive new models from clients [12, 3] at time 89
2026-09-24 23:09:07,330 fedbase.py run [line:311] INFO --------------Round 80--------------
2026-09-24 23:09:07,330 simple_logger.py log_once [line:14] INFO Current_time:89
2026-09-24 23:09:08,826 simple_logger.py log_once [line:28] INFO test_accuracy                 0.1009
2026-09-24 23:09:08,826 simple_logger.py log_once [line:28] INFO test_loss                     3.1674
2026-09-24 23:09:08,826 simple_logger.py log_once [line:28] INFO val_accuracy                  0.0999
2026-09-24 23:09:08,826 simple_logger.py log_once [line:28] INFO mean_val_accuracy             0.0994
2026-09-24 23:09:08,826 simple_logger.py log_once [line:28] INFO std_val_accuracy              0.2889
2026-09-24 23:09:08,826 simple_logger.py log_once [line:28] INFO val_loss                      3.1735
2026-09-24 23:09:08,826 simple_logger.py log_once [line:28] INFO mean_val_loss                 3.1792
2026-09-24 23:09:08,826 simple_logger.py log_once [line:28] INFO std_val_loss                  1.2842
2026-09-24 23:09:08,826 fedbase.py run [line:316] INFO Eval Time Cost:               1.4969s
2026-09-24 23:09:08,834 asyncbase.py iterate [line:68] INFO Select clients [np.int64(7), np.int64(14), np.int64(13)] at time 90.
2026-09-24 23:09:09,781 asyncbase.py iterate [line:73] INFO Receive new models from clients [15] at time 90
2026-09-24 23:09:09,815 fedbase.py run [line:311] INFO --------------Round 81--------------
2026-09-24 23:09:09,815 simple_logger.py log_once [line:14] INFO Current_time:90
2026-09-24 23:09:11,306 simple_logger.py log_once [line:28] INFO test_accuracy                 0.1009
2026-09-24 23:09:11,306 simple_logger.py log_once [line:28] INFO test_loss                     3.2976
2026-09-24 23:09:11,306 simple_logger.py log_once [line:28] INFO val_accuracy                  0.0999
2026-09-24 23:09:11,306 simple_logger.py log_once [line:28] INFO mean_val_accuracy             0.0994
2026-09-24 23:09:11,306 simple_logger.py log_once [line:28] INFO std_val_accuracy              0.2889
2026-09-24 23:09:11,306 simple_logger.py log_once [line:28] INFO val_loss                      3.3074
2026-09-24 23:09:11,306 simple_logger.py log_once [line:28] INFO mean_val_loss                 3.3075
2026-09-24 23:09:11,307 simple_logger.py log_once [line:28] INFO std_val_loss                  1.5638
2026-09-24 23:09:11,307 fedbase.py run [line:316] INFO Eval Time Cost:               1.4912s
2026-09-24 23:09:11,316 asyncbase.py iterate [line:68] INFO Select clients [np.int64(16)] at time 91.
2026-09-24 23:09:11,631 asyncbase.py iterate [line:73] INFO Receive new models from clients [14, 13] at time 91
2026-09-24 23:09:11,690 fedbase.py run [line:311] INFO --------------Round 82--------------
2026-09-24 23:09:11,690 simple_logger.py log_once [line:14] INFO Current_time:91
2026-09-24 23:09:13,184 simple_logger.py log_once [line:28] INFO test_accuracy                 0.0980
2026-09-24 23:09:13,184 simple_logger.py log_once [line:28] INFO test_loss                     3.6676
2026-09-24 23:09:13,184 simple_logger.py log_once [line:28] INFO val_accuracy                  0.0990
2026-09-24 23:09:13,185 simple_logger.py log_once [line:28] INFO mean_val_accuracy             0.1000
2026-09-24 23:09:13,185 simple_logger.py log_once [line:28] INFO std_val_accuracy              0.2627
2026-09-24 23:09:13,185 simple_logger.py log_once [line:28] INFO val_loss                      3.6717
2026-09-24 23:09:13,185 simple_logger.py log_once [line:28] INFO mean_val_loss                 3.6722
2026-09-24 23:09:13,185 simple_logger.py log_once [line:28] INFO std_val_loss                  1.7365
2026-09-24 23:09:13,185 fedbase.py run [line:316] INFO Eval Time Cost:               1.4949s
2026-09-24 23:09:13,195 asyncbase.py iterate [line:68] INFO Select clients [np.int64(9)] at time 92.
2026-09-24 23:09:13,532 asyncbase.py iterate [line:73] INFO Receive new models from clients [8, 17, 9] at time 92
2026-09-24 23:09:13,598 fedbase.py run [line:311] INFO --------------Round 83--------------
2026-09-24 23:09:13,598 simple_logger.py log_once [line:14] INFO Current_time:92
2026-09-24 23:09:15,098 simple_logger.py log_once [line:28] INFO test_accuracy                 0.1010
2026-09-24 23:09:15,098 simple_logger.py log_once [line:28] INFO test_loss                     3.4324
2026-09-24 23:09:15,098 simple_logger.py log_once [line:28] INFO val_accuracy                  0.1020
2026-09-24 23:09:15,098 simple_logger.py log_once [line:28] INFO mean_val_accuracy             0.1016
2026-09-24 23:09:15,098 simple_logger.py log_once [line:28] INFO std_val_accuracy              0.2730
2026-09-24 23:09:15,098 simple_logger.py log_once [line:28] INFO val_loss                      3.4349
2026-09-24 23:09:15,098 simple_logger.py log_once [line:28] INFO mean_val_loss                 3.4355
2026-09-24 23:09:15,098 simple_logger.py log_once [line:28] INFO std_val_loss                  1.5039
2026-09-24 23:09:15,098 fedbase.py run [line:316] INFO Eval Time Cost:               1.5004s
2026-09-24 23:09:15,109 asyncbase.py iterate [line:68] INFO Select clients [np.int64(14), np.int64(9), np.int64(18)] at time 93.
2026-09-24 23:09:16,061 asyncbase.py iterate [line:73] INFO Receive new models from clients [7, 18] at time 93
2026-09-24 23:09:16,120 fedbase.py run [line:311] INFO --------------Round 84--------------
2026-09-24 23:09:16,121 simple_logger.py log_once [line:14] INFO Current_time:93
2026-09-24 23:09:17,614 simple_logger.py log_once [line:28] INFO test_accuracy                 0.1135
2026-09-24 23:09:17,614 simple_logger.py log_once [line:28] INFO test_loss                     3.1923
2026-09-24 23:09:17,614 simple_logger.py log_once [line:28] INFO val_accuracy                  0.1119
2026-09-24 23:09:17,614 simple_logger.py log_once [line:28] INFO mean_val_accuracy             0.1111
2026-09-24 23:09:17,614 simple_logger.py log_once [line:28] INFO std_val_accuracy              0.2974
2026-09-24 23:09:17,614 simple_logger.py log_once [line:28] INFO val_loss                      3.1969
2026-09-24 23:09:17,614 simple_logger.py log_once [line:28] INFO mean_val_loss                 3.1967
2026-09-24 23:09:17,614 simple_logger.py log_once [line:28] INFO std_val_loss                  1.6033
2026-09-24 23:09:17,614 fedbase.py run [line:316] INFO Eval Time Cost:               1.4939s
2026-09-24 23:09:17,623 asyncbase.py iterate [line:68] INFO Select clients [np.int64(12), np.int64(1)] at time 94.
2026-09-24 23:09:18,255 asyncbase.py iterate [line:73] INFO Receive new models from clients [16, 12, 1] at time 94
2026-09-24 23:09:18,324 fedbase.py run [line:311] INFO --------------Round 85--------------
2026-09-24 23:09:18,324 simple_logger.py log_once [line:14] INFO Current_time:94
2026-09-24 23:09:19,857 simple_logger.py log_once [line:28] INFO test_accuracy                 0.0982
2026-09-24 23:09:19,857 simple_logger.py log_once [line:28] INFO test_loss                     4.2536
2026-09-24 23:09:19,857 simple_logger.py log_once [line:28] INFO val_accuracy                  0.0989
2026-09-24 23:09:19,857 simple_logger.py log_once [line:28] INFO mean_val_accuracy             0.0993
2026-09-24 23:09:19,857 simple_logger.py log_once [line:28] INFO std_val_accuracy              0.2797
2026-09-24 23:09:19,857 simple_logger.py log_once [line:28] INFO val_loss                      4.2554
2026-09-24 23:09:19,857 simple_logger.py log_once [line:28] INFO mean_val_loss                 4.2574
2026-09-24 23:09:19,857 simple_logger.py log_once [line:28] INFO std_val_loss                  1.9395
2026-09-24 23:09:19,857 fedbase.py run [line:316] INFO Eval Time Cost:               1.5330s
2026-09-24 23:09:19,865 asyncbase.py iterate [line:68] INFO Select clients [np.int64(1), np.int64(18), np.int64(4), np.int64(10)] at time 95.
2026-09-24 23:09:21,131 asyncbase.py iterate [line:73] INFO Receive new models from clients [9, 14] at time 95
2026-09-24 23:09:21,187 fedbase.py run [line:311] INFO --------------Round 86--------------
2026-09-24 23:09:21,187 simple_logger.py log_once [line:14] INFO Current_time:95
2026-09-24 23:09:22,708 simple_logger.py log_once [line:28] INFO test_accuracy                 0.0982
2026-09-24 23:09:22,708 simple_logger.py log_once [line:28] INFO test_loss                     4.7392
2026-09-24 23:09:22,708 simple_logger.py log_once [line:28] INFO val_accuracy                  0.0989
2026-09-24 23:09:22,708 simple_logger.py log_once [line:28] INFO mean_val_accuracy             0.0993
2026-09-24 23:09:22,708 simple_logger.py log_once [line:28] INFO std_val_accuracy              0.2797
2026-09-24 23:09:22,708 simple_logger.py log_once [line:28] INFO val_loss                      4.7558
2026-09-24 23:09:22,708 simple_logger.py log_once [line:28] INFO mean_val_loss                 4.7596
2026-09-24 23:09:22,708 simple_logger.py log_once [line:28] INFO std_val_loss                  2.2869
2026-09-24 23:09:22,708 fedbase.py run [line:316] INFO Eval Time Cost:               1.5212s
2026-09-24 23:09:22,718 asyncbase.py iterate [line:68] INFO Select clients [np.int64(0), np.int64(6)] at time 96.
2026-09-24 23:09:23,344 asyncbase.py iterate [line:73] INFO Receive new models from clients [18, 10, 0] at time 96
2026-09-24 23:09:23,411 fedbase.py run [line:311] INFO --------------Round 87--------------
2026-09-24 23:09:23,411 simple_logger.py log_once [line:14] INFO Current_time:96
2026-09-24 23:09:24,916 simple_logger.py log_once [line:28] INFO test_accuracy                 0.1032
2026-09-24 23:09:24,916 simple_logger.py log_once [line:28] INFO test_loss                     4.0344
2026-09-24 23:09:24,916 simple_logger.py log_once [line:28] INFO val_accuracy                  0.0983
2026-09-24 23:09:24,916 simple_logger.py log_once [line:28] INFO mean_val_accuracy             0.0993
2026-09-24 23:09:24,916 simple_logger.py log_once [line:28] INFO std_val_accuracy              0.2871
2026-09-24 23:09:24,916 simple_logger.py log_once [line:28] INFO val_loss                      4.0611
2026-09-24 23:09:24,916 simple_logger.py log_once [line:28] INFO mean_val_loss                 4.0650
2026-09-24 23:09:24,916 simple_logger.py log_once [line:28] INFO std_val_loss                  2.1649
2026-09-24 23:09:24,916 fedbase.py run [line:316] INFO Eval Time Cost:               1.5055s
2026-09-24 23:09:24,927 asyncbase.py iterate [line:68] INFO Select clients [np.int64(13), np.int64(18)] at time 97.
2026-09-24 23:09:25,574 asyncbase.py iterate [line:73] INFO Receive new models from clients [6, 4] at time 97
2026-09-24 23:09:25,632 fedbase.py run [line:311] INFO --------------Round 88--------------
2026-09-24 23:09:25,632 simple_logger.py log_once [line:14] INFO Current_time:97
2026-09-24 23:09:27,175 simple_logger.py log_once [line:28] INFO test_accuracy                 0.1032
2026-09-24 23:09:27,175 simple_logger.py log_once [line:28] INFO test_loss                     3.6952
2026-09-24 23:09:27,175 simple_logger.py log_once [line:28] INFO val_accuracy                  0.0983
2026-09-24 23:09:27,175 simple_logger.py log_once [line:28] INFO mean_val_accuracy             0.0993
2026-09-24 23:09:27,175 simple_logger.py log_once [line:28] INFO std_val_accuracy              0.2871
2026-09-24 23:09:27,175 simple_logger.py log_once [line:28] INFO val_loss                      3.7139
2026-09-24 23:09:27,175 simple_logger.py log_once [line:28] INFO mean_val_loss                 3.7170
2026-09-24 23:09:27,175 simple_logger.py log_once [line:28] INFO std_val_loss                  1.9960
2026-09-24 23:09:27,175 fedbase.py run [line:316] INFO Eval Time Cost:               1.5432s
2026-09-24 23:09:27,185 asyncbase.py iterate [line:68] INFO Select clients [np.int64(14), np.int64(7)] at time 98.
2026-09-24 23:09:27,812 asyncbase.py iterate [line:73] INFO Receive new models from clients [1, 18] at time 98
2026-09-24 23:09:27,872 fedbase.py run [line:311] INFO --------------Round 89--------------
2026-09-24 23:09:27,872 simple_logger.py log_once [line:14] INFO Current_time:98
2026-09-24 23:09:29,370 simple_logger.py log_once [line:28] INFO test_accuracy                 0.1135
2026-09-24 23:09:29,370 simple_logger.py log_once [line:28] INFO test_loss                     4.8592
2026-09-24 23:09:29,370 simple_logger.py log_once [line:28] INFO val_accuracy                  0.1119
2026-09-24 23:09:29,370 simple_logger.py log_once [line:28] INFO mean_val_accuracy             0.1111
2026-09-24 23:09:29,370 simple_logger.py log_once [line:28] INFO std_val_accuracy              0.2974
2026-09-24 23:09:29,370 simple_logger.py log_once [line:28] INFO val_loss                      4.8755
2026-09-24 23:09:29,370 simple_logger.py log_once [line:28] INFO mean_val_loss                 4.8806
2026-09-24 23:09:29,370 simple_logger.py log_once [line:28] INFO std_val_loss                  2.2713
2026-09-24 23:09:29,370 fedbase.py run [line:316] INFO Eval Time Cost:               1.4979s
2026-09-24 23:09:29,380 asyncbase.py iterate [line:68] INFO Select clients [np.int64(3), np.int64(0)] at time 99.
2026-09-24 23:09:30,017 asyncbase.py iterate [line:73] INFO Receive new models from clients [13] at time 99
2026-09-24 23:09:30,050 fedbase.py run [line:311] INFO --------------Round 90--------------
2026-09-24 23:09:30,050 simple_logger.py log_once [line:14] INFO Current_time:99
2026-09-24 23:09:31,569 simple_logger.py log_once [line:28] INFO test_accuracy                 0.1010
2026-09-24 23:09:31,569 simple_logger.py log_once [line:28] INFO test_loss                     6.0602
2026-09-24 23:09:31,569 simple_logger.py log_once [line:28] INFO val_accuracy                  0.1020
2026-09-24 23:09:31,569 simple_logger.py log_once [line:28] INFO mean_val_accuracy             0.1016
2026-09-24 23:09:31,569 simple_logger.py log_once [line:28] INFO std_val_accuracy              0.2730
2026-09-24 23:09:31,569 simple_logger.py log_once [line:28] INFO val_loss                      6.0515
2026-09-24 23:09:31,569 simple_logger.py log_once [line:28] INFO mean_val_loss                 6.0594
2026-09-24 23:09:31,569 simple_logger.py log_once [line:28] INFO std_val_loss                  2.4793
2026-09-24 23:09:31,569 fedbase.py run [line:316] INFO Eval Time Cost:               1.5190s
2026-09-24 23:09:31,580 asyncbase.py iterate [line:68] INFO Select clients [np.int64(6)] at time 100.
2026-09-24 23:09:31,905 asyncbase.py iterate [line:73] INFO Receive new models from clients [7, 14, 6] at time 100
2026-09-24 23:09:31,970 fedbase.py run [line:311] INFO --------------Round 91--------------
2026-09-24 23:09:31,970 simple_logger.py log_once [line:14] INFO Current_time:100
2026-09-24 23:09:33,474 simple_logger.py log_once [line:28] INFO test_accuracy                 0.1010
2026-09-24 23:09:33,474 simple_logger.py log_once [line:28] INFO test_loss                     7.5088
2026-09-24 23:09:33,474 simple_logger.py log_once [line:28] INFO val_accuracy                  0.1020
2026-09-24 23:09:33,475 simple_logger.py log_once [line:28] INFO mean_val_accuracy             0.1016
2026-09-24 23:09:33,475 simple_logger.py log_once [line:28] INFO std_val_accuracy              0.2730
2026-09-24 23:09:33,475 simple_logger.py log_once [line:28] INFO val_loss                      7.4796
2026-09-24 23:09:33,475 simple_logger.py log_once [line:28] INFO mean_val_loss                 7.4901
2026-09-24 23:09:33,475 simple_logger.py log_once [line:28] INFO std_val_loss                  2.8727
2026-09-24 23:09:33,475 fedbase.py run [line:316] INFO Eval Time Cost:               1.5047s
2026-09-24 23:09:33,486 asyncbase.py iterate [line:68] INFO Select clients [np.int64(17), np.int64(19), np.int64(6)] at time 101.
2026-09-24 23:09:34,431 asyncbase.py iterate [line:73] INFO Receive new models from clients [0, 3] at time 101
2026-09-24 23:09:34,487 fedbase.py run [line:311] INFO --------------Round 92--------------
2026-09-24 23:09:34,487 simple_logger.py log_once [line:14] INFO Current_time:101
2026-09-24 23:09:35,973 simple_logger.py log_once [line:28] INFO test_accuracy                 0.1010
2026-09-24 23:09:35,973 simple_logger.py log_once [line:28] INFO test_loss                     7.8810
2026-09-24 23:09:35,973 simple_logger.py log_once [line:28] INFO val_accuracy                  0.1020
2026-09-24 23:09:35,974 simple_logger.py log_once [line:28] INFO mean_val_accuracy             0.1016
2026-09-24 23:09:35,974 simple_logger.py log_once [line:28] INFO std_val_accuracy              0.2730
2026-09-24 23:09:35,974 simple_logger.py log_once [line:28] INFO val_loss                      7.8554
2026-09-24 23:09:35,974 simple_logger.py log_once [line:28] INFO mean_val_loss                 7.8659
2026-09-24 23:09:35,974 simple_logger.py log_once [line:28] INFO std_val_loss                  3.2517
2026-09-24 23:09:35,974 fedbase.py run [line:316] INFO Eval Time Cost:               1.4870s
2026-09-24 23:09:35,982 asyncbase.py iterate [line:68] INFO Select clients [np.int64(9), np.int64(16)] at time 102.
2026-09-24 23:09:36,617 asyncbase.py iterate [line:73] INFO Receive new models from clients [17, 16] at time 102
2026-09-24 23:09:36,674 fedbase.py run [line:311] INFO --------------Round 93--------------
2026-09-24 23:09:36,674 simple_logger.py log_once [line:14] INFO Current_time:102
2026-09-24 23:09:38,176 simple_logger.py log_once [line:28] INFO test_accuracy                 0.1009
2026-09-24 23:09:38,176 simple_logger.py log_once [line:28] INFO test_loss                     5.5620
2026-09-24 23:09:38,176 simple_logger.py log_once [line:28] INFO val_accuracy                  0.0999
2026-09-24 23:09:38,176 simple_logger.py log_once [line:28] INFO mean_val_accuracy             0.0994
2026-09-24 23:09:38,176 simple_logger.py log_once [line:28] INFO std_val_accuracy              0.2889
2026-09-24 23:09:38,176 simple_logger.py log_once [line:28] INFO val_loss                      5.5390
2026-09-24 23:09:38,176 simple_logger.py log_once [line:28] INFO mean_val_loss                 5.5479
2026-09-24 23:09:38,176 simple_logger.py log_once [line:28] INFO std_val_loss                  3.0237
2026-09-24 23:09:38,176 fedbase.py run [line:316] INFO Eval Time Cost:               1.5023s
2026-09-24 23:09:38,187 asyncbase.py iterate [line:68] INFO Select clients [np.int64(10), np.int64(0), np.int64(5)] at time 103.
2026-09-24 23:09:39,131 asyncbase.py iterate [line:73] INFO Receive new models from clients [9, 6, 5] at time 103
2026-09-24 23:09:39,197 fedbase.py run [line:311] INFO --------------Round 94--------------
2026-09-24 23:09:39,197 simple_logger.py log_once [line:14] INFO Current_time:103
2026-09-24 23:09:40,694 simple_logger.py log_once [line:28] INFO test_accuracy                 0.1009
2026-09-24 23:09:40,694 simple_logger.py log_once [line:28] INFO test_loss                     5.7881
2026-09-24 23:09:40,694 simple_logger.py log_once [line:28] INFO val_accuracy                  0.0999
2026-09-24 23:09:40,694 simple_logger.py log_once [line:28] INFO mean_val_accuracy             0.0994
2026-09-24 23:09:40,694 simple_logger.py log_once [line:28] INFO std_val_accuracy              0.2889
2026-09-24 23:09:40,694 simple_logger.py log_once [line:28] INFO val_loss                      5.7775
2026-09-24 23:09:40,694 simple_logger.py log_once [line:28] INFO mean_val_loss                 5.7812
2026-09-24 23:09:40,694 simple_logger.py log_once [line:28] INFO std_val_loss                  2.8077
2026-09-24 23:09:40,694 fedbase.py run [line:316] INFO Eval Time Cost:               1.4970s
2026-09-24 23:09:40,704 asyncbase.py iterate [line:68] INFO Select clients [np.int64(13), np.int64(8)] at time 104.
2026-09-24 23:09:41,331 asyncbase.py iterate [line:73] INFO Receive new models from clients [19, 0, 13] at time 104
2026-09-24 23:09:41,396 fedbase.py run [line:311] INFO --------------Round 95--------------
2026-09-24 23:09:41,396 simple_logger.py log_once [line:14] INFO Current_time:104
2026-09-24 23:09:42,898 simple_logger.py log_once [line:28] INFO test_accuracy                 0.1028
2026-09-24 23:09:42,898 simple_logger.py log_once [line:28] INFO test_loss                     4.6696
2026-09-24 23:09:42,898 simple_logger.py log_once [line:28] INFO val_accuracy                  0.1043
2026-09-24 23:09:42,898 simple_logger.py log_once [line:28] INFO mean_val_accuracy             0.1043
2026-09-24 23:09:42,898 simple_logger.py log_once [line:28] INFO std_val_accuracy              0.2848
2026-09-24 23:09:42,898 simple_logger.py log_once [line:28] INFO val_loss                      4.6762
2026-09-24 23:09:42,898 simple_logger.py log_once [line:28] INFO mean_val_loss                 4.6730
2026-09-24 23:09:42,898 simple_logger.py log_once [line:28] INFO std_val_loss                  2.5909
2026-09-24 23:09:42,899 fedbase.py run [line:316] INFO Eval Time Cost:               1.5021s
2026-09-24 23:09:42,909 asyncbase.py iterate [line:68] INFO Select clients [np.int64(7), np.int64(19), np.int64(17), np.int64(18)] at time 105.
2026-09-24 23:09:44,171 asyncbase.py iterate [line:73] INFO Receive new models from clients [10, 18] at time 105
2026-09-24 23:09:44,229 fedbase.py run [line:311] INFO --------------Round 96--------------
2026-09-24 23:09:44,229 simple_logger.py log_once [line:14] INFO Current_time:105
2026-09-24 23:09:45,724 simple_logger.py log_once [line:28] INFO test_accuracy                 0.1135
2026-09-24 23:09:45,724 simple_logger.py log_once [line:28] INFO test_loss                     3.6882
2026-09-24 23:09:45,724 simple_logger.py log_once [line:28] INFO val_accuracy                  0.1119
2026-09-24 23:09:45,724 simple_logger.py log_once [line:28] INFO mean_val_accuracy             0.1111
2026-09-24 23:09:45,724 simple_logger.py log_once [line:28] INFO std_val_accuracy              0.2974
2026-09-24 23:09:45,724 simple_logger.py log_once [line:28] INFO val_loss                      3.6992
2026-09-24 23:09:45,724 simple_logger.py log_once [line:28] INFO mean_val_loss                 3.6980
2026-09-24 23:09:45,724 simple_logger.py log_once [line:28] INFO std_val_loss                  2.5646
2026-09-24 23:09:45,724 fedbase.py run [line:316] INFO Eval Time Cost:               1.4951s
2026-09-24 23:09:45,732 asyncbase.py iterate [line:68] INFO Select clients [np.int64(15)] at time 106.
2026-09-24 23:09:46,102 asyncbase.py iterate [line:68] INFO Select clients [np.int64(16)] at time 107.
2026-09-24 23:09:46,416 asyncbase.py iterate [line:73] INFO Receive new models from clients [8, 15, 19] at time 107
2026-09-24 23:09:46,482 fedbase.py run [line:311] INFO --------------Round 97--------------
2026-09-24 23:09:46,482 simple_logger.py log_once [line:14] INFO Current_time:107
2026-09-24 23:09:47,968 simple_logger.py log_once [line:28] INFO test_accuracy                 0.1135
2026-09-24 23:09:47,968 simple_logger.py log_once [line:28] INFO test_loss                     4.4307
2026-09-24 23:09:47,968 simple_logger.py log_once [line:28] INFO val_accuracy                  0.1119
2026-09-24 23:09:47,968 simple_logger.py log_once [line:28] INFO mean_val_accuracy             0.1111
2026-09-24 23:09:47,968 simple_logger.py log_once [line:28] INFO std_val_accuracy              0.2974
2026-09-24 23:09:47,968 simple_logger.py log_once [line:28] INFO val_loss                      4.4366
2026-09-24 23:09:47,968 simple_logger.py log_once [line:28] INFO mean_val_loss                 4.4334
2026-09-24 23:09:47,968 simple_logger.py log_once [line:28] INFO std_val_loss                  2.8594
2026-09-24 23:09:47,968 fedbase.py run [line:316] INFO Eval Time Cost:               1.4862s
2026-09-24 23:09:47,978 asyncbase.py iterate [line:68] INFO Select clients [np.int64(8), np.int64(9)] at time 108.
2026-09-24 23:09:48,604 asyncbase.py iterate [line:73] INFO Receive new models from clients [17, 7] at time 108
2026-09-24 23:09:48,662 fedbase.py run [line:311] INFO --------------Round 98--------------
2026-09-24 23:09:48,662 simple_logger.py log_once [line:14] INFO Current_time:108
2026-09-24 23:09:50,160 simple_logger.py log_once [line:28] INFO test_accuracy                 0.1135
2026-09-24 23:09:50,160 simple_logger.py log_once [line:28] INFO test_loss                     3.9303
2026-09-24 23:09:50,160 simple_logger.py log_once [line:28] INFO val_accuracy                  0.1119
2026-09-24 23:09:50,160 simple_logger.py log_once [line:28] INFO mean_val_accuracy             0.1111
2026-09-24 23:09:50,160 simple_logger.py log_once [line:28] INFO std_val_accuracy              0.2974
2026-09-24 23:09:50,160 simple_logger.py log_once [line:28] INFO val_loss                      3.9260
2026-09-24 23:09:50,160 simple_logger.py log_once [line:28] INFO mean_val_loss                 3.9243
2026-09-24 23:09:50,160 simple_logger.py log_once [line:28] INFO std_val_loss                  2.3240
2026-09-24 23:09:50,160 fedbase.py run [line:316] INFO Eval Time Cost:               1.4981s
2026-09-24 23:09:50,169 asyncbase.py iterate [line:68] INFO Select clients [np.int64(10), np.int64(14)] at time 109.
2026-09-24 23:09:50,810 asyncbase.py iterate [line:73] INFO Receive new models from clients [9] at time 109
2026-09-24 23:09:50,843 fedbase.py run [line:311] INFO --------------Round 99--------------
2026-09-24 23:09:50,843 simple_logger.py log_once [line:14] INFO Current_time:109
2026-09-24 23:09:52,348 simple_logger.py log_once [line:28] INFO test_accuracy                 0.1032
2026-09-24 23:09:52,348 simple_logger.py log_once [line:28] INFO test_loss                     3.7982
2026-09-24 23:09:52,348 simple_logger.py log_once [line:28] INFO val_accuracy                  0.0983
2026-09-24 23:09:52,348 simple_logger.py log_once [line:28] INFO mean_val_accuracy             0.0993
2026-09-24 23:09:52,348 simple_logger.py log_once [line:28] INFO std_val_accuracy              0.2871
2026-09-24 23:09:52,348 simple_logger.py log_once [line:28] INFO val_loss                      3.8165
2026-09-24 23:09:52,348 simple_logger.py log_once [line:28] INFO mean_val_loss                 3.8104
2026-09-24 23:09:52,348 simple_logger.py log_once [line:28] INFO std_val_loss                  1.7229
2026-09-24 23:09:52,348 fedbase.py run [line:316] INFO Eval Time Cost:               1.5058s
2026-09-24 23:09:52,357 asyncbase.py iterate [line:73] INFO Receive new models from clients [10, 16] at time 110
2026-09-24 23:09:52,415 fedbase.py run [line:311] INFO --------------Round 100--------------
2026-09-24 23:09:52,415 simple_logger.py log_once [line:14] INFO Current_time:110
2026-09-24 23:09:53,916 simple_logger.py log_once [line:28] INFO test_accuracy                 0.1032
2026-09-24 23:09:53,916 simple_logger.py log_once [line:28] INFO test_loss                     3.3269
2026-09-24 23:09:53,916 simple_logger.py log_once [line:28] INFO val_accuracy                  0.0983
2026-09-24 23:09:53,916 simple_logger.py log_once [line:28] INFO mean_val_accuracy             0.0993
2026-09-24 23:09:53,916 simple_logger.py log_once [line:28] INFO std_val_accuracy              0.2871
2026-09-24 23:09:53,916 simple_logger.py log_once [line:28] INFO val_loss                      3.3403
2026-09-24 23:09:53,916 simple_logger.py log_once [line:28] INFO mean_val_loss                 3.3356
2026-09-24 23:09:53,916 simple_logger.py log_once [line:28] INFO std_val_loss                  1.2856
2026-09-24 23:09:53,916 fedbase.py run [line:316] INFO Eval Time Cost:               1.5014s
2026-09-24 23:09:53,916 fedbase.py run [line:324] INFO =================End==================
2026-09-24 23:09:53,917 fedbase.py run [line:325] INFO Total Time Cost:              230.4272s
