E:\fl-experiment\.venv\Lib\site-packages\torch\cuda\__init__.py:61: FutureWarning: The pynvml package is deprecated. Please install nvidia-ml-py instead. If you did not install pynvml directly, please report this to the maintainers of the package that installed pynvml for you.
  import pynvml  # type: ignore[import]
2026-09-24 23:09:57,215 fflow.py init [line:848] INFO PROCESS ID:	35208
2026-09-24 23:09:57,215 fflow.py init [line:849] INFO Initializing devices: cuda:0 will be used for this running.
2026-09-24 23:09:57,215 fflow.py init [line:852] INFO BENCHMARK:	flgo.benchmark.mnist_classification
2026-09-24 23:09:57,215 fflow.py init [line:853] INFO TASK:			E:\Federated Machine Learning\FL-Byzantine-Library\mnist_dir20
2026-09-24 23:09:57,224 fflow.py init [line:854] INFO MODEL:		flgo.benchmark.mnist_classification.model.cnn
2026-09-24 23:09:57,224 fflow.py init [line:855] INFO ALGORITHM:	research_algorithm
2026-09-24 23:09:58,249 fflow.py init [line:901] INFO SCENE:		horizontal FL with 1 <class 'flgo_byzantine.research_algorithm.Server'>, 20 <class 'flgo_byzantine.research_algorithm.Client'>
2026-09-24 23:09:58,344 fflow.py init [line:918] INFO SIMULATOR:	<class 'flgo.simulator.default_simulator.Simulator'>
2026-09-24 23:10:02,780 fflow.py init [line:931] INFO Ready to start.
2026-09-24 23:10:02,780 fedbase.py run [line:300] INFO --------------Initial Evaluation--------------
2026-09-24 23:10:02,780 simple_logger.py log_once [line:14] INFO Current_time:0
2026-09-24 23:10:04,394 simple_logger.py log_once [line:28] INFO test_accuracy                 0.0875
2026-09-24 23:10:04,394 simple_logger.py log_once [line:28] INFO test_loss                     2.3101
2026-09-24 23:10:04,394 simple_logger.py log_once [line:28] INFO val_accuracy                  0.0866
2026-09-24 23:10:04,394 simple_logger.py log_once [line:28] INFO mean_val_accuracy             0.0874
2026-09-24 23:10:04,394 simple_logger.py log_once [line:28] INFO std_val_accuracy              0.2312
2026-09-24 23:10:04,394 simple_logger.py log_once [line:28] INFO val_loss                      2.3109
2026-09-24 23:10:04,394 simple_logger.py log_once [line:28] INFO mean_val_loss                 2.3111
2026-09-24 23:10:04,394 simple_logger.py log_once [line:28] INFO std_val_loss                  0.0785
2026-09-24 23:10:04,394 fedbase.py run [line:303] INFO Eval Time Cost:               1.6141s
2026-09-24 23:10:04,404 asyncbase.py iterate [line:68] INFO Select clients [np.int64(7), np.int64(16), np.int64(18), np.int64(1), np.int64(9), np.int64(19)] at time 1.
2026-09-24 23:10:06,312 asyncbase.py iterate [line:73] INFO Receive new models from clients [16] at time 1
2026-09-24 23:10:06,378 fedbase.py run [line:311] INFO --------------Round 1--------------
2026-09-24 23:10:06,378 simple_logger.py log_once [line:14] INFO Current_time:1
2026-09-24 23:10:07,875 simple_logger.py log_once [line:28] INFO test_accuracy                 0.1816
2026-09-24 23:10:07,876 simple_logger.py log_once [line:28] INFO test_loss                     5.7206
2026-09-24 23:10:07,876 simple_logger.py log_once [line:28] INFO val_accuracy                  0.1866
2026-09-24 23:10:07,876 simple_logger.py log_once [line:28] INFO mean_val_accuracy             0.1863
2026-09-24 23:10:07,876 simple_logger.py log_once [line:28] INFO std_val_accuracy              0.3514
2026-09-24 23:10:07,876 simple_logger.py log_once [line:28] INFO val_loss                      5.6862
2026-09-24 23:10:07,876 simple_logger.py log_once [line:28] INFO mean_val_loss                 5.6896
2026-09-24 23:10:07,876 simple_logger.py log_once [line:28] INFO std_val_loss                  3.3005
2026-09-24 23:10:07,876 fedbase.py run [line:316] INFO Eval Time Cost:               1.4976s
2026-09-24 23:10:07,884 asyncbase.py iterate [line:68] INFO Select clients [np.int64(15)] at time 2.
2026-09-24 23:10:08,194 asyncbase.py iterate [line:73] INFO Receive new models from clients [7] at time 2
2026-09-24 23:10:08,229 fedbase.py run [line:311] INFO --------------Round 2--------------
2026-09-24 23:10:08,229 simple_logger.py log_once [line:14] INFO Current_time:2
2026-09-24 23:10:09,723 simple_logger.py log_once [line:28] INFO test_accuracy                 0.1338
2026-09-24 23:10:09,723 simple_logger.py log_once [line:28] INFO test_loss                     5.8905
2026-09-24 23:10:09,723 simple_logger.py log_once [line:28] INFO val_accuracy                  0.1406
2026-09-24 23:10:09,723 simple_logger.py log_once [line:28] INFO mean_val_accuracy             0.1402
2026-09-24 23:10:09,723 simple_logger.py log_once [line:28] INFO std_val_accuracy              0.2818
2026-09-24 23:10:09,723 simple_logger.py log_once [line:28] INFO val_loss                      5.8554
2026-09-24 23:10:09,724 simple_logger.py log_once [line:28] INFO mean_val_loss                 5.8637
2026-09-24 23:10:09,724 simple_logger.py log_once [line:28] INFO std_val_loss                  4.0000
2026-09-24 23:10:09,724 fedbase.py run [line:316] INFO Eval Time Cost:               1.4943s
2026-09-24 23:10:09,732 asyncbase.py iterate [line:73] INFO Receive new models from clients [1, 19, 18] at time 3
2026-09-24 23:10:09,795 fedbase.py run [line:311] INFO --------------Round 3--------------
2026-09-24 23:10:09,795 simple_logger.py log_once [line:14] INFO Current_time:3
2026-09-24 23:10:11,283 simple_logger.py log_once [line:28] INFO test_accuracy                 0.1855
2026-09-24 23:10:11,283 simple_logger.py log_once [line:28] INFO test_loss                     6.8254
2026-09-24 23:10:11,283 simple_logger.py log_once [line:28] INFO val_accuracy                  0.1993
2026-09-24 23:10:11,283 simple_logger.py log_once [line:28] INFO mean_val_accuracy             0.1996
2026-09-24 23:10:11,283 simple_logger.py log_once [line:28] INFO std_val_accuracy              0.2950
2026-09-24 23:10:11,283 simple_logger.py log_once [line:28] INFO val_loss                      6.7522
2026-09-24 23:10:11,283 simple_logger.py log_once [line:28] INFO mean_val_loss                 6.7680
2026-09-24 23:10:11,283 simple_logger.py log_once [line:28] INFO std_val_loss                  4.8418
2026-09-24 23:10:11,283 fedbase.py run [line:316] INFO Eval Time Cost:               1.4881s
2026-09-24 23:10:11,291 asyncbase.py iterate [line:68] INFO Select clients [np.int64(7), np.int64(12)] at time 4.
2026-09-24 23:10:11,906 asyncbase.py iterate [line:73] INFO Receive new models from clients [9, 15] at time 4
2026-09-24 23:10:11,952 fedbase.py run [line:311] INFO --------------Round 4--------------
2026-09-24 23:10:11,952 simple_logger.py log_once [line:14] INFO Current_time:4
2026-09-24 23:10:13,437 simple_logger.py log_once [line:28] INFO test_accuracy                 0.1594
2026-09-24 23:10:13,437 simple_logger.py log_once [line:28] INFO test_loss                     7.7372
2026-09-24 23:10:13,437 simple_logger.py log_once [line:28] INFO val_accuracy                  0.1645
2026-09-24 23:10:13,437 simple_logger.py log_once [line:28] INFO mean_val_accuracy             0.1642
2026-09-24 23:10:13,437 simple_logger.py log_once [line:28] INFO std_val_accuracy              0.3220
2026-09-24 23:10:13,437 simple_logger.py log_once [line:28] INFO val_loss                      7.6912
2026-09-24 23:10:13,437 simple_logger.py log_once [line:28] INFO mean_val_loss                 7.6967
2026-09-24 23:10:13,437 simple_logger.py log_once [line:28] INFO std_val_loss                  4.3423
2026-09-24 23:10:13,437 fedbase.py run [line:316] INFO Eval Time Cost:               1.4852s
2026-09-24 23:10:13,448 asyncbase.py iterate [line:68] INFO Select clients [np.int64(16), np.int64(0), np.int64(3)] at time 5.
2026-09-24 23:10:14,397 asyncbase.py iterate [line:73] INFO Receive new models from clients [0] at time 5
2026-09-24 23:10:14,431 fedbase.py run [line:311] INFO --------------Round 5--------------
2026-09-24 23:10:14,431 simple_logger.py log_once [line:14] INFO Current_time:5
2026-09-24 23:10:16,018 simple_logger.py log_once [line:28] INFO test_accuracy                 0.1032
2026-09-24 23:10:16,018 simple_logger.py log_once [line:28] INFO test_loss                     8.8015
2026-09-24 23:10:16,018 simple_logger.py log_once [line:28] INFO val_accuracy                  0.0983
2026-09-24 23:10:16,018 simple_logger.py log_once [line:28] INFO mean_val_accuracy             0.0993
2026-09-24 23:10:16,018 simple_logger.py log_once [line:28] INFO std_val_accuracy              0.2871
2026-09-24 23:10:16,018 simple_logger.py log_once [line:28] INFO val_loss                      8.7898
2026-09-24 23:10:16,018 simple_logger.py log_once [line:28] INFO mean_val_loss                 8.7866
2026-09-24 23:10:16,018 simple_logger.py log_once [line:28] INFO std_val_loss                  4.3258
2026-09-24 23:10:16,018 fedbase.py run [line:316] INFO Eval Time Cost:               1.5869s
2026-09-24 23:10:16,029 asyncbase.py iterate [line:73] INFO Receive new models from clients [7] at time 6
2026-09-24 23:10:16,060 fedbase.py run [line:311] INFO --------------Round 6--------------
2026-09-24 23:10:16,060 simple_logger.py log_once [line:14] INFO Current_time:6
2026-09-24 23:10:17,570 simple_logger.py log_once [line:28] INFO test_accuracy                 0.1032
2026-09-24 23:10:17,570 simple_logger.py log_once [line:28] INFO test_loss                     5.4843
2026-09-24 23:10:17,570 simple_logger.py log_once [line:28] INFO val_accuracy                  0.0983
2026-09-24 23:10:17,570 simple_logger.py log_once [line:28] INFO mean_val_accuracy             0.0993
2026-09-24 23:10:17,570 simple_logger.py log_once [line:28] INFO std_val_accuracy              0.2871
2026-09-24 23:10:17,570 simple_logger.py log_once [line:28] INFO val_loss                      5.4995
2026-09-24 23:10:17,570 simple_logger.py log_once [line:28] INFO mean_val_loss                 5.4973
2026-09-24 23:10:17,570 simple_logger.py log_once [line:28] INFO std_val_loss                  2.2364
2026-09-24 23:10:17,570 fedbase.py run [line:316] INFO Eval Time Cost:               1.5100s
2026-09-24 23:10:17,581 asyncbase.py iterate [line:68] INFO Select clients [np.int64(1), np.int64(13)] at time 7.
2026-09-24 23:10:18,198 asyncbase.py iterate [line:73] INFO Receive new models from clients [16, 3, 12] at time 7
2026-09-24 23:10:18,254 fedbase.py run [line:311] INFO --------------Round 7--------------
2026-09-24 23:10:18,254 simple_logger.py log_once [line:14] INFO Current_time:7
2026-09-24 23:10:19,732 simple_logger.py log_once [line:28] INFO test_accuracy                 0.1032
2026-09-24 23:10:19,732 simple_logger.py log_once [line:28] INFO test_loss                     2.9347
2026-09-24 23:10:19,732 simple_logger.py log_once [line:28] INFO val_accuracy                  0.0983
2026-09-24 23:10:19,732 simple_logger.py log_once [line:28] INFO mean_val_accuracy             0.0993
2026-09-24 23:10:19,732 simple_logger.py log_once [line:28] INFO std_val_accuracy              0.2871
2026-09-24 23:10:19,732 simple_logger.py log_once [line:28] INFO val_loss                      2.9560
2026-09-24 23:10:19,732 simple_logger.py log_once [line:28] INFO mean_val_loss                 2.9564
2026-09-24 23:10:19,732 simple_logger.py log_once [line:28] INFO std_val_loss                  1.2608
2026-09-24 23:10:19,732 fedbase.py run [line:316] INFO Eval Time Cost:               1.4781s
2026-09-24 23:10:19,742 asyncbase.py iterate [line:68] INFO Select clients [np.int64(7), np.int64(10), np.int64(8), np.int64(0)] at time 8.
2026-09-24 23:10:20,976 asyncbase.py iterate [line:73] INFO Receive new models from clients [1, 7] at time 8
2026-09-24 23:10:21,032 fedbase.py run [line:311] INFO --------------Round 8--------------
2026-09-24 23:10:21,033 simple_logger.py log_once [line:14] INFO Current_time:8
2026-09-24 23:10:22,522 simple_logger.py log_once [line:28] INFO test_accuracy                 0.1129
2026-09-24 23:10:22,522 simple_logger.py log_once [line:28] INFO test_loss                     4.8681
2026-09-24 23:10:22,522 simple_logger.py log_once [line:28] INFO val_accuracy                  0.1184
2026-09-24 23:10:22,522 simple_logger.py log_once [line:28] INFO mean_val_accuracy             0.1188
2026-09-24 23:10:22,522 simple_logger.py log_once [line:28] INFO std_val_accuracy              0.2785
2026-09-24 23:10:22,522 simple_logger.py log_once [line:28] INFO val_loss                      4.8431
2026-09-24 23:10:22,522 simple_logger.py log_once [line:28] INFO mean_val_loss                 4.8424
2026-09-24 23:10:22,522 simple_logger.py log_once [line:28] INFO std_val_loss                  2.2558
2026-09-24 23:10:22,522 fedbase.py run [line:316] INFO Eval Time Cost:               1.4895s
2026-09-24 23:10:22,530 asyncbase.py iterate [line:68] INFO Select clients [np.int64(19), np.int64(4)] at time 9.
2026-09-24 23:10:23,169 asyncbase.py iterate [line:73] INFO Receive new models from clients [4, 10, 13] at time 10
2026-09-24 23:10:23,233 fedbase.py run [line:311] INFO --------------Round 9--------------
2026-09-24 23:10:23,233 simple_logger.py log_once [line:14] INFO Current_time:10
2026-09-24 23:10:24,716 simple_logger.py log_once [line:28] INFO test_accuracy                 0.0982
2026-09-24 23:10:24,716 simple_logger.py log_once [line:28] INFO test_loss                     7.4380
2026-09-24 23:10:24,716 simple_logger.py log_once [line:28] INFO val_accuracy                  0.0989
2026-09-24 23:10:24,716 simple_logger.py log_once [line:28] INFO mean_val_accuracy             0.0993
2026-09-24 23:10:24,716 simple_logger.py log_once [line:28] INFO std_val_accuracy              0.2797
2026-09-24 23:10:24,716 simple_logger.py log_once [line:28] INFO val_loss                      7.3851
2026-09-24 23:10:24,716 simple_logger.py log_once [line:28] INFO mean_val_loss                 7.3909
2026-09-24 23:10:24,716 simple_logger.py log_once [line:28] INFO std_val_loss                  4.2852
2026-09-24 23:10:24,716 fedbase.py run [line:316] INFO Eval Time Cost:               1.4829s
2026-09-24 23:10:24,726 asyncbase.py iterate [line:68] INFO Select clients [np.int64(1), np.int64(18)] at time 11.
2026-09-24 23:10:25,360 asyncbase.py iterate [line:73] INFO Receive new models from clients [8, 0, 1] at time 11
2026-09-24 23:10:25,424 fedbase.py run [line:311] INFO --------------Round 10--------------
2026-09-24 23:10:25,424 simple_logger.py log_once [line:14] INFO Current_time:11
2026-09-24 23:10:26,895 simple_logger.py log_once [line:28] INFO test_accuracy                 0.0958
2026-09-24 23:10:26,895 simple_logger.py log_once [line:28] INFO test_loss                     3.5319
2026-09-24 23:10:26,895 simple_logger.py log_once [line:28] INFO val_accuracy                  0.0981
2026-09-24 23:10:26,895 simple_logger.py log_once [line:28] INFO mean_val_accuracy             0.0983
2026-09-24 23:10:26,895 simple_logger.py log_once [line:28] INFO std_val_accuracy              0.2826
2026-09-24 23:10:26,895 simple_logger.py log_once [line:28] INFO val_loss                      3.5215
2026-09-24 23:10:26,895 simple_logger.py log_once [line:28] INFO mean_val_loss                 3.5227
2026-09-24 23:10:26,895 simple_logger.py log_once [line:28] INFO std_val_loss                  1.5899
2026-09-24 23:10:26,896 fedbase.py run [line:316] INFO Eval Time Cost:               1.4718s
2026-09-24 23:10:26,905 asyncbase.py iterate [line:68] INFO Select clients [np.int64(3), np.int64(7), np.int64(17)] at time 12.
2026-09-24 23:10:27,852 asyncbase.py iterate [line:73] INFO Receive new models from clients [19] at time 12
2026-09-24 23:10:27,883 fedbase.py run [line:311] INFO --------------Round 11--------------
2026-09-24 23:10:27,883 simple_logger.py log_once [line:14] INFO Current_time:12
2026-09-24 23:10:29,359 simple_logger.py log_once [line:28] INFO test_accuracy                 0.1028
2026-09-24 23:10:29,359 simple_logger.py log_once [line:28] INFO test_loss                     2.4029
2026-09-24 23:10:29,359 simple_logger.py log_once [line:28] INFO val_accuracy                  0.1043
2026-09-24 23:10:29,359 simple_logger.py log_once [line:28] INFO mean_val_accuracy             0.1043
2026-09-24 23:10:29,359 simple_logger.py log_once [line:28] INFO std_val_accuracy              0.2848
2026-09-24 23:10:29,359 simple_logger.py log_once [line:28] INFO val_loss                      2.4015
2026-09-24 23:10:29,359 simple_logger.py log_once [line:28] INFO mean_val_loss                 2.4009
2026-09-24 23:10:29,359 simple_logger.py log_once [line:28] INFO std_val_loss                  0.4430
2026-09-24 23:10:29,359 fedbase.py run [line:316] INFO Eval Time Cost:               1.4758s
2026-09-24 23:10:29,370 asyncbase.py iterate [line:68] INFO Select clients [np.int64(13), np.int64(12)] at time 13.
2026-09-24 23:10:30,003 asyncbase.py iterate [line:73] INFO Receive new models from clients [7, 12] at time 13
2026-09-24 23:10:30,058 fedbase.py run [line:311] INFO --------------Round 12--------------
2026-09-24 23:10:30,058 simple_logger.py log_once [line:14] INFO Current_time:13
2026-09-24 23:10:31,545 simple_logger.py log_once [line:28] INFO test_accuracy                 0.1028
2026-09-24 23:10:31,545 simple_logger.py log_once [line:28] INFO test_loss                     2.5215
2026-09-24 23:10:31,545 simple_logger.py log_once [line:28] INFO val_accuracy                  0.1043
2026-09-24 23:10:31,545 simple_logger.py log_once [line:28] INFO mean_val_accuracy             0.1043
2026-09-24 23:10:31,545 simple_logger.py log_once [line:28] INFO std_val_accuracy              0.2848
2026-09-24 23:10:31,545 simple_logger.py log_once [line:28] INFO val_loss                      2.5176
2026-09-24 23:10:31,545 simple_logger.py log_once [line:28] INFO mean_val_loss                 2.5165
2026-09-24 23:10:31,545 simple_logger.py log_once [line:28] INFO std_val_loss                  0.5886
2026-09-24 23:10:31,545 fedbase.py run [line:316] INFO Eval Time Cost:               1.4872s
2026-09-24 23:10:31,554 asyncbase.py iterate [line:68] INFO Select clients [np.int64(5), np.int64(16)] at time 14.
2026-09-24 23:10:32,183 asyncbase.py iterate [line:73] INFO Receive new models from clients [17, 18] at time 14
2026-09-24 23:10:32,238 fedbase.py run [line:311] INFO --------------Round 13--------------
2026-09-24 23:10:32,238 simple_logger.py log_once [line:14] INFO Current_time:14
2026-09-24 23:10:33,704 simple_logger.py log_once [line:28] INFO test_accuracy                 0.1028
2026-09-24 23:10:33,704 simple_logger.py log_once [line:28] INFO test_loss                     3.0016
2026-09-24 23:10:33,704 simple_logger.py log_once [line:28] INFO val_accuracy                  0.1043
2026-09-24 23:10:33,704 simple_logger.py log_once [line:28] INFO mean_val_accuracy             0.1043
2026-09-24 23:10:33,704 simple_logger.py log_once [line:28] INFO std_val_accuracy              0.2848
2026-09-24 23:10:33,704 simple_logger.py log_once [line:28] INFO val_loss                      2.9949
2026-09-24 23:10:33,704 simple_logger.py log_once [line:28] INFO mean_val_loss                 2.9961
2026-09-24 23:10:33,704 simple_logger.py log_once [line:28] INFO std_val_loss                  1.0327
2026-09-24 23:10:33,704 fedbase.py run [line:316] INFO Eval Time Cost:               1.4664s
2026-09-24 23:10:33,715 asyncbase.py iterate [line:68] INFO Select clients [np.int64(17)] at time 15.
2026-09-24 23:10:34,038 asyncbase.py iterate [line:73] INFO Receive new models from clients [13, 16, 3] at time 15
2026-09-24 23:10:34,102 fedbase.py run [line:311] INFO --------------Round 14--------------
2026-09-24 23:10:34,102 simple_logger.py log_once [line:14] INFO Current_time:15
2026-09-24 23:10:35,581 simple_logger.py log_once [line:28] INFO test_accuracy                 0.1112
2026-09-24 23:10:35,581 simple_logger.py log_once [line:28] INFO test_loss                     3.4432
2026-09-24 23:10:35,581 simple_logger.py log_once [line:28] INFO val_accuracy                  0.1131
2026-09-24 23:10:35,581 simple_logger.py log_once [line:28] INFO mean_val_accuracy             0.1131
2026-09-24 23:10:35,581 simple_logger.py log_once [line:28] INFO std_val_accuracy              0.2794
2026-09-24 23:10:35,581 simple_logger.py log_once [line:28] INFO val_loss                      3.4396
2026-09-24 23:10:35,581 simple_logger.py log_once [line:28] INFO mean_val_loss                 3.4429
2026-09-24 23:10:35,581 simple_logger.py log_once [line:28] INFO std_val_loss                  1.5354
2026-09-24 23:10:35,581 fedbase.py run [line:316] INFO Eval Time Cost:               1.4795s
2026-09-24 23:10:35,593 asyncbase.py iterate [line:68] INFO Select clients [np.int64(7), np.int64(14), np.int64(12)] at time 16.
2026-09-24 23:10:36,530 asyncbase.py iterate [line:73] INFO Receive new models from clients [5, 17] at time 16
2026-09-24 23:10:36,585 fedbase.py run [line:311] INFO --------------Round 15--------------
2026-09-24 23:10:36,585 simple_logger.py log_once [line:14] INFO Current_time:16
2026-09-24 23:10:38,074 simple_logger.py log_once [line:28] INFO test_accuracy                 0.1135
2026-09-24 23:10:38,074 simple_logger.py log_once [line:28] INFO test_loss                     4.3441
2026-09-24 23:10:38,074 simple_logger.py log_once [line:28] INFO val_accuracy                  0.1119
2026-09-24 23:10:38,074 simple_logger.py log_once [line:28] INFO mean_val_accuracy             0.1111
2026-09-24 23:10:38,074 simple_logger.py log_once [line:28] INFO std_val_accuracy              0.2974
2026-09-24 23:10:38,074 simple_logger.py log_once [line:28] INFO val_loss                      4.3526
2026-09-24 23:10:38,074 simple_logger.py log_once [line:28] INFO mean_val_loss                 4.3571
2026-09-24 23:10:38,074 simple_logger.py log_once [line:28] INFO std_val_loss                  2.1776
2026-09-24 23:10:38,074 fedbase.py run [line:316] INFO Eval Time Cost:               1.4889s
2026-09-24 23:10:38,083 asyncbase.py iterate [line:68] INFO Select clients [np.int64(17), np.int64(9), np.int64(4)] at time 17.
2026-09-24 23:10:39,014 asyncbase.py iterate [line:73] INFO Receive new models from clients [12] at time 17
2026-09-24 23:10:39,048 fedbase.py run [line:311] INFO --------------Round 16--------------
2026-09-24 23:10:39,048 simple_logger.py log_once [line:14] INFO Current_time:17
2026-09-24 23:10:40,528 simple_logger.py log_once [line:28] INFO test_accuracy                 0.1578
2026-09-24 23:10:40,528 simple_logger.py log_once [line:28] INFO test_loss                     20.0072
2026-09-24 23:10:40,528 simple_logger.py log_once [line:28] INFO val_accuracy                  0.1562
2026-09-24 23:10:40,528 simple_logger.py log_once [line:28] INFO mean_val_accuracy             0.1552
2026-09-24 23:10:40,528 simple_logger.py log_once [line:28] INFO std_val_accuracy              0.3063
2026-09-24 23:10:40,528 simple_logger.py log_once [line:28] INFO val_loss                      19.6514
2026-09-24 23:10:40,528 simple_logger.py log_once [line:28] INFO mean_val_loss                 19.6575
2026-09-24 23:10:40,528 simple_logger.py log_once [line:28] INFO std_val_loss                  15.5567
2026-09-24 23:10:40,528 fedbase.py run [line:316] INFO Eval Time Cost:               1.4798s
2026-09-24 23:10:40,536 asyncbase.py iterate [line:68] INFO Select clients [np.int64(12)] at time 18.
2026-09-24 23:10:40,840 asyncbase.py iterate [line:73] INFO Receive new models from clients [9, 17] at time 18
2026-09-24 23:10:40,898 fedbase.py run [line:311] INFO --------------Round 17--------------
2026-09-24 23:10:40,898 simple_logger.py log_once [line:14] INFO Current_time:18
2026-09-24 23:10:42,379 simple_logger.py log_once [line:28] INFO test_accuracy                 0.1041
2026-09-24 23:10:42,380 simple_logger.py log_once [line:28] INFO test_loss                     18.0978
2026-09-24 23:10:42,380 simple_logger.py log_once [line:28] INFO val_accuracy                  0.1034
2026-09-24 23:10:42,380 simple_logger.py log_once [line:28] INFO mean_val_accuracy             0.1029
2026-09-24 23:10:42,380 simple_logger.py log_once [line:28] INFO std_val_accuracy              0.2879
2026-09-24 23:10:42,380 simple_logger.py log_once [line:28] INFO val_loss                      17.8310
2026-09-24 23:10:42,380 simple_logger.py log_once [line:28] INFO mean_val_loss                 17.8206
2026-09-24 23:10:42,380 simple_logger.py log_once [line:28] INFO std_val_loss                  15.9452
2026-09-24 23:10:42,380 fedbase.py run [line:316] INFO Eval Time Cost:               1.4817s
2026-09-24 23:10:42,389 asyncbase.py iterate [line:68] INFO Select clients [np.int64(5)] at time 19.
2026-09-24 23:10:42,707 asyncbase.py iterate [line:73] INFO Receive new models from clients [7, 4, 14, 5] at time 19
2026-09-24 23:10:42,780 fedbase.py run [line:311] INFO --------------Round 18--------------
2026-09-24 23:10:42,781 simple_logger.py log_once [line:14] INFO Current_time:19
2026-09-24 23:10:44,252 simple_logger.py log_once [line:28] INFO test_accuracy                 0.1032
2026-09-24 23:10:44,252 simple_logger.py log_once [line:28] INFO test_loss                     5.1300
2026-09-24 23:10:44,252 simple_logger.py log_once [line:28] INFO val_accuracy                  0.0983
2026-09-24 23:10:44,252 simple_logger.py log_once [line:28] INFO mean_val_accuracy             0.0993
2026-09-24 23:10:44,252 simple_logger.py log_once [line:28] INFO std_val_accuracy              0.2871
2026-09-24 23:10:44,252 simple_logger.py log_once [line:28] INFO val_loss                      5.1757
2026-09-24 23:10:44,252 simple_logger.py log_once [line:28] INFO mean_val_loss                 5.1704
2026-09-24 23:10:44,252 simple_logger.py log_once [line:28] INFO std_val_loss                  3.6379
2026-09-24 23:10:44,252 fedbase.py run [line:316] INFO Eval Time Cost:               1.4720s
2026-09-24 23:10:44,261 asyncbase.py iterate [line:68] INFO Select clients [np.int64(6), np.int64(15), np.int64(8), np.int64(1)] at time 20.
2026-09-24 23:10:45,548 asyncbase.py iterate [line:73] INFO Receive new models from clients [12, 8] at time 20
2026-09-24 23:10:45,601 fedbase.py run [line:311] INFO --------------Round 19--------------
2026-09-24 23:10:45,601 simple_logger.py log_once [line:14] INFO Current_time:20
2026-09-24 23:10:47,080 simple_logger.py log_once [line:28] INFO test_accuracy                 0.0975
2026-09-24 23:10:47,080 simple_logger.py log_once [line:28] INFO test_loss                     3.6666
2026-09-24 23:10:47,080 simple_logger.py log_once [line:28] INFO val_accuracy                  0.0949
2026-09-24 23:10:47,080 simple_logger.py log_once [line:28] INFO mean_val_accuracy             0.0959
2026-09-24 23:10:47,080 simple_logger.py log_once [line:28] INFO std_val_accuracy              0.2642
2026-09-24 23:10:47,080 simple_logger.py log_once [line:28] INFO val_loss                      3.6853
2026-09-24 23:10:47,080 simple_logger.py log_once [line:28] INFO mean_val_loss                 3.6786
2026-09-24 23:10:47,080 simple_logger.py log_once [line:28] INFO std_val_loss                  2.3881
2026-09-24 23:10:47,080 fedbase.py run [line:316] INFO Eval Time Cost:               1.4793s
2026-09-24 23:10:47,092 asyncbase.py iterate [line:68] INFO Select clients [np.int64(12), np.int64(7), np.int64(3)] at time 21.
2026-09-24 23:10:48,013 asyncbase.py iterate [line:73] INFO Receive new models from clients [6] at time 21
2026-09-24 23:10:48,046 fedbase.py run [line:311] INFO --------------Round 20--------------
2026-09-24 23:10:48,046 simple_logger.py log_once [line:14] INFO Current_time:21
2026-09-24 23:10:49,529 simple_logger.py log_once [line:28] INFO test_accuracy                 0.0958
2026-09-24 23:10:49,529 simple_logger.py log_once [line:28] INFO test_loss                     4.3655
2026-09-24 23:10:49,529 simple_logger.py log_once [line:28] INFO val_accuracy                  0.0981
2026-09-24 23:10:49,529 simple_logger.py log_once [line:28] INFO mean_val_accuracy             0.0983
2026-09-24 23:10:49,529 simple_logger.py log_once [line:28] INFO std_val_accuracy              0.2826
2026-09-24 23:10:49,529 simple_logger.py log_once [line:28] INFO val_loss                      4.3453
2026-09-24 23:10:49,529 simple_logger.py log_once [line:28] INFO mean_val_loss                 4.3383
2026-09-24 23:10:49,529 simple_logger.py log_once [line:28] INFO std_val_loss                  2.0434
2026-09-24 23:10:49,530 fedbase.py run [line:316] INFO Eval Time Cost:               1.4838s
2026-09-24 23:10:49,547 asyncbase.py iterate [line:73] INFO Receive new models from clients [12, 7, 1, 15] at time 23
2026-09-24 23:10:49,623 fedbase.py run [line:311] INFO --------------Round 21--------------
2026-09-24 23:10:49,623 simple_logger.py log_once [line:14] INFO Current_time:23
2026-09-24 23:10:51,113 simple_logger.py log_once [line:28] INFO test_accuracy                 0.0958
2026-09-24 23:10:51,113 simple_logger.py log_once [line:28] INFO test_loss                     5.9692
2026-09-24 23:10:51,113 simple_logger.py log_once [line:28] INFO val_accuracy                  0.0981
2026-09-24 23:10:51,113 simple_logger.py log_once [line:28] INFO mean_val_accuracy             0.0983
2026-09-24 23:10:51,113 simple_logger.py log_once [line:28] INFO std_val_accuracy              0.2826
2026-09-24 23:10:51,114 simple_logger.py log_once [line:28] INFO val_loss                      5.9405
2026-09-24 23:10:51,114 simple_logger.py log_once [line:28] INFO mean_val_loss                 5.9325
2026-09-24 23:10:51,114 simple_logger.py log_once [line:28] INFO std_val_loss                  2.5568
2026-09-24 23:10:51,114 fedbase.py run [line:316] INFO Eval Time Cost:               1.4903s
2026-09-24 23:10:51,124 asyncbase.py iterate [line:68] INFO Select clients [np.int64(9), np.int64(4), np.int64(17), np.int64(13)] at time 24.
2026-09-24 23:10:52,372 asyncbase.py iterate [line:73] INFO Receive new models from clients [3, 9, 17, 13] at time 24
2026-09-24 23:10:52,447 fedbase.py run [line:311] INFO --------------Round 22--------------
2026-09-24 23:10:52,447 simple_logger.py log_once [line:14] INFO Current_time:24
2026-09-24 23:10:53,925 simple_logger.py log_once [line:28] INFO test_accuracy                 0.0996
2026-09-24 23:10:53,925 simple_logger.py log_once [line:28] INFO test_loss                     3.9801
2026-09-24 23:10:53,925 simple_logger.py log_once [line:28] INFO val_accuracy                  0.1011
2026-09-24 23:10:53,925 simple_logger.py log_once [line:28] INFO mean_val_accuracy             0.1008
2026-09-24 23:10:53,925 simple_logger.py log_once [line:28] INFO std_val_accuracy              0.2704
2026-09-24 23:10:53,925 simple_logger.py log_once [line:28] INFO val_loss                      3.9556
2026-09-24 23:10:53,925 simple_logger.py log_once [line:28] INFO mean_val_loss                 3.9503
2026-09-24 23:10:53,925 simple_logger.py log_once [line:28] INFO std_val_loss                  2.0537
2026-09-24 23:10:53,925 fedbase.py run [line:316] INFO Eval Time Cost:               1.4782s
2026-09-24 23:10:53,934 asyncbase.py iterate [line:68] INFO Select clients [np.int64(19), np.int64(5), np.int64(0), np.int64(3)] at time 25.
2026-09-24 23:10:55,171 asyncbase.py iterate [line:73] INFO Receive new models from clients [0] at time 25
2026-09-24 23:10:55,206 fedbase.py run [line:311] INFO --------------Round 23--------------
2026-09-24 23:10:55,206 simple_logger.py log_once [line:14] INFO Current_time:25
2026-09-24 23:10:56,694 simple_logger.py log_once [line:28] INFO test_accuracy                 0.1523
2026-09-24 23:10:56,694 simple_logger.py log_once [line:28] INFO test_loss                     9.1362
2026-09-24 23:10:56,694 simple_logger.py log_once [line:28] INFO val_accuracy                  0.1442
2026-09-24 23:10:56,694 simple_logger.py log_once [line:28] INFO mean_val_accuracy             0.1449
2026-09-24 23:10:56,694 simple_logger.py log_once [line:28] INFO std_val_accuracy              0.2980
2026-09-24 23:10:56,694 simple_logger.py log_once [line:28] INFO val_loss                      9.0389
2026-09-24 23:10:56,694 simple_logger.py log_once [line:28] INFO mean_val_loss                 9.0300
2026-09-24 23:10:56,694 simple_logger.py log_once [line:28] INFO std_val_loss                  5.7279
2026-09-24 23:10:56,694 fedbase.py run [line:316] INFO Eval Time Cost:               1.4882s
2026-09-24 23:10:56,703 asyncbase.py iterate [line:68] INFO Select clients [np.int64(9), np.int64(18)] at time 26.
2026-09-24 23:10:57,321 asyncbase.py iterate [line:73] INFO Receive new models from clients [3, 4, 5] at time 26
2026-09-24 23:10:57,388 fedbase.py run [line:311] INFO --------------Round 24--------------
2026-09-24 23:10:57,388 simple_logger.py log_once [line:14] INFO Current_time:26
2026-09-24 23:10:58,881 simple_logger.py log_once [line:28] INFO test_accuracy                 0.2027
2026-09-24 23:10:58,881 simple_logger.py log_once [line:28] INFO test_loss                     15.3689
2026-09-24 23:10:58,881 simple_logger.py log_once [line:28] INFO val_accuracy                  0.1970
2026-09-24 23:10:58,881 simple_logger.py log_once [line:28] INFO mean_val_accuracy             0.1973
2026-09-24 23:10:58,881 simple_logger.py log_once [line:28] INFO std_val_accuracy              0.3655
2026-09-24 23:10:58,881 simple_logger.py log_once [line:28] INFO val_loss                      15.3096
2026-09-24 23:10:58,881 simple_logger.py log_once [line:28] INFO mean_val_loss                 15.2993
2026-09-24 23:10:58,881 simple_logger.py log_once [line:28] INFO std_val_loss                  9.6597
2026-09-24 23:10:58,882 fedbase.py run [line:316] INFO Eval Time Cost:               1.4936s
2026-09-24 23:10:58,891 asyncbase.py iterate [line:68] INFO Select clients [np.int64(14), np.int64(13)] at time 27.
2026-09-24 23:10:59,513 asyncbase.py iterate [line:73] INFO Receive new models from clients [18, 19, 13, 9] at time 27
2026-09-24 23:10:59,587 fedbase.py run [line:311] INFO --------------Round 25--------------
2026-09-24 23:10:59,587 simple_logger.py log_once [line:14] INFO Current_time:27
2026-09-24 23:11:01,075 simple_logger.py log_once [line:28] INFO test_accuracy                 0.1135
2026-09-24 23:11:01,075 simple_logger.py log_once [line:28] INFO test_loss                     12.3575
2026-09-24 23:11:01,075 simple_logger.py log_once [line:28] INFO val_accuracy                  0.1119
2026-09-24 23:11:01,075 simple_logger.py log_once [line:28] INFO mean_val_accuracy             0.1111
2026-09-24 23:11:01,075 simple_logger.py log_once [line:28] INFO std_val_accuracy              0.2974
2026-09-24 23:11:01,075 simple_logger.py log_once [line:28] INFO val_loss                      12.4322
2026-09-24 23:11:01,075 simple_logger.py log_once [line:28] INFO mean_val_loss                 12.4454
2026-09-24 23:11:01,075 simple_logger.py log_once [line:28] INFO std_val_loss                  4.8127
2026-09-24 23:11:01,075 fedbase.py run [line:316] INFO Eval Time Cost:               1.4880s
2026-09-24 23:11:01,086 asyncbase.py iterate [line:68] INFO Select clients [np.int64(0), np.int64(10), np.int64(12), np.int64(19), np.int64(16)] at time 28.
2026-09-24 23:11:02,632 asyncbase.py iterate [line:73] INFO Receive new models from clients [10, 12] at time 28
2026-09-24 23:11:02,689 fedbase.py run [line:311] INFO --------------Round 26--------------
2026-09-24 23:11:02,689 simple_logger.py log_once [line:14] INFO Current_time:28
2026-09-24 23:11:04,165 simple_logger.py log_once [line:28] INFO test_accuracy                 0.1135
2026-09-24 23:11:04,165 simple_logger.py log_once [line:28] INFO test_loss                     1197.6641
2026-09-24 23:11:04,165 simple_logger.py log_once [line:28] INFO val_accuracy                  0.1119
2026-09-24 23:11:04,165 simple_logger.py log_once [line:28] INFO mean_val_accuracy             0.1111
2026-09-24 23:11:04,165 simple_logger.py log_once [line:28] INFO std_val_accuracy              0.2974
2026-09-24 23:11:04,165 simple_logger.py log_once [line:28] INFO val_loss                      1188.6245
2026-09-24 23:11:04,166 simple_logger.py log_once [line:28] INFO mean_val_loss                 1189.9203
2026-09-24 23:11:04,166 simple_logger.py log_once [line:28] INFO std_val_loss                  424.5198
2026-09-24 23:11:04,166 fedbase.py run [line:316] INFO Eval Time Cost:               1.4764s
2026-09-24 23:11:04,175 asyncbase.py iterate [line:68] INFO Select clients [np.int64(7), np.int64(1)] at time 29.
2026-09-24 23:11:04,798 asyncbase.py iterate [line:73] INFO Receive new models from clients [16, 7] at time 29
2026-09-24 23:11:04,854 fedbase.py run [line:311] INFO --------------Round 27--------------
2026-09-24 23:11:04,854 simple_logger.py log_once [line:14] INFO Current_time:29
2026-09-24 23:11:06,332 simple_logger.py log_once [line:28] INFO test_accuracy                 0.0982
2026-09-24 23:11:06,332 simple_logger.py log_once [line:28] INFO test_loss                     260.5254
2026-09-24 23:11:06,332 simple_logger.py log_once [line:28] INFO val_accuracy                  0.0989
2026-09-24 23:11:06,332 simple_logger.py log_once [line:28] INFO mean_val_accuracy             0.0993
2026-09-24 23:11:06,332 simple_logger.py log_once [line:28] INFO std_val_accuracy              0.2797
2026-09-24 23:11:06,332 simple_logger.py log_once [line:28] INFO val_loss                      256.1727
2026-09-24 23:11:06,332 simple_logger.py log_once [line:28] INFO mean_val_loss                 256.3580
2026-09-24 23:11:06,332 simple_logger.py log_once [line:28] INFO std_val_loss                  113.8907
2026-09-24 23:11:06,332 fedbase.py run [line:316] INFO Eval Time Cost:               1.4781s
2026-09-24 23:11:06,343 asyncbase.py iterate [line:68] INFO Select clients [np.int64(3), np.int64(9)] at time 30.
2026-09-24 23:11:06,964 asyncbase.py iterate [line:73] INFO Receive new models from clients [14, 19, 3, 0] at time 30
2026-09-24 23:11:07,038 fedbase.py run [line:311] INFO --------------Round 28--------------
2026-09-24 23:11:07,038 simple_logger.py log_once [line:14] INFO Current_time:30
2026-09-24 23:11:08,525 simple_logger.py log_once [line:28] INFO test_accuracy                 0.0982
2026-09-24 23:11:08,525 simple_logger.py log_once [line:28] INFO test_loss                     3.7247
2026-09-24 23:11:08,525 simple_logger.py log_once [line:28] INFO val_accuracy                  0.0989
2026-09-24 23:11:08,525 simple_logger.py log_once [line:28] INFO mean_val_accuracy             0.0993
2026-09-24 23:11:08,525 simple_logger.py log_once [line:28] INFO std_val_accuracy              0.2797
2026-09-24 23:11:08,525 simple_logger.py log_once [line:28] INFO val_loss                      3.7008
2026-09-24 23:11:08,525 simple_logger.py log_once [line:28] INFO mean_val_loss                 3.7002
2026-09-24 23:11:08,525 simple_logger.py log_once [line:28] INFO std_val_loss                  1.9543
2026-09-24 23:11:08,525 fedbase.py run [line:316] INFO Eval Time Cost:               1.4869s
2026-09-24 23:11:08,533 asyncbase.py iterate [line:68] INFO Select clients [np.int64(3), np.int64(18), np.int64(19)] at time 31.
2026-09-24 23:11:09,463 asyncbase.py iterate [line:73] INFO Receive new models from clients [1, 9, 19] at time 31
2026-09-24 23:11:09,531 fedbase.py run [line:311] INFO --------------Round 29--------------
2026-09-24 23:11:09,531 simple_logger.py log_once [line:14] INFO Current_time:31
2026-09-24 23:11:11,015 simple_logger.py log_once [line:28] INFO test_accuracy                 0.0957
2026-09-24 23:11:11,016 simple_logger.py log_once [line:28] INFO test_loss                     7.6194
2026-09-24 23:11:11,016 simple_logger.py log_once [line:28] INFO val_accuracy                  0.0928
2026-09-24 23:11:11,016 simple_logger.py log_once [line:28] INFO mean_val_accuracy             0.0937
2026-09-24 23:11:11,016 simple_logger.py log_once [line:28] INFO std_val_accuracy              0.2319
2026-09-24 23:11:11,016 simple_logger.py log_once [line:28] INFO val_loss                      7.5690
2026-09-24 23:11:11,016 simple_logger.py log_once [line:28] INFO mean_val_loss                 7.5574
2026-09-24 23:11:11,016 simple_logger.py log_once [line:28] INFO std_val_loss                  3.4170
2026-09-24 23:11:11,016 fedbase.py run [line:316] INFO Eval Time Cost:               1.4850s
2026-09-24 23:11:11,025 asyncbase.py iterate [line:68] INFO Select clients [np.int64(17), np.int64(10), np.int64(13)] at time 32.
2026-09-24 23:11:11,979 asyncbase.py iterate [line:73] INFO Receive new models from clients [3, 17] at time 32
2026-09-24 23:11:12,035 fedbase.py run [line:311] INFO --------------Round 30--------------
2026-09-24 23:11:12,035 simple_logger.py log_once [line:14] INFO Current_time:32
2026-09-24 23:11:13,521 simple_logger.py log_once [line:28] INFO test_accuracy                 0.0988
2026-09-24 23:11:13,521 simple_logger.py log_once [line:28] INFO test_loss                     3.6218
2026-09-24 23:11:13,521 simple_logger.py log_once [line:28] INFO val_accuracy                  0.0996
2026-09-24 23:11:13,521 simple_logger.py log_once [line:28] INFO mean_val_accuracy             0.1007
2026-09-24 23:11:13,522 simple_logger.py log_once [line:28] INFO std_val_accuracy              0.2624
2026-09-24 23:11:13,522 simple_logger.py log_once [line:28] INFO val_loss                      3.6168
2026-09-24 23:11:13,522 simple_logger.py log_once [line:28] INFO mean_val_loss                 3.6126
2026-09-24 23:11:13,522 simple_logger.py log_once [line:28] INFO std_val_loss                  1.6568
2026-09-24 23:11:13,522 fedbase.py run [line:316] INFO Eval Time Cost:               1.4863s
2026-09-24 23:11:13,531 asyncbase.py iterate [line:68] INFO Select clients [np.int64(4), np.int64(5), np.int64(17)] at time 33.
2026-09-24 23:11:14,474 asyncbase.py iterate [line:73] INFO Receive new models from clients [5, 17] at time 33
2026-09-24 23:11:14,532 fedbase.py run [line:311] INFO --------------Round 31--------------
2026-09-24 23:11:14,532 simple_logger.py log_once [line:14] INFO Current_time:33
2026-09-24 23:11:16,023 simple_logger.py log_once [line:28] INFO test_accuracy                 0.1010
2026-09-24 23:11:16,023 simple_logger.py log_once [line:28] INFO test_loss                     2.8879
2026-09-24 23:11:16,023 simple_logger.py log_once [line:28] INFO val_accuracy                  0.1020
2026-09-24 23:11:16,023 simple_logger.py log_once [line:28] INFO mean_val_accuracy             0.1016
2026-09-24 23:11:16,023 simple_logger.py log_once [line:28] INFO std_val_accuracy              0.2730
2026-09-24 23:11:16,023 simple_logger.py log_once [line:28] INFO val_loss                      2.8882
2026-09-24 23:11:16,023 simple_logger.py log_once [line:28] INFO mean_val_loss                 2.8903
2026-09-24 23:11:16,023 simple_logger.py log_once [line:28] INFO std_val_loss                  1.0775
2026-09-24 23:11:16,023 fedbase.py run [line:316] INFO Eval Time Cost:               1.4910s
2026-09-24 23:11:16,032 asyncbase.py iterate [line:68] INFO Select clients [np.int64(8), np.int64(17)] at time 34.
2026-09-24 23:11:16,651 asyncbase.py iterate [line:73] INFO Receive new models from clients [4, 18, 13] at time 34
2026-09-24 23:11:16,719 fedbase.py run [line:311] INFO --------------Round 32--------------
2026-09-24 23:11:16,719 simple_logger.py log_once [line:14] INFO Current_time:34
2026-09-24 23:11:18,197 simple_logger.py log_once [line:28] INFO test_accuracy                 0.1135
2026-09-24 23:11:18,197 simple_logger.py log_once [line:28] INFO test_loss                     3.5771
2026-09-24 23:11:18,197 simple_logger.py log_once [line:28] INFO val_accuracy                  0.1119
2026-09-24 23:11:18,197 simple_logger.py log_once [line:28] INFO mean_val_accuracy             0.1111
2026-09-24 23:11:18,197 simple_logger.py log_once [line:28] INFO std_val_accuracy              0.2974
2026-09-24 23:11:18,197 simple_logger.py log_once [line:28] INFO val_loss                      3.5803
2026-09-24 23:11:18,197 simple_logger.py log_once [line:28] INFO mean_val_loss                 3.5847
2026-09-24 23:11:18,197 simple_logger.py log_once [line:28] INFO std_val_loss                  1.4062
2026-09-24 23:11:18,197 fedbase.py run [line:316] INFO Eval Time Cost:               1.4782s
2026-09-24 23:11:18,205 asyncbase.py iterate [line:68] INFO Select clients [np.int64(4), np.int64(14), np.int64(3)] at time 35.
2026-09-24 23:11:19,132 asyncbase.py iterate [line:73] INFO Receive new models from clients [10, 14] at time 35
2026-09-24 23:11:19,191 fedbase.py run [line:311] INFO --------------Round 33--------------
2026-09-24 23:11:19,191 simple_logger.py log_once [line:14] INFO Current_time:35
2026-09-24 23:11:20,678 simple_logger.py log_once [line:28] INFO test_accuracy                 0.1135
2026-09-24 23:11:20,678 simple_logger.py log_once [line:28] INFO test_loss                     3.4639
2026-09-24 23:11:20,678 simple_logger.py log_once [line:28] INFO val_accuracy                  0.1119
2026-09-24 23:11:20,678 simple_logger.py log_once [line:28] INFO mean_val_accuracy             0.1111
2026-09-24 23:11:20,678 simple_logger.py log_once [line:28] INFO std_val_accuracy              0.2974
2026-09-24 23:11:20,678 simple_logger.py log_once [line:28] INFO val_loss                      3.4655
2026-09-24 23:11:20,678 simple_logger.py log_once [line:28] INFO mean_val_loss                 3.4711
2026-09-24 23:11:20,678 simple_logger.py log_once [line:28] INFO std_val_loss                  1.3162
2026-09-24 23:11:20,678 fedbase.py run [line:316] INFO Eval Time Cost:               1.4872s
2026-09-24 23:11:20,689 asyncbase.py iterate [line:68] INFO Select clients [np.int64(9), np.int64(5)] at time 36.
2026-09-24 23:11:21,303 asyncbase.py iterate [line:73] INFO Receive new models from clients [4, 17, 9] at time 36
2026-09-24 23:11:21,365 fedbase.py run [line:311] INFO --------------Round 34--------------
2026-09-24 23:11:21,365 simple_logger.py log_once [line:14] INFO Current_time:36
2026-09-24 23:11:22,877 simple_logger.py log_once [line:28] INFO test_accuracy                 0.0982
2026-09-24 23:11:22,877 simple_logger.py log_once [line:28] INFO test_loss                     3.6176
2026-09-24 23:11:22,877 simple_logger.py log_once [line:28] INFO val_accuracy                  0.0989
2026-09-24 23:11:22,877 simple_logger.py log_once [line:28] INFO mean_val_accuracy             0.0993
2026-09-24 23:11:22,877 simple_logger.py log_once [line:28] INFO std_val_accuracy              0.2797
2026-09-24 23:11:22,877 simple_logger.py log_once [line:28] INFO val_loss                      3.6214
2026-09-24 23:11:22,877 simple_logger.py log_once [line:28] INFO mean_val_loss                 3.6233
2026-09-24 23:11:22,877 simple_logger.py log_once [line:28] INFO std_val_loss                  1.3118
2026-09-24 23:11:22,877 fedbase.py run [line:316] INFO Eval Time Cost:               1.5121s
2026-09-24 23:11:22,887 asyncbase.py iterate [line:68] INFO Select clients [np.int64(9)] at time 37.
2026-09-24 23:11:23,191 asyncbase.py iterate [line:73] INFO Receive new models from clients [8, 3] at time 37
2026-09-24 23:11:23,248 fedbase.py run [line:311] INFO --------------Round 35--------------
2026-09-24 23:11:23,248 simple_logger.py log_once [line:14] INFO Current_time:37
2026-09-24 23:11:24,718 simple_logger.py log_once [line:28] INFO test_accuracy                 0.0982
2026-09-24 23:11:24,718 simple_logger.py log_once [line:28] INFO test_loss                     4.2723
2026-09-24 23:11:24,718 simple_logger.py log_once [line:28] INFO val_accuracy                  0.0989
2026-09-24 23:11:24,718 simple_logger.py log_once [line:28] INFO mean_val_accuracy             0.0993
2026-09-24 23:11:24,718 simple_logger.py log_once [line:28] INFO std_val_accuracy              0.2797
2026-09-24 23:11:24,718 simple_logger.py log_once [line:28] INFO val_loss                      4.2777
2026-09-24 23:11:24,718 simple_logger.py log_once [line:28] INFO mean_val_loss                 4.2769
2026-09-24 23:11:24,718 simple_logger.py log_once [line:28] INFO std_val_loss                  1.4801
2026-09-24 23:11:24,718 fedbase.py run [line:316] INFO Eval Time Cost:               1.4703s
2026-09-24 23:11:24,727 asyncbase.py iterate [line:68] INFO Select clients [np.int64(13), np.int64(0), np.int64(12), np.int64(3)] at time 38.
2026-09-24 23:11:25,957 asyncbase.py iterate [line:73] INFO Receive new models from clients [5, 13, 3, 12, 0] at time 38
2026-09-24 23:11:26,040 fedbase.py run [line:311] INFO --------------Round 36--------------
2026-09-24 23:11:26,040 simple_logger.py log_once [line:14] INFO Current_time:38
2026-09-24 23:11:27,517 simple_logger.py log_once [line:28] INFO test_accuracy                 0.1009
2026-09-24 23:11:27,517 simple_logger.py log_once [line:28] INFO test_loss                     3.1991
2026-09-24 23:11:27,517 simple_logger.py log_once [line:28] INFO val_accuracy                  0.0999
2026-09-24 23:11:27,517 simple_logger.py log_once [line:28] INFO mean_val_accuracy             0.0994
2026-09-24 23:11:27,517 simple_logger.py log_once [line:28] INFO std_val_accuracy              0.2889
2026-09-24 23:11:27,517 simple_logger.py log_once [line:28] INFO val_loss                      3.2113
2026-09-24 23:11:27,517 simple_logger.py log_once [line:28] INFO mean_val_loss                 3.2101
2026-09-24 23:11:27,517 simple_logger.py log_once [line:28] INFO std_val_loss                  1.2861
2026-09-24 23:11:27,517 fedbase.py run [line:316] INFO Eval Time Cost:               1.4772s
2026-09-24 23:11:27,526 asyncbase.py iterate [line:68] INFO Select clients [np.int64(12), np.int64(5), np.int64(10)] at time 39.
2026-09-24 23:11:28,469 asyncbase.py iterate [line:73] INFO Receive new models from clients [12] at time 39
2026-09-24 23:11:28,505 fedbase.py run [line:311] INFO --------------Round 37--------------
2026-09-24 23:11:28,505 simple_logger.py log_once [line:14] INFO Current_time:39
2026-09-24 23:11:29,981 simple_logger.py log_once [line:28] INFO test_accuracy                 0.1009
2026-09-24 23:11:29,981 simple_logger.py log_once [line:28] INFO test_loss                     4.6001
2026-09-24 23:11:29,981 simple_logger.py log_once [line:28] INFO val_accuracy                  0.0999
2026-09-24 23:11:29,981 simple_logger.py log_once [line:28] INFO mean_val_accuracy             0.0994
2026-09-24 23:11:29,981 simple_logger.py log_once [line:28] INFO std_val_accuracy              0.2889
2026-09-24 23:11:29,981 simple_logger.py log_once [line:28] INFO val_loss                      4.6062
2026-09-24 23:11:29,981 simple_logger.py log_once [line:28] INFO mean_val_loss                 4.6001
2026-09-24 23:11:29,981 simple_logger.py log_once [line:28] INFO std_val_loss                  2.3088
2026-09-24 23:11:29,982 fedbase.py run [line:316] INFO Eval Time Cost:               1.4766s
2026-09-24 23:11:29,990 asyncbase.py iterate [line:68] INFO Select clients [np.int64(7), np.int64(6)] at time 40.
2026-09-24 23:11:30,603 asyncbase.py iterate [line:73] INFO Receive new models from clients [9, 5] at time 40
2026-09-24 23:11:30,660 fedbase.py run [line:311] INFO --------------Round 38--------------
2026-09-24 23:11:30,660 simple_logger.py log_once [line:14] INFO Current_time:40
2026-09-24 23:11:32,133 simple_logger.py log_once [line:28] INFO test_accuracy                 0.1032
2026-09-24 23:11:32,133 simple_logger.py log_once [line:28] INFO test_loss                     6.5111
2026-09-24 23:11:32,133 simple_logger.py log_once [line:28] INFO val_accuracy                  0.0983
2026-09-24 23:11:32,133 simple_logger.py log_once [line:28] INFO mean_val_accuracy             0.0993
2026-09-24 23:11:32,133 simple_logger.py log_once [line:28] INFO std_val_accuracy              0.2871
2026-09-24 23:11:32,133 simple_logger.py log_once [line:28] INFO val_loss                      6.5416
2026-09-24 23:11:32,133 simple_logger.py log_once [line:28] INFO mean_val_loss                 6.5301
2026-09-24 23:11:32,133 simple_logger.py log_once [line:28] INFO std_val_loss                  3.4089
2026-09-24 23:11:32,133 fedbase.py run [line:316] INFO Eval Time Cost:               1.4730s
2026-09-24 23:11:32,143 asyncbase.py iterate [line:68] INFO Select clients [np.int64(9), np.int64(15), np.int64(13)] at time 41.
2026-09-24 23:11:33,081 asyncbase.py iterate [line:73] INFO Receive new models from clients [10, 6, 9] at time 41
2026-09-24 23:11:33,143 fedbase.py run [line:311] INFO --------------Round 39--------------
2026-09-24 23:11:33,143 simple_logger.py log_once [line:14] INFO Current_time:41
2026-09-24 23:11:34,623 simple_logger.py log_once [line:28] INFO test_accuracy                 0.1032
2026-09-24 23:11:34,623 simple_logger.py log_once [line:28] INFO test_loss                     7.5753
2026-09-24 23:11:34,623 simple_logger.py log_once [line:28] INFO val_accuracy                  0.0983
2026-09-24 23:11:34,623 simple_logger.py log_once [line:28] INFO mean_val_accuracy             0.0993
2026-09-24 23:11:34,623 simple_logger.py log_once [line:28] INFO std_val_accuracy              0.2871
2026-09-24 23:11:34,623 simple_logger.py log_once [line:28] INFO val_loss                      7.6046
2026-09-24 23:11:34,623 simple_logger.py log_once [line:28] INFO mean_val_loss                 7.5889
2026-09-24 23:11:34,623 simple_logger.py log_once [line:28] INFO std_val_loss                  3.8188
2026-09-24 23:11:34,623 fedbase.py run [line:316] INFO Eval Time Cost:               1.4804s
2026-09-24 23:11:34,633 asyncbase.py iterate [line:68] INFO Select clients [np.int64(14), np.int64(8), np.int64(0)] at time 42.
2026-09-24 23:11:35,570 asyncbase.py iterate [line:73] INFO Receive new models from clients [7] at time 42
2026-09-24 23:11:35,602 fedbase.py run [line:311] INFO --------------Round 40--------------
2026-09-24 23:11:35,602 simple_logger.py log_once [line:14] INFO Current_time:42
2026-09-24 23:11:37,080 simple_logger.py log_once [line:28] INFO test_accuracy                 0.1032
2026-09-24 23:11:37,080 simple_logger.py log_once [line:28] INFO test_loss                     6.7926
2026-09-24 23:11:37,080 simple_logger.py log_once [line:28] INFO val_accuracy                  0.0983
2026-09-24 23:11:37,081 simple_logger.py log_once [line:28] INFO mean_val_accuracy             0.0993
2026-09-24 23:11:37,081 simple_logger.py log_once [line:28] INFO std_val_accuracy              0.2871
2026-09-24 23:11:37,081 simple_logger.py log_once [line:28] INFO val_loss                      6.8123
2026-09-24 23:11:37,081 simple_logger.py log_once [line:28] INFO mean_val_loss                 6.7964
2026-09-24 23:11:37,081 simple_logger.py log_once [line:28] INFO std_val_loss                  3.5393
2026-09-24 23:11:37,081 fedbase.py run [line:316] INFO Eval Time Cost:               1.4791s
2026-09-24 23:11:37,091 asyncbase.py iterate [line:68] INFO Select clients [np.int64(3)] at time 43.
2026-09-24 23:11:37,398 asyncbase.py iterate [line:73] INFO Receive new models from clients [0, 15] at time 43
2026-09-24 23:11:37,454 fedbase.py run [line:311] INFO --------------Round 41--------------
2026-09-24 23:11:37,455 simple_logger.py log_once [line:14] INFO Current_time:43
2026-09-24 23:11:38,945 simple_logger.py log_once [line:28] INFO test_accuracy                 0.1032
2026-09-24 23:11:38,945 simple_logger.py log_once [line:28] INFO test_loss                     7.0931
2026-09-24 23:11:38,945 simple_logger.py log_once [line:28] INFO val_accuracy                  0.0983
2026-09-24 23:11:38,945 simple_logger.py log_once [line:28] INFO mean_val_accuracy             0.0993
2026-09-24 23:11:38,945 simple_logger.py log_once [line:28] INFO std_val_accuracy              0.2871
2026-09-24 23:11:38,945 simple_logger.py log_once [line:28] INFO val_loss                      7.1167
2026-09-24 23:11:38,945 simple_logger.py log_once [line:28] INFO mean_val_loss                 7.1004
2026-09-24 23:11:38,946 simple_logger.py log_once [line:28] INFO std_val_loss                  3.6194
2026-09-24 23:11:38,946 fedbase.py run [line:316] INFO Eval Time Cost:               1.4911s
2026-09-24 23:11:38,954 asyncbase.py iterate [line:68] INFO Select clients [np.int64(0)] at time 44.
2026-09-24 23:11:39,270 asyncbase.py iterate [line:73] INFO Receive new models from clients [13, 0] at time 44
2026-09-24 23:11:39,325 fedbase.py run [line:311] INFO --------------Round 42--------------
2026-09-24 23:11:39,325 simple_logger.py log_once [line:14] INFO Current_time:44
2026-09-24 23:11:40,804 simple_logger.py log_once [line:28] INFO test_accuracy                 0.1032
2026-09-24 23:11:40,804 simple_logger.py log_once [line:28] INFO test_loss                     6.7545
2026-09-24 23:11:40,804 simple_logger.py log_once [line:28] INFO val_accuracy                  0.0983
2026-09-24 23:11:40,804 simple_logger.py log_once [line:28] INFO mean_val_accuracy             0.0993
2026-09-24 23:11:40,805 simple_logger.py log_once [line:28] INFO std_val_accuracy              0.2871
2026-09-24 23:11:40,805 simple_logger.py log_once [line:28] INFO val_loss                      6.7775
2026-09-24 23:11:40,805 simple_logger.py log_once [line:28] INFO mean_val_loss                 6.7622
2026-09-24 23:11:40,805 simple_logger.py log_once [line:28] INFO std_val_loss                  3.3516
2026-09-24 23:11:40,805 fedbase.py run [line:316] INFO Eval Time Cost:               1.4797s
2026-09-24 23:11:40,815 asyncbase.py iterate [line:68] INFO Select clients [np.int64(15), np.int64(1)] at time 45.
2026-09-24 23:11:41,451 asyncbase.py iterate [line:73] INFO Receive new models from clients [14, 3, 8] at time 45
2026-09-24 23:11:41,516 fedbase.py run [line:311] INFO --------------Round 43--------------
2026-09-24 23:11:41,516 simple_logger.py log_once [line:14] INFO Current_time:45
2026-09-24 23:11:42,994 simple_logger.py log_once [line:28] INFO test_accuracy                 0.0974
2026-09-24 23:11:42,994 simple_logger.py log_once [line:28] INFO test_loss                     3.8735
2026-09-24 23:11:42,994 simple_logger.py log_once [line:28] INFO val_accuracy                  0.0972
2026-09-24 23:11:42,994 simple_logger.py log_once [line:28] INFO mean_val_accuracy             0.0962
2026-09-24 23:11:42,994 simple_logger.py log_once [line:28] INFO std_val_accuracy              0.2801
2026-09-24 23:11:42,994 simple_logger.py log_once [line:28] INFO val_loss                      3.8679
2026-09-24 23:11:42,994 simple_logger.py log_once [line:28] INFO mean_val_loss                 3.8609
2026-09-24 23:11:42,994 simple_logger.py log_once [line:28] INFO std_val_loss                  2.2620
2026-09-24 23:11:42,995 fedbase.py run [line:316] INFO Eval Time Cost:               1.4789s
2026-09-24 23:11:43,005 asyncbase.py iterate [line:68] INFO Select clients [np.int64(18), np.int64(4)] at time 46.
2026-09-24 23:11:43,635 asyncbase.py iterate [line:73] INFO Receive new models from clients [1] at time 46
2026-09-24 23:11:43,668 fedbase.py run [line:311] INFO --------------Round 44--------------
2026-09-24 23:11:43,668 simple_logger.py log_once [line:14] INFO Current_time:46
2026-09-24 23:11:45,139 simple_logger.py log_once [line:28] INFO test_accuracy                 0.0958
2026-09-24 23:11:45,139 simple_logger.py log_once [line:28] INFO test_loss                     5.5988
2026-09-24 23:11:45,139 simple_logger.py log_once [line:28] INFO val_accuracy                  0.0981
2026-09-24 23:11:45,139 simple_logger.py log_once [line:28] INFO mean_val_accuracy             0.0983
2026-09-24 23:11:45,139 simple_logger.py log_once [line:28] INFO std_val_accuracy              0.2826
2026-09-24 23:11:45,140 simple_logger.py log_once [line:28] INFO val_loss                      5.5574
2026-09-24 23:11:45,140 simple_logger.py log_once [line:28] INFO mean_val_loss                 5.5548
2026-09-24 23:11:45,140 simple_logger.py log_once [line:28] INFO std_val_loss                  2.8162
2026-09-24 23:11:45,140 fedbase.py run [line:316] INFO Eval Time Cost:               1.4718s
2026-09-24 23:11:45,150 asyncbase.py iterate [line:68] INFO Select clients [np.int64(9), np.int64(14)] at time 47.
2026-09-24 23:11:45,825 asyncbase.py iterate [line:73] INFO Receive new models from clients [15, 18, 14, 4] at time 47
2026-09-24 23:11:45,897 fedbase.py run [line:311] INFO --------------Round 45--------------
2026-09-24 23:11:45,897 simple_logger.py log_once [line:14] INFO Current_time:47
2026-09-24 23:11:47,440 simple_logger.py log_once [line:28] INFO test_accuracy                 0.0958
2026-09-24 23:11:47,440 simple_logger.py log_once [line:28] INFO test_loss                     4.7239
2026-09-24 23:11:47,440 simple_logger.py log_once [line:28] INFO val_accuracy                  0.0981
2026-09-24 23:11:47,440 simple_logger.py log_once [line:28] INFO mean_val_accuracy             0.0983
2026-09-24 23:11:47,440 simple_logger.py log_once [line:28] INFO std_val_accuracy              0.2826
2026-09-24 23:11:47,440 simple_logger.py log_once [line:28] INFO val_loss                      4.6876
2026-09-24 23:11:47,440 simple_logger.py log_once [line:28] INFO mean_val_loss                 4.6911
2026-09-24 23:11:47,440 simple_logger.py log_once [line:28] INFO std_val_loss                  2.1935
2026-09-24 23:11:47,440 fedbase.py run [line:316] INFO Eval Time Cost:               1.5431s
2026-09-24 23:11:47,449 asyncbase.py iterate [line:68] INFO Select clients [np.int64(16), np.int64(1), np.int64(19), np.int64(8), np.int64(7)] at time 48.
2026-09-24 23:11:49,109 asyncbase.py iterate [line:73] INFO Receive new models from clients [19, 8] at time 48
2026-09-24 23:11:49,164 fedbase.py run [line:311] INFO --------------Round 46--------------
2026-09-24 23:11:49,164 simple_logger.py log_once [line:14] INFO Current_time:48
2026-09-24 23:11:50,657 simple_logger.py log_once [line:28] INFO test_accuracy                 0.0980
2026-09-24 23:11:50,657 simple_logger.py log_once [line:28] INFO test_loss                     3.8148
2026-09-24 23:11:50,657 simple_logger.py log_once [line:28] INFO val_accuracy                  0.0990
2026-09-24 23:11:50,657 simple_logger.py log_once [line:28] INFO mean_val_accuracy             0.1000
2026-09-24 23:11:50,657 simple_logger.py log_once [line:28] INFO std_val_accuracy              0.2627
2026-09-24 23:11:50,657 simple_logger.py log_once [line:28] INFO val_loss                      3.7816
2026-09-24 23:11:50,657 simple_logger.py log_once [line:28] INFO mean_val_loss                 3.7833
2026-09-24 23:11:50,657 simple_logger.py log_once [line:28] INFO std_val_loss                  2.0971
2026-09-24 23:11:50,657 fedbase.py run [line:316] INFO Eval Time Cost:               1.4931s
2026-09-24 23:11:50,667 asyncbase.py iterate [line:68] INFO Select clients [np.int64(10), np.int64(15)] at time 49.
2026-09-24 23:11:51,294 asyncbase.py iterate [line:73] INFO Receive new models from clients [7, 9, 10, 1] at time 49
2026-09-24 23:11:51,366 fedbase.py run [line:311] INFO --------------Round 47--------------
2026-09-24 23:11:51,366 simple_logger.py log_once [line:14] INFO Current_time:49
2026-09-24 23:11:52,847 simple_logger.py log_once [line:28] INFO test_accuracy                 0.0980
2026-09-24 23:11:52,847 simple_logger.py log_once [line:28] INFO test_loss                     4.2844
2026-09-24 23:11:52,848 simple_logger.py log_once [line:28] INFO val_accuracy                  0.0990
2026-09-24 23:11:52,848 simple_logger.py log_once [line:28] INFO mean_val_accuracy             0.1000
2026-09-24 23:11:52,848 simple_logger.py log_once [line:28] INFO std_val_accuracy              0.2627
2026-09-24 23:11:52,848 simple_logger.py log_once [line:28] INFO val_loss                      4.2587
2026-09-24 23:11:52,848 simple_logger.py log_once [line:28] INFO mean_val_loss                 4.2575
2026-09-24 23:11:52,848 simple_logger.py log_once [line:28] INFO std_val_loss                  2.0807
2026-09-24 23:11:52,848 fedbase.py run [line:316] INFO Eval Time Cost:               1.4821s
2026-09-24 23:11:52,857 asyncbase.py iterate [line:68] INFO Select clients [np.int64(3), np.int64(5)] at time 50.
2026-09-24 23:11:53,482 asyncbase.py iterate [line:73] INFO Receive new models from clients [16, 15] at time 50
2026-09-24 23:11:53,542 fedbase.py run [line:311] INFO --------------Round 48--------------
2026-09-24 23:11:53,542 simple_logger.py log_once [line:14] INFO Current_time:50
2026-09-24 23:11:55,024 simple_logger.py log_once [line:28] INFO test_accuracy                 0.0980
2026-09-24 23:11:55,024 simple_logger.py log_once [line:28] INFO test_loss                     3.8665
2026-09-24 23:11:55,024 simple_logger.py log_once [line:28] INFO val_accuracy                  0.0990
2026-09-24 23:11:55,024 simple_logger.py log_once [line:28] INFO mean_val_accuracy             0.1000
2026-09-24 23:11:55,024 simple_logger.py log_once [line:28] INFO std_val_accuracy              0.2627
2026-09-24 23:11:55,024 simple_logger.py log_once [line:28] INFO val_loss                      3.8506
2026-09-24 23:11:55,025 simple_logger.py log_once [line:28] INFO mean_val_loss                 3.8505
2026-09-24 23:11:55,025 simple_logger.py log_once [line:28] INFO std_val_loss                  1.9348
2026-09-24 23:11:55,025 fedbase.py run [line:316] INFO Eval Time Cost:               1.4823s
2026-09-24 23:11:55,034 asyncbase.py iterate [line:68] INFO Select clients [np.int64(16), np.int64(17), np.int64(9)] at time 51.
2026-09-24 23:11:55,967 asyncbase.py iterate [line:73] INFO Receive new models from clients [16, 17] at time 51
2026-09-24 23:11:56,024 fedbase.py run [line:311] INFO --------------Round 49--------------
2026-09-24 23:11:56,024 simple_logger.py log_once [line:14] INFO Current_time:51
2026-09-24 23:11:57,513 simple_logger.py log_once [line:28] INFO test_accuracy                 0.1009
2026-09-24 23:11:57,513 simple_logger.py log_once [line:28] INFO test_loss                     3.8656
2026-09-24 23:11:57,513 simple_logger.py log_once [line:28] INFO val_accuracy                  0.0999
2026-09-24 23:11:57,513 simple_logger.py log_once [line:28] INFO mean_val_accuracy             0.0994
2026-09-24 23:11:57,513 simple_logger.py log_once [line:28] INFO std_val_accuracy              0.2889
2026-09-24 23:11:57,513 simple_logger.py log_once [line:28] INFO val_loss                      3.8480
2026-09-24 23:11:57,513 simple_logger.py log_once [line:28] INFO mean_val_loss                 3.8511
2026-09-24 23:11:57,513 simple_logger.py log_once [line:28] INFO std_val_loss                  1.8731
2026-09-24 23:11:57,513 fedbase.py run [line:316] INFO Eval Time Cost:               1.4893s
2026-09-24 23:11:57,522 asyncbase.py iterate [line:68] INFO Select clients [np.int64(15), np.int64(0)] at time 52.
2026-09-24 23:11:58,158 asyncbase.py iterate [line:68] INFO Select clients [np.int64(14)] at time 53.
2026-09-24 23:11:58,472 asyncbase.py iterate [line:73] INFO Receive new models from clients [3, 15, 5] at time 53
2026-09-24 23:11:58,534 fedbase.py run [line:311] INFO --------------Round 50--------------
2026-09-24 23:11:58,534 simple_logger.py log_once [line:14] INFO Current_time:53
2026-09-24 23:12:00,029 simple_logger.py log_once [line:28] INFO test_accuracy                 0.1009
2026-09-24 23:12:00,029 simple_logger.py log_once [line:28] INFO test_loss                     7.8458
2026-09-24 23:12:00,029 simple_logger.py log_once [line:28] INFO val_accuracy                  0.0999
2026-09-24 23:12:00,029 simple_logger.py log_once [line:28] INFO mean_val_accuracy             0.0994
2026-09-24 23:12:00,029 simple_logger.py log_once [line:28] INFO std_val_accuracy              0.2889
2026-09-24 23:12:00,029 simple_logger.py log_once [line:28] INFO val_loss                      7.8284
2026-09-24 23:12:00,029 simple_logger.py log_once [line:28] INFO mean_val_loss                 7.8397
2026-09-24 23:12:00,029 simple_logger.py log_once [line:28] INFO std_val_loss                  3.2165
2026-09-24 23:12:00,030 fedbase.py run [line:316] INFO Eval Time Cost:               1.4955s
2026-09-24 23:12:00,039 asyncbase.py iterate [line:68] INFO Select clients [np.int64(4), np.int64(5)] at time 54.
2026-09-24 23:12:00,655 asyncbase.py iterate [line:73] INFO Receive new models from clients [9, 0] at time 54
2026-09-24 23:12:00,712 fedbase.py run [line:311] INFO --------------Round 51--------------
2026-09-24 23:12:00,712 simple_logger.py log_once [line:14] INFO Current_time:54
2026-09-24 23:12:02,191 simple_logger.py log_once [line:28] INFO test_accuracy                 0.1009
2026-09-24 23:12:02,192 simple_logger.py log_once [line:28] INFO test_loss                     6.8116
2026-09-24 23:12:02,192 simple_logger.py log_once [line:28] INFO val_accuracy                  0.0999
2026-09-24 23:12:02,192 simple_logger.py log_once [line:28] INFO mean_val_accuracy             0.0994
2026-09-24 23:12:02,192 simple_logger.py log_once [line:28] INFO std_val_accuracy              0.2889
2026-09-24 23:12:02,192 simple_logger.py log_once [line:28] INFO val_loss                      6.8441
2026-09-24 23:12:02,192 simple_logger.py log_once [line:28] INFO mean_val_loss                 6.8484
2026-09-24 23:12:02,192 simple_logger.py log_once [line:28] INFO std_val_loss                  2.9490
2026-09-24 23:12:02,192 fedbase.py run [line:316] INFO Eval Time Cost:               1.4800s
2026-09-24 23:12:02,200 asyncbase.py iterate [line:68] INFO Select clients [np.int64(18), np.int64(12), np.int64(7)] at time 55.
2026-09-24 23:12:03,135 asyncbase.py iterate [line:73] INFO Receive new models from clients [18] at time 55
2026-09-24 23:12:03,168 fedbase.py run [line:311] INFO --------------Round 52--------------
2026-09-24 23:12:03,168 simple_logger.py log_once [line:14] INFO Current_time:55
2026-09-24 23:12:04,647 simple_logger.py log_once [line:28] INFO test_accuracy                 0.1135
2026-09-24 23:12:04,647 simple_logger.py log_once [line:28] INFO test_loss                     6.5341
2026-09-24 23:12:04,647 simple_logger.py log_once [line:28] INFO val_accuracy                  0.1119
2026-09-24 23:12:04,647 simple_logger.py log_once [line:28] INFO mean_val_accuracy             0.1111
2026-09-24 23:12:04,647 simple_logger.py log_once [line:28] INFO std_val_accuracy              0.2974
2026-09-24 23:12:04,647 simple_logger.py log_once [line:28] INFO val_loss                      6.5699
2026-09-24 23:12:04,647 simple_logger.py log_once [line:28] INFO mean_val_loss                 6.5769
2026-09-24 23:12:04,647 simple_logger.py log_once [line:28] INFO std_val_loss                  2.7908
2026-09-24 23:12:04,647 fedbase.py run [line:316] INFO Eval Time Cost:               1.4789s
2026-09-24 23:12:04,656 asyncbase.py iterate [line:68] INFO Select clients [np.int64(8)] at time 56.
2026-09-24 23:12:04,960 asyncbase.py iterate [line:73] INFO Receive new models from clients [7, 12, 14, 5] at time 56
2026-09-24 23:12:05,029 fedbase.py run [line:311] INFO --------------Round 53--------------
2026-09-24 23:12:05,029 simple_logger.py log_once [line:14] INFO Current_time:56
2026-09-24 23:12:06,520 simple_logger.py log_once [line:28] INFO test_accuracy                 0.1135
2026-09-24 23:12:06,520 simple_logger.py log_once [line:28] INFO test_loss                     8.4942
2026-09-24 23:12:06,520 simple_logger.py log_once [line:28] INFO val_accuracy                  0.1119
2026-09-24 23:12:06,520 simple_logger.py log_once [line:28] INFO mean_val_accuracy             0.1111
2026-09-24 23:12:06,520 simple_logger.py log_once [line:28] INFO std_val_accuracy              0.2974
2026-09-24 23:12:06,520 simple_logger.py log_once [line:28] INFO val_loss                      8.5258
2026-09-24 23:12:06,520 simple_logger.py log_once [line:28] INFO mean_val_loss                 8.5339
2026-09-24 23:12:06,520 simple_logger.py log_once [line:28] INFO std_val_loss                  3.2068
2026-09-24 23:12:06,520 fedbase.py run [line:316] INFO Eval Time Cost:               1.4914s
2026-09-24 23:12:06,529 asyncbase.py iterate [line:68] INFO Select clients [np.int64(15), np.int64(3), np.int64(9)] at time 57.
2026-09-24 23:12:07,457 asyncbase.py iterate [line:73] INFO Receive new models from clients [4, 3] at time 57
2026-09-24 23:12:07,513 fedbase.py run [line:311] INFO --------------Round 54--------------
2026-09-24 23:12:07,513 simple_logger.py log_once [line:14] INFO Current_time:57
2026-09-24 23:12:09,049 simple_logger.py log_once [line:28] INFO test_accuracy                 0.1135
2026-09-24 23:12:09,049 simple_logger.py log_once [line:28] INFO test_loss                     8.4367
2026-09-24 23:12:09,049 simple_logger.py log_once [line:28] INFO val_accuracy                  0.1119
2026-09-24 23:12:09,049 simple_logger.py log_once [line:28] INFO mean_val_accuracy             0.1111
2026-09-24 23:12:09,049 simple_logger.py log_once [line:28] INFO std_val_accuracy              0.2974
2026-09-24 23:12:09,049 simple_logger.py log_once [line:28] INFO val_loss                      8.4660
2026-09-24 23:12:09,049 simple_logger.py log_once [line:28] INFO mean_val_loss                 8.4738
2026-09-24 23:12:09,049 simple_logger.py log_once [line:28] INFO std_val_loss                  3.3406
2026-09-24 23:12:09,049 fedbase.py run [line:316] INFO Eval Time Cost:               1.5365s
2026-09-24 23:12:09,059 asyncbase.py iterate [line:68] INFO Select clients [np.int64(5), np.int64(1), np.int64(10)] at time 58.
2026-09-24 23:12:10,002 asyncbase.py iterate [line:73] INFO Receive new models from clients [8] at time 58
2026-09-24 23:12:10,036 fedbase.py run [line:311] INFO --------------Round 55--------------
2026-09-24 23:12:10,036 simple_logger.py log_once [line:14] INFO Current_time:58
2026-09-24 23:12:11,519 simple_logger.py log_once [line:28] INFO test_accuracy                 0.0980
2026-09-24 23:12:11,519 simple_logger.py log_once [line:28] INFO test_loss                     5.2372
2026-09-24 23:12:11,519 simple_logger.py log_once [line:28] INFO val_accuracy                  0.0990
2026-09-24 23:12:11,519 simple_logger.py log_once [line:28] INFO mean_val_accuracy             0.1000
2026-09-24 23:12:11,519 simple_logger.py log_once [line:28] INFO std_val_accuracy              0.2627
2026-09-24 23:12:11,519 simple_logger.py log_once [line:28] INFO val_loss                      5.2493
2026-09-24 23:12:11,519 simple_logger.py log_once [line:28] INFO mean_val_loss                 5.2466
2026-09-24 23:12:11,519 simple_logger.py log_once [line:28] INFO std_val_loss                  2.6211
2026-09-24 23:12:11,519 fedbase.py run [line:316] INFO Eval Time Cost:               1.4827s
2026-09-24 23:12:11,527 asyncbase.py iterate [line:68] INFO Select clients [np.int64(18)] at time 59.
2026-09-24 23:12:11,848 asyncbase.py iterate [line:73] INFO Receive new models from clients [10, 1, 15] at time 59
2026-09-24 23:12:11,912 fedbase.py run [line:311] INFO --------------Round 56--------------
2026-09-24 23:12:11,912 simple_logger.py log_once [line:14] INFO Current_time:59
2026-09-24 23:12:13,407 simple_logger.py log_once [line:28] INFO test_accuracy                 0.0980
2026-09-24 23:12:13,407 simple_logger.py log_once [line:28] INFO test_loss                     8.6534
2026-09-24 23:12:13,407 simple_logger.py log_once [line:28] INFO val_accuracy                  0.0990
2026-09-24 23:12:13,407 simple_logger.py log_once [line:28] INFO mean_val_accuracy             0.1000
2026-09-24 23:12:13,407 simple_logger.py log_once [line:28] INFO std_val_accuracy              0.2627
2026-09-24 23:12:13,408 simple_logger.py log_once [line:28] INFO val_loss                      8.6578
2026-09-24 23:12:13,408 simple_logger.py log_once [line:28] INFO mean_val_loss                 8.6519
2026-09-24 23:12:13,408 simple_logger.py log_once [line:28] INFO std_val_loss                  3.6992
2026-09-24 23:12:13,408 fedbase.py run [line:316] INFO Eval Time Cost:               1.4953s
2026-09-24 23:12:13,416 asyncbase.py iterate [line:68] INFO Select clients [np.int64(12), np.int64(3)] at time 60.
2026-09-24 23:12:14,046 asyncbase.py iterate [line:73] INFO Receive new models from clients [18, 9, 12] at time 60
2026-09-24 23:12:14,111 fedbase.py run [line:311] INFO --------------Round 57--------------
2026-09-24 23:12:14,111 simple_logger.py log_once [line:14] INFO Current_time:60
2026-09-24 23:12:15,598 simple_logger.py log_once [line:28] INFO test_accuracy                 0.0980
2026-09-24 23:12:15,599 simple_logger.py log_once [line:28] INFO test_loss                     14.7816
2026-09-24 23:12:15,599 simple_logger.py log_once [line:28] INFO val_accuracy                  0.0990
2026-09-24 23:12:15,599 simple_logger.py log_once [line:28] INFO mean_val_accuracy             0.1000
2026-09-24 23:12:15,599 simple_logger.py log_once [line:28] INFO std_val_accuracy              0.2627
2026-09-24 23:12:15,599 simple_logger.py log_once [line:28] INFO val_loss                      14.7799
2026-09-24 23:12:15,599 simple_logger.py log_once [line:28] INFO mean_val_loss                 14.7677
2026-09-24 23:12:15,599 simple_logger.py log_once [line:28] INFO std_val_loss                  6.2935
2026-09-24 23:12:15,599 fedbase.py run [line:316] INFO Eval Time Cost:               1.4878s
2026-09-24 23:12:15,607 asyncbase.py iterate [line:68] INFO Select clients [np.int64(15), np.int64(13), np.int64(12)] at time 61.
2026-09-24 23:12:16,560 asyncbase.py iterate [line:73] INFO Receive new models from clients [3, 5] at time 61
2026-09-24 23:12:16,614 fedbase.py run [line:311] INFO --------------Round 58--------------
2026-09-24 23:12:16,614 simple_logger.py log_once [line:14] INFO Current_time:61
2026-09-24 23:12:18,116 simple_logger.py log_once [line:28] INFO test_accuracy                 0.0980
2026-09-24 23:12:18,116 simple_logger.py log_once [line:28] INFO test_loss                     14.8535
2026-09-24 23:12:18,116 simple_logger.py log_once [line:28] INFO val_accuracy                  0.0990
2026-09-24 23:12:18,116 simple_logger.py log_once [line:28] INFO mean_val_accuracy             0.1000
2026-09-24 23:12:18,116 simple_logger.py log_once [line:28] INFO std_val_accuracy              0.2627
2026-09-24 23:12:18,116 simple_logger.py log_once [line:28] INFO val_loss                      14.8519
2026-09-24 23:12:18,116 simple_logger.py log_once [line:28] INFO mean_val_loss                 14.8397
2026-09-24 23:12:18,116 simple_logger.py log_once [line:28] INFO std_val_loss                  6.3111
2026-09-24 23:12:18,116 fedbase.py run [line:316] INFO Eval Time Cost:               1.5022s
2026-09-24 23:12:18,126 asyncbase.py iterate [line:68] INFO Select clients [np.int64(9), np.int64(17)] at time 62.
2026-09-24 23:12:18,746 asyncbase.py iterate [line:73] INFO Receive new models from clients [15, 17] at time 62
2026-09-24 23:12:18,800 fedbase.py run [line:311] INFO --------------Round 59--------------
2026-09-24 23:12:18,800 simple_logger.py log_once [line:14] INFO Current_time:62
2026-09-24 23:12:20,285 simple_logger.py log_once [line:28] INFO test_accuracy                 0.1263
2026-09-24 23:12:20,285 simple_logger.py log_once [line:28] INFO test_loss                     42.7297
2026-09-24 23:12:20,285 simple_logger.py log_once [line:28] INFO val_accuracy                  0.1287
2026-09-24 23:12:20,285 simple_logger.py log_once [line:28] INFO mean_val_accuracy             0.1298
2026-09-24 23:12:20,285 simple_logger.py log_once [line:28] INFO std_val_accuracy              0.2629
2026-09-24 23:12:20,285 simple_logger.py log_once [line:28] INFO val_loss                      42.5382
2026-09-24 23:12:20,285 simple_logger.py log_once [line:28] INFO mean_val_loss                 42.4428
2026-09-24 23:12:20,285 simple_logger.py log_once [line:28] INFO std_val_loss                  20.1659
2026-09-24 23:12:20,285 fedbase.py run [line:316] INFO Eval Time Cost:               1.4845s
2026-09-24 23:12:20,293 asyncbase.py iterate [line:68] INFO Select clients [np.int64(0), np.int64(14)] at time 63.
2026-09-24 23:12:20,919 asyncbase.py iterate [line:73] INFO Receive new models from clients [0] at time 63
2026-09-24 23:12:20,950 fedbase.py run [line:311] INFO --------------Round 60--------------
2026-09-24 23:12:20,950 simple_logger.py log_once [line:14] INFO Current_time:63
2026-09-24 23:12:22,455 simple_logger.py log_once [line:28] INFO test_accuracy                 0.0980
2026-09-24 23:12:22,455 simple_logger.py log_once [line:28] INFO test_loss                     19.7671
2026-09-24 23:12:22,455 simple_logger.py log_once [line:28] INFO val_accuracy                  0.0990
2026-09-24 23:12:22,455 simple_logger.py log_once [line:28] INFO mean_val_accuracy             0.1000
2026-09-24 23:12:22,455 simple_logger.py log_once [line:28] INFO std_val_accuracy              0.2627
2026-09-24 23:12:22,455 simple_logger.py log_once [line:28] INFO val_loss                      19.8908
2026-09-24 23:12:22,455 simple_logger.py log_once [line:28] INFO mean_val_loss                 19.8554
2026-09-24 23:12:22,455 simple_logger.py log_once [line:28] INFO std_val_loss                  9.9829
2026-09-24 23:12:22,455 fedbase.py run [line:316] INFO Eval Time Cost:               1.5048s
2026-09-24 23:12:22,463 asyncbase.py iterate [line:68] INFO Select clients [np.int64(18), np.int64(10)] at time 64.
2026-09-24 23:12:23,096 asyncbase.py iterate [line:73] INFO Receive new models from clients [9, 12, 13] at time 64
2026-09-24 23:12:23,159 fedbase.py run [line:311] INFO --------------Round 61--------------
2026-09-24 23:12:23,159 simple_logger.py log_once [line:14] INFO Current_time:64
2026-09-24 23:12:24,673 simple_logger.py log_once [line:28] INFO test_accuracy                 0.1032
2026-09-24 23:12:24,673 simple_logger.py log_once [line:28] INFO test_loss                     15.9974
2026-09-24 23:12:24,673 simple_logger.py log_once [line:28] INFO val_accuracy                  0.0983
2026-09-24 23:12:24,673 simple_logger.py log_once [line:28] INFO mean_val_accuracy             0.0993
2026-09-24 23:12:24,673 simple_logger.py log_once [line:28] INFO std_val_accuracy              0.2871
2026-09-24 23:12:24,673 simple_logger.py log_once [line:28] INFO val_loss                      16.1199
2026-09-24 23:12:24,674 simple_logger.py log_once [line:28] INFO mean_val_loss                 16.0943
2026-09-24 23:12:24,674 simple_logger.py log_once [line:28] INFO std_val_loss                  7.3862
2026-09-24 23:12:24,674 fedbase.py run [line:316] INFO Eval Time Cost:               1.5144s
2026-09-24 23:12:24,682 asyncbase.py iterate [line:68] INFO Select clients [np.int64(15), np.int64(4)] at time 65.
2026-09-24 23:12:25,312 asyncbase.py iterate [line:73] INFO Receive new models from clients [4] at time 65
2026-09-24 23:12:25,344 fedbase.py run [line:311] INFO --------------Round 62--------------
2026-09-24 23:12:25,344 simple_logger.py log_once [line:14] INFO Current_time:65
2026-09-24 23:12:26,822 simple_logger.py log_once [line:28] INFO test_accuracy                 0.0982
2026-09-24 23:12:26,822 simple_logger.py log_once [line:28] INFO test_loss                     9.4617
2026-09-24 23:12:26,822 simple_logger.py log_once [line:28] INFO val_accuracy                  0.0989
2026-09-24 23:12:26,822 simple_logger.py log_once [line:28] INFO mean_val_accuracy             0.0993
2026-09-24 23:12:26,822 simple_logger.py log_once [line:28] INFO std_val_accuracy              0.2797
2026-09-24 23:12:26,822 simple_logger.py log_once [line:28] INFO val_loss                      9.5241
2026-09-24 23:12:26,822 simple_logger.py log_once [line:28] INFO mean_val_loss                 9.5107
2026-09-24 23:12:26,822 simple_logger.py log_once [line:28] INFO std_val_loss                  5.7132
2026-09-24 23:12:26,822 fedbase.py run [line:316] INFO Eval Time Cost:               1.4781s
2026-09-24 23:12:26,831 asyncbase.py iterate [line:68] INFO Select clients [np.int64(9), np.int64(13)] at time 66.
2026-09-24 23:12:27,453 asyncbase.py iterate [line:73] INFO Receive new models from clients [10, 13, 14] at time 66
2026-09-24 23:12:27,518 fedbase.py run [line:311] INFO --------------Round 63--------------
2026-09-24 23:12:27,518 simple_logger.py log_once [line:14] INFO Current_time:66
2026-09-24 23:12:29,011 simple_logger.py log_once [line:28] INFO test_accuracy                 0.0982
2026-09-24 23:12:29,011 simple_logger.py log_once [line:28] INFO test_loss                     9.0813
2026-09-24 23:12:29,011 simple_logger.py log_once [line:28] INFO val_accuracy                  0.0989
2026-09-24 23:12:29,011 simple_logger.py log_once [line:28] INFO mean_val_accuracy             0.0993
2026-09-24 23:12:29,011 simple_logger.py log_once [line:28] INFO std_val_accuracy              0.2797
2026-09-24 23:12:29,011 simple_logger.py log_once [line:28] INFO val_loss                      9.1095
2026-09-24 23:12:29,011 simple_logger.py log_once [line:28] INFO mean_val_loss                 9.0999
2026-09-24 23:12:29,011 simple_logger.py log_once [line:28] INFO std_val_loss                  3.9324
2026-09-24 23:12:29,011 fedbase.py run [line:316] INFO Eval Time Cost:               1.4932s
2026-09-24 23:12:29,020 asyncbase.py iterate [line:68] INFO Select clients [np.int64(3), np.int64(8)] at time 67.
2026-09-24 23:12:29,649 asyncbase.py iterate [line:73] INFO Receive new models from clients [18] at time 67
2026-09-24 23:12:29,681 fedbase.py run [line:311] INFO --------------Round 64--------------
2026-09-24 23:12:29,681 simple_logger.py log_once [line:14] INFO Current_time:67
2026-09-24 23:12:31,183 simple_logger.py log_once [line:28] INFO test_accuracy                 0.0982
2026-09-24 23:12:31,183 simple_logger.py log_once [line:28] INFO test_loss                     8.7166
2026-09-24 23:12:31,183 simple_logger.py log_once [line:28] INFO val_accuracy                  0.0989
2026-09-24 23:12:31,183 simple_logger.py log_once [line:28] INFO mean_val_accuracy             0.0993
2026-09-24 23:12:31,183 simple_logger.py log_once [line:28] INFO std_val_accuracy              0.2797
2026-09-24 23:12:31,183 simple_logger.py log_once [line:28] INFO val_loss                      8.7466
2026-09-24 23:12:31,183 simple_logger.py log_once [line:28] INFO mean_val_loss                 8.7450
2026-09-24 23:12:31,183 simple_logger.py log_once [line:28] INFO std_val_loss                  4.0014
2026-09-24 23:12:31,183 fedbase.py run [line:316] INFO Eval Time Cost:               1.5024s
2026-09-24 23:12:31,192 asyncbase.py iterate [line:68] INFO Select clients [np.int64(6), np.int64(7)] at time 68.
2026-09-24 23:12:31,819 asyncbase.py iterate [line:73] INFO Receive new models from clients [9, 15] at time 68
2026-09-24 23:12:31,876 fedbase.py run [line:311] INFO --------------Round 65--------------
2026-09-24 23:12:31,876 simple_logger.py log_once [line:14] INFO Current_time:68
2026-09-24 23:12:33,368 simple_logger.py log_once [line:28] INFO test_accuracy                 0.1032
2026-09-24 23:12:33,368 simple_logger.py log_once [line:28] INFO test_loss                     6.2797
2026-09-24 23:12:33,368 simple_logger.py log_once [line:28] INFO val_accuracy                  0.0983
2026-09-24 23:12:33,368 simple_logger.py log_once [line:28] INFO mean_val_accuracy             0.0993
2026-09-24 23:12:33,368 simple_logger.py log_once [line:28] INFO std_val_accuracy              0.2871
2026-09-24 23:12:33,368 simple_logger.py log_once [line:28] INFO val_loss                      6.3388
2026-09-24 23:12:33,368 simple_logger.py log_once [line:28] INFO mean_val_loss                 6.3346
2026-09-24 23:12:33,368 simple_logger.py log_once [line:28] INFO std_val_loss                  3.6560
2026-09-24 23:12:33,368 fedbase.py run [line:316] INFO Eval Time Cost:               1.4921s
2026-09-24 23:12:33,378 asyncbase.py iterate [line:68] INFO Select clients [np.int64(16), np.int64(4)] at time 69.
2026-09-24 23:12:34,010 asyncbase.py iterate [line:73] INFO Receive new models from clients [7] at time 69
2026-09-24 23:12:34,048 fedbase.py run [line:311] INFO --------------Round 66--------------
2026-09-24 23:12:34,048 simple_logger.py log_once [line:14] INFO Current_time:69
2026-09-24 23:12:35,568 simple_logger.py log_once [line:28] INFO test_accuracy                 0.1032
2026-09-24 23:12:35,568 simple_logger.py log_once [line:28] INFO test_loss                     5.7843
2026-09-24 23:12:35,568 simple_logger.py log_once [line:28] INFO val_accuracy                  0.0983
2026-09-24 23:12:35,568 simple_logger.py log_once [line:28] INFO mean_val_accuracy             0.0993
2026-09-24 23:12:35,568 simple_logger.py log_once [line:28] INFO std_val_accuracy              0.2871
2026-09-24 23:12:35,568 simple_logger.py log_once [line:28] INFO val_loss                      5.8394
2026-09-24 23:12:35,568 simple_logger.py log_once [line:28] INFO mean_val_loss                 5.8364
2026-09-24 23:12:35,568 simple_logger.py log_once [line:28] INFO std_val_loss                  3.1784
2026-09-24 23:12:35,568 fedbase.py run [line:316] INFO Eval Time Cost:               1.5202s
2026-09-24 23:12:35,578 asyncbase.py iterate [line:73] INFO Receive new models from clients [16, 8, 3] at time 70
2026-09-24 23:12:35,640 fedbase.py run [line:311] INFO --------------Round 67--------------
2026-09-24 23:12:35,640 simple_logger.py log_once [line:14] INFO Current_time:70
2026-09-24 23:12:37,131 simple_logger.py log_once [line:28] INFO test_accuracy                 0.1009
2026-09-24 23:12:37,132 simple_logger.py log_once [line:28] INFO test_loss                     5.0259
2026-09-24 23:12:37,132 simple_logger.py log_once [line:28] INFO val_accuracy                  0.0999
2026-09-24 23:12:37,132 simple_logger.py log_once [line:28] INFO mean_val_accuracy             0.0994
2026-09-24 23:12:37,132 simple_logger.py log_once [line:28] INFO std_val_accuracy              0.2889
2026-09-24 23:12:37,132 simple_logger.py log_once [line:28] INFO val_loss                      5.0714
2026-09-24 23:12:37,132 simple_logger.py log_once [line:28] INFO mean_val_loss                 5.0733
2026-09-24 23:12:37,132 simple_logger.py log_once [line:28] INFO std_val_loss                  2.7528
2026-09-24 23:12:37,132 fedbase.py run [line:316] INFO Eval Time Cost:               1.4919s
2026-09-24 23:12:37,141 asyncbase.py iterate [line:68] INFO Select clients [np.int64(10), np.int64(18), np.int64(16)] at time 71.
2026-09-24 23:12:38,102 asyncbase.py iterate [line:73] INFO Receive new models from clients [6, 10, 4] at time 71
2026-09-24 23:12:38,169 fedbase.py run [line:311] INFO --------------Round 68--------------
2026-09-24 23:12:38,170 simple_logger.py log_once [line:14] INFO Current_time:71
2026-09-24 23:12:39,663 simple_logger.py log_once [line:28] INFO test_accuracy                 0.1009
2026-09-24 23:12:39,663 simple_logger.py log_once [line:28] INFO test_loss                     5.1243
2026-09-24 23:12:39,663 simple_logger.py log_once [line:28] INFO val_accuracy                  0.0999
2026-09-24 23:12:39,663 simple_logger.py log_once [line:28] INFO mean_val_accuracy             0.0994
2026-09-24 23:12:39,663 simple_logger.py log_once [line:28] INFO std_val_accuracy              0.2889
2026-09-24 23:12:39,663 simple_logger.py log_once [line:28] INFO val_loss                      5.1600
2026-09-24 23:12:39,663 simple_logger.py log_once [line:28] INFO mean_val_loss                 5.1613
2026-09-24 23:12:39,664 simple_logger.py log_once [line:28] INFO std_val_loss                  2.4240
2026-09-24 23:12:39,664 fedbase.py run [line:316] INFO Eval Time Cost:               1.4941s
2026-09-24 23:12:39,674 asyncbase.py iterate [line:68] INFO Select clients [np.int64(10), np.int64(8), np.int64(14)] at time 72.
2026-09-24 23:12:40,610 asyncbase.py iterate [line:73] INFO Receive new models from clients [18] at time 72
2026-09-24 23:12:40,642 fedbase.py run [line:311] INFO --------------Round 69--------------
2026-09-24 23:12:40,642 simple_logger.py log_once [line:14] INFO Current_time:72
2026-09-24 23:12:42,134 simple_logger.py log_once [line:28] INFO test_accuracy                 0.1135
2026-09-24 23:12:42,134 simple_logger.py log_once [line:28] INFO test_loss                     3.9009
2026-09-24 23:12:42,134 simple_logger.py log_once [line:28] INFO val_accuracy                  0.1119
2026-09-24 23:12:42,134 simple_logger.py log_once [line:28] INFO mean_val_accuracy             0.1111
2026-09-24 23:12:42,134 simple_logger.py log_once [line:28] INFO std_val_accuracy              0.2974
2026-09-24 23:12:42,134 simple_logger.py log_once [line:28] INFO val_loss                      3.9258
2026-09-24 23:12:42,134 simple_logger.py log_once [line:28] INFO mean_val_loss                 3.9298
2026-09-24 23:12:42,134 simple_logger.py log_once [line:28] INFO std_val_loss                  1.8979
2026-09-24 23:12:42,134 fedbase.py run [line:316] INFO Eval Time Cost:               1.4923s
2026-09-24 23:12:42,145 asyncbase.py iterate [line:68] INFO Select clients [np.int64(0)] at time 73.
2026-09-24 23:12:42,459 asyncbase.py iterate [line:73] INFO Receive new models from clients [10] at time 73
2026-09-24 23:12:42,489 fedbase.py run [line:311] INFO --------------Round 70--------------
2026-09-24 23:12:42,490 simple_logger.py log_once [line:14] INFO Current_time:73
2026-09-24 23:12:43,990 simple_logger.py log_once [line:28] INFO test_accuracy                 0.1009
2026-09-24 23:12:43,990 simple_logger.py log_once [line:28] INFO test_loss                     5.5013
2026-09-24 23:12:43,990 simple_logger.py log_once [line:28] INFO val_accuracy                  0.0999
2026-09-24 23:12:43,990 simple_logger.py log_once [line:28] INFO mean_val_accuracy             0.0994
2026-09-24 23:12:43,991 simple_logger.py log_once [line:28] INFO std_val_accuracy              0.2889
2026-09-24 23:12:43,991 simple_logger.py log_once [line:28] INFO val_loss                      5.5426
2026-09-24 23:12:43,991 simple_logger.py log_once [line:28] INFO mean_val_loss                 5.5480
2026-09-24 23:12:43,991 simple_logger.py log_once [line:28] INFO std_val_loss                  2.7828
2026-09-24 23:12:43,991 fedbase.py run [line:316] INFO Eval Time Cost:               1.5012s
2026-09-24 23:12:44,000 asyncbase.py iterate [line:68] INFO Select clients [np.int64(1)] at time 74.
2026-09-24 23:12:44,312 asyncbase.py iterate [line:73] INFO Receive new models from clients [16, 14, 1] at time 74
2026-09-24 23:12:44,375 fedbase.py run [line:311] INFO --------------Round 71--------------
2026-09-24 23:12:44,375 simple_logger.py log_once [line:14] INFO Current_time:74
2026-09-24 23:12:45,863 simple_logger.py log_once [line:28] INFO test_accuracy                 0.1135
2026-09-24 23:12:45,863 simple_logger.py log_once [line:28] INFO test_loss                     3.9356
2026-09-24 23:12:45,863 simple_logger.py log_once [line:28] INFO val_accuracy                  0.1119
2026-09-24 23:12:45,863 simple_logger.py log_once [line:28] INFO mean_val_accuracy             0.1111
2026-09-24 23:12:45,863 simple_logger.py log_once [line:28] INFO std_val_accuracy              0.2974
2026-09-24 23:12:45,863 simple_logger.py log_once [line:28] INFO val_loss                      3.9553
2026-09-24 23:12:45,863 simple_logger.py log_once [line:28] INFO mean_val_loss                 3.9590
2026-09-24 23:12:45,863 simple_logger.py log_once [line:28] INFO std_val_loss                  1.9418
2026-09-24 23:12:45,863 fedbase.py run [line:316] INFO Eval Time Cost:               1.4882s
2026-09-24 23:12:45,873 asyncbase.py iterate [line:68] INFO Select clients [np.int64(16), np.int64(7), np.int64(9), np.int64(10)] at time 75.
2026-09-24 23:12:47,102 asyncbase.py iterate [line:73] INFO Receive new models from clients [8, 16] at time 75
2026-09-24 23:12:47,158 fedbase.py run [line:311] INFO --------------Round 72--------------
2026-09-24 23:12:47,158 simple_logger.py log_once [line:14] INFO Current_time:75
2026-09-24 23:12:48,639 simple_logger.py log_once [line:28] INFO test_accuracy                 0.1135
2026-09-24 23:12:48,639 simple_logger.py log_once [line:28] INFO test_loss                     3.5106
2026-09-24 23:12:48,639 simple_logger.py log_once [line:28] INFO val_accuracy                  0.1119
2026-09-24 23:12:48,639 simple_logger.py log_once [line:28] INFO mean_val_accuracy             0.1111
2026-09-24 23:12:48,639 simple_logger.py log_once [line:28] INFO std_val_accuracy              0.2974
2026-09-24 23:12:48,639 simple_logger.py log_once [line:28] INFO val_loss                      3.5192
2026-09-24 23:12:48,639 simple_logger.py log_once [line:28] INFO mean_val_loss                 3.5203
2026-09-24 23:12:48,639 simple_logger.py log_once [line:28] INFO std_val_loss                  1.7561
2026-09-24 23:12:48,639 fedbase.py run [line:316] INFO Eval Time Cost:               1.4813s
2026-09-24 23:12:48,647 asyncbase.py iterate [line:68] INFO Select clients [np.int64(8)] at time 76.
2026-09-24 23:12:48,964 asyncbase.py iterate [line:73] INFO Receive new models from clients [7, 9, 0] at time 76
2026-09-24 23:12:49,027 fedbase.py run [line:311] INFO --------------Round 73--------------
2026-09-24 23:12:49,027 simple_logger.py log_once [line:14] INFO Current_time:76
2026-09-24 23:12:50,514 simple_logger.py log_once [line:28] INFO test_accuracy                 0.0980
2026-09-24 23:12:50,514 simple_logger.py log_once [line:28] INFO test_loss                     3.2591
2026-09-24 23:12:50,514 simple_logger.py log_once [line:28] INFO val_accuracy                  0.0990
2026-09-24 23:12:50,514 simple_logger.py log_once [line:28] INFO mean_val_accuracy             0.1000
2026-09-24 23:12:50,514 simple_logger.py log_once [line:28] INFO std_val_accuracy              0.2627
2026-09-24 23:12:50,514 simple_logger.py log_once [line:28] INFO val_loss                      3.2730
2026-09-24 23:12:50,514 simple_logger.py log_once [line:28] INFO mean_val_loss                 3.2672
2026-09-24 23:12:50,514 simple_logger.py log_once [line:28] INFO std_val_loss                  1.6109
2026-09-24 23:12:50,514 fedbase.py run [line:316] INFO Eval Time Cost:               1.4868s
2026-09-24 23:12:50,522 asyncbase.py iterate [line:68] INFO Select clients [np.int64(14), np.int64(16), np.int64(13), np.int64(7)] at time 77.
2026-09-24 23:12:51,779 asyncbase.py iterate [line:73] INFO Receive new models from clients [10, 16] at time 77
2026-09-24 23:12:51,834 fedbase.py run [line:311] INFO --------------Round 74--------------
2026-09-24 23:12:51,834 simple_logger.py log_once [line:14] INFO Current_time:77
2026-09-24 23:12:53,331 simple_logger.py log_once [line:28] INFO test_accuracy                 0.1009
2026-09-24 23:12:53,331 simple_logger.py log_once [line:28] INFO test_loss                     3.7700
2026-09-24 23:12:53,331 simple_logger.py log_once [line:28] INFO val_accuracy                  0.0999
2026-09-24 23:12:53,331 simple_logger.py log_once [line:28] INFO mean_val_accuracy             0.0994
2026-09-24 23:12:53,331 simple_logger.py log_once [line:28] INFO std_val_accuracy              0.2889
2026-09-24 23:12:53,331 simple_logger.py log_once [line:28] INFO val_loss                      3.7886
2026-09-24 23:12:53,331 simple_logger.py log_once [line:28] INFO mean_val_loss                 3.7825
2026-09-24 23:12:53,331 simple_logger.py log_once [line:28] INFO std_val_loss                  2.0817
2026-09-24 23:12:53,332 fedbase.py run [line:316] INFO Eval Time Cost:               1.4971s
2026-09-24 23:12:53,341 asyncbase.py iterate [line:68] INFO Select clients [np.int64(9), np.int64(12)] at time 78.
2026-09-24 23:12:53,974 asyncbase.py iterate [line:73] INFO Receive new models from clients [13] at time 78
2026-09-24 23:12:54,005 fedbase.py run [line:311] INFO --------------Round 75--------------
2026-09-24 23:12:54,005 simple_logger.py log_once [line:14] INFO Current_time:78
2026-09-24 23:12:55,496 simple_logger.py log_once [line:28] INFO test_accuracy                 0.1010
2026-09-24 23:12:55,496 simple_logger.py log_once [line:28] INFO test_loss                     6.5348
2026-09-24 23:12:55,496 simple_logger.py log_once [line:28] INFO val_accuracy                  0.1020
2026-09-24 23:12:55,496 simple_logger.py log_once [line:28] INFO mean_val_accuracy             0.1016
2026-09-24 23:12:55,496 simple_logger.py log_once [line:28] INFO std_val_accuracy              0.2730
2026-09-24 23:12:55,496 simple_logger.py log_once [line:28] INFO val_loss                      6.5440
2026-09-24 23:12:55,496 simple_logger.py log_once [line:28] INFO mean_val_loss                 6.5417
2026-09-24 23:12:55,496 simple_logger.py log_once [line:28] INFO std_val_loss                  2.8584
2026-09-24 23:12:55,496 fedbase.py run [line:316] INFO Eval Time Cost:               1.4907s
2026-09-24 23:12:55,505 asyncbase.py iterate [line:68] INFO Select clients [np.int64(0)] at time 79.
2026-09-24 23:12:55,811 asyncbase.py iterate [line:73] INFO Receive new models from clients [7, 8, 12] at time 79
2026-09-24 23:12:55,879 fedbase.py run [line:311] INFO --------------Round 76--------------
2026-09-24 23:12:55,879 simple_logger.py log_once [line:14] INFO Current_time:79
2026-09-24 23:12:57,370 simple_logger.py log_once [line:28] INFO test_accuracy                 0.1010
2026-09-24 23:12:57,370 simple_logger.py log_once [line:28] INFO test_loss                     7.1968
2026-09-24 23:12:57,370 simple_logger.py log_once [line:28] INFO val_accuracy                  0.1020
2026-09-24 23:12:57,370 simple_logger.py log_once [line:28] INFO mean_val_accuracy             0.1016
2026-09-24 23:12:57,371 simple_logger.py log_once [line:28] INFO std_val_accuracy              0.2730
2026-09-24 23:12:57,371 simple_logger.py log_once [line:28] INFO val_loss                      7.1902
2026-09-24 23:12:57,371 simple_logger.py log_once [line:28] INFO mean_val_loss                 7.1874
2026-09-24 23:12:57,371 simple_logger.py log_once [line:28] INFO std_val_loss                  3.0706
2026-09-24 23:12:57,371 fedbase.py run [line:316] INFO Eval Time Cost:               1.4920s
2026-09-24 23:12:57,380 asyncbase.py iterate [line:68] INFO Select clients [np.int64(12), np.int64(10)] at time 80.
2026-09-24 23:12:58,007 asyncbase.py iterate [line:73] INFO Receive new models from clients [9, 14] at time 80
2026-09-24 23:12:58,062 fedbase.py run [line:311] INFO --------------Round 77--------------
2026-09-24 23:12:58,062 simple_logger.py log_once [line:14] INFO Current_time:80
2026-09-24 23:12:59,535 simple_logger.py log_once [line:28] INFO test_accuracy                 0.1010
2026-09-24 23:12:59,535 simple_logger.py log_once [line:28] INFO test_loss                     6.3538
2026-09-24 23:12:59,535 simple_logger.py log_once [line:28] INFO val_accuracy                  0.1020
2026-09-24 23:12:59,535 simple_logger.py log_once [line:28] INFO mean_val_accuracy             0.1016
2026-09-24 23:12:59,535 simple_logger.py log_once [line:28] INFO std_val_accuracy              0.2730
2026-09-24 23:12:59,535 simple_logger.py log_once [line:28] INFO val_loss                      6.3427
2026-09-24 23:12:59,535 simple_logger.py log_once [line:28] INFO mean_val_loss                 6.3436
2026-09-24 23:12:59,535 simple_logger.py log_once [line:28] INFO std_val_loss                  2.5649
2026-09-24 23:12:59,535 fedbase.py run [line:316] INFO Eval Time Cost:               1.4735s
2026-09-24 23:12:59,544 asyncbase.py iterate [line:68] INFO Select clients [np.int64(4), np.int64(1), np.int64(14)] at time 81.
2026-09-24 23:13:00,489 asyncbase.py iterate [line:73] INFO Receive new models from clients [0, 1] at time 81
2026-09-24 23:13:00,548 fedbase.py run [line:311] INFO --------------Round 78--------------
2026-09-24 23:13:00,548 simple_logger.py log_once [line:14] INFO Current_time:81
2026-09-24 23:13:02,044 simple_logger.py log_once [line:28] INFO test_accuracy                 0.0980
2026-09-24 23:13:02,044 simple_logger.py log_once [line:28] INFO test_loss                     3.0175
2026-09-24 23:13:02,044 simple_logger.py log_once [line:28] INFO val_accuracy                  0.0990
2026-09-24 23:13:02,044 simple_logger.py log_once [line:28] INFO mean_val_accuracy             0.1000
2026-09-24 23:13:02,044 simple_logger.py log_once [line:28] INFO std_val_accuracy              0.2627
2026-09-24 23:13:02,044 simple_logger.py log_once [line:28] INFO val_loss                      3.0153
2026-09-24 23:13:02,044 simple_logger.py log_once [line:28] INFO mean_val_loss                 3.0130
2026-09-24 23:13:02,044 simple_logger.py log_once [line:28] INFO std_val_loss                  1.2493
2026-09-24 23:13:02,044 fedbase.py run [line:316] INFO Eval Time Cost:               1.4962s
2026-09-24 23:13:02,053 asyncbase.py iterate [line:68] INFO Select clients [np.int64(0), np.int64(15)] at time 82.
2026-09-24 23:13:02,670 asyncbase.py iterate [line:73] INFO Receive new models from clients [14, 12] at time 82
2026-09-24 23:13:02,724 fedbase.py run [line:311] INFO --------------Round 79--------------
2026-09-24 23:13:02,724 simple_logger.py log_once [line:14] INFO Current_time:82
2026-09-24 23:13:04,203 simple_logger.py log_once [line:28] INFO test_accuracy                 0.0974
2026-09-24 23:13:04,203 simple_logger.py log_once [line:28] INFO test_loss                     3.3659
2026-09-24 23:13:04,203 simple_logger.py log_once [line:28] INFO val_accuracy                  0.0972
2026-09-24 23:13:04,203 simple_logger.py log_once [line:28] INFO mean_val_accuracy             0.0962
2026-09-24 23:13:04,203 simple_logger.py log_once [line:28] INFO std_val_accuracy              0.2801
2026-09-24 23:13:04,203 simple_logger.py log_once [line:28] INFO val_loss                      3.3698
2026-09-24 23:13:04,203 simple_logger.py log_once [line:28] INFO mean_val_loss                 3.3696
2026-09-24 23:13:04,203 simple_logger.py log_once [line:28] INFO std_val_loss                  1.3298
2026-09-24 23:13:04,203 fedbase.py run [line:316] INFO Eval Time Cost:               1.4786s
2026-09-24 23:13:04,212 asyncbase.py iterate [line:73] INFO Receive new models from clients [15, 10] at time 83
2026-09-24 23:13:04,267 fedbase.py run [line:311] INFO --------------Round 80--------------
2026-09-24 23:13:04,267 simple_logger.py log_once [line:14] INFO Current_time:83
2026-09-24 23:13:05,858 simple_logger.py log_once [line:28] INFO test_accuracy                 0.0974
2026-09-24 23:13:05,858 simple_logger.py log_once [line:28] INFO test_loss                     3.9018
2026-09-24 23:13:05,858 simple_logger.py log_once [line:28] INFO val_accuracy                  0.0972
2026-09-24 23:13:05,858 simple_logger.py log_once [line:28] INFO mean_val_accuracy             0.0962
2026-09-24 23:13:05,858 simple_logger.py log_once [line:28] INFO std_val_accuracy              0.2801
2026-09-24 23:13:05,858 simple_logger.py log_once [line:28] INFO val_loss                      3.9118
2026-09-24 23:13:05,858 simple_logger.py log_once [line:28] INFO mean_val_loss                 3.9123
2026-09-24 23:13:05,858 simple_logger.py log_once [line:28] INFO std_val_loss                  1.7782
2026-09-24 23:13:05,858 fedbase.py run [line:316] INFO Eval Time Cost:               1.5913s
2026-09-24 23:13:05,868 asyncbase.py iterate [line:68] INFO Select clients [np.int64(16), np.int64(14), np.int64(6)] at time 84.
2026-09-24 23:13:06,803 asyncbase.py iterate [line:73] INFO Receive new models from clients [0, 4, 6] at time 84
2026-09-24 23:13:06,869 fedbase.py run [line:311] INFO --------------Round 81--------------
2026-09-24 23:13:06,869 simple_logger.py log_once [line:14] INFO Current_time:84
2026-09-24 23:13:08,410 simple_logger.py log_once [line:28] INFO test_accuracy                 0.1032
2026-09-24 23:13:08,410 simple_logger.py log_once [line:28] INFO test_loss                     4.4504
2026-09-24 23:13:08,410 simple_logger.py log_once [line:28] INFO val_accuracy                  0.0983
2026-09-24 23:13:08,410 simple_logger.py log_once [line:28] INFO mean_val_accuracy             0.0993
2026-09-24 23:13:08,410 simple_logger.py log_once [line:28] INFO std_val_accuracy              0.2871
2026-09-24 23:13:08,411 simple_logger.py log_once [line:28] INFO val_loss                      4.4731
2026-09-24 23:13:08,411 simple_logger.py log_once [line:28] INFO mean_val_loss                 4.4725
2026-09-24 23:13:08,411 simple_logger.py log_once [line:28] INFO std_val_loss                  2.2525
2026-09-24 23:13:08,411 fedbase.py run [line:316] INFO Eval Time Cost:               1.5419s
2026-09-24 23:13:08,421 asyncbase.py iterate [line:68] INFO Select clients [np.int64(4), np.int64(5), np.int64(1), np.int64(17)] at time 85.
2026-09-24 23:13:09,705 asyncbase.py iterate [line:73] INFO Receive new models from clients [16, 14] at time 85
2026-09-24 23:13:09,762 fedbase.py run [line:311] INFO --------------Round 82--------------
2026-09-24 23:13:09,762 simple_logger.py log_once [line:14] INFO Current_time:85
2026-09-24 23:13:11,254 simple_logger.py log_once [line:28] INFO test_accuracy                 0.1032
2026-09-24 23:13:11,254 simple_logger.py log_once [line:28] INFO test_loss                     3.7843
2026-09-24 23:13:11,254 simple_logger.py log_once [line:28] INFO val_accuracy                  0.0983
2026-09-24 23:13:11,254 simple_logger.py log_once [line:28] INFO mean_val_accuracy             0.0993
2026-09-24 23:13:11,254 simple_logger.py log_once [line:28] INFO std_val_accuracy              0.2871
2026-09-24 23:13:11,254 simple_logger.py log_once [line:28] INFO val_loss                      3.8069
2026-09-24 23:13:11,254 simple_logger.py log_once [line:28] INFO mean_val_loss                 3.8097
2026-09-24 23:13:11,254 simple_logger.py log_once [line:28] INFO std_val_loss                  2.2199
2026-09-24 23:13:11,254 fedbase.py run [line:316] INFO Eval Time Cost:               1.4924s
2026-09-24 23:13:11,263 asyncbase.py iterate [line:73] INFO Receive new models from clients [5, 17] at time 86
2026-09-24 23:13:11,320 fedbase.py run [line:311] INFO --------------Round 83--------------
2026-09-24 23:13:11,320 simple_logger.py log_once [line:14] INFO Current_time:86
2026-09-24 23:13:12,813 simple_logger.py log_once [line:28] INFO test_accuracy                 0.1135
2026-09-24 23:13:12,813 simple_logger.py log_once [line:28] INFO test_loss                     3.5766
2026-09-24 23:13:12,813 simple_logger.py log_once [line:28] INFO val_accuracy                  0.1119
2026-09-24 23:13:12,813 simple_logger.py log_once [line:28] INFO mean_val_accuracy             0.1111
2026-09-24 23:13:12,813 simple_logger.py log_once [line:28] INFO std_val_accuracy              0.2974
2026-09-24 23:13:12,813 simple_logger.py log_once [line:28] INFO val_loss                      3.5859
2026-09-24 23:13:12,813 simple_logger.py log_once [line:28] INFO mean_val_loss                 3.5934
2026-09-24 23:13:12,813 simple_logger.py log_once [line:28] INFO std_val_loss                  1.5185
2026-09-24 23:13:12,813 fedbase.py run [line:316] INFO Eval Time Cost:               1.4927s
2026-09-24 23:13:12,823 asyncbase.py iterate [line:68] INFO Select clients [np.int64(10), np.int64(13), np.int64(5), np.int64(16)] at time 87.
2026-09-24 23:13:14,115 asyncbase.py iterate [line:73] INFO Receive new models from clients [4, 16] at time 87
2026-09-24 23:13:14,175 fedbase.py run [line:311] INFO --------------Round 84--------------
2026-09-24 23:13:14,175 simple_logger.py log_once [line:14] INFO Current_time:87
2026-09-24 23:13:15,669 simple_logger.py log_once [line:28] INFO test_accuracy                 0.1135
2026-09-24 23:13:15,669 simple_logger.py log_once [line:28] INFO test_loss                     4.5886
2026-09-24 23:13:15,669 simple_logger.py log_once [line:28] INFO val_accuracy                  0.1119
2026-09-24 23:13:15,669 simple_logger.py log_once [line:28] INFO mean_val_accuracy             0.1111
2026-09-24 23:13:15,669 simple_logger.py log_once [line:28] INFO std_val_accuracy              0.2974
2026-09-24 23:13:15,669 simple_logger.py log_once [line:28] INFO val_loss                      4.5915
2026-09-24 23:13:15,669 simple_logger.py log_once [line:28] INFO mean_val_loss                 4.6001
2026-09-24 23:13:15,669 simple_logger.py log_once [line:28] INFO std_val_loss                  2.2577
2026-09-24 23:13:15,669 fedbase.py run [line:316] INFO Eval Time Cost:               1.4943s
2026-09-24 23:13:15,678 asyncbase.py iterate [line:68] INFO Select clients [np.int64(8), np.int64(12)] at time 88.
2026-09-24 23:13:16,311 asyncbase.py iterate [line:73] INFO Receive new models from clients [5, 12, 1, 8] at time 88
2026-09-24 23:13:16,387 fedbase.py run [line:311] INFO --------------Round 85--------------
2026-09-24 23:13:16,387 simple_logger.py log_once [line:14] INFO Current_time:88
2026-09-24 23:13:17,880 simple_logger.py log_once [line:28] INFO test_accuracy                 0.1135
2026-09-24 23:13:17,880 simple_logger.py log_once [line:28] INFO test_loss                     6.0777
2026-09-24 23:13:17,880 simple_logger.py log_once [line:28] INFO val_accuracy                  0.1119
2026-09-24 23:13:17,880 simple_logger.py log_once [line:28] INFO mean_val_accuracy             0.1111
2026-09-24 23:13:17,880 simple_logger.py log_once [line:28] INFO std_val_accuracy              0.2974
2026-09-24 23:13:17,880 simple_logger.py log_once [line:28] INFO val_loss                      6.0786
2026-09-24 23:13:17,880 simple_logger.py log_once [line:28] INFO mean_val_loss                 6.0891
2026-09-24 23:13:17,880 simple_logger.py log_once [line:28] INFO std_val_loss                  2.8858
2026-09-24 23:13:17,880 fedbase.py run [line:316] INFO Eval Time Cost:               1.4934s
2026-09-24 23:13:17,890 asyncbase.py iterate [line:68] INFO Select clients [np.int64(1), np.int64(3), np.int64(19), np.int64(9)] at time 89.
2026-09-24 23:13:19,132 asyncbase.py iterate [line:73] INFO Receive new models from clients [10, 3] at time 89
2026-09-24 23:13:19,194 fedbase.py run [line:311] INFO --------------Round 86--------------
2026-09-24 23:13:19,194 simple_logger.py log_once [line:14] INFO Current_time:89
2026-09-24 23:13:20,687 simple_logger.py log_once [line:28] INFO test_accuracy                 0.1135
2026-09-24 23:13:20,687 simple_logger.py log_once [line:28] INFO test_loss                     6.1465
2026-09-24 23:13:20,687 simple_logger.py log_once [line:28] INFO val_accuracy                  0.1119
2026-09-24 23:13:20,687 simple_logger.py log_once [line:28] INFO mean_val_accuracy             0.1111
2026-09-24 23:13:20,687 simple_logger.py log_once [line:28] INFO std_val_accuracy              0.2974
2026-09-24 23:13:20,687 simple_logger.py log_once [line:28] INFO val_loss                      6.1496
2026-09-24 23:13:20,687 simple_logger.py log_once [line:28] INFO mean_val_loss                 6.1614
2026-09-24 23:13:20,687 simple_logger.py log_once [line:28] INFO std_val_loss                  3.1216
2026-09-24 23:13:20,688 fedbase.py run [line:316] INFO Eval Time Cost:               1.4939s
2026-09-24 23:13:20,696 asyncbase.py iterate [line:68] INFO Select clients [np.int64(10), np.int64(6)] at time 90.
2026-09-24 23:13:21,316 asyncbase.py iterate [line:73] INFO Receive new models from clients [13, 6, 19] at time 90
2026-09-24 23:13:21,387 fedbase.py run [line:311] INFO --------------Round 87--------------
2026-09-24 23:13:21,387 simple_logger.py log_once [line:14] INFO Current_time:90
2026-09-24 23:13:22,898 simple_logger.py log_once [line:28] INFO test_accuracy                 0.1009
2026-09-24 23:13:22,898 simple_logger.py log_once [line:28] INFO test_loss                     4.4464
2026-09-24 23:13:22,898 simple_logger.py log_once [line:28] INFO val_accuracy                  0.0999
2026-09-24 23:13:22,898 simple_logger.py log_once [line:28] INFO mean_val_accuracy             0.0994
2026-09-24 23:13:22,898 simple_logger.py log_once [line:28] INFO std_val_accuracy              0.2889
2026-09-24 23:13:22,898 simple_logger.py log_once [line:28] INFO val_loss                      4.4276
2026-09-24 23:13:22,898 simple_logger.py log_once [line:28] INFO mean_val_loss                 4.4363
2026-09-24 23:13:22,898 simple_logger.py log_once [line:28] INFO std_val_loss                  2.4034
2026-09-24 23:13:22,898 fedbase.py run [line:316] INFO Eval Time Cost:               1.5117s
2026-09-24 23:13:22,907 asyncbase.py iterate [line:68] INFO Select clients [np.int64(18)] at time 91.
2026-09-24 23:13:23,220 asyncbase.py iterate [line:73] INFO Receive new models from clients [1] at time 91
2026-09-24 23:13:23,253 fedbase.py run [line:311] INFO --------------Round 88--------------
2026-09-24 23:13:23,253 simple_logger.py log_once [line:14] INFO Current_time:91
2026-09-24 23:13:24,759 simple_logger.py log_once [line:28] INFO test_accuracy                 0.0958
2026-09-24 23:13:24,759 simple_logger.py log_once [line:28] INFO test_loss                     7.7813
2026-09-24 23:13:24,759 simple_logger.py log_once [line:28] INFO val_accuracy                  0.0981
2026-09-24 23:13:24,759 simple_logger.py log_once [line:28] INFO mean_val_accuracy             0.0983
2026-09-24 23:13:24,759 simple_logger.py log_once [line:28] INFO std_val_accuracy              0.2826
2026-09-24 23:13:24,759 simple_logger.py log_once [line:28] INFO val_loss                      7.7333
2026-09-24 23:13:24,759 simple_logger.py log_once [line:28] INFO mean_val_loss                 7.7370
2026-09-24 23:13:24,759 simple_logger.py log_once [line:28] INFO std_val_loss                  3.6104
2026-09-24 23:13:24,759 fedbase.py run [line:316] INFO Eval Time Cost:               1.5062s
2026-09-24 23:13:24,768 asyncbase.py iterate [line:68] INFO Select clients [np.int64(19), np.int64(3), np.int64(16)] at time 92.
2026-09-24 23:13:25,698 asyncbase.py iterate [line:73] INFO Receive new models from clients [10, 9, 18] at time 92
2026-09-24 23:13:25,766 fedbase.py run [line:311] INFO --------------Round 89--------------
2026-09-24 23:13:25,766 simple_logger.py log_once [line:14] INFO Current_time:92
2026-09-24 23:13:27,255 simple_logger.py log_once [line:28] INFO test_accuracy                 0.0958
2026-09-24 23:13:27,255 simple_logger.py log_once [line:28] INFO test_loss                     9.2692
2026-09-24 23:13:27,255 simple_logger.py log_once [line:28] INFO val_accuracy                  0.0981
2026-09-24 23:13:27,255 simple_logger.py log_once [line:28] INFO mean_val_accuracy             0.0983
2026-09-24 23:13:27,255 simple_logger.py log_once [line:28] INFO std_val_accuracy              0.2826
2026-09-24 23:13:27,255 simple_logger.py log_once [line:28] INFO val_loss                      9.2358
2026-09-24 23:13:27,255 simple_logger.py log_once [line:28] INFO mean_val_loss                 9.2388
2026-09-24 23:13:27,255 simple_logger.py log_once [line:28] INFO std_val_loss                  3.4112
2026-09-24 23:13:27,256 fedbase.py run [line:316] INFO Eval Time Cost:               1.4896s
2026-09-24 23:13:27,264 asyncbase.py iterate [line:68] INFO Select clients [np.int64(15), np.int64(5)] at time 93.
2026-09-24 23:13:27,901 asyncbase.py iterate [line:73] INFO Receive new models from clients [19, 16, 5] at time 93
2026-09-24 23:13:27,967 fedbase.py run [line:311] INFO --------------Round 90--------------
2026-09-24 23:13:27,967 simple_logger.py log_once [line:14] INFO Current_time:93
2026-09-24 23:13:29,461 simple_logger.py log_once [line:28] INFO test_accuracy                 0.0958
2026-09-24 23:13:29,461 simple_logger.py log_once [line:28] INFO test_loss                     4.3023
2026-09-24 23:13:29,461 simple_logger.py log_once [line:28] INFO val_accuracy                  0.0981
2026-09-24 23:13:29,461 simple_logger.py log_once [line:28] INFO mean_val_accuracy             0.0983
2026-09-24 23:13:29,461 simple_logger.py log_once [line:28] INFO std_val_accuracy              0.2826
2026-09-24 23:13:29,461 simple_logger.py log_once [line:28] INFO val_loss                      4.2915
2026-09-24 23:13:29,461 simple_logger.py log_once [line:28] INFO mean_val_loss                 4.2965
2026-09-24 23:13:29,461 simple_logger.py log_once [line:28] INFO std_val_loss                  2.0733
2026-09-24 23:13:29,461 fedbase.py run [line:316] INFO Eval Time Cost:               1.4940s
2026-09-24 23:13:29,470 asyncbase.py iterate [line:68] INFO Select clients [np.int64(14), np.int64(4)] at time 94.
2026-09-24 23:13:30,096 asyncbase.py iterate [line:73] INFO Receive new models from clients [3, 4] at time 94
2026-09-24 23:13:30,155 fedbase.py run [line:311] INFO --------------Round 91--------------
2026-09-24 23:13:30,155 simple_logger.py log_once [line:14] INFO Current_time:94
2026-09-24 23:13:31,654 simple_logger.py log_once [line:28] INFO test_accuracy                 0.1009
2026-09-24 23:13:31,655 simple_logger.py log_once [line:28] INFO test_loss                     3.1989
2026-09-24 23:13:31,655 simple_logger.py log_once [line:28] INFO val_accuracy                  0.0999
2026-09-24 23:13:31,655 simple_logger.py log_once [line:28] INFO mean_val_accuracy             0.0994
2026-09-24 23:13:31,655 simple_logger.py log_once [line:28] INFO std_val_accuracy              0.2889
2026-09-24 23:13:31,655 simple_logger.py log_once [line:28] INFO val_loss                      3.2012
2026-09-24 23:13:31,655 simple_logger.py log_once [line:28] INFO mean_val_loss                 3.2048
2026-09-24 23:13:31,655 simple_logger.py log_once [line:28] INFO std_val_loss                  1.2331
2026-09-24 23:13:31,655 fedbase.py run [line:316] INFO Eval Time Cost:               1.5000s
2026-09-24 23:13:31,665 asyncbase.py iterate [line:68] INFO Select clients [np.int64(7), np.int64(6), np.int64(17)] at time 95.
2026-09-24 23:13:32,605 asyncbase.py iterate [line:73] INFO Receive new models from clients [15, 6] at time 95
2026-09-24 23:13:32,663 fedbase.py run [line:311] INFO --------------Round 92--------------
2026-09-24 23:13:32,664 simple_logger.py log_once [line:14] INFO Current_time:95
2026-09-24 23:13:34,152 simple_logger.py log_once [line:28] INFO test_accuracy                 0.0958
2026-09-24 23:13:34,152 simple_logger.py log_once [line:28] INFO test_loss                     4.5110
2026-09-24 23:13:34,152 simple_logger.py log_once [line:28] INFO val_accuracy                  0.0981
2026-09-24 23:13:34,152 simple_logger.py log_once [line:28] INFO mean_val_accuracy             0.0983
2026-09-24 23:13:34,152 simple_logger.py log_once [line:28] INFO std_val_accuracy              0.2826
2026-09-24 23:13:34,152 simple_logger.py log_once [line:28] INFO val_loss                      4.4925
2026-09-24 23:13:34,152 simple_logger.py log_once [line:28] INFO mean_val_loss                 4.4926
2026-09-24 23:13:34,152 simple_logger.py log_once [line:28] INFO std_val_loss                  2.0085
2026-09-24 23:13:34,152 fedbase.py run [line:316] INFO Eval Time Cost:               1.4886s
2026-09-24 23:13:34,161 asyncbase.py iterate [line:68] INFO Select clients [np.int64(3), np.int64(19), np.int64(8)] at time 96.
2026-09-24 23:13:35,114 asyncbase.py iterate [line:73] INFO Receive new models from clients [17, 7, 8] at time 96
2026-09-24 23:13:35,180 fedbase.py run [line:311] INFO --------------Round 93--------------
2026-09-24 23:13:35,180 simple_logger.py log_once [line:14] INFO Current_time:96
2026-09-24 23:13:36,673 simple_logger.py log_once [line:28] INFO test_accuracy                 0.0982
2026-09-24 23:13:36,673 simple_logger.py log_once [line:28] INFO test_loss                     4.5002
2026-09-24 23:13:36,674 simple_logger.py log_once [line:28] INFO val_accuracy                  0.0989
2026-09-24 23:13:36,674 simple_logger.py log_once [line:28] INFO mean_val_accuracy             0.0993
2026-09-24 23:13:36,674 simple_logger.py log_once [line:28] INFO std_val_accuracy              0.2797
2026-09-24 23:13:36,674 simple_logger.py log_once [line:28] INFO val_loss                      4.4733
2026-09-24 23:13:36,674 simple_logger.py log_once [line:28] INFO mean_val_loss                 4.4686
2026-09-24 23:13:36,674 simple_logger.py log_once [line:28] INFO std_val_loss                  2.1113
2026-09-24 23:13:36,674 fedbase.py run [line:316] INFO Eval Time Cost:               1.4938s
2026-09-24 23:13:36,682 asyncbase.py iterate [line:68] INFO Select clients [np.int64(13), np.int64(0)] at time 97.
2026-09-24 23:13:37,298 asyncbase.py iterate [line:73] INFO Receive new models from clients [14] at time 97
2026-09-24 23:13:37,331 fedbase.py run [line:311] INFO --------------Round 94--------------
2026-09-24 23:13:37,331 simple_logger.py log_once [line:14] INFO Current_time:97
2026-09-24 23:13:38,810 simple_logger.py log_once [line:28] INFO test_accuracy                 0.0974
2026-09-24 23:13:38,810 simple_logger.py log_once [line:28] INFO test_loss                     5.0305
2026-09-24 23:13:38,810 simple_logger.py log_once [line:28] INFO val_accuracy                  0.0972
2026-09-24 23:13:38,810 simple_logger.py log_once [line:28] INFO mean_val_accuracy             0.0962
2026-09-24 23:13:38,810 simple_logger.py log_once [line:28] INFO std_val_accuracy              0.2801
2026-09-24 23:13:38,810 simple_logger.py log_once [line:28] INFO val_loss                      5.0053
2026-09-24 23:13:38,810 simple_logger.py log_once [line:28] INFO mean_val_loss                 5.0049
2026-09-24 23:13:38,810 simple_logger.py log_once [line:28] INFO std_val_loss                  2.6502
2026-09-24 23:13:38,810 fedbase.py run [line:316] INFO Eval Time Cost:               1.4797s
2026-09-24 23:13:38,819 asyncbase.py iterate [line:68] INFO Select clients [np.int64(5), np.int64(14)] at time 98.
2026-09-24 23:13:39,468 asyncbase.py iterate [line:73] INFO Receive new models from clients [3] at time 98
2026-09-24 23:13:39,500 fedbase.py run [line:311] INFO --------------Round 95--------------
2026-09-24 23:13:39,500 simple_logger.py log_once [line:14] INFO Current_time:98
2026-09-24 23:13:40,988 simple_logger.py log_once [line:28] INFO test_accuracy                 0.0974
2026-09-24 23:13:40,988 simple_logger.py log_once [line:28] INFO test_loss                     5.4237
2026-09-24 23:13:40,988 simple_logger.py log_once [line:28] INFO val_accuracy                  0.0972
2026-09-24 23:13:40,989 simple_logger.py log_once [line:28] INFO mean_val_accuracy             0.0962
2026-09-24 23:13:40,989 simple_logger.py log_once [line:28] INFO std_val_accuracy              0.2801
2026-09-24 23:13:40,989 simple_logger.py log_once [line:28] INFO val_loss                      5.4099
2026-09-24 23:13:40,989 simple_logger.py log_once [line:28] INFO mean_val_loss                 5.4123
2026-09-24 23:13:40,989 simple_logger.py log_once [line:28] INFO std_val_loss                  2.7976
2026-09-24 23:13:40,989 fedbase.py run [line:316] INFO Eval Time Cost:               1.4882s
2026-09-24 23:13:40,997 asyncbase.py iterate [line:68] INFO Select clients [np.int64(10)] at time 99.
2026-09-24 23:13:41,314 asyncbase.py iterate [line:73] INFO Receive new models from clients [5, 19, 0] at time 99
2026-09-24 23:13:41,381 fedbase.py run [line:311] INFO --------------Round 96--------------
2026-09-24 23:13:41,381 simple_logger.py log_once [line:14] INFO Current_time:99
2026-09-24 23:13:42,863 simple_logger.py log_once [line:28] INFO test_accuracy                 0.0974
2026-09-24 23:13:42,863 simple_logger.py log_once [line:28] INFO test_loss                     4.1508
2026-09-24 23:13:42,863 simple_logger.py log_once [line:28] INFO val_accuracy                  0.0972
2026-09-24 23:13:42,863 simple_logger.py log_once [line:28] INFO mean_val_accuracy             0.0962
2026-09-24 23:13:42,863 simple_logger.py log_once [line:28] INFO std_val_accuracy              0.2801
2026-09-24 23:13:42,863 simple_logger.py log_once [line:28] INFO val_loss                      4.1609
2026-09-24 23:13:42,863 simple_logger.py log_once [line:28] INFO mean_val_loss                 4.1636
2026-09-24 23:13:42,863 simple_logger.py log_once [line:28] INFO std_val_loss                  2.0932
2026-09-24 23:13:42,863 fedbase.py run [line:316] INFO Eval Time Cost:               1.4822s
2026-09-24 23:13:42,872 asyncbase.py iterate [line:68] INFO Select clients [np.int64(12), np.int64(7), np.int64(6)] at time 100.
2026-09-24 23:13:43,808 asyncbase.py iterate [line:73] INFO Receive new models from clients [10, 13] at time 100
2026-09-24 23:13:43,864 fedbase.py run [line:311] INFO --------------Round 97--------------
2026-09-24 23:13:43,864 simple_logger.py log_once [line:14] INFO Current_time:100
2026-09-24 23:13:45,352 simple_logger.py log_once [line:28] INFO test_accuracy                 0.0974
2026-09-24 23:13:45,352 simple_logger.py log_once [line:28] INFO test_loss                     4.0171
2026-09-24 23:13:45,352 simple_logger.py log_once [line:28] INFO val_accuracy                  0.0972
2026-09-24 23:13:45,352 simple_logger.py log_once [line:28] INFO mean_val_accuracy             0.0962
2026-09-24 23:13:45,352 simple_logger.py log_once [line:28] INFO std_val_accuracy              0.2801
2026-09-24 23:13:45,352 simple_logger.py log_once [line:28] INFO val_loss                      4.0284
2026-09-24 23:13:45,352 simple_logger.py log_once [line:28] INFO mean_val_loss                 4.0314
2026-09-24 23:13:45,352 simple_logger.py log_once [line:28] INFO std_val_loss                  2.2595
2026-09-24 23:13:45,352 fedbase.py run [line:316] INFO Eval Time Cost:               1.4877s
2026-09-24 23:13:45,363 asyncbase.py iterate [line:68] INFO Select clients [np.int64(17), np.int64(15)] at time 101.
2026-09-24 23:13:46,060 asyncbase.py iterate [line:73] INFO Receive new models from clients [7, 14, 6] at time 101
2026-09-24 23:13:46,124 fedbase.py run [line:311] INFO --------------Round 98--------------
2026-09-24 23:13:46,124 simple_logger.py log_once [line:14] INFO Current_time:101
2026-09-24 23:13:47,612 simple_logger.py log_once [line:28] INFO test_accuracy                 0.1010
2026-09-24 23:13:47,612 simple_logger.py log_once [line:28] INFO test_loss                     4.0708
2026-09-24 23:13:47,612 simple_logger.py log_once [line:28] INFO val_accuracy                  0.1020
2026-09-24 23:13:47,612 simple_logger.py log_once [line:28] INFO mean_val_accuracy             0.1016
2026-09-24 23:13:47,612 simple_logger.py log_once [line:28] INFO std_val_accuracy              0.2730
2026-09-24 23:13:47,612 simple_logger.py log_once [line:28] INFO val_loss                      4.0757
2026-09-24 23:13:47,612 simple_logger.py log_once [line:28] INFO mean_val_loss                 4.0768
2026-09-24 23:13:47,612 simple_logger.py log_once [line:28] INFO std_val_loss                  1.7759
2026-09-24 23:13:47,612 fedbase.py run [line:316] INFO Eval Time Cost:               1.4885s
2026-09-24 23:13:47,622 asyncbase.py iterate [line:68] INFO Select clients [np.int64(1), np.int64(7)] at time 102.
2026-09-24 23:13:48,240 asyncbase.py iterate [line:73] INFO Receive new models from clients [17, 7] at time 102
2026-09-24 23:13:48,298 fedbase.py run [line:311] INFO --------------Round 99--------------
2026-09-24 23:13:48,298 simple_logger.py log_once [line:14] INFO Current_time:102
2026-09-24 23:13:49,788 simple_logger.py log_once [line:28] INFO test_accuracy                 0.1010
2026-09-24 23:13:49,788 simple_logger.py log_once [line:28] INFO test_loss                     3.8957
2026-09-24 23:13:49,788 simple_logger.py log_once [line:28] INFO val_accuracy                  0.1020
2026-09-24 23:13:49,788 simple_logger.py log_once [line:28] INFO mean_val_accuracy             0.1016
2026-09-24 23:13:49,788 simple_logger.py log_once [line:28] INFO std_val_accuracy              0.2730
2026-09-24 23:13:49,788 simple_logger.py log_once [line:28] INFO val_loss                      3.8937
2026-09-24 23:13:49,788 simple_logger.py log_once [line:28] INFO mean_val_loss                 3.8921
2026-09-24 23:13:49,788 simple_logger.py log_once [line:28] INFO std_val_loss                  1.7247
2026-09-24 23:13:49,789 fedbase.py run [line:316] INFO Eval Time Cost:               1.4906s
2026-09-24 23:13:49,798 asyncbase.py iterate [line:68] INFO Select clients [np.int64(6), np.int64(18)] at time 103.
2026-09-24 23:13:50,434 asyncbase.py iterate [line:73] INFO Receive new models from clients [12, 18] at time 103
2026-09-24 23:13:50,489 fedbase.py run [line:311] INFO --------------Round 100--------------
2026-09-24 23:13:50,489 simple_logger.py log_once [line:14] INFO Current_time:103
2026-09-24 23:13:51,985 simple_logger.py log_once [line:28] INFO test_accuracy                 0.1135
2026-09-24 23:13:51,985 simple_logger.py log_once [line:28] INFO test_loss                     4.0589
2026-09-24 23:13:51,986 simple_logger.py log_once [line:28] INFO val_accuracy                  0.1119
2026-09-24 23:13:51,986 simple_logger.py log_once [line:28] INFO mean_val_accuracy             0.1111
2026-09-24 23:13:51,986 simple_logger.py log_once [line:28] INFO std_val_accuracy              0.2974
2026-09-24 23:13:51,986 simple_logger.py log_once [line:28] INFO val_loss                      4.0670
2026-09-24 23:13:51,986 simple_logger.py log_once [line:28] INFO mean_val_loss                 4.0688
2026-09-24 23:13:51,986 simple_logger.py log_once [line:28] INFO std_val_loss                  2.1863
2026-09-24 23:13:51,986 fedbase.py run [line:316] INFO Eval Time Cost:               1.4967s
2026-09-24 23:13:51,986 fedbase.py run [line:324] INFO =================End==================
2026-09-24 23:13:51,986 fedbase.py run [line:325] INFO Total Time Cost:              229.2058s
