E:\fl-experiment\.venv\Lib\site-packages\torch\cuda\__init__.py:61: FutureWarning: The pynvml package is deprecated. Please install nvidia-ml-py instead. If you did not install pynvml directly, please report this to the maintainers of the package that installed pynvml for you.
  import pynvml  # type: ignore[import]
2026-09-24 21:40:37,717 fflow.py init [line:848] INFO PROCESS ID:	38052
2026-09-24 21:40:37,717 fflow.py init [line:849] INFO Initializing devices: cuda:0 will be used for this running.
2026-09-24 21:40:37,717 fflow.py init [line:852] INFO BENCHMARK:	flgo.benchmark.mnist_classification
2026-09-24 21:40:37,718 fflow.py init [line:853] INFO TASK:			E:\Federated Machine Learning\FL-Byzantine-Library\mnist_dir20
2026-09-24 21:40:37,726 fflow.py init [line:854] INFO MODEL:		flgo.benchmark.mnist_classification.model.cnn
2026-09-24 21:40:37,726 fflow.py init [line:855] INFO ALGORITHM:	research_algorithm
2026-09-24 21:40:38,746 fflow.py init [line:901] INFO SCENE:		horizontal FL with 1 <class 'flgo_byzantine.research_algorithm.Server'>, 20 <class 'flgo_byzantine.research_algorithm.Client'>
2026-09-24 21:40:38,840 fflow.py init [line:918] INFO SIMULATOR:	<class 'flgo.simulator.default_simulator.Simulator'>
2026-09-24 21:40:43,298 fflow.py init [line:931] INFO Ready to start.
2026-09-24 21:40:43,298 fedbase.py run [line:300] INFO --------------Initial Evaluation--------------
2026-09-24 21:40:43,298 simple_logger.py log_once [line:14] INFO Current_time:0
2026-09-24 21:40:44,927 simple_logger.py log_once [line:28] INFO test_accuracy                 0.0875
2026-09-24 21:40:44,927 simple_logger.py log_once [line:28] INFO test_loss                     2.3101
2026-09-24 21:40:44,927 simple_logger.py log_once [line:28] INFO val_accuracy                  0.0866
2026-09-24 21:40:44,927 simple_logger.py log_once [line:28] INFO mean_val_accuracy             0.0874
2026-09-24 21:40:44,927 simple_logger.py log_once [line:28] INFO std_val_accuracy              0.2312
2026-09-24 21:40:44,927 simple_logger.py log_once [line:28] INFO val_loss                      2.3109
2026-09-24 21:40:44,927 simple_logger.py log_once [line:28] INFO mean_val_loss                 2.3111
2026-09-24 21:40:44,927 simple_logger.py log_once [line:28] INFO std_val_loss                  0.0785
2026-09-24 21:40:44,927 fedbase.py run [line:303] INFO Eval Time Cost:               1.6291s
2026-09-24 21:40:44,937 asyncbase.py iterate [line:68] INFO Select clients [np.int64(7), np.int64(16), np.int64(18), np.int64(1), np.int64(9), np.int64(19)] at time 1.
2026-09-24 21:40:46,845 asyncbase.py iterate [line:73] INFO Receive new models from clients [16] at time 1
2026-09-24 21:40:46,905 fedbase.py run [line:311] INFO --------------Round 1--------------
2026-09-24 21:40:46,905 simple_logger.py log_once [line:14] INFO Current_time:1
2026-09-24 21:40:48,396 simple_logger.py log_once [line:28] INFO test_accuracy                 0.0980
2026-09-24 21:40:48,396 simple_logger.py log_once [line:28] INFO test_loss                     2.8985
2026-09-24 21:40:48,396 simple_logger.py log_once [line:28] INFO val_accuracy                  0.0990
2026-09-24 21:40:48,396 simple_logger.py log_once [line:28] INFO mean_val_accuracy             0.1000
2026-09-24 21:40:48,396 simple_logger.py log_once [line:28] INFO std_val_accuracy              0.2627
2026-09-24 21:40:48,396 simple_logger.py log_once [line:28] INFO val_loss                      2.8840
2026-09-24 21:40:48,396 simple_logger.py log_once [line:28] INFO mean_val_loss                 2.8817
2026-09-24 21:40:48,396 simple_logger.py log_once [line:28] INFO std_val_loss                  1.1378
2026-09-24 21:40:48,396 fedbase.py run [line:316] INFO Eval Time Cost:               1.4910s
2026-09-24 21:40:48,405 asyncbase.py iterate [line:68] INFO Select clients [np.int64(15)] at time 2.
2026-09-24 21:40:48,722 asyncbase.py iterate [line:73] INFO Receive new models from clients [7] at time 2
2026-09-24 21:40:48,752 fedbase.py run [line:311] INFO --------------Round 2--------------
2026-09-24 21:40:48,752 simple_logger.py log_once [line:14] INFO Current_time:2
2026-09-24 21:40:50,252 simple_logger.py log_once [line:28] INFO test_accuracy                 0.1028
2026-09-24 21:40:50,252 simple_logger.py log_once [line:28] INFO test_loss                     4.6794
2026-09-24 21:40:50,252 simple_logger.py log_once [line:28] INFO val_accuracy                  0.1043
2026-09-24 21:40:50,252 simple_logger.py log_once [line:28] INFO mean_val_accuracy             0.1043
2026-09-24 21:40:50,252 simple_logger.py log_once [line:28] INFO std_val_accuracy              0.2848
2026-09-24 21:40:50,252 simple_logger.py log_once [line:28] INFO val_loss                      4.6393
2026-09-24 21:40:50,252 simple_logger.py log_once [line:28] INFO mean_val_loss                 4.6377
2026-09-24 21:40:50,252 simple_logger.py log_once [line:28] INFO std_val_loss                  1.8365
2026-09-24 21:40:50,252 fedbase.py run [line:316] INFO Eval Time Cost:               1.5003s
2026-09-24 21:40:50,260 asyncbase.py iterate [line:73] INFO Receive new models from clients [1, 19, 18] at time 3
2026-09-24 21:40:50,318 fedbase.py run [line:311] INFO --------------Round 3--------------
2026-09-24 21:40:50,318 simple_logger.py log_once [line:14] INFO Current_time:3
2026-09-24 21:40:51,803 simple_logger.py log_once [line:28] INFO test_accuracy                 0.0980
2026-09-24 21:40:51,803 simple_logger.py log_once [line:28] INFO test_loss                     3.2002
2026-09-24 21:40:51,803 simple_logger.py log_once [line:28] INFO val_accuracy                  0.0990
2026-09-24 21:40:51,803 simple_logger.py log_once [line:28] INFO mean_val_accuracy             0.1000
2026-09-24 21:40:51,803 simple_logger.py log_once [line:28] INFO std_val_accuracy              0.2627
2026-09-24 21:40:51,803 simple_logger.py log_once [line:28] INFO val_loss                      3.1760
2026-09-24 21:40:51,803 simple_logger.py log_once [line:28] INFO mean_val_loss                 3.1730
2026-09-24 21:40:51,803 simple_logger.py log_once [line:28] INFO std_val_loss                  1.2023
2026-09-24 21:40:51,803 fedbase.py run [line:316] INFO Eval Time Cost:               1.4847s
2026-09-24 21:40:51,811 asyncbase.py iterate [line:68] INFO Select clients [np.int64(7), np.int64(12)] at time 4.
2026-09-24 21:40:52,440 asyncbase.py iterate [line:73] INFO Receive new models from clients [9, 15] at time 4
2026-09-24 21:40:52,480 fedbase.py run [line:311] INFO --------------Round 4--------------
2026-09-24 21:40:52,480 simple_logger.py log_once [line:14] INFO Current_time:4
2026-09-24 21:40:53,960 simple_logger.py log_once [line:28] INFO test_accuracy                 0.1479
2026-09-24 21:40:53,960 simple_logger.py log_once [line:28] INFO test_loss                     2.1257
2026-09-24 21:40:53,960 simple_logger.py log_once [line:28] INFO val_accuracy                  0.1490
2026-09-24 21:40:53,960 simple_logger.py log_once [line:28] INFO mean_val_accuracy             0.1493
2026-09-24 21:40:53,960 simple_logger.py log_once [line:28] INFO std_val_accuracy              0.2820
2026-09-24 21:40:53,960 simple_logger.py log_once [line:28] INFO val_loss                      2.1271
2026-09-24 21:40:53,960 simple_logger.py log_once [line:28] INFO mean_val_loss                 2.1265
2026-09-24 21:40:53,960 simple_logger.py log_once [line:28] INFO std_val_loss                  0.3337
2026-09-24 21:40:53,960 fedbase.py run [line:316] INFO Eval Time Cost:               1.4802s
2026-09-24 21:40:53,969 asyncbase.py iterate [line:68] INFO Select clients [np.int64(16), np.int64(0), np.int64(3)] at time 5.
2026-09-24 21:40:54,985 asyncbase.py iterate [line:73] INFO Receive new models from clients [0] at time 5
2026-09-24 21:40:55,014 fedbase.py run [line:311] INFO --------------Round 5--------------
2026-09-24 21:40:55,014 simple_logger.py log_once [line:14] INFO Current_time:5
2026-09-24 21:40:56,505 simple_logger.py log_once [line:28] INFO test_accuracy                 0.2803
2026-09-24 21:40:56,505 simple_logger.py log_once [line:28] INFO test_loss                     3.8215
2026-09-24 21:40:56,505 simple_logger.py log_once [line:28] INFO val_accuracy                  0.2745
2026-09-24 21:40:56,505 simple_logger.py log_once [line:28] INFO mean_val_accuracy             0.2765
2026-09-24 21:40:56,505 simple_logger.py log_once [line:28] INFO std_val_accuracy              0.3848
2026-09-24 21:40:56,505 simple_logger.py log_once [line:28] INFO val_loss                      3.8012
2026-09-24 21:40:56,505 simple_logger.py log_once [line:28] INFO mean_val_loss                 3.7915
2026-09-24 21:40:56,505 simple_logger.py log_once [line:28] INFO std_val_loss                  2.4860
2026-09-24 21:40:56,505 fedbase.py run [line:316] INFO Eval Time Cost:               1.4913s
2026-09-24 21:40:56,516 asyncbase.py iterate [line:73] INFO Receive new models from clients [7] at time 6
2026-09-24 21:40:56,542 fedbase.py run [line:311] INFO --------------Round 6--------------
2026-09-24 21:40:56,542 simple_logger.py log_once [line:14] INFO Current_time:6
2026-09-24 21:40:58,019 simple_logger.py log_once [line:28] INFO test_accuracy                 0.1841
2026-09-24 21:40:58,019 simple_logger.py log_once [line:28] INFO test_loss                     4.2925
2026-09-24 21:40:58,019 simple_logger.py log_once [line:28] INFO val_accuracy                  0.1817
2026-09-24 21:40:58,019 simple_logger.py log_once [line:28] INFO mean_val_accuracy             0.1822
2026-09-24 21:40:58,020 simple_logger.py log_once [line:28] INFO std_val_accuracy              0.3370
2026-09-24 21:40:58,020 simple_logger.py log_once [line:28] INFO val_loss                      4.2422
2026-09-24 21:40:58,020 simple_logger.py log_once [line:28] INFO mean_val_loss                 4.2451
2026-09-24 21:40:58,020 simple_logger.py log_once [line:28] INFO std_val_loss                  2.3572
2026-09-24 21:40:58,020 fedbase.py run [line:316] INFO Eval Time Cost:               1.4773s
2026-09-24 21:40:58,030 asyncbase.py iterate [line:68] INFO Select clients [np.int64(1), np.int64(13)] at time 7.
2026-09-24 21:40:58,643 asyncbase.py iterate [line:73] INFO Receive new models from clients [16, 3, 12] at time 7
2026-09-24 21:40:58,694 fedbase.py run [line:311] INFO --------------Round 7--------------
2026-09-24 21:40:58,694 simple_logger.py log_once [line:14] INFO Current_time:7
2026-09-24 21:41:00,177 simple_logger.py log_once [line:28] INFO test_accuracy                 0.2635
2026-09-24 21:41:00,177 simple_logger.py log_once [line:28] INFO test_loss                     2.3641
2026-09-24 21:41:00,177 simple_logger.py log_once [line:28] INFO val_accuracy                  0.2643
2026-09-24 21:41:00,177 simple_logger.py log_once [line:28] INFO mean_val_accuracy             0.2652
2026-09-24 21:41:00,178 simple_logger.py log_once [line:28] INFO std_val_accuracy              0.3763
2026-09-24 21:41:00,178 simple_logger.py log_once [line:28] INFO val_loss                      2.3409
2026-09-24 21:41:00,178 simple_logger.py log_once [line:28] INFO mean_val_loss                 2.3418
2026-09-24 21:41:00,178 simple_logger.py log_once [line:28] INFO std_val_loss                  1.2045
2026-09-24 21:41:00,178 fedbase.py run [line:316] INFO Eval Time Cost:               1.4837s
2026-09-24 21:41:00,188 asyncbase.py iterate [line:68] INFO Select clients [np.int64(7), np.int64(10), np.int64(8), np.int64(0)] at time 8.
2026-09-24 21:41:01,420 asyncbase.py iterate [line:73] INFO Receive new models from clients [1, 7] at time 8
2026-09-24 21:41:01,460 fedbase.py run [line:311] INFO --------------Round 8--------------
2026-09-24 21:41:01,460 simple_logger.py log_once [line:14] INFO Current_time:8
2026-09-24 21:41:02,937 simple_logger.py log_once [line:28] INFO test_accuracy                 0.1868
2026-09-24 21:41:02,937 simple_logger.py log_once [line:28] INFO test_loss                     16.4077
2026-09-24 21:41:02,937 simple_logger.py log_once [line:28] INFO val_accuracy                  0.1879
2026-09-24 21:41:02,937 simple_logger.py log_once [line:28] INFO mean_val_accuracy             0.1890
2026-09-24 21:41:02,937 simple_logger.py log_once [line:28] INFO std_val_accuracy              0.3323
2026-09-24 21:41:02,937 simple_logger.py log_once [line:28] INFO val_loss                      16.0868
2026-09-24 21:41:02,937 simple_logger.py log_once [line:28] INFO mean_val_loss                 16.0817
2026-09-24 21:41:02,937 simple_logger.py log_once [line:28] INFO std_val_loss                  9.1691
2026-09-24 21:41:02,938 fedbase.py run [line:316] INFO Eval Time Cost:               1.4773s
2026-09-24 21:41:02,946 asyncbase.py iterate [line:68] INFO Select clients [np.int64(19), np.int64(4)] at time 9.
2026-09-24 21:41:03,576 asyncbase.py iterate [line:73] INFO Receive new models from clients [4, 10, 13] at time 10
2026-09-24 21:41:03,628 fedbase.py run [line:311] INFO --------------Round 9--------------
2026-09-24 21:41:03,628 simple_logger.py log_once [line:14] INFO Current_time:10
2026-09-24 21:41:05,121 simple_logger.py log_once [line:28] INFO test_accuracy                 0.2500
2026-09-24 21:41:05,121 simple_logger.py log_once [line:28] INFO test_loss                     2.2066
2026-09-24 21:41:05,121 simple_logger.py log_once [line:28] INFO val_accuracy                  0.2466
2026-09-24 21:41:05,121 simple_logger.py log_once [line:28] INFO mean_val_accuracy             0.2466
2026-09-24 21:41:05,121 simple_logger.py log_once [line:28] INFO std_val_accuracy              0.3626
2026-09-24 21:41:05,121 simple_logger.py log_once [line:28] INFO val_loss                      2.1988
2026-09-24 21:41:05,121 simple_logger.py log_once [line:28] INFO mean_val_loss                 2.2003
2026-09-24 21:41:05,121 simple_logger.py log_once [line:28] INFO std_val_loss                  1.0281
2026-09-24 21:41:05,121 fedbase.py run [line:316] INFO Eval Time Cost:               1.4931s
2026-09-24 21:41:05,131 asyncbase.py iterate [line:68] INFO Select clients [np.int64(1), np.int64(18)] at time 11.
2026-09-24 21:41:05,753 asyncbase.py iterate [line:73] INFO Receive new models from clients [8, 0, 1] at time 11
2026-09-24 21:41:05,804 fedbase.py run [line:311] INFO --------------Round 10--------------
2026-09-24 21:41:05,804 simple_logger.py log_once [line:14] INFO Current_time:11
2026-09-24 21:41:07,286 simple_logger.py log_once [line:28] INFO test_accuracy                 0.4338
2026-09-24 21:41:07,286 simple_logger.py log_once [line:28] INFO test_loss                     1.8908
2026-09-24 21:41:07,286 simple_logger.py log_once [line:28] INFO val_accuracy                  0.4416
2026-09-24 21:41:07,286 simple_logger.py log_once [line:28] INFO mean_val_accuracy             0.4423
2026-09-24 21:41:07,286 simple_logger.py log_once [line:28] INFO std_val_accuracy              0.4073
2026-09-24 21:41:07,286 simple_logger.py log_once [line:28] INFO val_loss                      1.8926
2026-09-24 21:41:07,286 simple_logger.py log_once [line:28] INFO mean_val_loss                 1.8916
2026-09-24 21:41:07,286 simple_logger.py log_once [line:28] INFO std_val_loss                  0.4358
2026-09-24 21:41:07,287 fedbase.py run [line:316] INFO Eval Time Cost:               1.4827s
2026-09-24 21:41:07,297 asyncbase.py iterate [line:68] INFO Select clients [np.int64(3), np.int64(7), np.int64(17)] at time 12.
2026-09-24 21:41:08,230 asyncbase.py iterate [line:73] INFO Receive new models from clients [19] at time 12
2026-09-24 21:41:08,256 fedbase.py run [line:311] INFO --------------Round 11--------------
2026-09-24 21:41:08,256 simple_logger.py log_once [line:14] INFO Current_time:12
2026-09-24 21:41:09,740 simple_logger.py log_once [line:28] INFO test_accuracy                 0.2912
2026-09-24 21:41:09,740 simple_logger.py log_once [line:28] INFO test_loss                     2.5524
2026-09-24 21:41:09,740 simple_logger.py log_once [line:28] INFO val_accuracy                  0.2934
2026-09-24 21:41:09,740 simple_logger.py log_once [line:28] INFO mean_val_accuracy             0.2941
2026-09-24 21:41:09,740 simple_logger.py log_once [line:28] INFO std_val_accuracy              0.3570
2026-09-24 21:41:09,740 simple_logger.py log_once [line:28] INFO val_loss                      2.5126
2026-09-24 21:41:09,740 simple_logger.py log_once [line:28] INFO mean_val_loss                 2.5108
2026-09-24 21:41:09,741 simple_logger.py log_once [line:28] INFO std_val_loss                  1.6065
2026-09-24 21:41:09,741 fedbase.py run [line:316] INFO Eval Time Cost:               1.4845s
2026-09-24 21:41:09,751 asyncbase.py iterate [line:68] INFO Select clients [np.int64(13), np.int64(12)] at time 13.
2026-09-24 21:41:10,396 asyncbase.py iterate [line:73] INFO Receive new models from clients [7, 12] at time 13
2026-09-24 21:41:10,439 fedbase.py run [line:311] INFO --------------Round 12--------------
2026-09-24 21:41:10,439 simple_logger.py log_once [line:14] INFO Current_time:13
2026-09-24 21:41:11,906 simple_logger.py log_once [line:28] INFO test_accuracy                 0.2595
2026-09-24 21:41:11,906 simple_logger.py log_once [line:28] INFO test_loss                     5.2275
2026-09-24 21:41:11,906 simple_logger.py log_once [line:28] INFO val_accuracy                  0.2551
2026-09-24 21:41:11,906 simple_logger.py log_once [line:28] INFO mean_val_accuracy             0.2545
2026-09-24 21:41:11,906 simple_logger.py log_once [line:28] INFO std_val_accuracy              0.3590
2026-09-24 21:41:11,906 simple_logger.py log_once [line:28] INFO val_loss                      5.1494
2026-09-24 21:41:11,906 simple_logger.py log_once [line:28] INFO mean_val_loss                 5.1512
2026-09-24 21:41:11,906 simple_logger.py log_once [line:28] INFO std_val_loss                  3.5806
2026-09-24 21:41:11,906 fedbase.py run [line:316] INFO Eval Time Cost:               1.4665s
2026-09-24 21:41:11,914 asyncbase.py iterate [line:68] INFO Select clients [np.int64(5), np.int64(16)] at time 14.
2026-09-24 21:41:12,535 asyncbase.py iterate [line:73] INFO Receive new models from clients [17, 18] at time 14
2026-09-24 21:41:12,575 fedbase.py run [line:311] INFO --------------Round 13--------------
2026-09-24 21:41:12,575 simple_logger.py log_once [line:14] INFO Current_time:14
2026-09-24 21:41:14,083 simple_logger.py log_once [line:28] INFO test_accuracy                 0.3958
2026-09-24 21:41:14,083 simple_logger.py log_once [line:28] INFO test_loss                     3.7718
2026-09-24 21:41:14,083 simple_logger.py log_once [line:28] INFO val_accuracy                  0.3936
2026-09-24 21:41:14,083 simple_logger.py log_once [line:28] INFO mean_val_accuracy             0.3939
2026-09-24 21:41:14,083 simple_logger.py log_once [line:28] INFO std_val_accuracy              0.3974
2026-09-24 21:41:14,083 simple_logger.py log_once [line:28] INFO val_loss                      3.7085
2026-09-24 21:41:14,083 simple_logger.py log_once [line:28] INFO mean_val_loss                 3.7063
2026-09-24 21:41:14,083 simple_logger.py log_once [line:28] INFO std_val_loss                  3.0973
2026-09-24 21:41:14,083 fedbase.py run [line:316] INFO Eval Time Cost:               1.5078s
2026-09-24 21:41:14,094 asyncbase.py iterate [line:68] INFO Select clients [np.int64(17)] at time 15.
2026-09-24 21:41:14,405 asyncbase.py iterate [line:73] INFO Receive new models from clients [13, 16, 3] at time 15
2026-09-24 21:41:14,458 fedbase.py run [line:311] INFO --------------Round 14--------------
2026-09-24 21:41:14,459 simple_logger.py log_once [line:14] INFO Current_time:15
2026-09-24 21:41:15,992 simple_logger.py log_once [line:28] INFO test_accuracy                 0.1135
2026-09-24 21:41:15,992 simple_logger.py log_once [line:28] INFO test_loss                     8.9498
2026-09-24 21:41:15,992 simple_logger.py log_once [line:28] INFO val_accuracy                  0.1135
2026-09-24 21:41:15,992 simple_logger.py log_once [line:28] INFO mean_val_accuracy             0.1132
2026-09-24 21:41:15,992 simple_logger.py log_once [line:28] INFO std_val_accuracy              0.2728
2026-09-24 21:41:15,992 simple_logger.py log_once [line:28] INFO val_loss                      8.8282
2026-09-24 21:41:15,992 simple_logger.py log_once [line:28] INFO mean_val_loss                 8.8380
2026-09-24 21:41:15,992 simple_logger.py log_once [line:28] INFO std_val_loss                  5.3188
2026-09-24 21:41:15,992 fedbase.py run [line:316] INFO Eval Time Cost:               1.5337s
2026-09-24 21:41:16,003 asyncbase.py iterate [line:68] INFO Select clients [np.int64(7), np.int64(14), np.int64(12)] at time 16.
2026-09-24 21:41:17,033 asyncbase.py iterate [line:73] INFO Receive new models from clients [5, 17] at time 16
2026-09-24 21:41:17,073 fedbase.py run [line:311] INFO --------------Round 15--------------
2026-09-24 21:41:17,073 simple_logger.py log_once [line:14] INFO Current_time:16
2026-09-24 21:41:18,582 simple_logger.py log_once [line:28] INFO test_accuracy                 0.3779
2026-09-24 21:41:18,582 simple_logger.py log_once [line:28] INFO test_loss                     1.8199
2026-09-24 21:41:18,582 simple_logger.py log_once [line:28] INFO val_accuracy                  0.3823
2026-09-24 21:41:18,582 simple_logger.py log_once [line:28] INFO mean_val_accuracy             0.3828
2026-09-24 21:41:18,582 simple_logger.py log_once [line:28] INFO std_val_accuracy              0.3902
2026-09-24 21:41:18,582 simple_logger.py log_once [line:28] INFO val_loss                      1.8196
2026-09-24 21:41:18,582 simple_logger.py log_once [line:28] INFO mean_val_loss                 1.8193
2026-09-24 21:41:18,582 simple_logger.py log_once [line:28] INFO std_val_loss                  1.1459
2026-09-24 21:41:18,582 fedbase.py run [line:316] INFO Eval Time Cost:               1.5089s
2026-09-24 21:41:18,593 asyncbase.py iterate [line:68] INFO Select clients [np.int64(17), np.int64(9), np.int64(4)] at time 17.
2026-09-24 21:41:19,526 asyncbase.py iterate [line:73] INFO Receive new models from clients [12] at time 17
2026-09-24 21:41:19,555 fedbase.py run [line:311] INFO --------------Round 16--------------
2026-09-24 21:41:19,555 simple_logger.py log_once [line:14] INFO Current_time:17
2026-09-24 21:41:21,049 simple_logger.py log_once [line:28] INFO test_accuracy                 0.1010
2026-09-24 21:41:21,049 simple_logger.py log_once [line:28] INFO test_loss                     185.9452
2026-09-24 21:41:21,049 simple_logger.py log_once [line:28] INFO val_accuracy                  0.1020
2026-09-24 21:41:21,049 simple_logger.py log_once [line:28] INFO mean_val_accuracy             0.1016
2026-09-24 21:41:21,049 simple_logger.py log_once [line:28] INFO std_val_accuracy              0.2730
2026-09-24 21:41:21,049 simple_logger.py log_once [line:28] INFO val_loss                      183.4905
2026-09-24 21:41:21,049 simple_logger.py log_once [line:28] INFO mean_val_loss                 183.5205
2026-09-24 21:41:21,049 simple_logger.py log_once [line:28] INFO std_val_loss                  82.2697
2026-09-24 21:41:21,049 fedbase.py run [line:316] INFO Eval Time Cost:               1.4942s
2026-09-24 21:41:21,057 asyncbase.py iterate [line:68] INFO Select clients [np.int64(12)] at time 18.
2026-09-24 21:41:21,363 asyncbase.py iterate [line:73] INFO Receive new models from clients [9, 17] at time 18
2026-09-24 21:41:21,403 fedbase.py run [line:311] INFO --------------Round 17--------------
2026-09-24 21:41:21,403 simple_logger.py log_once [line:14] INFO Current_time:18
2026-09-24 21:41:22,905 simple_logger.py log_once [line:28] INFO test_accuracy                 0.1630
2026-09-24 21:41:22,906 simple_logger.py log_once [line:28] INFO test_loss                     92.1472
2026-09-24 21:41:22,906 simple_logger.py log_once [line:28] INFO val_accuracy                  0.1649
2026-09-24 21:41:22,906 simple_logger.py log_once [line:28] INFO mean_val_accuracy             0.1647
2026-09-24 21:41:22,906 simple_logger.py log_once [line:28] INFO std_val_accuracy              0.3073
2026-09-24 21:41:22,906 simple_logger.py log_once [line:28] INFO val_loss                      90.9504
2026-09-24 21:41:22,906 simple_logger.py log_once [line:28] INFO mean_val_loss                 90.9126
2026-09-24 21:41:22,906 simple_logger.py log_once [line:28] INFO std_val_loss                  50.7420
2026-09-24 21:41:22,906 fedbase.py run [line:316] INFO Eval Time Cost:               1.5025s
2026-09-24 21:41:22,916 asyncbase.py iterate [line:68] INFO Select clients [np.int64(5)] at time 19.
2026-09-24 21:41:23,229 asyncbase.py iterate [line:73] INFO Receive new models from clients [7, 4, 14, 5] at time 19
2026-09-24 21:41:23,292 fedbase.py run [line:311] INFO --------------Round 18--------------
2026-09-24 21:41:23,292 simple_logger.py log_once [line:14] INFO Current_time:19
2026-09-24 21:41:24,774 simple_logger.py log_once [line:28] INFO test_accuracy                 0.1798
2026-09-24 21:41:24,774 simple_logger.py log_once [line:28] INFO test_loss                     2.4331
2026-09-24 21:41:24,774 simple_logger.py log_once [line:28] INFO val_accuracy                  0.1829
2026-09-24 21:41:24,774 simple_logger.py log_once [line:28] INFO mean_val_accuracy             0.1838
2026-09-24 21:41:24,774 simple_logger.py log_once [line:28] INFO std_val_accuracy              0.3274
2026-09-24 21:41:24,774 simple_logger.py log_once [line:28] INFO val_loss                      2.4312
2026-09-24 21:41:24,774 simple_logger.py log_once [line:28] INFO mean_val_loss                 2.4287
2026-09-24 21:41:24,774 simple_logger.py log_once [line:28] INFO std_val_loss                  0.9137
2026-09-24 21:41:24,775 fedbase.py run [line:316] INFO Eval Time Cost:               1.4826s
2026-09-24 21:41:24,783 asyncbase.py iterate [line:68] INFO Select clients [np.int64(6), np.int64(15), np.int64(8), np.int64(1)] at time 20.
2026-09-24 21:41:26,012 asyncbase.py iterate [line:73] INFO Receive new models from clients [12, 8] at time 20
2026-09-24 21:41:26,053 fedbase.py run [line:311] INFO --------------Round 19--------------
2026-09-24 21:41:26,053 simple_logger.py log_once [line:14] INFO Current_time:20
2026-09-24 21:41:27,620 simple_logger.py log_once [line:28] INFO test_accuracy                 0.1663
2026-09-24 21:41:27,620 simple_logger.py log_once [line:28] INFO test_loss                     4.2807
2026-09-24 21:41:27,620 simple_logger.py log_once [line:28] INFO val_accuracy                  0.1692
2026-09-24 21:41:27,620 simple_logger.py log_once [line:28] INFO mean_val_accuracy             0.1702
2026-09-24 21:41:27,620 simple_logger.py log_once [line:28] INFO std_val_accuracy              0.3027
2026-09-24 21:41:27,620 simple_logger.py log_once [line:28] INFO val_loss                      4.1992
2026-09-24 21:41:27,620 simple_logger.py log_once [line:28] INFO mean_val_loss                 4.1947
2026-09-24 21:41:27,621 simple_logger.py log_once [line:28] INFO std_val_loss                  2.3372
2026-09-24 21:41:27,621 fedbase.py run [line:316] INFO Eval Time Cost:               1.5679s
2026-09-24 21:41:27,631 asyncbase.py iterate [line:68] INFO Select clients [np.int64(12), np.int64(7), np.int64(3)] at time 21.
2026-09-24 21:41:28,553 asyncbase.py iterate [line:73] INFO Receive new models from clients [6] at time 21
2026-09-24 21:41:28,585 fedbase.py run [line:311] INFO --------------Round 20--------------
2026-09-24 21:41:28,585 simple_logger.py log_once [line:14] INFO Current_time:21
2026-09-24 21:41:30,077 simple_logger.py log_once [line:28] INFO test_accuracy                 0.2134
2026-09-24 21:41:30,077 simple_logger.py log_once [line:28] INFO test_loss                     2.1776
2026-09-24 21:41:30,078 simple_logger.py log_once [line:28] INFO val_accuracy                  0.2186
2026-09-24 21:41:30,078 simple_logger.py log_once [line:28] INFO mean_val_accuracy             0.2196
2026-09-24 21:41:30,078 simple_logger.py log_once [line:28] INFO std_val_accuracy              0.3490
2026-09-24 21:41:30,078 simple_logger.py log_once [line:28] INFO val_loss                      2.1705
2026-09-24 21:41:30,078 simple_logger.py log_once [line:28] INFO mean_val_loss                 2.1681
2026-09-24 21:41:30,078 simple_logger.py log_once [line:28] INFO std_val_loss                  0.8467
2026-09-24 21:41:30,078 fedbase.py run [line:316] INFO Eval Time Cost:               1.4927s
2026-09-24 21:41:30,095 asyncbase.py iterate [line:73] INFO Receive new models from clients [12, 7, 1, 15] at time 23
2026-09-24 21:41:30,162 fedbase.py run [line:311] INFO --------------Round 21--------------
2026-09-24 21:41:30,162 simple_logger.py log_once [line:14] INFO Current_time:23
2026-09-24 21:41:31,641 simple_logger.py log_once [line:28] INFO test_accuracy                 0.1973
2026-09-24 21:41:31,641 simple_logger.py log_once [line:28] INFO test_loss                     5.9320
2026-09-24 21:41:31,641 simple_logger.py log_once [line:28] INFO val_accuracy                  0.2011
2026-09-24 21:41:31,641 simple_logger.py log_once [line:28] INFO mean_val_accuracy             0.2022
2026-09-24 21:41:31,641 simple_logger.py log_once [line:28] INFO std_val_accuracy              0.3551
2026-09-24 21:41:31,641 simple_logger.py log_once [line:28] INFO val_loss                      5.8185
2026-09-24 21:41:31,641 simple_logger.py log_once [line:28] INFO mean_val_loss                 5.8112
2026-09-24 21:41:31,641 simple_logger.py log_once [line:28] INFO std_val_loss                  3.4393
2026-09-24 21:41:31,641 fedbase.py run [line:316] INFO Eval Time Cost:               1.4796s
2026-09-24 21:41:31,651 asyncbase.py iterate [line:68] INFO Select clients [np.int64(9), np.int64(4), np.int64(17), np.int64(13)] at time 24.
2026-09-24 21:41:32,917 asyncbase.py iterate [line:73] INFO Receive new models from clients [3, 9, 17, 13] at time 24
2026-09-24 21:41:32,985 fedbase.py run [line:311] INFO --------------Round 22--------------
2026-09-24 21:41:32,986 simple_logger.py log_once [line:14] INFO Current_time:24
2026-09-24 21:41:34,474 simple_logger.py log_once [line:28] INFO test_accuracy                 0.1010
2026-09-24 21:41:34,474 simple_logger.py log_once [line:28] INFO test_loss                     2.8839
2026-09-24 21:41:34,474 simple_logger.py log_once [line:28] INFO val_accuracy                  0.1020
2026-09-24 21:41:34,474 simple_logger.py log_once [line:28] INFO mean_val_accuracy             0.1016
2026-09-24 21:41:34,474 simple_logger.py log_once [line:28] INFO std_val_accuracy              0.2730
2026-09-24 21:41:34,474 simple_logger.py log_once [line:28] INFO val_loss                      2.8845
2026-09-24 21:41:34,474 simple_logger.py log_once [line:28] INFO mean_val_loss                 2.8848
2026-09-24 21:41:34,474 simple_logger.py log_once [line:28] INFO std_val_loss                  0.9343
2026-09-24 21:41:34,474 fedbase.py run [line:316] INFO Eval Time Cost:               1.4886s
2026-09-24 21:41:34,483 asyncbase.py iterate [line:68] INFO Select clients [np.int64(19), np.int64(5), np.int64(0), np.int64(3)] at time 25.
2026-09-24 21:41:35,710 asyncbase.py iterate [line:73] INFO Receive new models from clients [0] at time 25
2026-09-24 21:41:35,739 fedbase.py run [line:311] INFO --------------Round 23--------------
2026-09-24 21:41:35,739 simple_logger.py log_once [line:14] INFO Current_time:25
2026-09-24 21:41:37,219 simple_logger.py log_once [line:28] INFO test_accuracy                 0.1032
2026-09-24 21:41:37,219 simple_logger.py log_once [line:28] INFO test_loss                     2.4165
2026-09-24 21:41:37,219 simple_logger.py log_once [line:28] INFO val_accuracy                  0.0983
2026-09-24 21:41:37,219 simple_logger.py log_once [line:28] INFO mean_val_accuracy             0.0993
2026-09-24 21:41:37,219 simple_logger.py log_once [line:28] INFO std_val_accuracy              0.2871
2026-09-24 21:41:37,219 simple_logger.py log_once [line:28] INFO val_loss                      2.4252
2026-09-24 21:41:37,219 simple_logger.py log_once [line:28] INFO mean_val_loss                 2.4238
2026-09-24 21:41:37,219 simple_logger.py log_once [line:28] INFO std_val_loss                  0.5223
2026-09-24 21:41:37,219 fedbase.py run [line:316] INFO Eval Time Cost:               1.4802s
2026-09-24 21:41:37,227 asyncbase.py iterate [line:68] INFO Select clients [np.int64(9), np.int64(18)] at time 26.
2026-09-24 21:41:37,848 asyncbase.py iterate [line:73] INFO Receive new models from clients [3, 4, 5] at time 26
2026-09-24 21:41:37,908 fedbase.py run [line:311] INFO --------------Round 24--------------
2026-09-24 21:41:37,908 simple_logger.py log_once [line:14] INFO Current_time:26
2026-09-24 21:41:39,382 simple_logger.py log_once [line:28] INFO test_accuracy                 0.2793
2026-09-24 21:41:39,382 simple_logger.py log_once [line:28] INFO test_loss                     2.2811
2026-09-24 21:41:39,382 simple_logger.py log_once [line:28] INFO val_accuracy                  0.2836
2026-09-24 21:41:39,382 simple_logger.py log_once [line:28] INFO mean_val_accuracy             0.2836
2026-09-24 21:41:39,382 simple_logger.py log_once [line:28] INFO std_val_accuracy              0.3929
2026-09-24 21:41:39,382 simple_logger.py log_once [line:28] INFO val_loss                      2.2814
2026-09-24 21:41:39,382 simple_logger.py log_once [line:28] INFO mean_val_loss                 2.2810
2026-09-24 21:41:39,382 simple_logger.py log_once [line:28] INFO std_val_loss                  0.3058
2026-09-24 21:41:39,382 fedbase.py run [line:316] INFO Eval Time Cost:               1.4739s
2026-09-24 21:41:39,390 asyncbase.py iterate [line:68] INFO Select clients [np.int64(14), np.int64(13)] at time 27.
2026-09-24 21:41:40,015 asyncbase.py iterate [line:73] INFO Receive new models from clients [18, 19, 13, 9] at time 27
2026-09-24 21:41:40,084 fedbase.py run [line:311] INFO --------------Round 25--------------
2026-09-24 21:41:40,085 simple_logger.py log_once [line:14] INFO Current_time:27
2026-09-24 21:41:41,567 simple_logger.py log_once [line:28] INFO test_accuracy                 0.1947
2026-09-24 21:41:41,567 simple_logger.py log_once [line:28] INFO test_loss                     3.0071
2026-09-24 21:41:41,567 simple_logger.py log_once [line:28] INFO val_accuracy                  0.1982
2026-09-24 21:41:41,567 simple_logger.py log_once [line:28] INFO mean_val_accuracy             0.1993
2026-09-24 21:41:41,567 simple_logger.py log_once [line:28] INFO std_val_accuracy              0.3504
2026-09-24 21:41:41,567 simple_logger.py log_once [line:28] INFO val_loss                      3.0030
2026-09-24 21:41:41,567 simple_logger.py log_once [line:28] INFO mean_val_loss                 3.0003
2026-09-24 21:41:41,567 simple_logger.py log_once [line:28] INFO std_val_loss                  1.3725
2026-09-24 21:41:41,567 fedbase.py run [line:316] INFO Eval Time Cost:               1.4828s
2026-09-24 21:41:41,578 asyncbase.py iterate [line:68] INFO Select clients [np.int64(0), np.int64(10), np.int64(12), np.int64(19), np.int64(16)] at time 28.
2026-09-24 21:41:43,127 asyncbase.py iterate [line:73] INFO Receive new models from clients [10, 12] at time 28
2026-09-24 21:41:43,181 fedbase.py run [line:311] INFO --------------Round 26--------------
2026-09-24 21:41:43,181 simple_logger.py log_once [line:14] INFO Current_time:28
2026-09-24 21:41:44,651 simple_logger.py log_once [line:28] INFO test_accuracy                 0.1821
2026-09-24 21:41:44,651 simple_logger.py log_once [line:28] INFO test_loss                     4.9755
2026-09-24 21:41:44,651 simple_logger.py log_once [line:28] INFO val_accuracy                  0.1869
2026-09-24 21:41:44,651 simple_logger.py log_once [line:28] INFO mean_val_accuracy             0.1878
2026-09-24 21:41:44,651 simple_logger.py log_once [line:28] INFO std_val_accuracy              0.3326
2026-09-24 21:41:44,651 simple_logger.py log_once [line:28] INFO val_loss                      4.9395
2026-09-24 21:41:44,651 simple_logger.py log_once [line:28] INFO mean_val_loss                 4.9347
2026-09-24 21:41:44,651 simple_logger.py log_once [line:28] INFO std_val_loss                  2.3850
2026-09-24 21:41:44,651 fedbase.py run [line:316] INFO Eval Time Cost:               1.4700s
2026-09-24 21:41:44,659 asyncbase.py iterate [line:68] INFO Select clients [np.int64(7), np.int64(1)] at time 29.
2026-09-24 21:41:45,277 asyncbase.py iterate [line:73] INFO Receive new models from clients [16, 7] at time 29
2026-09-24 21:41:45,327 fedbase.py run [line:311] INFO --------------Round 27--------------
2026-09-24 21:41:45,327 simple_logger.py log_once [line:14] INFO Current_time:29
2026-09-24 21:41:46,807 simple_logger.py log_once [line:28] INFO test_accuracy                 0.0982
2026-09-24 21:41:46,807 simple_logger.py log_once [line:28] INFO test_loss                     2.3838
2026-09-24 21:41:46,807 simple_logger.py log_once [line:28] INFO val_accuracy                  0.0989
2026-09-24 21:41:46,807 simple_logger.py log_once [line:28] INFO mean_val_accuracy             0.0993
2026-09-24 21:41:46,807 simple_logger.py log_once [line:28] INFO std_val_accuracy              0.2797
2026-09-24 21:41:46,807 simple_logger.py log_once [line:28] INFO val_loss                      2.3835
2026-09-24 21:41:46,807 simple_logger.py log_once [line:28] INFO mean_val_loss                 2.3830
2026-09-24 21:41:46,807 simple_logger.py log_once [line:28] INFO std_val_loss                  0.4634
2026-09-24 21:41:46,807 fedbase.py run [line:316] INFO Eval Time Cost:               1.4801s
2026-09-24 21:41:46,817 asyncbase.py iterate [line:68] INFO Select clients [np.int64(3), np.int64(9)] at time 30.
2026-09-24 21:41:47,440 asyncbase.py iterate [line:73] INFO Receive new models from clients [14, 19, 3, 0] at time 30
2026-09-24 21:41:47,508 fedbase.py run [line:311] INFO --------------Round 28--------------
2026-09-24 21:41:47,508 simple_logger.py log_once [line:14] INFO Current_time:30
2026-09-24 21:41:48,986 simple_logger.py log_once [line:28] INFO test_accuracy                 0.0990
2026-09-24 21:41:48,986 simple_logger.py log_once [line:28] INFO test_loss                     2.3131
2026-09-24 21:41:48,986 simple_logger.py log_once [line:28] INFO val_accuracy                  0.1007
2026-09-24 21:41:48,986 simple_logger.py log_once [line:28] INFO mean_val_accuracy             0.1017
2026-09-24 21:41:48,986 simple_logger.py log_once [line:28] INFO std_val_accuracy              0.2621
2026-09-24 21:41:48,986 simple_logger.py log_once [line:28] INFO val_loss                      2.3133
2026-09-24 21:41:48,986 simple_logger.py log_once [line:28] INFO mean_val_loss                 2.3117
2026-09-24 21:41:48,986 simple_logger.py log_once [line:28] INFO std_val_loss                  0.5310
2026-09-24 21:41:48,987 fedbase.py run [line:316] INFO Eval Time Cost:               1.4783s
2026-09-24 21:41:48,995 asyncbase.py iterate [line:68] INFO Select clients [np.int64(3), np.int64(18), np.int64(19)] at time 31.
2026-09-24 21:41:49,923 asyncbase.py iterate [line:73] INFO Receive new models from clients [1, 9, 19] at time 31
2026-09-24 21:41:49,984 fedbase.py run [line:311] INFO --------------Round 29--------------
2026-09-24 21:41:49,984 simple_logger.py log_once [line:14] INFO Current_time:31
2026-09-24 21:41:51,451 simple_logger.py log_once [line:28] INFO test_accuracy                 0.1953
2026-09-24 21:41:51,451 simple_logger.py log_once [line:28] INFO test_loss                     3.7991
2026-09-24 21:41:51,451 simple_logger.py log_once [line:28] INFO val_accuracy                  0.1979
2026-09-24 21:41:51,451 simple_logger.py log_once [line:28] INFO mean_val_accuracy             0.1990
2026-09-24 21:41:51,451 simple_logger.py log_once [line:28] INFO std_val_accuracy              0.3504
2026-09-24 21:41:51,451 simple_logger.py log_once [line:28] INFO val_loss                      3.7872
2026-09-24 21:41:51,451 simple_logger.py log_once [line:28] INFO mean_val_loss                 3.7813
2026-09-24 21:41:51,451 simple_logger.py log_once [line:28] INFO std_val_loss                  1.9773
2026-09-24 21:41:51,451 fedbase.py run [line:316] INFO Eval Time Cost:               1.4675s
2026-09-24 21:41:51,460 asyncbase.py iterate [line:68] INFO Select clients [np.int64(17), np.int64(10), np.int64(13)] at time 32.
2026-09-24 21:41:52,380 asyncbase.py iterate [line:73] INFO Receive new models from clients [3, 17] at time 32
2026-09-24 21:41:52,429 fedbase.py run [line:311] INFO --------------Round 30--------------
2026-09-24 21:41:52,429 simple_logger.py log_once [line:14] INFO Current_time:32
2026-09-24 21:41:53,917 simple_logger.py log_once [line:28] INFO test_accuracy                 0.1995
2026-09-24 21:41:53,917 simple_logger.py log_once [line:28] INFO test_loss                     3.2710
2026-09-24 21:41:53,917 simple_logger.py log_once [line:28] INFO val_accuracy                  0.1990
2026-09-24 21:41:53,917 simple_logger.py log_once [line:28] INFO mean_val_accuracy             0.1988
2026-09-24 21:41:53,917 simple_logger.py log_once [line:28] INFO std_val_accuracy              0.3555
2026-09-24 21:41:53,917 simple_logger.py log_once [line:28] INFO val_loss                      3.2670
2026-09-24 21:41:53,917 simple_logger.py log_once [line:28] INFO mean_val_loss                 3.2690
2026-09-24 21:41:53,917 simple_logger.py log_once [line:28] INFO std_val_loss                  2.0779
2026-09-24 21:41:53,918 fedbase.py run [line:316] INFO Eval Time Cost:               1.4881s
2026-09-24 21:41:53,928 asyncbase.py iterate [line:68] INFO Select clients [np.int64(4), np.int64(5), np.int64(17)] at time 33.
2026-09-24 21:41:54,845 asyncbase.py iterate [line:73] INFO Receive new models from clients [5, 17] at time 33
2026-09-24 21:41:54,893 fedbase.py run [line:311] INFO --------------Round 31--------------
2026-09-24 21:41:54,894 simple_logger.py log_once [line:14] INFO Current_time:33
2026-09-24 21:41:56,363 simple_logger.py log_once [line:28] INFO test_accuracy                 0.4521
2026-09-24 21:41:56,363 simple_logger.py log_once [line:28] INFO test_loss                     1.8970
2026-09-24 21:41:56,363 simple_logger.py log_once [line:28] INFO val_accuracy                  0.4473
2026-09-24 21:41:56,363 simple_logger.py log_once [line:28] INFO mean_val_accuracy             0.4478
2026-09-24 21:41:56,364 simple_logger.py log_once [line:28] INFO std_val_accuracy              0.4163
2026-09-24 21:41:56,364 simple_logger.py log_once [line:28] INFO val_loss                      1.8935
2026-09-24 21:41:56,364 simple_logger.py log_once [line:28] INFO mean_val_loss                 1.8920
2026-09-24 21:41:56,364 simple_logger.py log_once [line:28] INFO std_val_loss                  1.0291
2026-09-24 21:41:56,364 fedbase.py run [line:316] INFO Eval Time Cost:               1.4701s
2026-09-24 21:41:56,373 asyncbase.py iterate [line:68] INFO Select clients [np.int64(8), np.int64(17)] at time 34.
2026-09-24 21:41:56,993 asyncbase.py iterate [line:73] INFO Receive new models from clients [4, 18, 13] at time 34
2026-09-24 21:41:57,052 fedbase.py run [line:311] INFO --------------Round 32--------------
2026-09-24 21:41:57,053 simple_logger.py log_once [line:14] INFO Current_time:34
2026-09-24 21:41:58,575 simple_logger.py log_once [line:28] INFO test_accuracy                 0.2585
2026-09-24 21:41:58,575 simple_logger.py log_once [line:28] INFO test_loss                     5.6147
2026-09-24 21:41:58,575 simple_logger.py log_once [line:28] INFO val_accuracy                  0.2573
2026-09-24 21:41:58,575 simple_logger.py log_once [line:28] INFO mean_val_accuracy             0.2585
2026-09-24 21:41:58,575 simple_logger.py log_once [line:28] INFO std_val_accuracy              0.3213
2026-09-24 21:41:58,575 simple_logger.py log_once [line:28] INFO val_loss                      5.5764
2026-09-24 21:41:58,575 simple_logger.py log_once [line:28] INFO mean_val_loss                 5.5730
2026-09-24 21:41:58,575 simple_logger.py log_once [line:28] INFO std_val_loss                  3.6910
2026-09-24 21:41:58,575 fedbase.py run [line:316] INFO Eval Time Cost:               1.5229s
2026-09-24 21:41:58,584 asyncbase.py iterate [line:68] INFO Select clients [np.int64(4), np.int64(14), np.int64(3)] at time 35.
2026-09-24 21:41:59,543 asyncbase.py iterate [line:73] INFO Receive new models from clients [10, 14] at time 35
2026-09-24 21:41:59,590 fedbase.py run [line:311] INFO --------------Round 33--------------
2026-09-24 21:41:59,590 simple_logger.py log_once [line:14] INFO Current_time:35
2026-09-24 21:42:01,070 simple_logger.py log_once [line:28] INFO test_accuracy                 0.1057
2026-09-24 21:42:01,071 simple_logger.py log_once [line:28] INFO test_loss                     2.8087
2026-09-24 21:42:01,071 simple_logger.py log_once [line:28] INFO val_accuracy                  0.1081
2026-09-24 21:42:01,071 simple_logger.py log_once [line:28] INFO mean_val_accuracy             0.1081
2026-09-24 21:42:01,071 simple_logger.py log_once [line:28] INFO std_val_accuracy              0.2830
2026-09-24 21:42:01,071 simple_logger.py log_once [line:28] INFO val_loss                      2.8207
2026-09-24 21:42:01,071 simple_logger.py log_once [line:28] INFO mean_val_loss                 2.8220
2026-09-24 21:42:01,071 simple_logger.py log_once [line:28] INFO std_val_loss                  1.0865
2026-09-24 21:42:01,071 fedbase.py run [line:316] INFO Eval Time Cost:               1.4813s
2026-09-24 21:42:01,081 asyncbase.py iterate [line:68] INFO Select clients [np.int64(9), np.int64(5)] at time 36.
2026-09-24 21:42:01,692 asyncbase.py iterate [line:73] INFO Receive new models from clients [4, 17, 9] at time 36
2026-09-24 21:42:01,752 fedbase.py run [line:311] INFO --------------Round 34--------------
2026-09-24 21:42:01,753 simple_logger.py log_once [line:14] INFO Current_time:36
2026-09-24 21:42:03,222 simple_logger.py log_once [line:28] INFO test_accuracy                 0.4493
2026-09-24 21:42:03,222 simple_logger.py log_once [line:28] INFO test_loss                     1.9237
2026-09-24 21:42:03,222 simple_logger.py log_once [line:28] INFO val_accuracy                  0.4388
2026-09-24 21:42:03,222 simple_logger.py log_once [line:28] INFO mean_val_accuracy             0.4395
2026-09-24 21:42:03,222 simple_logger.py log_once [line:28] INFO std_val_accuracy              0.3396
2026-09-24 21:42:03,222 simple_logger.py log_once [line:28] INFO val_loss                      1.9262
2026-09-24 21:42:03,222 simple_logger.py log_once [line:28] INFO mean_val_loss                 1.9256
2026-09-24 21:42:03,222 simple_logger.py log_once [line:28] INFO std_val_loss                  0.5474
2026-09-24 21:42:03,222 fedbase.py run [line:316] INFO Eval Time Cost:               1.4698s
2026-09-24 21:42:03,232 asyncbase.py iterate [line:68] INFO Select clients [np.int64(9)] at time 37.
2026-09-24 21:42:03,540 asyncbase.py iterate [line:73] INFO Receive new models from clients [8, 3] at time 37
2026-09-24 21:42:03,592 fedbase.py run [line:311] INFO --------------Round 35--------------
2026-09-24 21:42:03,592 simple_logger.py log_once [line:14] INFO Current_time:37
2026-09-24 21:42:05,103 simple_logger.py log_once [line:28] INFO test_accuracy                 0.2975
2026-09-24 21:42:05,103 simple_logger.py log_once [line:28] INFO test_loss                     2.1208
2026-09-24 21:42:05,103 simple_logger.py log_once [line:28] INFO val_accuracy                  0.2906
2026-09-24 21:42:05,103 simple_logger.py log_once [line:28] INFO mean_val_accuracy             0.2912
2026-09-24 21:42:05,104 simple_logger.py log_once [line:28] INFO std_val_accuracy              0.3708
2026-09-24 21:42:05,104 simple_logger.py log_once [line:28] INFO val_loss                      2.1070
2026-09-24 21:42:05,104 simple_logger.py log_once [line:28] INFO mean_val_loss                 2.1052
2026-09-24 21:42:05,104 simple_logger.py log_once [line:28] INFO std_val_loss                  1.0217
2026-09-24 21:42:05,104 fedbase.py run [line:316] INFO Eval Time Cost:               1.5119s
2026-09-24 21:42:05,112 asyncbase.py iterate [line:68] INFO Select clients [np.int64(13), np.int64(0), np.int64(12), np.int64(3)] at time 38.
2026-09-24 21:42:06,323 asyncbase.py iterate [line:73] INFO Receive new models from clients [5, 13, 3, 12, 0] at time 38
2026-09-24 21:42:06,402 fedbase.py run [line:311] INFO --------------Round 36--------------
2026-09-24 21:42:06,418 simple_logger.py log_once [line:14] INFO Current_time:38
2026-09-24 21:42:07,893 simple_logger.py log_once [line:28] INFO test_accuracy                 0.3544
2026-09-24 21:42:07,893 simple_logger.py log_once [line:28] INFO test_loss                     2.3338
2026-09-24 21:42:07,893 simple_logger.py log_once [line:28] INFO val_accuracy                  0.3530
2026-09-24 21:42:07,893 simple_logger.py log_once [line:28] INFO mean_val_accuracy             0.3523
2026-09-24 21:42:07,893 simple_logger.py log_once [line:28] INFO std_val_accuracy              0.3936
2026-09-24 21:42:07,893 simple_logger.py log_once [line:28] INFO val_loss                      2.3197
2026-09-24 21:42:07,893 simple_logger.py log_once [line:28] INFO mean_val_loss                 2.3189
2026-09-24 21:42:07,893 simple_logger.py log_once [line:28] INFO std_val_loss                  1.7533
2026-09-24 21:42:07,893 fedbase.py run [line:316] INFO Eval Time Cost:               1.4752s
2026-09-24 21:42:07,901 asyncbase.py iterate [line:68] INFO Select clients [np.int64(12), np.int64(5), np.int64(10)] at time 39.
2026-09-24 21:42:08,826 asyncbase.py iterate [line:73] INFO Receive new models from clients [12] at time 39
2026-09-24 21:42:08,856 fedbase.py run [line:311] INFO --------------Round 37--------------
2026-09-24 21:42:08,856 simple_logger.py log_once [line:14] INFO Current_time:39
2026-09-24 21:42:10,329 simple_logger.py log_once [line:28] INFO test_accuracy                 0.3821
2026-09-24 21:42:10,329 simple_logger.py log_once [line:28] INFO test_loss                     2.0794
2026-09-24 21:42:10,329 simple_logger.py log_once [line:28] INFO val_accuracy                  0.3780
2026-09-24 21:42:10,329 simple_logger.py log_once [line:28] INFO mean_val_accuracy             0.3784
2026-09-24 21:42:10,329 simple_logger.py log_once [line:28] INFO std_val_accuracy              0.3727
2026-09-24 21:42:10,329 simple_logger.py log_once [line:28] INFO val_loss                      2.0638
2026-09-24 21:42:10,329 simple_logger.py log_once [line:28] INFO mean_val_loss                 2.0616
2026-09-24 21:42:10,329 simple_logger.py log_once [line:28] INFO std_val_loss                  1.3928
2026-09-24 21:42:10,329 fedbase.py run [line:316] INFO Eval Time Cost:               1.4731s
2026-09-24 21:42:10,338 asyncbase.py iterate [line:68] INFO Select clients [np.int64(7), np.int64(6)] at time 40.
2026-09-24 21:42:10,954 asyncbase.py iterate [line:73] INFO Receive new models from clients [9, 5] at time 40
2026-09-24 21:42:11,003 fedbase.py run [line:311] INFO --------------Round 38--------------
2026-09-24 21:42:11,003 simple_logger.py log_once [line:14] INFO Current_time:40
2026-09-24 21:42:12,476 simple_logger.py log_once [line:28] INFO test_accuracy                 0.4647
2026-09-24 21:42:12,476 simple_logger.py log_once [line:28] INFO test_loss                     2.5304
2026-09-24 21:42:12,476 simple_logger.py log_once [line:28] INFO val_accuracy                  0.4575
2026-09-24 21:42:12,476 simple_logger.py log_once [line:28] INFO mean_val_accuracy             0.4580
2026-09-24 21:42:12,476 simple_logger.py log_once [line:28] INFO std_val_accuracy              0.4045
2026-09-24 21:42:12,476 simple_logger.py log_once [line:28] INFO val_loss                      2.5231
2026-09-24 21:42:12,476 simple_logger.py log_once [line:28] INFO mean_val_loss                 2.5196
2026-09-24 21:42:12,476 simple_logger.py log_once [line:28] INFO std_val_loss                  2.2255
2026-09-24 21:42:12,477 fedbase.py run [line:316] INFO Eval Time Cost:               1.4737s
2026-09-24 21:42:12,486 asyncbase.py iterate [line:68] INFO Select clients [np.int64(9), np.int64(15), np.int64(13)] at time 41.
2026-09-24 21:42:13,415 asyncbase.py iterate [line:73] INFO Receive new models from clients [10, 6, 9] at time 41
2026-09-24 21:42:13,473 fedbase.py run [line:311] INFO --------------Round 39--------------
2026-09-24 21:42:13,473 simple_logger.py log_once [line:14] INFO Current_time:41
2026-09-24 21:42:14,962 simple_logger.py log_once [line:28] INFO test_accuracy                 0.3112
2026-09-24 21:42:14,962 simple_logger.py log_once [line:28] INFO test_loss                     9.0376
2026-09-24 21:42:14,962 simple_logger.py log_once [line:28] INFO val_accuracy                  0.3014
2026-09-24 21:42:14,962 simple_logger.py log_once [line:28] INFO mean_val_accuracy             0.3016
2026-09-24 21:42:14,962 simple_logger.py log_once [line:28] INFO std_val_accuracy              0.3616
2026-09-24 21:42:14,962 simple_logger.py log_once [line:28] INFO val_loss                      8.8625
2026-09-24 21:42:14,962 simple_logger.py log_once [line:28] INFO mean_val_loss                 8.8593
2026-09-24 21:42:14,962 simple_logger.py log_once [line:28] INFO std_val_loss                  6.6587
2026-09-24 21:42:14,962 fedbase.py run [line:316] INFO Eval Time Cost:               1.4895s
2026-09-24 21:42:14,973 asyncbase.py iterate [line:68] INFO Select clients [np.int64(14), np.int64(8), np.int64(0)] at time 42.
2026-09-24 21:42:15,899 asyncbase.py iterate [line:73] INFO Receive new models from clients [7] at time 42
2026-09-24 21:42:15,926 fedbase.py run [line:311] INFO --------------Round 40--------------
2026-09-24 21:42:15,926 simple_logger.py log_once [line:14] INFO Current_time:42
2026-09-24 21:42:17,392 simple_logger.py log_once [line:28] INFO test_accuracy                 0.3733
2026-09-24 21:42:17,392 simple_logger.py log_once [line:28] INFO test_loss                     7.9176
2026-09-24 21:42:17,392 simple_logger.py log_once [line:28] INFO val_accuracy                  0.3707
2026-09-24 21:42:17,392 simple_logger.py log_once [line:28] INFO mean_val_accuracy             0.3716
2026-09-24 21:42:17,392 simple_logger.py log_once [line:28] INFO std_val_accuracy              0.3959
2026-09-24 21:42:17,392 simple_logger.py log_once [line:28] INFO val_loss                      7.6691
2026-09-24 21:42:17,392 simple_logger.py log_once [line:28] INFO mean_val_loss                 7.6702
2026-09-24 21:42:17,392 simple_logger.py log_once [line:28] INFO std_val_loss                  6.0375
2026-09-24 21:42:17,392 fedbase.py run [line:316] INFO Eval Time Cost:               1.4659s
2026-09-24 21:42:17,402 asyncbase.py iterate [line:68] INFO Select clients [np.int64(3)] at time 43.
2026-09-24 21:42:17,728 asyncbase.py iterate [line:73] INFO Receive new models from clients [0, 15] at time 43
2026-09-24 21:42:17,776 fedbase.py run [line:311] INFO --------------Round 41--------------
2026-09-24 21:42:17,776 simple_logger.py log_once [line:14] INFO Current_time:43
2026-09-24 21:42:19,243 simple_logger.py log_once [line:28] INFO test_accuracy                 0.4957
2026-09-24 21:42:19,243 simple_logger.py log_once [line:28] INFO test_loss                     2.8473
2026-09-24 21:42:19,243 simple_logger.py log_once [line:28] INFO val_accuracy                  0.4952
2026-09-24 21:42:19,243 simple_logger.py log_once [line:28] INFO mean_val_accuracy             0.4954
2026-09-24 21:42:19,243 simple_logger.py log_once [line:28] INFO std_val_accuracy              0.3978
2026-09-24 21:42:19,243 simple_logger.py log_once [line:28] INFO val_loss                      2.7934
2026-09-24 21:42:19,243 simple_logger.py log_once [line:28] INFO mean_val_loss                 2.7916
2026-09-24 21:42:19,243 simple_logger.py log_once [line:28] INFO std_val_loss                  2.5736
2026-09-24 21:42:19,243 fedbase.py run [line:316] INFO Eval Time Cost:               1.4675s
2026-09-24 21:42:19,251 asyncbase.py iterate [line:68] INFO Select clients [np.int64(0)] at time 44.
2026-09-24 21:42:19,563 asyncbase.py iterate [line:73] INFO Receive new models from clients [13, 0] at time 44
2026-09-24 21:42:19,610 fedbase.py run [line:311] INFO --------------Round 42--------------
2026-09-24 21:42:19,610 simple_logger.py log_once [line:14] INFO Current_time:44
2026-09-24 21:42:21,092 simple_logger.py log_once [line:28] INFO test_accuracy                 0.4768
2026-09-24 21:42:21,092 simple_logger.py log_once [line:28] INFO test_loss                     2.8348
2026-09-24 21:42:21,092 simple_logger.py log_once [line:28] INFO val_accuracy                  0.4763
2026-09-24 21:42:21,093 simple_logger.py log_once [line:28] INFO mean_val_accuracy             0.4770
2026-09-24 21:42:21,093 simple_logger.py log_once [line:28] INFO std_val_accuracy              0.3909
2026-09-24 21:42:21,093 simple_logger.py log_once [line:28] INFO val_loss                      2.7965
2026-09-24 21:42:21,093 simple_logger.py log_once [line:28] INFO mean_val_loss                 2.7892
2026-09-24 21:42:21,093 simple_logger.py log_once [line:28] INFO std_val_loss                  2.7051
2026-09-24 21:42:21,093 fedbase.py run [line:316] INFO Eval Time Cost:               1.4825s
2026-09-24 21:42:21,102 asyncbase.py iterate [line:68] INFO Select clients [np.int64(15), np.int64(1)] at time 45.
2026-09-24 21:42:21,766 asyncbase.py iterate [line:73] INFO Receive new models from clients [14, 3, 8] at time 45
2026-09-24 21:42:21,825 fedbase.py run [line:311] INFO --------------Round 43--------------
2026-09-24 21:42:21,825 simple_logger.py log_once [line:14] INFO Current_time:45
2026-09-24 21:42:23,311 simple_logger.py log_once [line:28] INFO test_accuracy                 0.1772
2026-09-24 21:42:23,311 simple_logger.py log_once [line:28] INFO test_loss                     21.7550
2026-09-24 21:42:23,311 simple_logger.py log_once [line:28] INFO val_accuracy                  0.1740
2026-09-24 21:42:23,311 simple_logger.py log_once [line:28] INFO mean_val_accuracy             0.1745
2026-09-24 21:42:23,311 simple_logger.py log_once [line:28] INFO std_val_accuracy              0.3098
2026-09-24 21:42:23,311 simple_logger.py log_once [line:28] INFO val_loss                      21.7094
2026-09-24 21:42:23,311 simple_logger.py log_once [line:28] INFO mean_val_loss                 21.7117
2026-09-24 21:42:23,311 simple_logger.py log_once [line:28] INFO std_val_loss                  10.9297
2026-09-24 21:42:23,311 fedbase.py run [line:316] INFO Eval Time Cost:               1.4860s
2026-09-24 21:42:23,321 asyncbase.py iterate [line:68] INFO Select clients [np.int64(18), np.int64(4)] at time 46.
2026-09-24 21:42:23,942 asyncbase.py iterate [line:73] INFO Receive new models from clients [1] at time 46
2026-09-24 21:42:23,970 fedbase.py run [line:311] INFO --------------Round 44--------------
2026-09-24 21:42:23,970 simple_logger.py log_once [line:14] INFO Current_time:46
2026-09-24 21:42:25,446 simple_logger.py log_once [line:28] INFO test_accuracy                 0.4261
2026-09-24 21:42:25,446 simple_logger.py log_once [line:28] INFO test_loss                     2.3702
2026-09-24 21:42:25,446 simple_logger.py log_once [line:28] INFO val_accuracy                  0.4151
2026-09-24 21:42:25,446 simple_logger.py log_once [line:28] INFO mean_val_accuracy             0.4149
2026-09-24 21:42:25,446 simple_logger.py log_once [line:28] INFO std_val_accuracy              0.3468
2026-09-24 21:42:25,446 simple_logger.py log_once [line:28] INFO val_loss                      2.3708
2026-09-24 21:42:25,446 simple_logger.py log_once [line:28] INFO mean_val_loss                 2.3720
2026-09-24 21:42:25,446 simple_logger.py log_once [line:28] INFO std_val_loss                  1.5068
2026-09-24 21:42:25,447 fedbase.py run [line:316] INFO Eval Time Cost:               1.4770s
2026-09-24 21:42:25,457 asyncbase.py iterate [line:68] INFO Select clients [np.int64(9), np.int64(14)] at time 47.
2026-09-24 21:42:26,063 asyncbase.py iterate [line:73] INFO Receive new models from clients [15, 18, 14, 4] at time 47
2026-09-24 21:42:26,131 fedbase.py run [line:311] INFO --------------Round 45--------------
2026-09-24 21:42:26,131 simple_logger.py log_once [line:14] INFO Current_time:47
2026-09-24 21:42:27,619 simple_logger.py log_once [line:28] INFO test_accuracy                 0.1832
2026-09-24 21:42:27,619 simple_logger.py log_once [line:28] INFO test_loss                     2.6151
2026-09-24 21:42:27,619 simple_logger.py log_once [line:28] INFO val_accuracy                  0.1897
2026-09-24 21:42:27,619 simple_logger.py log_once [line:28] INFO mean_val_accuracy             0.1907
2026-09-24 21:42:27,619 simple_logger.py log_once [line:28] INFO std_val_accuracy              0.3356
2026-09-24 21:42:27,619 simple_logger.py log_once [line:28] INFO val_loss                      2.5721
2026-09-24 21:42:27,619 simple_logger.py log_once [line:28] INFO mean_val_loss                 2.5700
2026-09-24 21:42:27,620 simple_logger.py log_once [line:28] INFO std_val_loss                  1.1649
2026-09-24 21:42:27,620 fedbase.py run [line:316] INFO Eval Time Cost:               1.4882s
2026-09-24 21:42:27,628 asyncbase.py iterate [line:68] INFO Select clients [np.int64(16), np.int64(1), np.int64(19), np.int64(8), np.int64(7)] at time 48.
2026-09-24 21:42:29,151 asyncbase.py iterate [line:73] INFO Receive new models from clients [19, 8] at time 48
2026-09-24 21:42:29,199 fedbase.py run [line:311] INFO --------------Round 46--------------
2026-09-24 21:42:29,199 simple_logger.py log_once [line:14] INFO Current_time:48
2026-09-24 21:42:30,751 simple_logger.py log_once [line:28] INFO test_accuracy                 0.2421
2026-09-24 21:42:30,751 simple_logger.py log_once [line:28] INFO test_loss                     2.4144
2026-09-24 21:42:30,751 simple_logger.py log_once [line:28] INFO val_accuracy                  0.2426
2026-09-24 21:42:30,751 simple_logger.py log_once [line:28] INFO mean_val_accuracy             0.2434
2026-09-24 21:42:30,752 simple_logger.py log_once [line:28] INFO std_val_accuracy              0.3424
2026-09-24 21:42:30,752 simple_logger.py log_once [line:28] INFO val_loss                      2.3815
2026-09-24 21:42:30,752 simple_logger.py log_once [line:28] INFO mean_val_loss                 2.3800
2026-09-24 21:42:30,752 simple_logger.py log_once [line:28] INFO std_val_loss                  1.2006
2026-09-24 21:42:30,752 fedbase.py run [line:316] INFO Eval Time Cost:               1.5525s
2026-09-24 21:42:30,762 asyncbase.py iterate [line:68] INFO Select clients [np.int64(10), np.int64(15)] at time 49.
2026-09-24 21:42:31,392 asyncbase.py iterate [line:73] INFO Receive new models from clients [7, 9, 10, 1] at time 49
2026-09-24 21:42:31,458 fedbase.py run [line:311] INFO --------------Round 47--------------
2026-09-24 21:42:31,458 simple_logger.py log_once [line:14] INFO Current_time:49
2026-09-24 21:42:32,943 simple_logger.py log_once [line:28] INFO test_accuracy                 0.2656
2026-09-24 21:42:32,943 simple_logger.py log_once [line:28] INFO test_loss                     2.1140
2026-09-24 21:42:32,943 simple_logger.py log_once [line:28] INFO val_accuracy                  0.2680
2026-09-24 21:42:32,943 simple_logger.py log_once [line:28] INFO mean_val_accuracy             0.2679
2026-09-24 21:42:32,943 simple_logger.py log_once [line:28] INFO std_val_accuracy              0.3342
2026-09-24 21:42:32,943 simple_logger.py log_once [line:28] INFO val_loss                      2.1022
2026-09-24 21:42:32,943 simple_logger.py log_once [line:28] INFO mean_val_loss                 2.1033
2026-09-24 21:42:32,943 simple_logger.py log_once [line:28] INFO std_val_loss                  0.9377
2026-09-24 21:42:32,943 fedbase.py run [line:316] INFO Eval Time Cost:               1.4850s
2026-09-24 21:42:32,952 asyncbase.py iterate [line:68] INFO Select clients [np.int64(3), np.int64(5)] at time 50.
2026-09-24 21:42:33,563 asyncbase.py iterate [line:73] INFO Receive new models from clients [16, 15] at time 50
2026-09-24 21:42:33,609 fedbase.py run [line:311] INFO --------------Round 48--------------
2026-09-24 21:42:33,609 simple_logger.py log_once [line:14] INFO Current_time:50
2026-09-24 21:42:35,082 simple_logger.py log_once [line:28] INFO test_accuracy                 0.3896
2026-09-24 21:42:35,082 simple_logger.py log_once [line:28] INFO test_loss                     1.6546
2026-09-24 21:42:35,082 simple_logger.py log_once [line:28] INFO val_accuracy                  0.3997
2026-09-24 21:42:35,082 simple_logger.py log_once [line:28] INFO mean_val_accuracy             0.3999
2026-09-24 21:42:35,082 simple_logger.py log_once [line:28] INFO std_val_accuracy              0.3305
2026-09-24 21:42:35,082 simple_logger.py log_once [line:28] INFO val_loss                      1.6565
2026-09-24 21:42:35,082 simple_logger.py log_once [line:28] INFO mean_val_loss                 1.6567
2026-09-24 21:42:35,082 simple_logger.py log_once [line:28] INFO std_val_loss                  0.7140
2026-09-24 21:42:35,083 fedbase.py run [line:316] INFO Eval Time Cost:               1.4734s
2026-09-24 21:42:35,093 asyncbase.py iterate [line:68] INFO Select clients [np.int64(16), np.int64(17), np.int64(9)] at time 51.
2026-09-24 21:42:36,017 asyncbase.py iterate [line:73] INFO Receive new models from clients [16, 17] at time 51
2026-09-24 21:42:36,065 fedbase.py run [line:311] INFO --------------Round 49--------------
2026-09-24 21:42:36,065 simple_logger.py log_once [line:14] INFO Current_time:51
2026-09-24 21:42:37,545 simple_logger.py log_once [line:28] INFO test_accuracy                 0.5278
2026-09-24 21:42:37,545 simple_logger.py log_once [line:28] INFO test_loss                     1.5185
2026-09-24 21:42:37,545 simple_logger.py log_once [line:28] INFO val_accuracy                  0.5391
2026-09-24 21:42:37,545 simple_logger.py log_once [line:28] INFO mean_val_accuracy             0.5392
2026-09-24 21:42:37,545 simple_logger.py log_once [line:28] INFO std_val_accuracy              0.3546
2026-09-24 21:42:37,545 simple_logger.py log_once [line:28] INFO val_loss                      1.5077
2026-09-24 21:42:37,546 simple_logger.py log_once [line:28] INFO mean_val_loss                 1.5072
2026-09-24 21:42:37,546 simple_logger.py log_once [line:28] INFO std_val_loss                  0.9595
2026-09-24 21:42:37,546 fedbase.py run [line:316] INFO Eval Time Cost:               1.4802s
2026-09-24 21:42:37,554 asyncbase.py iterate [line:68] INFO Select clients [np.int64(15), np.int64(0)] at time 52.
2026-09-24 21:42:38,178 asyncbase.py iterate [line:68] INFO Select clients [np.int64(14)] at time 53.
2026-09-24 21:42:38,492 asyncbase.py iterate [line:73] INFO Receive new models from clients [3, 15, 5] at time 53
2026-09-24 21:42:38,550 fedbase.py run [line:311] INFO --------------Round 50--------------
2026-09-24 21:42:38,550 simple_logger.py log_once [line:14] INFO Current_time:53
2026-09-24 21:42:40,023 simple_logger.py log_once [line:28] INFO test_accuracy                 0.4900
2026-09-24 21:42:40,023 simple_logger.py log_once [line:28] INFO test_loss                     2.3792
2026-09-24 21:42:40,023 simple_logger.py log_once [line:28] INFO val_accuracy                  0.4965
2026-09-24 21:42:40,023 simple_logger.py log_once [line:28] INFO mean_val_accuracy             0.4966
2026-09-24 21:42:40,023 simple_logger.py log_once [line:28] INFO std_val_accuracy              0.3726
2026-09-24 21:42:40,023 simple_logger.py log_once [line:28] INFO val_loss                      2.3195
2026-09-24 21:42:40,023 simple_logger.py log_once [line:28] INFO mean_val_loss                 2.3203
2026-09-24 21:42:40,023 simple_logger.py log_once [line:28] INFO std_val_loss                  2.1567
2026-09-24 21:42:40,023 fedbase.py run [line:316] INFO Eval Time Cost:               1.4732s
2026-09-24 21:42:40,034 asyncbase.py iterate [line:68] INFO Select clients [np.int64(4), np.int64(5)] at time 54.
2026-09-24 21:42:40,650 asyncbase.py iterate [line:73] INFO Receive new models from clients [9, 0] at time 54
2026-09-24 21:42:40,699 fedbase.py run [line:311] INFO --------------Round 51--------------
2026-09-24 21:42:40,699 simple_logger.py log_once [line:14] INFO Current_time:54
2026-09-24 21:42:42,182 simple_logger.py log_once [line:28] INFO test_accuracy                 0.4537
2026-09-24 21:42:42,182 simple_logger.py log_once [line:28] INFO test_loss                     2.8057
2026-09-24 21:42:42,182 simple_logger.py log_once [line:28] INFO val_accuracy                  0.4525
2026-09-24 21:42:42,182 simple_logger.py log_once [line:28] INFO mean_val_accuracy             0.4528
2026-09-24 21:42:42,182 simple_logger.py log_once [line:28] INFO std_val_accuracy              0.3550
2026-09-24 21:42:42,182 simple_logger.py log_once [line:28] INFO val_loss                      2.8327
2026-09-24 21:42:42,182 simple_logger.py log_once [line:28] INFO mean_val_loss                 2.8270
2026-09-24 21:42:42,182 simple_logger.py log_once [line:28] INFO std_val_loss                  2.3509
2026-09-24 21:42:42,183 fedbase.py run [line:316] INFO Eval Time Cost:               1.4836s
2026-09-24 21:42:42,191 asyncbase.py iterate [line:68] INFO Select clients [np.int64(18), np.int64(12), np.int64(7)] at time 55.
2026-09-24 21:42:43,103 asyncbase.py iterate [line:73] INFO Receive new models from clients [18] at time 55
2026-09-24 21:42:43,132 fedbase.py run [line:311] INFO --------------Round 52--------------
2026-09-24 21:42:43,132 simple_logger.py log_once [line:14] INFO Current_time:55
2026-09-24 21:42:44,611 simple_logger.py log_once [line:28] INFO test_accuracy                 0.4670
2026-09-24 21:42:44,611 simple_logger.py log_once [line:28] INFO test_loss                     2.9005
2026-09-24 21:42:44,611 simple_logger.py log_once [line:28] INFO val_accuracy                  0.4638
2026-09-24 21:42:44,611 simple_logger.py log_once [line:28] INFO mean_val_accuracy             0.4638
2026-09-24 21:42:44,611 simple_logger.py log_once [line:28] INFO std_val_accuracy              0.3679
2026-09-24 21:42:44,611 simple_logger.py log_once [line:28] INFO val_loss                      2.9328
2026-09-24 21:42:44,611 simple_logger.py log_once [line:28] INFO mean_val_loss                 2.9277
2026-09-24 21:42:44,611 simple_logger.py log_once [line:28] INFO std_val_loss                  2.6337
2026-09-24 21:42:44,611 fedbase.py run [line:316] INFO Eval Time Cost:               1.4794s
2026-09-24 21:42:44,620 asyncbase.py iterate [line:68] INFO Select clients [np.int64(8)] at time 56.
2026-09-24 21:42:44,921 asyncbase.py iterate [line:73] INFO Receive new models from clients [7, 12, 14, 5] at time 56
2026-09-24 21:42:44,987 fedbase.py run [line:311] INFO --------------Round 53--------------
2026-09-24 21:42:44,987 simple_logger.py log_once [line:14] INFO Current_time:56
2026-09-24 21:42:46,463 simple_logger.py log_once [line:28] INFO test_accuracy                 0.4588
2026-09-24 21:42:46,463 simple_logger.py log_once [line:28] INFO test_loss                     5.0108
2026-09-24 21:42:46,464 simple_logger.py log_once [line:28] INFO val_accuracy                  0.4558
2026-09-24 21:42:46,464 simple_logger.py log_once [line:28] INFO mean_val_accuracy             0.4563
2026-09-24 21:42:46,464 simple_logger.py log_once [line:28] INFO std_val_accuracy              0.3571
2026-09-24 21:42:46,464 simple_logger.py log_once [line:28] INFO val_loss                      4.9572
2026-09-24 21:42:46,464 simple_logger.py log_once [line:28] INFO mean_val_loss                 4.9585
2026-09-24 21:42:46,464 simple_logger.py log_once [line:28] INFO std_val_loss                  3.9862
2026-09-24 21:42:46,464 fedbase.py run [line:316] INFO Eval Time Cost:               1.4765s
2026-09-24 21:42:46,473 asyncbase.py iterate [line:68] INFO Select clients [np.int64(15), np.int64(3), np.int64(9)] at time 57.
2026-09-24 21:42:47,385 asyncbase.py iterate [line:73] INFO Receive new models from clients [4, 3] at time 57
2026-09-24 21:42:47,433 fedbase.py run [line:311] INFO --------------Round 54--------------
2026-09-24 21:42:47,433 simple_logger.py log_once [line:14] INFO Current_time:57
2026-09-24 21:42:48,907 simple_logger.py log_once [line:28] INFO test_accuracy                 0.4791
2026-09-24 21:42:48,907 simple_logger.py log_once [line:28] INFO test_loss                     2.3792
2026-09-24 21:42:48,907 simple_logger.py log_once [line:28] INFO val_accuracy                  0.4842
2026-09-24 21:42:48,907 simple_logger.py log_once [line:28] INFO mean_val_accuracy             0.4843
2026-09-24 21:42:48,907 simple_logger.py log_once [line:28] INFO std_val_accuracy              0.3793
2026-09-24 21:42:48,907 simple_logger.py log_once [line:28] INFO val_loss                      2.3698
2026-09-24 21:42:48,907 simple_logger.py log_once [line:28] INFO mean_val_loss                 2.3705
2026-09-24 21:42:48,907 simple_logger.py log_once [line:28] INFO std_val_loss                  2.2266
2026-09-24 21:42:48,907 fedbase.py run [line:316] INFO Eval Time Cost:               1.4747s
2026-09-24 21:42:48,916 asyncbase.py iterate [line:68] INFO Select clients [np.int64(5), np.int64(1), np.int64(10)] at time 58.
2026-09-24 21:42:49,846 asyncbase.py iterate [line:73] INFO Receive new models from clients [8] at time 58
2026-09-24 21:42:49,874 fedbase.py run [line:311] INFO --------------Round 55--------------
2026-09-24 21:42:49,874 simple_logger.py log_once [line:14] INFO Current_time:58
2026-09-24 21:42:51,357 simple_logger.py log_once [line:28] INFO test_accuracy                 0.5876
2026-09-24 21:42:51,357 simple_logger.py log_once [line:28] INFO test_loss                     1.7707
2026-09-24 21:42:51,357 simple_logger.py log_once [line:28] INFO val_accuracy                  0.5940
2026-09-24 21:42:51,357 simple_logger.py log_once [line:28] INFO mean_val_accuracy             0.5942
2026-09-24 21:42:51,357 simple_logger.py log_once [line:28] INFO std_val_accuracy              0.3512
2026-09-24 21:42:51,358 simple_logger.py log_once [line:28] INFO val_loss                      1.7367
2026-09-24 21:42:51,358 simple_logger.py log_once [line:28] INFO mean_val_loss                 1.7376
2026-09-24 21:42:51,358 simple_logger.py log_once [line:28] INFO std_val_loss                  1.7136
2026-09-24 21:42:51,358 fedbase.py run [line:316] INFO Eval Time Cost:               1.4838s
2026-09-24 21:42:51,367 asyncbase.py iterate [line:68] INFO Select clients [np.int64(18)] at time 59.
2026-09-24 21:42:51,676 asyncbase.py iterate [line:73] INFO Receive new models from clients [10, 1, 15] at time 59
2026-09-24 21:42:51,735 fedbase.py run [line:311] INFO --------------Round 56--------------
2026-09-24 21:42:51,735 simple_logger.py log_once [line:14] INFO Current_time:59
2026-09-24 21:42:53,220 simple_logger.py log_once [line:28] INFO test_accuracy                 0.4002
2026-09-24 21:42:53,220 simple_logger.py log_once [line:28] INFO test_loss                     7.0379
2026-09-24 21:42:53,220 simple_logger.py log_once [line:28] INFO val_accuracy                  0.4040
2026-09-24 21:42:53,220 simple_logger.py log_once [line:28] INFO mean_val_accuracy             0.4046
2026-09-24 21:42:53,220 simple_logger.py log_once [line:28] INFO std_val_accuracy              0.3504
2026-09-24 21:42:53,220 simple_logger.py log_once [line:28] INFO val_loss                      6.9035
2026-09-24 21:42:53,220 simple_logger.py log_once [line:28] INFO mean_val_loss                 6.8945
2026-09-24 21:42:53,220 simple_logger.py log_once [line:28] INFO std_val_loss                  6.6218
2026-09-24 21:42:53,220 fedbase.py run [line:316] INFO Eval Time Cost:               1.4849s
2026-09-24 21:42:53,229 asyncbase.py iterate [line:68] INFO Select clients [np.int64(12), np.int64(3)] at time 60.
2026-09-24 21:42:53,847 asyncbase.py iterate [line:73] INFO Receive new models from clients [18, 9, 12] at time 60
2026-09-24 21:42:53,906 fedbase.py run [line:311] INFO --------------Round 57--------------
2026-09-24 21:42:53,906 simple_logger.py log_once [line:14] INFO Current_time:60
2026-09-24 21:42:55,416 simple_logger.py log_once [line:28] INFO test_accuracy                 0.2938
2026-09-24 21:42:55,417 simple_logger.py log_once [line:28] INFO test_loss                     12.7352
2026-09-24 21:42:55,417 simple_logger.py log_once [line:28] INFO val_accuracy                  0.2900
2026-09-24 21:42:55,417 simple_logger.py log_once [line:28] INFO mean_val_accuracy             0.2906
2026-09-24 21:42:55,417 simple_logger.py log_once [line:28] INFO std_val_accuracy              0.3176
2026-09-24 21:42:55,417 simple_logger.py log_once [line:28] INFO val_loss                      12.7517
2026-09-24 21:42:55,417 simple_logger.py log_once [line:28] INFO mean_val_loss                 12.7323
2026-09-24 21:42:55,417 simple_logger.py log_once [line:28] INFO std_val_loss                  8.2828
2026-09-24 21:42:55,417 fedbase.py run [line:316] INFO Eval Time Cost:               1.5109s
2026-09-24 21:42:55,426 asyncbase.py iterate [line:68] INFO Select clients [np.int64(15), np.int64(13), np.int64(12)] at time 61.
2026-09-24 21:42:56,358 asyncbase.py iterate [line:73] INFO Receive new models from clients [3, 5] at time 61
2026-09-24 21:42:56,408 fedbase.py run [line:311] INFO --------------Round 58--------------
2026-09-24 21:42:56,408 simple_logger.py log_once [line:14] INFO Current_time:61
2026-09-24 21:42:57,890 simple_logger.py log_once [line:28] INFO test_accuracy                 0.3616
2026-09-24 21:42:57,890 simple_logger.py log_once [line:28] INFO test_loss                     6.0608
2026-09-24 21:42:57,890 simple_logger.py log_once [line:28] INFO val_accuracy                  0.3576
2026-09-24 21:42:57,890 simple_logger.py log_once [line:28] INFO mean_val_accuracy             0.3582
2026-09-24 21:42:57,891 simple_logger.py log_once [line:28] INFO std_val_accuracy              0.3473
2026-09-24 21:42:57,891 simple_logger.py log_once [line:28] INFO val_loss                      6.1385
2026-09-24 21:42:57,891 simple_logger.py log_once [line:28] INFO mean_val_loss                 6.1298
2026-09-24 21:42:57,891 simple_logger.py log_once [line:28] INFO std_val_loss                  4.0932
2026-09-24 21:42:57,891 fedbase.py run [line:316] INFO Eval Time Cost:               1.4823s
2026-09-24 21:42:57,900 asyncbase.py iterate [line:68] INFO Select clients [np.int64(9), np.int64(17)] at time 62.
2026-09-24 21:42:58,512 asyncbase.py iterate [line:73] INFO Receive new models from clients [15, 17] at time 62
2026-09-24 21:42:58,559 fedbase.py run [line:311] INFO --------------Round 59--------------
2026-09-24 21:42:58,559 simple_logger.py log_once [line:14] INFO Current_time:62
2026-09-24 21:43:00,040 simple_logger.py log_once [line:28] INFO test_accuracy                 0.1038
2026-09-24 21:43:00,040 simple_logger.py log_once [line:28] INFO test_loss                     47.4503
2026-09-24 21:43:00,040 simple_logger.py log_once [line:28] INFO val_accuracy                  0.1061
2026-09-24 21:43:00,040 simple_logger.py log_once [line:28] INFO mean_val_accuracy             0.1061
2026-09-24 21:43:00,040 simple_logger.py log_once [line:28] INFO std_val_accuracy              0.2842
2026-09-24 21:43:00,040 simple_logger.py log_once [line:28] INFO val_loss                      47.0170
2026-09-24 21:43:00,040 simple_logger.py log_once [line:28] INFO mean_val_loss                 47.0872
2026-09-24 21:43:00,040 simple_logger.py log_once [line:28] INFO std_val_loss                  23.9218
2026-09-24 21:43:00,040 fedbase.py run [line:316] INFO Eval Time Cost:               1.4815s
2026-09-24 21:43:00,049 asyncbase.py iterate [line:68] INFO Select clients [np.int64(0), np.int64(14)] at time 63.
2026-09-24 21:43:00,665 asyncbase.py iterate [line:73] INFO Receive new models from clients [0] at time 63
2026-09-24 21:43:00,693 fedbase.py run [line:311] INFO --------------Round 60--------------
2026-09-24 21:43:00,694 simple_logger.py log_once [line:14] INFO Current_time:63
2026-09-24 21:43:02,169 simple_logger.py log_once [line:28] INFO test_accuracy                 0.1032
2026-09-24 21:43:02,169 simple_logger.py log_once [line:28] INFO test_loss                     4.5474
2026-09-24 21:43:02,169 simple_logger.py log_once [line:28] INFO val_accuracy                  0.0983
2026-09-24 21:43:02,169 simple_logger.py log_once [line:28] INFO mean_val_accuracy             0.0993
2026-09-24 21:43:02,169 simple_logger.py log_once [line:28] INFO std_val_accuracy              0.2871
2026-09-24 21:43:02,169 simple_logger.py log_once [line:28] INFO val_loss                      4.5395
2026-09-24 21:43:02,169 simple_logger.py log_once [line:28] INFO mean_val_loss                 4.5375
2026-09-24 21:43:02,169 simple_logger.py log_once [line:28] INFO std_val_loss                  1.8221
2026-09-24 21:43:02,169 fedbase.py run [line:316] INFO Eval Time Cost:               1.4753s
2026-09-24 21:43:02,177 asyncbase.py iterate [line:68] INFO Select clients [np.int64(18), np.int64(10)] at time 64.
2026-09-24 21:43:02,889 asyncbase.py iterate [line:73] INFO Receive new models from clients [9, 12, 13] at time 64
2026-09-24 21:43:02,948 fedbase.py run [line:311] INFO --------------Round 61--------------
2026-09-24 21:43:02,948 simple_logger.py log_once [line:14] INFO Current_time:64
2026-09-24 21:43:04,434 simple_logger.py log_once [line:28] INFO test_accuracy                 0.1020
2026-09-24 21:43:04,434 simple_logger.py log_once [line:28] INFO test_loss                     2.3174
2026-09-24 21:43:04,434 simple_logger.py log_once [line:28] INFO val_accuracy                  0.1023
2026-09-24 21:43:04,434 simple_logger.py log_once [line:28] INFO mean_val_accuracy             0.1020
2026-09-24 21:43:04,434 simple_logger.py log_once [line:28] INFO std_val_accuracy              0.2723
2026-09-24 21:43:04,434 simple_logger.py log_once [line:28] INFO val_loss                      2.3193
2026-09-24 21:43:04,434 simple_logger.py log_once [line:28] INFO mean_val_loss                 2.3188
2026-09-24 21:43:04,434 simple_logger.py log_once [line:28] INFO std_val_loss                  0.1878
2026-09-24 21:43:04,434 fedbase.py run [line:316] INFO Eval Time Cost:               1.4857s
2026-09-24 21:43:04,442 asyncbase.py iterate [line:68] INFO Select clients [np.int64(15), np.int64(4)] at time 65.
2026-09-24 21:43:05,108 asyncbase.py iterate [line:73] INFO Receive new models from clients [4] at time 65
2026-09-24 21:43:05,136 fedbase.py run [line:311] INFO --------------Round 62--------------
2026-09-24 21:43:05,136 simple_logger.py log_once [line:14] INFO Current_time:65
2026-09-24 21:43:06,619 simple_logger.py log_once [line:28] INFO test_accuracy                 0.0980
2026-09-24 21:43:06,619 simple_logger.py log_once [line:28] INFO test_loss                     2.4446
2026-09-24 21:43:06,619 simple_logger.py log_once [line:28] INFO val_accuracy                  0.0990
2026-09-24 21:43:06,619 simple_logger.py log_once [line:28] INFO mean_val_accuracy             0.1000
2026-09-24 21:43:06,619 simple_logger.py log_once [line:28] INFO std_val_accuracy              0.2627
2026-09-24 21:43:06,619 simple_logger.py log_once [line:28] INFO val_loss                      2.4421
2026-09-24 21:43:06,619 simple_logger.py log_once [line:28] INFO mean_val_loss                 2.4403
2026-09-24 21:43:06,619 simple_logger.py log_once [line:28] INFO std_val_loss                  0.5006
2026-09-24 21:43:06,619 fedbase.py run [line:316] INFO Eval Time Cost:               1.4830s
2026-09-24 21:43:06,628 asyncbase.py iterate [line:68] INFO Select clients [np.int64(9), np.int64(13)] at time 66.
2026-09-24 21:43:07,236 asyncbase.py iterate [line:73] INFO Receive new models from clients [10, 13, 14] at time 66
2026-09-24 21:43:07,296 fedbase.py run [line:311] INFO --------------Round 63--------------
2026-09-24 21:43:07,296 simple_logger.py log_once [line:14] INFO Current_time:66
2026-09-24 21:43:08,777 simple_logger.py log_once [line:28] INFO test_accuracy                 0.0980
2026-09-24 21:43:08,777 simple_logger.py log_once [line:28] INFO test_loss                     8.9737
2026-09-24 21:43:08,777 simple_logger.py log_once [line:28] INFO val_accuracy                  0.0990
2026-09-24 21:43:08,777 simple_logger.py log_once [line:28] INFO mean_val_accuracy             0.1000
2026-09-24 21:43:08,777 simple_logger.py log_once [line:28] INFO std_val_accuracy              0.2627
2026-09-24 21:43:08,777 simple_logger.py log_once [line:28] INFO val_loss                      8.9549
2026-09-24 21:43:08,777 simple_logger.py log_once [line:28] INFO mean_val_loss                 8.9446
2026-09-24 21:43:08,777 simple_logger.py log_once [line:28] INFO std_val_loss                  3.2015
2026-09-24 21:43:08,777 fedbase.py run [line:316] INFO Eval Time Cost:               1.4814s
2026-09-24 21:43:08,786 asyncbase.py iterate [line:68] INFO Select clients [np.int64(3), np.int64(8)] at time 67.
2026-09-24 21:43:09,396 asyncbase.py iterate [line:73] INFO Receive new models from clients [18] at time 67
2026-09-24 21:43:09,424 fedbase.py run [line:311] INFO --------------Round 64--------------
2026-09-24 21:43:09,424 simple_logger.py log_once [line:14] INFO Current_time:67
2026-09-24 21:43:10,913 simple_logger.py log_once [line:28] INFO test_accuracy                 0.1032
2026-09-24 21:43:10,914 simple_logger.py log_once [line:28] INFO test_loss                     35.4697
2026-09-24 21:43:10,914 simple_logger.py log_once [line:28] INFO val_accuracy                  0.0983
2026-09-24 21:43:10,914 simple_logger.py log_once [line:28] INFO mean_val_accuracy             0.0993
2026-09-24 21:43:10,914 simple_logger.py log_once [line:28] INFO std_val_accuracy              0.2871
2026-09-24 21:43:10,914 simple_logger.py log_once [line:28] INFO val_loss                      35.7849
2026-09-24 21:43:10,914 simple_logger.py log_once [line:28] INFO mean_val_loss                 35.7254
2026-09-24 21:43:10,914 simple_logger.py log_once [line:28] INFO std_val_loss                  14.7511
2026-09-24 21:43:10,914 fedbase.py run [line:316] INFO Eval Time Cost:               1.4896s
2026-09-24 21:43:10,922 asyncbase.py iterate [line:68] INFO Select clients [np.int64(6), np.int64(7)] at time 68.
2026-09-24 21:43:11,531 asyncbase.py iterate [line:73] INFO Receive new models from clients [9, 15] at time 68
2026-09-24 21:43:11,581 fedbase.py run [line:311] INFO --------------Round 65--------------
2026-09-24 21:43:11,581 simple_logger.py log_once [line:14] INFO Current_time:68
2026-09-24 21:43:13,075 simple_logger.py log_once [line:28] INFO test_accuracy                 0.1028
2026-09-24 21:43:13,075 simple_logger.py log_once [line:28] INFO test_loss                     9.9167
2026-09-24 21:43:13,075 simple_logger.py log_once [line:28] INFO val_accuracy                  0.1043
2026-09-24 21:43:13,076 simple_logger.py log_once [line:28] INFO mean_val_accuracy             0.1043
2026-09-24 21:43:13,076 simple_logger.py log_once [line:28] INFO std_val_accuracy              0.2848
2026-09-24 21:43:13,076 simple_logger.py log_once [line:28] INFO val_loss                      9.9158
2026-09-24 21:43:13,076 simple_logger.py log_once [line:28] INFO mean_val_loss                 9.9189
2026-09-24 21:43:13,076 simple_logger.py log_once [line:28] INFO std_val_loss                  3.8692
2026-09-24 21:43:13,076 fedbase.py run [line:316] INFO Eval Time Cost:               1.4948s
2026-09-24 21:43:13,085 asyncbase.py iterate [line:68] INFO Select clients [np.int64(16), np.int64(4)] at time 69.
2026-09-24 21:43:13,706 asyncbase.py iterate [line:73] INFO Receive new models from clients [7] at time 69
2026-09-24 21:43:13,721 asyncbase.py iterate [line:68] INFO Select clients [np.int64(15)] at time 70.
2026-09-24 21:43:14,033 asyncbase.py iterate [line:73] INFO Receive new models from clients [16, 15, 8, 3] at time 70
2026-09-24 21:43:14,099 fedbase.py run [line:311] INFO --------------Round 66--------------
2026-09-24 21:43:14,099 simple_logger.py log_once [line:14] INFO Current_time:70
2026-09-24 21:43:15,581 simple_logger.py log_once [line:28] INFO test_accuracy                 0.1777
2026-09-24 21:43:15,581 simple_logger.py log_once [line:28] INFO test_loss                     3.0778
2026-09-24 21:43:15,581 simple_logger.py log_once [line:28] INFO val_accuracy                  0.1798
2026-09-24 21:43:15,581 simple_logger.py log_once [line:28] INFO mean_val_accuracy             0.1803
2026-09-24 21:43:15,581 simple_logger.py log_once [line:28] INFO std_val_accuracy              0.3197
2026-09-24 21:43:15,581 simple_logger.py log_once [line:28] INFO val_loss                      3.0787
2026-09-24 21:43:15,581 simple_logger.py log_once [line:28] INFO mean_val_loss                 3.0830
2026-09-24 21:43:15,581 simple_logger.py log_once [line:28] INFO std_val_loss                  1.3889
2026-09-24 21:43:15,581 fedbase.py run [line:316] INFO Eval Time Cost:               1.4821s
2026-09-24 21:43:15,590 asyncbase.py iterate [line:68] INFO Select clients [np.int64(10), np.int64(18), np.int64(16)] at time 71.
2026-09-24 21:43:16,554 asyncbase.py iterate [line:73] INFO Receive new models from clients [6, 4] at time 71
2026-09-24 21:43:16,588 fedbase.py run [line:311] INFO --------------Round 67--------------
2026-09-24 21:43:16,588 simple_logger.py log_once [line:14] INFO Current_time:71
2026-09-24 21:43:18,070 simple_logger.py log_once [line:28] INFO test_accuracy                 0.1015
2026-09-24 21:43:18,070 simple_logger.py log_once [line:28] INFO test_loss                     3.8461
2026-09-24 21:43:18,070 simple_logger.py log_once [line:28] INFO val_accuracy                  0.1039
2026-09-24 21:43:18,070 simple_logger.py log_once [line:28] INFO mean_val_accuracy             0.1040
2026-09-24 21:43:18,070 simple_logger.py log_once [line:28] INFO std_val_accuracy              0.2838
2026-09-24 21:43:18,070 simple_logger.py log_once [line:28] INFO val_loss                      3.8254
2026-09-24 21:43:18,070 simple_logger.py log_once [line:28] INFO mean_val_loss                 3.8236
2026-09-24 21:43:18,070 simple_logger.py log_once [line:28] INFO std_val_loss                  1.5750
2026-09-24 21:43:18,071 fedbase.py run [line:316] INFO Eval Time Cost:               1.4827s
2026-09-24 21:43:18,080 asyncbase.py iterate [line:68] INFO Select clients [np.int64(8)] at time 72.
2026-09-24 21:43:18,396 asyncbase.py iterate [line:73] INFO Receive new models from clients [16, 10] at time 72
2026-09-24 21:43:18,450 fedbase.py run [line:311] INFO --------------Round 68--------------
2026-09-24 21:43:18,450 simple_logger.py log_once [line:14] INFO Current_time:72
2026-09-24 21:43:19,985 simple_logger.py log_once [line:28] INFO test_accuracy                 0.0980
2026-09-24 21:43:19,985 simple_logger.py log_once [line:28] INFO test_loss                     15.6899
2026-09-24 21:43:19,985 simple_logger.py log_once [line:28] INFO val_accuracy                  0.0990
2026-09-24 21:43:19,985 simple_logger.py log_once [line:28] INFO mean_val_accuracy             0.1000
2026-09-24 21:43:19,985 simple_logger.py log_once [line:28] INFO std_val_accuracy              0.2627
2026-09-24 21:43:19,985 simple_logger.py log_once [line:28] INFO val_loss                      15.3984
2026-09-24 21:43:19,985 simple_logger.py log_once [line:28] INFO mean_val_loss                 15.3598
2026-09-24 21:43:19,985 simple_logger.py log_once [line:28] INFO std_val_loss                  7.5047
2026-09-24 21:43:19,985 fedbase.py run [line:316] INFO Eval Time Cost:               1.5354s
2026-09-24 21:43:19,995 asyncbase.py iterate [line:68] INFO Select clients [np.int64(0), np.int64(16)] at time 73.
2026-09-24 21:43:20,616 asyncbase.py iterate [line:68] INFO Select clients [np.int64(1)] at time 74.
2026-09-24 21:43:20,927 asyncbase.py iterate [line:73] INFO Receive new models from clients [18, 1] at time 74
2026-09-24 21:43:20,979 fedbase.py run [line:311] INFO --------------Round 69--------------
2026-09-24 21:43:20,979 simple_logger.py log_once [line:14] INFO Current_time:74
2026-09-24 21:43:22,469 simple_logger.py log_once [line:28] INFO test_accuracy                 0.1028
2026-09-24 21:43:22,469 simple_logger.py log_once [line:28] INFO test_loss                     3.7233
2026-09-24 21:43:22,469 simple_logger.py log_once [line:28] INFO val_accuracy                  0.1043
2026-09-24 21:43:22,469 simple_logger.py log_once [line:28] INFO mean_val_accuracy             0.1043
2026-09-24 21:43:22,469 simple_logger.py log_once [line:28] INFO std_val_accuracy              0.2848
2026-09-24 21:43:22,469 simple_logger.py log_once [line:28] INFO val_loss                      3.7153
2026-09-24 21:43:22,469 simple_logger.py log_once [line:28] INFO mean_val_loss                 3.7135
2026-09-24 21:43:22,469 simple_logger.py log_once [line:28] INFO std_val_loss                  1.5030
2026-09-24 21:43:22,469 fedbase.py run [line:316] INFO Eval Time Cost:               1.4898s
2026-09-24 21:43:22,478 asyncbase.py iterate [line:68] INFO Select clients [np.int64(7), np.int64(9)] at time 75.
2026-09-24 21:43:23,092 asyncbase.py iterate [line:73] INFO Receive new models from clients [0, 8, 7] at time 75
2026-09-24 21:43:23,150 fedbase.py run [line:311] INFO --------------Round 70--------------
2026-09-24 21:43:23,151 simple_logger.py log_once [line:14] INFO Current_time:75
2026-09-24 21:43:24,626 simple_logger.py log_once [line:28] INFO test_accuracy                 0.0980
2026-09-24 21:43:24,626 simple_logger.py log_once [line:28] INFO test_loss                     84.7527
2026-09-24 21:43:24,626 simple_logger.py log_once [line:28] INFO val_accuracy                  0.0990
2026-09-24 21:43:24,627 simple_logger.py log_once [line:28] INFO mean_val_accuracy             0.1000
2026-09-24 21:43:24,627 simple_logger.py log_once [line:28] INFO std_val_accuracy              0.2627
2026-09-24 21:43:24,627 simple_logger.py log_once [line:28] INFO val_loss                      83.3975
2026-09-24 21:43:24,627 simple_logger.py log_once [line:28] INFO mean_val_loss                 83.2924
2026-09-24 21:43:24,627 simple_logger.py log_once [line:28] INFO std_val_loss                  38.5748
2026-09-24 21:43:24,627 fedbase.py run [line:316] INFO Eval Time Cost:               1.4762s
2026-09-24 21:43:24,635 asyncbase.py iterate [line:68] INFO Select clients [np.int64(8), np.int64(19)] at time 76.
2026-09-24 21:43:25,249 asyncbase.py iterate [line:73] INFO Receive new models from clients [9, 16] at time 76
2026-09-24 21:43:25,297 fedbase.py run [line:311] INFO --------------Round 71--------------
2026-09-24 21:43:25,297 simple_logger.py log_once [line:14] INFO Current_time:76
2026-09-24 21:43:26,768 simple_logger.py log_once [line:28] INFO test_accuracy                 0.0666
2026-09-24 21:43:26,768 simple_logger.py log_once [line:28] INFO test_loss                     18.7825
2026-09-24 21:43:26,768 simple_logger.py log_once [line:28] INFO val_accuracy                  0.0669
2026-09-24 21:43:26,768 simple_logger.py log_once [line:28] INFO mean_val_accuracy             0.0676
2026-09-24 21:43:26,768 simple_logger.py log_once [line:28] INFO std_val_accuracy              0.1964
2026-09-24 21:43:26,768 simple_logger.py log_once [line:28] INFO val_loss                      18.8979
2026-09-24 21:43:26,768 simple_logger.py log_once [line:28] INFO mean_val_loss                 18.8480
2026-09-24 21:43:26,768 simple_logger.py log_once [line:28] INFO std_val_loss                  11.3648
2026-09-24 21:43:26,768 fedbase.py run [line:316] INFO Eval Time Cost:               1.4713s
2026-09-24 21:43:26,778 asyncbase.py iterate [line:68] INFO Select clients [np.int64(14), np.int64(16), np.int64(13), np.int64(7)] at time 77.
2026-09-24 21:43:28,033 asyncbase.py iterate [line:73] INFO Receive new models from clients [8, 13] at time 77
2026-09-24 21:43:28,084 fedbase.py run [line:311] INFO --------------Round 72--------------
2026-09-24 21:43:28,085 simple_logger.py log_once [line:14] INFO Current_time:77
2026-09-24 21:43:29,667 simple_logger.py log_once [line:28] INFO test_accuracy                 0.1028
2026-09-24 21:43:29,667 simple_logger.py log_once [line:28] INFO test_loss                     12.4075
2026-09-24 21:43:29,667 simple_logger.py log_once [line:28] INFO val_accuracy                  0.1043
2026-09-24 21:43:29,667 simple_logger.py log_once [line:28] INFO mean_val_accuracy             0.1043
2026-09-24 21:43:29,667 simple_logger.py log_once [line:28] INFO std_val_accuracy              0.2848
2026-09-24 21:43:29,667 simple_logger.py log_once [line:28] INFO val_loss                      12.2709
2026-09-24 21:43:29,667 simple_logger.py log_once [line:28] INFO mean_val_loss                 12.2567
2026-09-24 21:43:29,667 simple_logger.py log_once [line:28] INFO std_val_loss                  5.4598
2026-09-24 21:43:29,668 fedbase.py run [line:316] INFO Eval Time Cost:               1.5830s
2026-09-24 21:43:29,677 asyncbase.py iterate [line:68] INFO Select clients [np.int64(9), np.int64(12)] at time 78.
2026-09-24 21:43:30,299 asyncbase.py iterate [line:73] INFO Receive new models from clients [19, 7] at time 78
2026-09-24 21:43:30,348 fedbase.py run [line:311] INFO --------------Round 73--------------
2026-09-24 21:43:30,348 simple_logger.py log_once [line:14] INFO Current_time:78
2026-09-24 21:43:31,837 simple_logger.py log_once [line:28] INFO test_accuracy                 0.0936
2026-09-24 21:43:31,837 simple_logger.py log_once [line:28] INFO test_loss                     3.0210
2026-09-24 21:43:31,837 simple_logger.py log_once [line:28] INFO val_accuracy                  0.0945
2026-09-24 21:43:31,837 simple_logger.py log_once [line:28] INFO mean_val_accuracy             0.0955
2026-09-24 21:43:31,837 simple_logger.py log_once [line:28] INFO std_val_accuracy              0.2456
2026-09-24 21:43:31,837 simple_logger.py log_once [line:28] INFO val_loss                      2.9743
2026-09-24 21:43:31,837 simple_logger.py log_once [line:28] INFO mean_val_loss                 2.9733
2026-09-24 21:43:31,837 simple_logger.py log_once [line:28] INFO std_val_loss                  1.0728
2026-09-24 21:43:31,837 fedbase.py run [line:316] INFO Eval Time Cost:               1.4892s
2026-09-24 21:43:31,847 asyncbase.py iterate [line:68] INFO Select clients [np.int64(0)] at time 79.
2026-09-24 21:43:32,161 asyncbase.py iterate [line:73] INFO Receive new models from clients [16, 0, 12, 9, 14] at time 80
2026-09-24 21:43:32,236 fedbase.py run [line:311] INFO --------------Round 74--------------
2026-09-24 21:43:32,236 simple_logger.py log_once [line:14] INFO Current_time:80
2026-09-24 21:43:33,715 simple_logger.py log_once [line:28] INFO test_accuracy                 0.1028
2026-09-24 21:43:33,715 simple_logger.py log_once [line:28] INFO test_loss                     7563.9492
2026-09-24 21:43:33,715 simple_logger.py log_once [line:28] INFO val_accuracy                  0.1043
2026-09-24 21:43:33,715 simple_logger.py log_once [line:28] INFO mean_val_accuracy             0.1043
2026-09-24 21:43:33,715 simple_logger.py log_once [line:28] INFO std_val_accuracy              0.2848
2026-09-24 21:43:33,715 simple_logger.py log_once [line:28] INFO val_loss                      7441.1089
2026-09-24 21:43:33,715 simple_logger.py log_once [line:28] INFO mean_val_loss                 7429.7135
2026-09-24 21:43:33,715 simple_logger.py log_once [line:28] INFO std_val_loss                  2957.0878
2026-09-24 21:43:33,715 fedbase.py run [line:316] INFO Eval Time Cost:               1.4789s
2026-09-24 21:43:33,723 asyncbase.py iterate [line:68] INFO Select clients [np.int64(4), np.int64(1), np.int64(14), np.int64(19), np.int64(13), np.int64(3)] at time 81.
2026-09-24 21:43:35,574 asyncbase.py iterate [line:73] INFO Receive new models from clients [13] at time 81
2026-09-24 21:43:35,603 fedbase.py run [line:311] INFO --------------Round 75--------------
2026-09-24 21:43:35,603 simple_logger.py log_once [line:14] INFO Current_time:81
2026-09-24 21:43:37,070 simple_logger.py log_once [line:28] INFO test_accuracy                 0.1010
2026-09-24 21:43:37,070 simple_logger.py log_once [line:28] INFO test_loss                     7380.2618
2026-09-24 21:43:37,071 simple_logger.py log_once [line:28] INFO val_accuracy                  0.1020
2026-09-24 21:43:37,071 simple_logger.py log_once [line:28] INFO mean_val_accuracy             0.1016
2026-09-24 21:43:37,071 simple_logger.py log_once [line:28] INFO std_val_accuracy              0.2730
2026-09-24 21:43:37,071 simple_logger.py log_once [line:28] INFO val_loss                      7401.2360
2026-09-24 21:43:37,071 simple_logger.py log_once [line:28] INFO mean_val_loss                 7400.4729
2026-09-24 21:43:37,071 simple_logger.py log_once [line:28] INFO std_val_loss                  3284.4447
2026-09-24 21:43:37,071 fedbase.py run [line:316] INFO Eval Time Cost:               1.4680s
2026-09-24 21:43:37,079 asyncbase.py iterate [line:68] INFO Select clients [np.int64(0)] at time 82.
2026-09-24 21:43:37,389 asyncbase.py iterate [line:73] INFO Receive new models from clients [3] at time 82
2026-09-24 21:43:37,405 asyncbase.py iterate [line:68] INFO Select clients [np.int64(5)] at time 83.
2026-09-24 21:43:37,716 asyncbase.py iterate [line:73] INFO Receive new models from clients [1, 4] at time 83
2026-09-24 21:43:37,740 asyncbase.py iterate [line:68] INFO Select clients [np.int64(15), np.int64(9)] at time 84.
2026-09-24 21:43:38,360 asyncbase.py iterate [line:73] INFO Receive new models from clients [5, 0, 19, 14] at time 84
Traceback (most recent call last):
  File "E:\Federated Machine Learning\FL-Byzantine-Library\run_research.py", line 161, in <module>
    main()
    ~~~~^^
  File "E:\Federated Machine Learning\FL-Byzantine-Library\run_research.py", line 157, in main
    runner.run()
    ~~~~~~~~~~^^
  File "E:\Federated Machine Learning\FL-Byzantine-Library\easyFL\flgo\algorithm\fedbase.py", line 308, in run
    updated = self.iterate()
  File "E:\Federated Machine Learning\FL-Byzantine-Library\flgo_byzantine\research_algorithm.py", line 272, in iterate
    return super().iterate()
           ~~~~~~~~~~~~~~~^^
  File "E:\Federated Machine Learning\FL-Byzantine-Library\easyFL\flgo\algorithm\asyncbase.py", line 74, in iterate
    is_model_updated = self.package_handler(received_packages)
  File "E:\Federated Machine Learning\FL-Byzantine-Library\flgo_byzantine\research_algorithm.py", line 335, in package_handler
    raise RuntimeError("aggregate would diverge: non-finite or weight magnitude exceeds 1000")
RuntimeError: aggregate would diverge: non-finite or weight magnitude exceeds 1000
