E:\fl-experiment\.venv\Lib\site-packages\torch\cuda\__init__.py:61: FutureWarning: The pynvml package is deprecated. Please install nvidia-ml-py instead. If you did not install pynvml directly, please report this to the maintainers of the package that installed pynvml for you.
  import pynvml  # type: ignore[import]
2026-09-24 21:53:19,120 fflow.py init [line:848] INFO PROCESS ID:	42116
2026-09-24 21:53:19,120 fflow.py init [line:849] INFO Initializing devices: cuda:0 will be used for this running.
2026-09-24 21:53:19,120 fflow.py init [line:852] INFO BENCHMARK:	flgo.benchmark.mnist_classification
2026-09-24 21:53:19,120 fflow.py init [line:853] INFO TASK:			E:\Federated Machine Learning\FL-Byzantine-Library\mnist_dir20
2026-09-24 21:53:19,129 fflow.py init [line:854] INFO MODEL:		flgo.benchmark.mnist_classification.model.cnn
2026-09-24 21:53:19,129 fflow.py init [line:855] INFO ALGORITHM:	research_algorithm
2026-09-24 21:53:20,194 fflow.py init [line:901] INFO SCENE:		horizontal FL with 1 <class 'flgo_byzantine.research_algorithm.Server'>, 20 <class 'flgo_byzantine.research_algorithm.Client'>
2026-09-24 21:53:20,286 fflow.py init [line:918] INFO SIMULATOR:	<class 'flgo.simulator.default_simulator.Simulator'>
2026-09-24 21:53:24,765 fflow.py init [line:931] INFO Ready to start.
2026-09-24 21:53:24,765 fedbase.py run [line:300] INFO --------------Initial Evaluation--------------
2026-09-24 21:53:24,765 simple_logger.py log_once [line:14] INFO Current_time:0
2026-09-24 21:53:26,390 simple_logger.py log_once [line:28] INFO test_accuracy                 0.0875
2026-09-24 21:53:26,390 simple_logger.py log_once [line:28] INFO test_loss                     2.3101
2026-09-24 21:53:26,390 simple_logger.py log_once [line:28] INFO val_accuracy                  0.0866
2026-09-24 21:53:26,390 simple_logger.py log_once [line:28] INFO mean_val_accuracy             0.0874
2026-09-24 21:53:26,390 simple_logger.py log_once [line:28] INFO std_val_accuracy              0.2312
2026-09-24 21:53:26,390 simple_logger.py log_once [line:28] INFO val_loss                      2.3109
2026-09-24 21:53:26,390 simple_logger.py log_once [line:28] INFO mean_val_loss                 2.3111
2026-09-24 21:53:26,390 simple_logger.py log_once [line:28] INFO std_val_loss                  0.0785
2026-09-24 21:53:26,390 fedbase.py run [line:303] INFO Eval Time Cost:               1.6256s
2026-09-24 21:53:26,401 asyncbase.py iterate [line:68] INFO Select clients [np.int64(3), np.int64(19), np.int64(4), np.int64(10), np.int64(9)] at time 1.
2026-09-24 21:53:28,024 asyncbase.py iterate [line:73] INFO Receive new models from clients [19] at time 1
2026-09-24 21:53:28,078 fedbase.py run [line:311] INFO --------------Round 1--------------
2026-09-24 21:53:28,079 simple_logger.py log_once [line:14] INFO Current_time:1
2026-09-24 21:53:29,572 simple_logger.py log_once [line:28] INFO test_accuracy                 0.1028
2026-09-24 21:53:29,572 simple_logger.py log_once [line:28] INFO test_loss                     6.1283
2026-09-24 21:53:29,572 simple_logger.py log_once [line:28] INFO val_accuracy                  0.1043
2026-09-24 21:53:29,572 simple_logger.py log_once [line:28] INFO mean_val_accuracy             0.1043
2026-09-24 21:53:29,572 simple_logger.py log_once [line:28] INFO std_val_accuracy              0.2848
2026-09-24 21:53:29,572 simple_logger.py log_once [line:28] INFO val_loss                      6.0771
2026-09-24 21:53:29,572 simple_logger.py log_once [line:28] INFO mean_val_loss                 6.0766
2026-09-24 21:53:29,572 simple_logger.py log_once [line:28] INFO std_val_loss                  2.0819
2026-09-24 21:53:29,572 fedbase.py run [line:316] INFO Eval Time Cost:               1.4934s
2026-09-24 21:53:29,581 asyncbase.py iterate [line:68] INFO Select clients [np.int64(0)] at time 2.
2026-09-24 21:53:29,898 asyncbase.py iterate [line:73] INFO Receive new models from clients [4, 0] at time 2
2026-09-24 21:53:29,943 fedbase.py run [line:311] INFO --------------Round 2--------------
2026-09-24 21:53:29,943 simple_logger.py log_once [line:14] INFO Current_time:2
2026-09-24 21:53:31,433 simple_logger.py log_once [line:28] INFO test_accuracy                 0.1032
2026-09-24 21:53:31,433 simple_logger.py log_once [line:28] INFO test_loss                     2.3920
2026-09-24 21:53:31,433 simple_logger.py log_once [line:28] INFO val_accuracy                  0.0983
2026-09-24 21:53:31,433 simple_logger.py log_once [line:28] INFO mean_val_accuracy             0.0993
2026-09-24 21:53:31,433 simple_logger.py log_once [line:28] INFO std_val_accuracy              0.2871
2026-09-24 21:53:31,433 simple_logger.py log_once [line:28] INFO val_loss                      2.3980
2026-09-24 21:53:31,433 simple_logger.py log_once [line:28] INFO mean_val_loss                 2.3968
2026-09-24 21:53:31,433 simple_logger.py log_once [line:28] INFO std_val_loss                  0.4168
2026-09-24 21:53:31,434 fedbase.py run [line:316] INFO Eval Time Cost:               1.4906s
2026-09-24 21:53:31,444 asyncbase.py iterate [line:68] INFO Select clients [np.int64(7), np.int64(13), np.int64(16)] at time 3.
2026-09-24 21:53:32,386 asyncbase.py iterate [line:73] INFO Receive new models from clients [3, 10, 16] at time 3
2026-09-24 21:53:32,434 fedbase.py run [line:311] INFO --------------Round 3--------------
2026-09-24 21:53:32,434 simple_logger.py log_once [line:14] INFO Current_time:3
2026-09-24 21:53:33,900 simple_logger.py log_once [line:28] INFO test_accuracy                 0.2536
2026-09-24 21:53:33,900 simple_logger.py log_once [line:28] INFO test_loss                     2.2789
2026-09-24 21:53:33,900 simple_logger.py log_once [line:28] INFO val_accuracy                  0.2543
2026-09-24 21:53:33,900 simple_logger.py log_once [line:28] INFO mean_val_accuracy             0.2555
2026-09-24 21:53:33,900 simple_logger.py log_once [line:28] INFO std_val_accuracy              0.3622
2026-09-24 21:53:33,900 simple_logger.py log_once [line:28] INFO val_loss                      2.2795
2026-09-24 21:53:33,900 simple_logger.py log_once [line:28] INFO mean_val_loss                 2.2791
2026-09-24 21:53:33,900 simple_logger.py log_once [line:28] INFO std_val_loss                  0.0871
2026-09-24 21:53:33,900 fedbase.py run [line:316] INFO Eval Time Cost:               1.4659s
2026-09-24 21:53:33,911 asyncbase.py iterate [line:68] INFO Select clients [np.int64(15), np.int64(1)] at time 4.
2026-09-24 21:53:34,554 asyncbase.py iterate [line:73] INFO Receive new models from clients [7, 9, 15] at time 4
2026-09-24 21:53:34,606 fedbase.py run [line:311] INFO --------------Round 4--------------
2026-09-24 21:53:34,606 simple_logger.py log_once [line:14] INFO Current_time:4
2026-09-24 21:53:36,094 simple_logger.py log_once [line:28] INFO test_accuracy                 0.0980
2026-09-24 21:53:36,094 simple_logger.py log_once [line:28] INFO test_loss                     2.4171
2026-09-24 21:53:36,094 simple_logger.py log_once [line:28] INFO val_accuracy                  0.0990
2026-09-24 21:53:36,094 simple_logger.py log_once [line:28] INFO mean_val_accuracy             0.1000
2026-09-24 21:53:36,094 simple_logger.py log_once [line:28] INFO std_val_accuracy              0.2627
2026-09-24 21:53:36,094 simple_logger.py log_once [line:28] INFO val_loss                      2.4163
2026-09-24 21:53:36,094 simple_logger.py log_once [line:28] INFO mean_val_loss                 2.4134
2026-09-24 21:53:36,095 simple_logger.py log_once [line:28] INFO std_val_loss                  0.5596
2026-09-24 21:53:36,095 fedbase.py run [line:316] INFO Eval Time Cost:               1.4881s
2026-09-24 21:53:36,105 asyncbase.py iterate [line:68] INFO Select clients [np.int64(10), np.int64(4)] at time 5.
2026-09-24 21:53:36,730 asyncbase.py iterate [line:73] INFO Receive new models from clients [13] at time 5
2026-09-24 21:53:36,757 fedbase.py run [line:311] INFO --------------Round 5--------------
2026-09-24 21:53:36,757 simple_logger.py log_once [line:14] INFO Current_time:5
2026-09-24 21:53:38,228 simple_logger.py log_once [line:28] INFO test_accuracy                 0.1010
2026-09-24 21:53:38,229 simple_logger.py log_once [line:28] INFO test_loss                     7.3448
2026-09-24 21:53:38,229 simple_logger.py log_once [line:28] INFO val_accuracy                  0.1020
2026-09-24 21:53:38,229 simple_logger.py log_once [line:28] INFO mean_val_accuracy             0.1016
2026-09-24 21:53:38,229 simple_logger.py log_once [line:28] INFO std_val_accuracy              0.2730
2026-09-24 21:53:38,229 simple_logger.py log_once [line:28] INFO val_loss                      7.2935
2026-09-24 21:53:38,229 simple_logger.py log_once [line:28] INFO mean_val_loss                 7.2838
2026-09-24 21:53:38,229 simple_logger.py log_once [line:28] INFO std_val_loss                  4.0611
2026-09-24 21:53:38,229 fedbase.py run [line:316] INFO Eval Time Cost:               1.4715s
2026-09-24 21:53:38,239 asyncbase.py iterate [line:68] INFO Select clients [np.int64(16), np.int64(7), np.int64(8)] at time 6.
2026-09-24 21:53:39,177 asyncbase.py iterate [line:73] INFO Receive new models from clients [1] at time 6
2026-09-24 21:53:39,205 fedbase.py run [line:311] INFO --------------Round 6--------------
2026-09-24 21:53:39,205 simple_logger.py log_once [line:14] INFO Current_time:6
2026-09-24 21:53:40,662 simple_logger.py log_once [line:28] INFO test_accuracy                 0.1028
2026-09-24 21:53:40,662 simple_logger.py log_once [line:28] INFO test_loss                     14.3186
2026-09-24 21:53:40,662 simple_logger.py log_once [line:28] INFO val_accuracy                  0.1043
2026-09-24 21:53:40,662 simple_logger.py log_once [line:28] INFO mean_val_accuracy             0.1043
2026-09-24 21:53:40,662 simple_logger.py log_once [line:28] INFO std_val_accuracy              0.2848
2026-09-24 21:53:40,662 simple_logger.py log_once [line:28] INFO val_loss                      14.2096
2026-09-24 21:53:40,662 simple_logger.py log_once [line:28] INFO mean_val_loss                 14.1856
2026-09-24 21:53:40,662 simple_logger.py log_once [line:28] INFO std_val_loss                  6.3583
2026-09-24 21:53:40,662 fedbase.py run [line:316] INFO Eval Time Cost:               1.4569s
2026-09-24 21:53:40,672 asyncbase.py iterate [line:68] INFO Select clients [np.int64(3)] at time 7.
2026-09-24 21:53:40,992 asyncbase.py iterate [line:73] INFO Receive new models from clients [8, 3, 4] at time 7
2026-09-24 21:53:41,046 fedbase.py run [line:311] INFO --------------Round 7--------------
2026-09-24 21:53:41,046 simple_logger.py log_once [line:14] INFO Current_time:7
2026-09-24 21:53:42,502 simple_logger.py log_once [line:28] INFO test_accuracy                 0.0980
2026-09-24 21:53:42,502 simple_logger.py log_once [line:28] INFO test_loss                     2.5217
2026-09-24 21:53:42,502 simple_logger.py log_once [line:28] INFO val_accuracy                  0.0990
2026-09-24 21:53:42,502 simple_logger.py log_once [line:28] INFO mean_val_accuracy             0.1000
2026-09-24 21:53:42,502 simple_logger.py log_once [line:28] INFO std_val_accuracy              0.2627
2026-09-24 21:53:42,502 simple_logger.py log_once [line:28] INFO val_loss                      2.5250
2026-09-24 21:53:42,502 simple_logger.py log_once [line:28] INFO mean_val_loss                 2.5233
2026-09-24 21:53:42,502 simple_logger.py log_once [line:28] INFO std_val_loss                  0.6292
2026-09-24 21:53:42,502 fedbase.py run [line:316] INFO Eval Time Cost:               1.4564s
2026-09-24 21:53:42,512 asyncbase.py iterate [line:68] INFO Select clients [np.int64(9)] at time 8.
2026-09-24 21:53:42,818 asyncbase.py iterate [line:73] INFO Receive new models from clients [10, 9] at time 8
2026-09-24 21:53:42,861 fedbase.py run [line:311] INFO --------------Round 8--------------
2026-09-24 21:53:42,861 simple_logger.py log_once [line:14] INFO Current_time:8
2026-09-24 21:53:44,323 simple_logger.py log_once [line:28] INFO test_accuracy                 0.1300
2026-09-24 21:53:44,324 simple_logger.py log_once [line:28] INFO test_loss                     2.2294
2026-09-24 21:53:44,324 simple_logger.py log_once [line:28] INFO val_accuracy                  0.1339
2026-09-24 21:53:44,324 simple_logger.py log_once [line:28] INFO mean_val_accuracy             0.1349
2026-09-24 21:53:44,324 simple_logger.py log_once [line:28] INFO std_val_accuracy              0.2629
2026-09-24 21:53:44,324 simple_logger.py log_once [line:28] INFO val_loss                      2.2282
2026-09-24 21:53:44,324 simple_logger.py log_once [line:28] INFO mean_val_loss                 2.2269
2026-09-24 21:53:44,324 simple_logger.py log_once [line:28] INFO std_val_loss                  0.2739
2026-09-24 21:53:44,324 fedbase.py run [line:316] INFO Eval Time Cost:               1.4633s
2026-09-24 21:53:44,333 asyncbase.py iterate [line:68] INFO Select clients [np.int64(6), np.int64(12), np.int64(15), np.int64(4)] at time 9.
2026-09-24 21:53:45,594 asyncbase.py iterate [line:73] INFO Receive new models from clients [16, 7, 15] at time 9
2026-09-24 21:53:45,649 fedbase.py run [line:311] INFO --------------Round 9--------------
2026-09-24 21:53:45,649 simple_logger.py log_once [line:14] INFO Current_time:9
2026-09-24 21:53:47,114 simple_logger.py log_once [line:28] INFO test_accuracy                 0.0980
2026-09-24 21:53:47,114 simple_logger.py log_once [line:28] INFO test_loss                     30.3627
2026-09-24 21:53:47,114 simple_logger.py log_once [line:28] INFO val_accuracy                  0.0990
2026-09-24 21:53:47,114 simple_logger.py log_once [line:28] INFO mean_val_accuracy             0.1000
2026-09-24 21:53:47,114 simple_logger.py log_once [line:28] INFO std_val_accuracy              0.2627
2026-09-24 21:53:47,114 simple_logger.py log_once [line:28] INFO val_loss                      30.1769
2026-09-24 21:53:47,114 simple_logger.py log_once [line:28] INFO mean_val_loss                 30.1417
2026-09-24 21:53:47,114 simple_logger.py log_once [line:28] INFO std_val_loss                  10.3540
2026-09-24 21:53:47,114 fedbase.py run [line:316] INFO Eval Time Cost:               1.4649s
2026-09-24 21:53:47,122 asyncbase.py iterate [line:68] INFO Select clients [np.int64(3), np.int64(19)] at time 10.
2026-09-24 21:53:47,755 asyncbase.py iterate [line:73] INFO Receive new models from clients [12, 6] at time 10
2026-09-24 21:53:47,795 fedbase.py run [line:311] INFO --------------Round 10--------------
2026-09-24 21:53:47,795 simple_logger.py log_once [line:14] INFO Current_time:10
2026-09-24 21:53:49,265 simple_logger.py log_once [line:28] INFO test_accuracy                 0.1928
2026-09-24 21:53:49,265 simple_logger.py log_once [line:28] INFO test_loss                     4.5904
2026-09-24 21:53:49,265 simple_logger.py log_once [line:28] INFO val_accuracy                  0.1954
2026-09-24 21:53:49,265 simple_logger.py log_once [line:28] INFO mean_val_accuracy             0.1964
2026-09-24 21:53:49,265 simple_logger.py log_once [line:28] INFO std_val_accuracy              0.3465
2026-09-24 21:53:49,265 simple_logger.py log_once [line:28] INFO val_loss                      4.5392
2026-09-24 21:53:49,265 simple_logger.py log_once [line:28] INFO mean_val_loss                 4.5298
2026-09-24 21:53:49,265 simple_logger.py log_once [line:28] INFO std_val_loss                  2.2332
2026-09-24 21:53:49,265 fedbase.py run [line:316] INFO Eval Time Cost:               1.4701s
2026-09-24 21:53:49,275 asyncbase.py iterate [line:68] INFO Select clients [np.int64(7), np.int64(9), np.int64(15)] at time 11.
2026-09-24 21:53:50,207 asyncbase.py iterate [line:73] INFO Receive new models from clients [3, 4] at time 11
2026-09-24 21:53:50,250 fedbase.py run [line:311] INFO --------------Round 11--------------
2026-09-24 21:53:50,250 simple_logger.py log_once [line:14] INFO Current_time:11
2026-09-24 21:53:51,721 simple_logger.py log_once [line:28] INFO test_accuracy                 0.1011
2026-09-24 21:53:51,721 simple_logger.py log_once [line:28] INFO test_loss                     2.9444
2026-09-24 21:53:51,721 simple_logger.py log_once [line:28] INFO val_accuracy                  0.1020
2026-09-24 21:53:51,722 simple_logger.py log_once [line:28] INFO mean_val_accuracy             0.1016
2026-09-24 21:53:51,722 simple_logger.py log_once [line:28] INFO std_val_accuracy              0.2730
2026-09-24 21:53:51,722 simple_logger.py log_once [line:28] INFO val_loss                      2.9439
2026-09-24 21:53:51,722 simple_logger.py log_once [line:28] INFO mean_val_loss                 2.9451
2026-09-24 21:53:51,722 simple_logger.py log_once [line:28] INFO std_val_loss                  1.2915
2026-09-24 21:53:51,722 fedbase.py run [line:316] INFO Eval Time Cost:               1.4717s
2026-09-24 21:53:51,730 asyncbase.py iterate [line:68] INFO Select clients [np.int64(10), np.int64(3)] at time 12.
2026-09-24 21:53:52,356 asyncbase.py iterate [line:73] INFO Receive new models from clients [9, 3] at time 12
2026-09-24 21:53:52,401 fedbase.py run [line:311] INFO --------------Round 12--------------
2026-09-24 21:53:52,402 simple_logger.py log_once [line:14] INFO Current_time:12
2026-09-24 21:53:53,881 simple_logger.py log_once [line:28] INFO test_accuracy                 0.1028
2026-09-24 21:53:53,881 simple_logger.py log_once [line:28] INFO test_loss                     3.8624
2026-09-24 21:53:53,881 simple_logger.py log_once [line:28] INFO val_accuracy                  0.1043
2026-09-24 21:53:53,881 simple_logger.py log_once [line:28] INFO mean_val_accuracy             0.1043
2026-09-24 21:53:53,881 simple_logger.py log_once [line:28] INFO std_val_accuracy              0.2848
2026-09-24 21:53:53,881 simple_logger.py log_once [line:28] INFO val_loss                      3.8376
2026-09-24 21:53:53,881 simple_logger.py log_once [line:28] INFO mean_val_loss                 3.8377
2026-09-24 21:53:53,881 simple_logger.py log_once [line:28] INFO std_val_loss                  1.8499
2026-09-24 21:53:53,881 fedbase.py run [line:316] INFO Eval Time Cost:               1.4797s
2026-09-24 21:53:53,891 asyncbase.py iterate [line:68] INFO Select clients [np.int64(4)] at time 13.
2026-09-24 21:53:54,203 asyncbase.py iterate [line:73] INFO Receive new models from clients [19, 10, 15, 4] at time 13
2026-09-24 21:53:54,269 fedbase.py run [line:311] INFO --------------Round 13--------------
2026-09-24 21:53:54,269 simple_logger.py log_once [line:14] INFO Current_time:13
2026-09-24 21:53:55,745 simple_logger.py log_once [line:28] INFO test_accuracy                 0.0980
2026-09-24 21:53:55,745 simple_logger.py log_once [line:28] INFO test_loss                     2.4224
2026-09-24 21:53:55,745 simple_logger.py log_once [line:28] INFO val_accuracy                  0.0990
2026-09-24 21:53:55,745 simple_logger.py log_once [line:28] INFO mean_val_accuracy             0.1000
2026-09-24 21:53:55,745 simple_logger.py log_once [line:28] INFO std_val_accuracy              0.2627
2026-09-24 21:53:55,745 simple_logger.py log_once [line:28] INFO val_loss                      2.4231
2026-09-24 21:53:55,745 simple_logger.py log_once [line:28] INFO mean_val_loss                 2.4211
2026-09-24 21:53:55,745 simple_logger.py log_once [line:28] INFO std_val_loss                  0.4519
2026-09-24 21:53:55,745 fedbase.py run [line:316] INFO Eval Time Cost:               1.4756s
2026-09-24 21:53:55,753 asyncbase.py iterate [line:68] INFO Select clients [np.int64(16), np.int64(6), np.int64(4), np.int64(14), np.int64(0)] at time 14.
2026-09-24 21:53:57,308 asyncbase.py iterate [line:73] INFO Receive new models from clients [7] at time 14
2026-09-24 21:53:57,343 fedbase.py run [line:311] INFO --------------Round 14--------------
2026-09-24 21:53:57,343 simple_logger.py log_once [line:14] INFO Current_time:14
2026-09-24 21:53:58,836 simple_logger.py log_once [line:28] INFO test_accuracy                 0.1959
2026-09-24 21:53:58,837 simple_logger.py log_once [line:28] INFO test_loss                     2.2653
2026-09-24 21:53:58,837 simple_logger.py log_once [line:28] INFO val_accuracy                  0.1991
2026-09-24 21:53:58,837 simple_logger.py log_once [line:28] INFO mean_val_accuracy             0.2001
2026-09-24 21:53:58,837 simple_logger.py log_once [line:28] INFO std_val_accuracy              0.3518
2026-09-24 21:53:58,837 simple_logger.py log_once [line:28] INFO val_loss                      2.2639
2026-09-24 21:53:58,837 simple_logger.py log_once [line:28] INFO mean_val_loss                 2.2618
2026-09-24 21:53:58,837 simple_logger.py log_once [line:28] INFO std_val_loss                  0.4355
2026-09-24 21:53:58,837 fedbase.py run [line:316] INFO Eval Time Cost:               1.4942s
2026-09-24 21:53:58,845 asyncbase.py iterate [line:73] INFO Receive new models from clients [4] at time 15
2026-09-24 21:53:58,874 fedbase.py run [line:311] INFO --------------Round 15--------------
2026-09-24 21:53:58,874 simple_logger.py log_once [line:14] INFO Current_time:15
2026-09-24 21:54:00,344 simple_logger.py log_once [line:28] INFO test_accuracy                 0.2400
2026-09-24 21:54:00,344 simple_logger.py log_once [line:28] INFO test_loss                     3.6857
2026-09-24 21:54:00,344 simple_logger.py log_once [line:28] INFO val_accuracy                  0.2378
2026-09-24 21:54:00,344 simple_logger.py log_once [line:28] INFO mean_val_accuracy             0.2392
2026-09-24 21:54:00,344 simple_logger.py log_once [line:28] INFO std_val_accuracy              0.3284
2026-09-24 21:54:00,344 simple_logger.py log_once [line:28] INFO val_loss                      3.6615
2026-09-24 21:54:00,344 simple_logger.py log_once [line:28] INFO mean_val_loss                 3.6542
2026-09-24 21:54:00,344 simple_logger.py log_once [line:28] INFO std_val_loss                  1.9386
2026-09-24 21:54:00,344 fedbase.py run [line:316] INFO Eval Time Cost:               1.4700s
2026-09-24 21:54:00,353 asyncbase.py iterate [line:68] INFO Select clients [np.int64(19), np.int64(17)] at time 16.
2026-09-24 21:54:00,985 asyncbase.py iterate [line:73] INFO Receive new models from clients [16, 17, 6] at time 16
2026-09-24 21:54:01,043 fedbase.py run [line:311] INFO --------------Round 16--------------
2026-09-24 21:54:01,043 simple_logger.py log_once [line:14] INFO Current_time:16
2026-09-24 21:54:02,515 simple_logger.py log_once [line:28] INFO test_accuracy                 0.1967
2026-09-24 21:54:02,515 simple_logger.py log_once [line:28] INFO test_loss                     3.1567
2026-09-24 21:54:02,515 simple_logger.py log_once [line:28] INFO val_accuracy                  0.1964
2026-09-24 21:54:02,515 simple_logger.py log_once [line:28] INFO mean_val_accuracy             0.1965
2026-09-24 21:54:02,516 simple_logger.py log_once [line:28] INFO std_val_accuracy              0.3089
2026-09-24 21:54:02,516 simple_logger.py log_once [line:28] INFO val_loss                      3.1374
2026-09-24 21:54:02,516 simple_logger.py log_once [line:28] INFO mean_val_loss                 3.1368
2026-09-24 21:54:02,516 simple_logger.py log_once [line:28] INFO std_val_loss                  1.6028
2026-09-24 21:54:02,516 fedbase.py run [line:316] INFO Eval Time Cost:               1.4727s
2026-09-24 21:54:02,524 asyncbase.py iterate [line:68] INFO Select clients [np.int64(13), np.int64(10), np.int64(1)] at time 17.
2026-09-24 21:54:03,459 asyncbase.py iterate [line:73] INFO Receive new models from clients [0, 14, 13] at time 17
2026-09-24 21:54:03,518 fedbase.py run [line:311] INFO --------------Round 17--------------
2026-09-24 21:54:03,518 simple_logger.py log_once [line:14] INFO Current_time:17
2026-09-24 21:54:04,997 simple_logger.py log_once [line:28] INFO test_accuracy                 0.2906
2026-09-24 21:54:04,997 simple_logger.py log_once [line:28] INFO test_loss                     2.1145
2026-09-24 21:54:04,998 simple_logger.py log_once [line:28] INFO val_accuracy                  0.2927
2026-09-24 21:54:04,998 simple_logger.py log_once [line:28] INFO mean_val_accuracy             0.2933
2026-09-24 21:54:04,998 simple_logger.py log_once [line:28] INFO std_val_accuracy              0.3517
2026-09-24 21:54:04,998 simple_logger.py log_once [line:28] INFO val_loss                      2.1150
2026-09-24 21:54:04,998 simple_logger.py log_once [line:28] INFO mean_val_loss                 2.1122
2026-09-24 21:54:04,998 simple_logger.py log_once [line:28] INFO std_val_loss                  0.6571
2026-09-24 21:54:04,998 fedbase.py run [line:316] INFO Eval Time Cost:               1.4801s
2026-09-24 21:54:05,007 asyncbase.py iterate [line:68] INFO Select clients [np.int64(5), np.int64(6)] at time 18.
2026-09-24 21:54:05,631 asyncbase.py iterate [line:73] INFO Receive new models from clients [19, 1, 6] at time 18
2026-09-24 21:54:05,689 fedbase.py run [line:311] INFO --------------Round 18--------------
2026-09-24 21:54:05,689 simple_logger.py log_once [line:14] INFO Current_time:18
2026-09-24 21:54:07,165 simple_logger.py log_once [line:28] INFO test_accuracy                 0.3027
2026-09-24 21:54:07,165 simple_logger.py log_once [line:28] INFO test_loss                     2.5354
2026-09-24 21:54:07,165 simple_logger.py log_once [line:28] INFO val_accuracy                  0.3083
2026-09-24 21:54:07,165 simple_logger.py log_once [line:28] INFO mean_val_accuracy             0.3094
2026-09-24 21:54:07,165 simple_logger.py log_once [line:28] INFO std_val_accuracy              0.3949
2026-09-24 21:54:07,165 simple_logger.py log_once [line:28] INFO val_loss                      2.5035
2026-09-24 21:54:07,165 simple_logger.py log_once [line:28] INFO mean_val_loss                 2.4974
2026-09-24 21:54:07,165 simple_logger.py log_once [line:28] INFO std_val_loss                  1.5114
2026-09-24 21:54:07,165 fedbase.py run [line:316] INFO Eval Time Cost:               1.4758s
2026-09-24 21:54:07,174 asyncbase.py iterate [line:68] INFO Select clients [np.int64(0), np.int64(3), np.int64(13), np.int64(1)] at time 19.
2026-09-24 21:54:08,414 asyncbase.py iterate [line:73] INFO Receive new models from clients [10, 3] at time 19
2026-09-24 21:54:08,458 fedbase.py run [line:311] INFO --------------Round 19--------------
2026-09-24 21:54:08,458 simple_logger.py log_once [line:14] INFO Current_time:19
2026-09-24 21:54:09,931 simple_logger.py log_once [line:28] INFO test_accuracy                 0.3040
2026-09-24 21:54:09,931 simple_logger.py log_once [line:28] INFO test_loss                     2.5106
2026-09-24 21:54:09,931 simple_logger.py log_once [line:28] INFO val_accuracy                  0.3052
2026-09-24 21:54:09,931 simple_logger.py log_once [line:28] INFO mean_val_accuracy             0.3060
2026-09-24 21:54:09,931 simple_logger.py log_once [line:28] INFO std_val_accuracy              0.3560
2026-09-24 21:54:09,931 simple_logger.py log_once [line:28] INFO val_loss                      2.4901
2026-09-24 21:54:09,931 simple_logger.py log_once [line:28] INFO mean_val_loss                 2.4861
2026-09-24 21:54:09,931 simple_logger.py log_once [line:28] INFO std_val_loss                  1.3549
2026-09-24 21:54:09,931 fedbase.py run [line:316] INFO Eval Time Cost:               1.4736s
2026-09-24 21:54:09,941 asyncbase.py iterate [line:68] INFO Select clients [np.int64(14), np.int64(18)] at time 20.
2026-09-24 21:54:10,566 asyncbase.py iterate [line:73] INFO Receive new models from clients [1, 0] at time 20
2026-09-24 21:54:10,609 fedbase.py run [line:311] INFO --------------Round 20--------------
2026-09-24 21:54:10,609 simple_logger.py log_once [line:14] INFO Current_time:20
2026-09-24 21:54:12,077 simple_logger.py log_once [line:28] INFO test_accuracy                 0.3542
2026-09-24 21:54:12,077 simple_logger.py log_once [line:28] INFO test_loss                     1.8796
2026-09-24 21:54:12,077 simple_logger.py log_once [line:28] INFO val_accuracy                  0.3548
2026-09-24 21:54:12,077 simple_logger.py log_once [line:28] INFO mean_val_accuracy             0.3562
2026-09-24 21:54:12,077 simple_logger.py log_once [line:28] INFO std_val_accuracy              0.3363
2026-09-24 21:54:12,077 simple_logger.py log_once [line:28] INFO val_loss                      1.8859
2026-09-24 21:54:12,077 simple_logger.py log_once [line:28] INFO mean_val_loss                 1.8820
2026-09-24 21:54:12,077 simple_logger.py log_once [line:28] INFO std_val_loss                  0.8185
2026-09-24 21:54:12,077 fedbase.py run [line:316] INFO Eval Time Cost:               1.4681s
2026-09-24 21:54:12,086 asyncbase.py iterate [line:73] INFO Receive new models from clients [5, 14] at time 21
2026-09-24 21:54:12,131 fedbase.py run [line:311] INFO --------------Round 21--------------
2026-09-24 21:54:12,131 simple_logger.py log_once [line:14] INFO Current_time:21
2026-09-24 21:54:13,601 simple_logger.py log_once [line:28] INFO test_accuracy                 0.4520
2026-09-24 21:54:13,601 simple_logger.py log_once [line:28] INFO test_loss                     1.7124
2026-09-24 21:54:13,601 simple_logger.py log_once [line:28] INFO val_accuracy                  0.4546
2026-09-24 21:54:13,601 simple_logger.py log_once [line:28] INFO mean_val_accuracy             0.4547
2026-09-24 21:54:13,601 simple_logger.py log_once [line:28] INFO std_val_accuracy              0.3730
2026-09-24 21:54:13,601 simple_logger.py log_once [line:28] INFO val_loss                      1.7105
2026-09-24 21:54:13,602 simple_logger.py log_once [line:28] INFO mean_val_loss                 1.7102
2026-09-24 21:54:13,602 simple_logger.py log_once [line:28] INFO std_val_loss                  0.6192
2026-09-24 21:54:13,602 fedbase.py run [line:316] INFO Eval Time Cost:               1.4705s
2026-09-24 21:54:13,612 asyncbase.py iterate [line:68] INFO Select clients [np.int64(9), np.int64(14), np.int64(4), np.int64(1)] at time 22.
2026-09-24 21:54:14,863 asyncbase.py iterate [line:73] INFO Receive new models from clients [13, 1, 14] at time 22
2026-09-24 21:54:14,918 fedbase.py run [line:311] INFO --------------Round 22--------------
2026-09-24 21:54:14,918 simple_logger.py log_once [line:14] INFO Current_time:22
2026-09-24 21:54:16,398 simple_logger.py log_once [line:28] INFO test_accuracy                 0.2810
2026-09-24 21:54:16,398 simple_logger.py log_once [line:28] INFO test_loss                     2.2243
2026-09-24 21:54:16,398 simple_logger.py log_once [line:28] INFO val_accuracy                  0.2829
2026-09-24 21:54:16,398 simple_logger.py log_once [line:28] INFO mean_val_accuracy             0.2832
2026-09-24 21:54:16,398 simple_logger.py log_once [line:28] INFO std_val_accuracy              0.3519
2026-09-24 21:54:16,398 simple_logger.py log_once [line:28] INFO val_loss                      2.2166
2026-09-24 21:54:16,398 simple_logger.py log_once [line:28] INFO mean_val_loss                 2.2151
2026-09-24 21:54:16,398 simple_logger.py log_once [line:28] INFO std_val_loss                  1.1408
2026-09-24 21:54:16,398 fedbase.py run [line:316] INFO Eval Time Cost:               1.4806s
2026-09-24 21:54:16,408 asyncbase.py iterate [line:68] INFO Select clients [np.int64(7), np.int64(15)] at time 23.
2026-09-24 21:54:17,025 asyncbase.py iterate [line:73] INFO Receive new models from clients [18, 7] at time 23
2026-09-24 21:54:17,069 fedbase.py run [line:311] INFO --------------Round 23--------------
2026-09-24 21:54:17,069 simple_logger.py log_once [line:14] INFO Current_time:23
2026-09-24 21:54:18,537 simple_logger.py log_once [line:28] INFO test_accuracy                 0.5119
2026-09-24 21:54:18,537 simple_logger.py log_once [line:28] INFO test_loss                     1.7328
2026-09-24 21:54:18,537 simple_logger.py log_once [line:28] INFO val_accuracy                  0.5090
2026-09-24 21:54:18,537 simple_logger.py log_once [line:28] INFO mean_val_accuracy             0.5097
2026-09-24 21:54:18,537 simple_logger.py log_once [line:28] INFO std_val_accuracy              0.3922
2026-09-24 21:54:18,537 simple_logger.py log_once [line:28] INFO val_loss                      1.7315
2026-09-24 21:54:18,537 simple_logger.py log_once [line:28] INFO mean_val_loss                 1.7294
2026-09-24 21:54:18,537 simple_logger.py log_once [line:28] INFO std_val_loss                  1.2470
2026-09-24 21:54:18,537 fedbase.py run [line:316] INFO Eval Time Cost:               1.4679s
2026-09-24 21:54:18,546 asyncbase.py iterate [line:68] INFO Select clients [np.int64(7), np.int64(12)] at time 24.
2026-09-24 21:54:19,159 asyncbase.py iterate [line:73] INFO Receive new models from clients [4, 7] at time 24
2026-09-24 21:54:19,205 fedbase.py run [line:311] INFO --------------Round 24--------------
2026-09-24 21:54:19,205 simple_logger.py log_once [line:14] INFO Current_time:24
2026-09-24 21:54:20,665 simple_logger.py log_once [line:28] INFO test_accuracy                 0.5369
2026-09-24 21:54:20,665 simple_logger.py log_once [line:28] INFO test_loss                     1.6045
2026-09-24 21:54:20,666 simple_logger.py log_once [line:28] INFO val_accuracy                  0.5329
2026-09-24 21:54:20,666 simple_logger.py log_once [line:28] INFO mean_val_accuracy             0.5333
2026-09-24 21:54:20,666 simple_logger.py log_once [line:28] INFO std_val_accuracy              0.3377
2026-09-24 21:54:20,666 simple_logger.py log_once [line:28] INFO val_loss                      1.5938
2026-09-24 21:54:20,666 simple_logger.py log_once [line:28] INFO mean_val_loss                 1.5916
2026-09-24 21:54:20,666 simple_logger.py log_once [line:28] INFO std_val_loss                  1.1875
2026-09-24 21:54:20,666 fedbase.py run [line:316] INFO Eval Time Cost:               1.4610s
2026-09-24 21:54:20,676 asyncbase.py iterate [line:68] INFO Select clients [np.int64(18), np.int64(14), np.int64(17)] at time 25.
2026-09-24 21:54:21,616 asyncbase.py iterate [line:73] INFO Receive new models from clients [15, 9, 12] at time 25
2026-09-24 21:54:21,670 fedbase.py run [line:311] INFO --------------Round 25--------------
2026-09-24 21:54:21,670 simple_logger.py log_once [line:14] INFO Current_time:25
2026-09-24 21:54:23,214 simple_logger.py log_once [line:28] INFO test_accuracy                 0.3395
2026-09-24 21:54:23,214 simple_logger.py log_once [line:28] INFO test_loss                     2.7144
2026-09-24 21:54:23,214 simple_logger.py log_once [line:28] INFO val_accuracy                  0.3352
2026-09-24 21:54:23,214 simple_logger.py log_once [line:28] INFO mean_val_accuracy             0.3362
2026-09-24 21:54:23,214 simple_logger.py log_once [line:28] INFO std_val_accuracy              0.3649
2026-09-24 21:54:23,214 simple_logger.py log_once [line:28] INFO val_loss                      2.6685
2026-09-24 21:54:23,214 simple_logger.py log_once [line:28] INFO mean_val_loss                 2.6649
2026-09-24 21:54:23,214 simple_logger.py log_once [line:28] INFO std_val_loss                  1.9214
2026-09-24 21:54:23,214 fedbase.py run [line:316] INFO Eval Time Cost:               1.5437s
2026-09-24 21:54:23,224 asyncbase.py iterate [line:68] INFO Select clients [np.int64(8), np.int64(9), np.int64(4)] at time 26.
2026-09-24 21:54:24,150 asyncbase.py iterate [line:73] INFO Receive new models from clients [18, 4, 9] at time 26
2026-09-24 21:54:24,201 fedbase.py run [line:311] INFO --------------Round 26--------------
2026-09-24 21:54:24,201 simple_logger.py log_once [line:14] INFO Current_time:26
2026-09-24 21:54:25,676 simple_logger.py log_once [line:28] INFO test_accuracy                 0.3077
2026-09-24 21:54:25,676 simple_logger.py log_once [line:28] INFO test_loss                     3.4534
2026-09-24 21:54:25,676 simple_logger.py log_once [line:28] INFO val_accuracy                  0.3030
2026-09-24 21:54:25,676 simple_logger.py log_once [line:28] INFO mean_val_accuracy             0.3047
2026-09-24 21:54:25,676 simple_logger.py log_once [line:28] INFO std_val_accuracy              0.3453
2026-09-24 21:54:25,676 simple_logger.py log_once [line:28] INFO val_loss                      3.4212
2026-09-24 21:54:25,676 simple_logger.py log_once [line:28] INFO mean_val_loss                 3.4131
2026-09-24 21:54:25,676 simple_logger.py log_once [line:28] INFO std_val_loss                  2.4455
2026-09-24 21:54:25,676 fedbase.py run [line:316] INFO Eval Time Cost:               1.4747s
2026-09-24 21:54:25,686 asyncbase.py iterate [line:68] INFO Select clients [np.int64(0), np.int64(12)] at time 27.
2026-09-24 21:54:26,300 asyncbase.py iterate [line:73] INFO Receive new models from clients [17, 14] at time 27
2026-09-24 21:54:26,343 fedbase.py run [line:311] INFO --------------Round 27--------------
2026-09-24 21:54:26,343 simple_logger.py log_once [line:14] INFO Current_time:27
2026-09-24 21:54:27,838 simple_logger.py log_once [line:28] INFO test_accuracy                 0.4012
2026-09-24 21:54:27,838 simple_logger.py log_once [line:28] INFO test_loss                     1.6793
2026-09-24 21:54:27,838 simple_logger.py log_once [line:28] INFO val_accuracy                  0.3999
2026-09-24 21:54:27,838 simple_logger.py log_once [line:28] INFO mean_val_accuracy             0.4002
2026-09-24 21:54:27,839 simple_logger.py log_once [line:28] INFO std_val_accuracy              0.3351
2026-09-24 21:54:27,839 simple_logger.py log_once [line:28] INFO val_loss                      1.6896
2026-09-24 21:54:27,839 simple_logger.py log_once [line:28] INFO mean_val_loss                 1.6880
2026-09-24 21:54:27,839 simple_logger.py log_once [line:28] INFO std_val_loss                  0.8133
2026-09-24 21:54:27,839 fedbase.py run [line:316] INFO Eval Time Cost:               1.4955s
2026-09-24 21:54:27,847 asyncbase.py iterate [line:68] INFO Select clients [np.int64(7), np.int64(5)] at time 28.
2026-09-24 21:54:28,468 asyncbase.py iterate [line:73] INFO Receive new models from clients [0, 12, 7] at time 28
2026-09-24 21:54:28,522 fedbase.py run [line:311] INFO --------------Round 28--------------
2026-09-24 21:54:28,522 simple_logger.py log_once [line:14] INFO Current_time:28
2026-09-24 21:54:30,004 simple_logger.py log_once [line:28] INFO test_accuracy                 0.6202
2026-09-24 21:54:30,004 simple_logger.py log_once [line:28] INFO test_loss                     1.3763
2026-09-24 21:54:30,004 simple_logger.py log_once [line:28] INFO val_accuracy                  0.6167
2026-09-24 21:54:30,004 simple_logger.py log_once [line:28] INFO mean_val_accuracy             0.6175
2026-09-24 21:54:30,004 simple_logger.py log_once [line:28] INFO std_val_accuracy              0.3048
2026-09-24 21:54:30,004 simple_logger.py log_once [line:28] INFO val_loss                      1.3770
2026-09-24 21:54:30,004 simple_logger.py log_once [line:28] INFO mean_val_loss                 1.3752
2026-09-24 21:54:30,004 simple_logger.py log_once [line:28] INFO std_val_loss                  0.6002
2026-09-24 21:54:30,004 fedbase.py run [line:316] INFO Eval Time Cost:               1.4817s
2026-09-24 21:54:30,013 asyncbase.py iterate [line:68] INFO Select clients [np.int64(10), np.int64(4), np.int64(3)] at time 29.
2026-09-24 21:54:30,955 asyncbase.py iterate [line:73] INFO Receive new models from clients [5, 10, 3, 8] at time 29
2026-09-24 21:54:31,018 fedbase.py run [line:311] INFO --------------Round 29--------------
2026-09-24 21:54:31,018 simple_logger.py log_once [line:14] INFO Current_time:29
2026-09-24 21:54:32,503 simple_logger.py log_once [line:28] INFO test_accuracy                 0.5854
2026-09-24 21:54:32,503 simple_logger.py log_once [line:28] INFO test_loss                     1.3655
2026-09-24 21:54:32,503 simple_logger.py log_once [line:28] INFO val_accuracy                  0.5793
2026-09-24 21:54:32,503 simple_logger.py log_once [line:28] INFO mean_val_accuracy             0.5795
2026-09-24 21:54:32,503 simple_logger.py log_once [line:28] INFO std_val_accuracy              0.3295
2026-09-24 21:54:32,503 simple_logger.py log_once [line:28] INFO val_loss                      1.3624
2026-09-24 21:54:32,503 simple_logger.py log_once [line:28] INFO mean_val_loss                 1.3617
2026-09-24 21:54:32,503 simple_logger.py log_once [line:28] INFO std_val_loss                  1.0249
2026-09-24 21:54:32,503 fedbase.py run [line:316] INFO Eval Time Cost:               1.4857s
2026-09-24 21:54:32,514 asyncbase.py iterate [line:68] INFO Select clients [np.int64(16), np.int64(13), np.int64(6), np.int64(10)] at time 30.
2026-09-24 21:54:33,773 asyncbase.py iterate [line:73] INFO Receive new models from clients [10] at time 30
2026-09-24 21:54:33,798 fedbase.py run [line:311] INFO --------------Round 30--------------
2026-09-24 21:54:33,798 simple_logger.py log_once [line:14] INFO Current_time:30
2026-09-24 21:54:35,274 simple_logger.py log_once [line:28] INFO test_accuracy                 0.5300
2026-09-24 21:54:35,274 simple_logger.py log_once [line:28] INFO test_loss                     1.7732
2026-09-24 21:54:35,274 simple_logger.py log_once [line:28] INFO val_accuracy                  0.5240
2026-09-24 21:54:35,274 simple_logger.py log_once [line:28] INFO mean_val_accuracy             0.5243
2026-09-24 21:54:35,274 simple_logger.py log_once [line:28] INFO std_val_accuracy              0.3442
2026-09-24 21:54:35,274 simple_logger.py log_once [line:28] INFO val_loss                      1.7907
2026-09-24 21:54:35,274 simple_logger.py log_once [line:28] INFO mean_val_loss                 1.7896
2026-09-24 21:54:35,274 simple_logger.py log_once [line:28] INFO std_val_loss                  1.3906
2026-09-24 21:54:35,274 fedbase.py run [line:316] INFO Eval Time Cost:               1.4757s
2026-09-24 21:54:35,284 asyncbase.py iterate [line:68] INFO Select clients [np.int64(19), np.int64(9)] at time 31.
2026-09-24 21:54:35,915 asyncbase.py iterate [line:73] INFO Receive new models from clients [4] at time 31
2026-09-24 21:54:35,943 fedbase.py run [line:311] INFO --------------Round 31--------------
2026-09-24 21:54:35,943 simple_logger.py log_once [line:14] INFO Current_time:31
2026-09-24 21:54:37,419 simple_logger.py log_once [line:28] INFO test_accuracy                 0.6322
2026-09-24 21:54:37,419 simple_logger.py log_once [line:28] INFO test_loss                     1.6653
2026-09-24 21:54:37,419 simple_logger.py log_once [line:28] INFO val_accuracy                  0.6240
2026-09-24 21:54:37,419 simple_logger.py log_once [line:28] INFO mean_val_accuracy             0.6246
2026-09-24 21:54:37,419 simple_logger.py log_once [line:28] INFO std_val_accuracy              0.3172
2026-09-24 21:54:37,419 simple_logger.py log_once [line:28] INFO val_loss                      1.6611
2026-09-24 21:54:37,419 simple_logger.py log_once [line:28] INFO mean_val_loss                 1.6569
2026-09-24 21:54:37,419 simple_logger.py log_once [line:28] INFO std_val_loss                  2.0089
2026-09-24 21:54:37,419 fedbase.py run [line:316] INFO Eval Time Cost:               1.4763s
2026-09-24 21:54:37,429 asyncbase.py iterate [line:68] INFO Select clients [np.int64(8)] at time 32.
2026-09-24 21:54:37,746 asyncbase.py iterate [line:73] INFO Receive new models from clients [9, 19, 13, 6, 16] at time 32
2026-09-24 21:54:37,817 fedbase.py run [line:311] INFO --------------Round 32--------------
2026-09-24 21:54:37,817 simple_logger.py log_once [line:14] INFO Current_time:32
2026-09-24 21:54:39,283 simple_logger.py log_once [line:28] INFO test_accuracy                 0.5114
2026-09-24 21:54:39,284 simple_logger.py log_once [line:28] INFO test_loss                     2.7759
2026-09-24 21:54:39,284 simple_logger.py log_once [line:28] INFO val_accuracy                  0.5024
2026-09-24 21:54:39,284 simple_logger.py log_once [line:28] INFO mean_val_accuracy             0.5029
2026-09-24 21:54:39,284 simple_logger.py log_once [line:28] INFO std_val_accuracy              0.3509
2026-09-24 21:54:39,284 simple_logger.py log_once [line:28] INFO val_loss                      2.8098
2026-09-24 21:54:39,284 simple_logger.py log_once [line:28] INFO mean_val_loss                 2.8053
2026-09-24 21:54:39,284 simple_logger.py log_once [line:28] INFO std_val_loss                  2.4987
2026-09-24 21:54:39,284 fedbase.py run [line:316] INFO Eval Time Cost:               1.4670s
2026-09-24 21:54:39,293 asyncbase.py iterate [line:68] INFO Select clients [np.int64(3), np.int64(10), np.int64(5), np.int64(4), np.int64(6)] at time 33.
2026-09-24 21:54:40,852 asyncbase.py iterate [line:73] INFO Receive new models from clients [10] at time 33
2026-09-24 21:54:40,878 fedbase.py run [line:311] INFO --------------Round 33--------------
2026-09-24 21:54:40,879 simple_logger.py log_once [line:14] INFO Current_time:33
2026-09-24 21:54:42,349 simple_logger.py log_once [line:28] INFO test_accuracy                 0.4273
2026-09-24 21:54:42,349 simple_logger.py log_once [line:28] INFO test_loss                     2.4027
2026-09-24 21:54:42,349 simple_logger.py log_once [line:28] INFO val_accuracy                  0.4224
2026-09-24 21:54:42,349 simple_logger.py log_once [line:28] INFO mean_val_accuracy             0.4222
2026-09-24 21:54:42,349 simple_logger.py log_once [line:28] INFO std_val_accuracy              0.3844
2026-09-24 21:54:42,349 simple_logger.py log_once [line:28] INFO val_loss                      2.3687
2026-09-24 21:54:42,349 simple_logger.py log_once [line:28] INFO mean_val_loss                 2.3651
2026-09-24 21:54:42,349 simple_logger.py log_once [line:28] INFO std_val_loss                  2.0859
2026-09-24 21:54:42,349 fedbase.py run [line:316] INFO Eval Time Cost:               1.4707s
2026-09-24 21:54:42,358 asyncbase.py iterate [line:73] INFO Receive new models from clients [3, 5, 8] at time 34
2026-09-24 21:54:42,411 fedbase.py run [line:311] INFO --------------Round 34--------------
2026-09-24 21:54:42,411 simple_logger.py log_once [line:14] INFO Current_time:34
2026-09-24 21:54:43,885 simple_logger.py log_once [line:28] INFO test_accuracy                 0.4574
2026-09-24 21:54:43,885 simple_logger.py log_once [line:28] INFO test_loss                     1.6348
2026-09-24 21:54:43,886 simple_logger.py log_once [line:28] INFO val_accuracy                  0.4624
2026-09-24 21:54:43,886 simple_logger.py log_once [line:28] INFO mean_val_accuracy             0.4629
2026-09-24 21:54:43,886 simple_logger.py log_once [line:28] INFO std_val_accuracy              0.3999
2026-09-24 21:54:43,886 simple_logger.py log_once [line:28] INFO val_loss                      1.6325
2026-09-24 21:54:43,886 simple_logger.py log_once [line:28] INFO mean_val_loss                 1.6306
2026-09-24 21:54:43,886 simple_logger.py log_once [line:28] INFO std_val_loss                  0.9127
2026-09-24 21:54:43,886 fedbase.py run [line:316] INFO Eval Time Cost:               1.4745s
2026-09-24 21:54:43,895 asyncbase.py iterate [line:68] INFO Select clients [np.int64(10), np.int64(15), np.int64(5)] at time 35.
2026-09-24 21:54:44,839 asyncbase.py iterate [line:73] INFO Receive new models from clients [6, 10] at time 35
2026-09-24 21:54:44,884 fedbase.py run [line:311] INFO --------------Round 35--------------
2026-09-24 21:54:44,885 simple_logger.py log_once [line:14] INFO Current_time:35
2026-09-24 21:54:46,359 simple_logger.py log_once [line:28] INFO test_accuracy                 0.3548
2026-09-24 21:54:46,359 simple_logger.py log_once [line:28] INFO test_loss                     1.9385
2026-09-24 21:54:46,359 simple_logger.py log_once [line:28] INFO val_accuracy                  0.3616
2026-09-24 21:54:46,359 simple_logger.py log_once [line:28] INFO mean_val_accuracy             0.3625
2026-09-24 21:54:46,359 simple_logger.py log_once [line:28] INFO std_val_accuracy              0.4042
2026-09-24 21:54:46,359 simple_logger.py log_once [line:28] INFO val_loss                      1.9122
2026-09-24 21:54:46,359 simple_logger.py log_once [line:28] INFO mean_val_loss                 1.9095
2026-09-24 21:54:46,359 simple_logger.py log_once [line:28] INFO std_val_loss                  1.2491
2026-09-24 21:54:46,360 fedbase.py run [line:316] INFO Eval Time Cost:               1.4751s
2026-09-24 21:54:46,368 asyncbase.py iterate [line:68] INFO Select clients [np.int64(8), np.int64(16), np.int64(7)] at time 36.
2026-09-24 21:54:47,294 asyncbase.py iterate [line:73] INFO Receive new models from clients [4, 16] at time 36
2026-09-24 21:54:47,337 fedbase.py run [line:311] INFO --------------Round 36--------------
2026-09-24 21:54:47,337 simple_logger.py log_once [line:14] INFO Current_time:36
2026-09-24 21:54:48,850 simple_logger.py log_once [line:28] INFO test_accuracy                 0.4412
2026-09-24 21:54:48,850 simple_logger.py log_once [line:28] INFO test_loss                     1.4910
2026-09-24 21:54:48,850 simple_logger.py log_once [line:28] INFO val_accuracy                  0.4474
2026-09-24 21:54:48,850 simple_logger.py log_once [line:28] INFO mean_val_accuracy             0.4486
2026-09-24 21:54:48,850 simple_logger.py log_once [line:28] INFO std_val_accuracy              0.3046
2026-09-24 21:54:48,850 simple_logger.py log_once [line:28] INFO val_loss                      1.4887
2026-09-24 21:54:48,850 simple_logger.py log_once [line:28] INFO mean_val_loss                 1.4859
2026-09-24 21:54:48,850 simple_logger.py log_once [line:28] INFO std_val_loss                  0.6713
2026-09-24 21:54:48,850 fedbase.py run [line:316] INFO Eval Time Cost:               1.5136s
2026-09-24 21:54:48,860 asyncbase.py iterate [line:73] INFO Receive new models from clients [7] at time 37
2026-09-24 21:54:48,885 fedbase.py run [line:311] INFO --------------Round 37--------------
2026-09-24 21:54:48,885 simple_logger.py log_once [line:14] INFO Current_time:37
2026-09-24 21:54:50,368 simple_logger.py log_once [line:28] INFO test_accuracy                 0.4033
2026-09-24 21:54:50,368 simple_logger.py log_once [line:28] INFO test_loss                     1.9149
2026-09-24 21:54:50,368 simple_logger.py log_once [line:28] INFO val_accuracy                  0.4172
2026-09-24 21:54:50,368 simple_logger.py log_once [line:28] INFO mean_val_accuracy             0.4173
2026-09-24 21:54:50,368 simple_logger.py log_once [line:28] INFO std_val_accuracy              0.3115
2026-09-24 21:54:50,368 simple_logger.py log_once [line:28] INFO val_loss                      1.8945
2026-09-24 21:54:50,368 simple_logger.py log_once [line:28] INFO mean_val_loss                 1.8950
2026-09-24 21:54:50,368 simple_logger.py log_once [line:28] INFO std_val_loss                  1.2750
2026-09-24 21:54:50,368 fedbase.py run [line:316] INFO Eval Time Cost:               1.4826s
2026-09-24 21:54:50,378 asyncbase.py iterate [line:68] INFO Select clients [np.int64(7)] at time 38.
2026-09-24 21:54:50,684 asyncbase.py iterate [line:73] INFO Receive new models from clients [5, 15] at time 38
2026-09-24 21:54:50,730 fedbase.py run [line:311] INFO --------------Round 38--------------
2026-09-24 21:54:50,730 simple_logger.py log_once [line:14] INFO Current_time:38
2026-09-24 21:54:52,205 simple_logger.py log_once [line:28] INFO test_accuracy                 0.5501
2026-09-24 21:54:52,205 simple_logger.py log_once [line:28] INFO test_loss                     1.3490
2026-09-24 21:54:52,205 simple_logger.py log_once [line:28] INFO val_accuracy                  0.5581
2026-09-24 21:54:52,205 simple_logger.py log_once [line:28] INFO mean_val_accuracy             0.5587
2026-09-24 21:54:52,205 simple_logger.py log_once [line:28] INFO std_val_accuracy              0.2895
2026-09-24 21:54:52,205 simple_logger.py log_once [line:28] INFO val_loss                      1.3367
2026-09-24 21:54:52,205 simple_logger.py log_once [line:28] INFO mean_val_loss                 1.3346
2026-09-24 21:54:52,205 simple_logger.py log_once [line:28] INFO std_val_loss                  0.9694
2026-09-24 21:54:52,205 fedbase.py run [line:316] INFO Eval Time Cost:               1.4756s
2026-09-24 21:54:52,214 asyncbase.py iterate [line:68] INFO Select clients [np.int64(16), np.int64(0), np.int64(15)] at time 39.
2026-09-24 21:54:53,162 asyncbase.py iterate [line:73] INFO Receive new models from clients [8] at time 39
2026-09-24 21:54:53,191 fedbase.py run [line:311] INFO --------------Round 39--------------
2026-09-24 21:54:53,191 simple_logger.py log_once [line:14] INFO Current_time:39
2026-09-24 21:54:54,662 simple_logger.py log_once [line:28] INFO test_accuracy                 0.3809
2026-09-24 21:54:54,662 simple_logger.py log_once [line:28] INFO test_loss                     3.4742
2026-09-24 21:54:54,662 simple_logger.py log_once [line:28] INFO val_accuracy                  0.3774
2026-09-24 21:54:54,662 simple_logger.py log_once [line:28] INFO mean_val_accuracy             0.3789
2026-09-24 21:54:54,662 simple_logger.py log_once [line:28] INFO std_val_accuracy              0.3187
2026-09-24 21:54:54,662 simple_logger.py log_once [line:28] INFO val_loss                      3.4059
2026-09-24 21:54:54,662 simple_logger.py log_once [line:28] INFO mean_val_loss                 3.3955
2026-09-24 21:54:54,662 simple_logger.py log_once [line:28] INFO std_val_loss                  3.0111
2026-09-24 21:54:54,662 fedbase.py run [line:316] INFO Eval Time Cost:               1.4715s
2026-09-24 21:54:54,671 asyncbase.py iterate [line:68] INFO Select clients [np.int64(1)] at time 40.
2026-09-24 21:54:54,985 asyncbase.py iterate [line:73] INFO Receive new models from clients [1] at time 40
2026-09-24 21:54:55,014 fedbase.py run [line:311] INFO --------------Round 40--------------
2026-09-24 21:54:55,014 simple_logger.py log_once [line:14] INFO Current_time:40
2026-09-24 21:54:56,491 simple_logger.py log_once [line:28] INFO test_accuracy                 0.2611
2026-09-24 21:54:56,491 simple_logger.py log_once [line:28] INFO test_loss                     4.0198
2026-09-24 21:54:56,491 simple_logger.py log_once [line:28] INFO val_accuracy                  0.2714
2026-09-24 21:54:56,491 simple_logger.py log_once [line:28] INFO mean_val_accuracy             0.2718
2026-09-24 21:54:56,491 simple_logger.py log_once [line:28] INFO std_val_accuracy              0.3767
2026-09-24 21:54:56,491 simple_logger.py log_once [line:28] INFO val_loss                      3.9368
2026-09-24 21:54:56,491 simple_logger.py log_once [line:28] INFO mean_val_loss                 3.9374
2026-09-24 21:54:56,491 simple_logger.py log_once [line:28] INFO std_val_loss                  2.5033
2026-09-24 21:54:56,491 fedbase.py run [line:316] INFO Eval Time Cost:               1.4775s
2026-09-24 21:54:56,499 asyncbase.py iterate [line:68] INFO Select clients [np.int64(17)] at time 41.
2026-09-24 21:54:56,805 asyncbase.py iterate [line:73] INFO Receive new models from clients [7] at time 41
2026-09-24 21:54:56,833 fedbase.py run [line:311] INFO --------------Round 41--------------
2026-09-24 21:54:56,833 simple_logger.py log_once [line:14] INFO Current_time:41
2026-09-24 21:54:58,301 simple_logger.py log_once [line:28] INFO test_accuracy                 0.3774
2026-09-24 21:54:58,301 simple_logger.py log_once [line:28] INFO test_loss                     2.6031
2026-09-24 21:54:58,301 simple_logger.py log_once [line:28] INFO val_accuracy                  0.3786
2026-09-24 21:54:58,301 simple_logger.py log_once [line:28] INFO mean_val_accuracy             0.3794
2026-09-24 21:54:58,301 simple_logger.py log_once [line:28] INFO std_val_accuracy              0.3780
2026-09-24 21:54:58,301 simple_logger.py log_once [line:28] INFO val_loss                      2.5729
2026-09-24 21:54:58,301 simple_logger.py log_once [line:28] INFO mean_val_loss                 2.5713
2026-09-24 21:54:58,301 simple_logger.py log_once [line:28] INFO std_val_loss                  2.1063
2026-09-24 21:54:58,302 fedbase.py run [line:316] INFO Eval Time Cost:               1.4687s
2026-09-24 21:54:58,310 asyncbase.py iterate [line:68] INFO Select clients [np.int64(5), np.int64(1)] at time 42.
2026-09-24 21:54:58,928 asyncbase.py iterate [line:73] INFO Receive new models from clients [15, 0, 16] at time 42
2026-09-24 21:54:58,979 fedbase.py run [line:311] INFO --------------Round 42--------------
2026-09-24 21:54:58,979 simple_logger.py log_once [line:14] INFO Current_time:42
2026-09-24 21:55:00,513 simple_logger.py log_once [line:28] INFO test_accuracy                 0.3831
2026-09-24 21:55:00,513 simple_logger.py log_once [line:28] INFO test_loss                     2.0993
2026-09-24 21:55:00,513 simple_logger.py log_once [line:28] INFO val_accuracy                  0.3768
2026-09-24 21:55:00,513 simple_logger.py log_once [line:28] INFO mean_val_accuracy             0.3774
2026-09-24 21:55:00,513 simple_logger.py log_once [line:28] INFO std_val_accuracy              0.3188
2026-09-24 21:55:00,513 simple_logger.py log_once [line:28] INFO val_loss                      2.1083
2026-09-24 21:55:00,513 simple_logger.py log_once [line:28] INFO mean_val_loss                 2.1048
2026-09-24 21:55:00,513 simple_logger.py log_once [line:28] INFO std_val_loss                  1.2379
2026-09-24 21:55:00,513 fedbase.py run [line:316] INFO Eval Time Cost:               1.5341s
2026-09-24 21:55:00,522 asyncbase.py iterate [line:68] INFO Select clients [np.int64(6), np.int64(18)] at time 43.
2026-09-24 21:55:01,182 asyncbase.py iterate [line:73] INFO Receive new models from clients [1, 6, 18] at time 43
2026-09-24 21:55:01,235 fedbase.py run [line:311] INFO --------------Round 43--------------
2026-09-24 21:55:01,235 simple_logger.py log_once [line:14] INFO Current_time:43
2026-09-24 21:55:02,835 simple_logger.py log_once [line:28] INFO test_accuracy                 0.5550
2026-09-24 21:55:02,836 simple_logger.py log_once [line:28] INFO test_loss                     1.6452
2026-09-24 21:55:02,836 simple_logger.py log_once [line:28] INFO val_accuracy                  0.5525
2026-09-24 21:55:02,836 simple_logger.py log_once [line:28] INFO mean_val_accuracy             0.5526
2026-09-24 21:55:02,836 simple_logger.py log_once [line:28] INFO std_val_accuracy              0.3432
2026-09-24 21:55:02,836 simple_logger.py log_once [line:28] INFO val_loss                      1.6428
2026-09-24 21:55:02,836 simple_logger.py log_once [line:28] INFO mean_val_loss                 1.6414
2026-09-24 21:55:02,836 simple_logger.py log_once [line:28] INFO std_val_loss                  1.5560
2026-09-24 21:55:02,836 fedbase.py run [line:316] INFO Eval Time Cost:               1.6008s
2026-09-24 21:55:02,844 asyncbase.py iterate [line:68] INFO Select clients [np.int64(3), np.int64(19), np.int64(0)] at time 44.
2026-09-24 21:55:03,770 asyncbase.py iterate [line:73] INFO Receive new models from clients [17, 3] at time 44
2026-09-24 21:55:03,815 fedbase.py run [line:311] INFO --------------Round 44--------------
2026-09-24 21:55:03,816 simple_logger.py log_once [line:14] INFO Current_time:44
2026-09-24 21:55:05,302 simple_logger.py log_once [line:28] INFO test_accuracy                 0.1530
2026-09-24 21:55:05,302 simple_logger.py log_once [line:28] INFO test_loss                     9.6865
2026-09-24 21:55:05,302 simple_logger.py log_once [line:28] INFO val_accuracy                  0.1529
2026-09-24 21:55:05,302 simple_logger.py log_once [line:28] INFO mean_val_accuracy             0.1527
2026-09-24 21:55:05,302 simple_logger.py log_once [line:28] INFO std_val_accuracy              0.2778
2026-09-24 21:55:05,302 simple_logger.py log_once [line:28] INFO val_loss                      9.6521
2026-09-24 21:55:05,302 simple_logger.py log_once [line:28] INFO mean_val_loss                 9.6483
2026-09-24 21:55:05,302 simple_logger.py log_once [line:28] INFO std_val_loss                  5.7308
2026-09-24 21:55:05,302 fedbase.py run [line:316] INFO Eval Time Cost:               1.4865s
2026-09-24 21:55:05,312 asyncbase.py iterate [line:68] INFO Select clients [np.int64(9), np.int64(16)] at time 45.
2026-09-24 21:55:05,933 asyncbase.py iterate [line:73] INFO Receive new models from clients [5] at time 45
2026-09-24 21:55:05,962 fedbase.py run [line:311] INFO --------------Round 45--------------
2026-09-24 21:55:05,962 simple_logger.py log_once [line:14] INFO Current_time:45
2026-09-24 21:55:07,435 simple_logger.py log_once [line:28] INFO test_accuracy                 0.4637
2026-09-24 21:55:07,436 simple_logger.py log_once [line:28] INFO test_loss                     1.7661
2026-09-24 21:55:07,436 simple_logger.py log_once [line:28] INFO val_accuracy                  0.4519
2026-09-24 21:55:07,436 simple_logger.py log_once [line:28] INFO mean_val_accuracy             0.4524
2026-09-24 21:55:07,436 simple_logger.py log_once [line:28] INFO std_val_accuracy              0.3531
2026-09-24 21:55:07,436 simple_logger.py log_once [line:28] INFO val_loss                      1.8049
2026-09-24 21:55:07,436 simple_logger.py log_once [line:28] INFO mean_val_loss                 1.8032
2026-09-24 21:55:07,436 simple_logger.py log_once [line:28] INFO std_val_loss                  1.2489
2026-09-24 21:55:07,436 fedbase.py run [line:316] INFO Eval Time Cost:               1.4739s
2026-09-24 21:55:07,446 asyncbase.py iterate [line:68] INFO Select clients [np.int64(17)] at time 46.
2026-09-24 21:55:07,755 asyncbase.py iterate [line:73] INFO Receive new models from clients [0, 9, 19] at time 46
2026-09-24 21:55:07,809 fedbase.py run [line:311] INFO --------------Round 46--------------
2026-09-24 21:55:07,809 simple_logger.py log_once [line:14] INFO Current_time:46
2026-09-24 21:55:09,281 simple_logger.py log_once [line:28] INFO test_accuracy                 0.4813
2026-09-24 21:55:09,281 simple_logger.py log_once [line:28] INFO test_loss                     1.7761
2026-09-24 21:55:09,281 simple_logger.py log_once [line:28] INFO val_accuracy                  0.4741
2026-09-24 21:55:09,282 simple_logger.py log_once [line:28] INFO mean_val_accuracy             0.4751
2026-09-24 21:55:09,282 simple_logger.py log_once [line:28] INFO std_val_accuracy              0.3586
2026-09-24 21:55:09,282 simple_logger.py log_once [line:28] INFO val_loss                      1.7870
2026-09-24 21:55:09,282 simple_logger.py log_once [line:28] INFO mean_val_loss                 1.7827
2026-09-24 21:55:09,282 simple_logger.py log_once [line:28] INFO std_val_loss                  1.4113
2026-09-24 21:55:09,282 fedbase.py run [line:316] INFO Eval Time Cost:               1.4729s
2026-09-24 21:55:09,292 asyncbase.py iterate [line:68] INFO Select clients [np.int64(13), np.int64(18), np.int64(12)] at time 47.
2026-09-24 21:55:10,328 asyncbase.py iterate [line:73] INFO Receive new models from clients [17] at time 47
2026-09-24 21:55:10,355 fedbase.py run [line:311] INFO --------------Round 47--------------
2026-09-24 21:55:10,355 simple_logger.py log_once [line:14] INFO Current_time:47
2026-09-24 21:55:11,863 simple_logger.py log_once [line:28] INFO test_accuracy                 0.4028
2026-09-24 21:55:11,863 simple_logger.py log_once [line:28] INFO test_loss                     2.8717
2026-09-24 21:55:11,863 simple_logger.py log_once [line:28] INFO val_accuracy                  0.4032
2026-09-24 21:55:11,863 simple_logger.py log_once [line:28] INFO mean_val_accuracy             0.4035
2026-09-24 21:55:11,863 simple_logger.py log_once [line:28] INFO std_val_accuracy              0.3541
2026-09-24 21:55:11,863 simple_logger.py log_once [line:28] INFO val_loss                      2.8717
2026-09-24 21:55:11,863 simple_logger.py log_once [line:28] INFO mean_val_loss                 2.8654
2026-09-24 21:55:11,863 simple_logger.py log_once [line:28] INFO std_val_loss                  2.4945
2026-09-24 21:55:11,863 fedbase.py run [line:316] INFO Eval Time Cost:               1.5079s
2026-09-24 21:55:11,873 asyncbase.py iterate [line:68] INFO Select clients [np.int64(15)] at time 48.
2026-09-24 21:55:12,182 asyncbase.py iterate [line:73] INFO Receive new models from clients [16] at time 48
2026-09-24 21:55:12,210 fedbase.py run [line:311] INFO --------------Round 48--------------
2026-09-24 21:55:12,210 simple_logger.py log_once [line:14] INFO Current_time:48
2026-09-24 21:55:13,686 simple_logger.py log_once [line:28] INFO test_accuracy                 0.4542
2026-09-24 21:55:13,687 simple_logger.py log_once [line:28] INFO test_loss                     1.4844
2026-09-24 21:55:13,687 simple_logger.py log_once [line:28] INFO val_accuracy                  0.4497
2026-09-24 21:55:13,687 simple_logger.py log_once [line:28] INFO mean_val_accuracy             0.4505
2026-09-24 21:55:13,687 simple_logger.py log_once [line:28] INFO std_val_accuracy              0.3312
2026-09-24 21:55:13,687 simple_logger.py log_once [line:28] INFO val_loss                      1.5115
2026-09-24 21:55:13,687 simple_logger.py log_once [line:28] INFO mean_val_loss                 1.5095
2026-09-24 21:55:13,687 simple_logger.py log_once [line:28] INFO std_val_loss                  0.8801
2026-09-24 21:55:13,687 fedbase.py run [line:316] INFO Eval Time Cost:               1.4768s
2026-09-24 21:55:13,697 asyncbase.py iterate [line:68] INFO Select clients [np.int64(9), np.int64(14)] at time 49.
2026-09-24 21:55:14,312 asyncbase.py iterate [line:73] INFO Receive new models from clients [12, 15, 18] at time 49
2026-09-24 21:55:14,368 fedbase.py run [line:311] INFO --------------Round 49--------------
2026-09-24 21:55:14,368 simple_logger.py log_once [line:14] INFO Current_time:49
2026-09-24 21:55:15,856 simple_logger.py log_once [line:28] INFO test_accuracy                 0.5705
2026-09-24 21:55:15,856 simple_logger.py log_once [line:28] INFO test_loss                     1.2418
2026-09-24 21:55:15,856 simple_logger.py log_once [line:28] INFO val_accuracy                  0.5635
2026-09-24 21:55:15,856 simple_logger.py log_once [line:28] INFO mean_val_accuracy             0.5640
2026-09-24 21:55:15,856 simple_logger.py log_once [line:28] INFO std_val_accuracy              0.2867
2026-09-24 21:55:15,856 simple_logger.py log_once [line:28] INFO val_loss                      1.2644
2026-09-24 21:55:15,856 simple_logger.py log_once [line:28] INFO mean_val_loss                 1.2631
2026-09-24 21:55:15,856 simple_logger.py log_once [line:28] INFO std_val_loss                  0.6308
2026-09-24 21:55:15,856 fedbase.py run [line:316] INFO Eval Time Cost:               1.4886s
2026-09-24 21:55:15,867 asyncbase.py iterate [line:68] INFO Select clients [np.int64(0), np.int64(7), np.int64(12)] at time 50.
2026-09-24 21:55:16,797 asyncbase.py iterate [line:73] INFO Receive new models from clients [13] at time 50
2026-09-24 21:55:16,831 fedbase.py run [line:311] INFO --------------Round 50--------------
2026-09-24 21:55:16,832 simple_logger.py log_once [line:14] INFO Current_time:50
2026-09-24 21:55:18,338 simple_logger.py log_once [line:28] INFO test_accuracy                 0.6184
2026-09-24 21:55:18,339 simple_logger.py log_once [line:28] INFO test_loss                     1.1031
2026-09-24 21:55:18,339 simple_logger.py log_once [line:28] INFO val_accuracy                  0.6065
2026-09-24 21:55:18,339 simple_logger.py log_once [line:28] INFO mean_val_accuracy             0.6069
2026-09-24 21:55:18,339 simple_logger.py log_once [line:28] INFO std_val_accuracy              0.2599
2026-09-24 21:55:18,339 simple_logger.py log_once [line:28] INFO val_loss                      1.1339
2026-09-24 21:55:18,339 simple_logger.py log_once [line:28] INFO mean_val_loss                 1.1329
2026-09-24 21:55:18,339 simple_logger.py log_once [line:28] INFO std_val_loss                  0.5679
2026-09-24 21:55:18,339 fedbase.py run [line:316] INFO Eval Time Cost:               1.5072s
2026-09-24 21:55:18,349 asyncbase.py iterate [line:68] INFO Select clients [np.int64(5)] at time 51.
2026-09-24 21:55:18,664 asyncbase.py iterate [line:73] INFO Receive new models from clients [12, 0, 14] at time 51
2026-09-24 21:55:18,721 fedbase.py run [line:311] INFO --------------Round 51--------------
2026-09-24 21:55:18,721 simple_logger.py log_once [line:14] INFO Current_time:51
2026-09-24 21:55:20,204 simple_logger.py log_once [line:28] INFO test_accuracy                 0.5976
2026-09-24 21:55:20,204 simple_logger.py log_once [line:28] INFO test_loss                     1.1808
2026-09-24 21:55:20,204 simple_logger.py log_once [line:28] INFO val_accuracy                  0.5831
2026-09-24 21:55:20,204 simple_logger.py log_once [line:28] INFO mean_val_accuracy             0.5838
2026-09-24 21:55:20,204 simple_logger.py log_once [line:28] INFO std_val_accuracy              0.3079
2026-09-24 21:55:20,204 simple_logger.py log_once [line:28] INFO val_loss                      1.2357
2026-09-24 21:55:20,204 simple_logger.py log_once [line:28] INFO mean_val_loss                 1.2341
2026-09-24 21:55:20,204 simple_logger.py log_once [line:28] INFO std_val_loss                  0.8610
2026-09-24 21:55:20,204 fedbase.py run [line:316] INFO Eval Time Cost:               1.4832s
2026-09-24 21:55:20,214 asyncbase.py iterate [line:68] INFO Select clients [np.int64(18), np.int64(10)] at time 52.
2026-09-24 21:55:20,831 asyncbase.py iterate [line:73] INFO Receive new models from clients [9, 18] at time 52
2026-09-24 21:55:20,880 fedbase.py run [line:311] INFO --------------Round 52--------------
2026-09-24 21:55:20,880 simple_logger.py log_once [line:14] INFO Current_time:52
2026-09-24 21:55:22,374 simple_logger.py log_once [line:28] INFO test_accuracy                 0.5565
2026-09-24 21:55:22,374 simple_logger.py log_once [line:28] INFO test_loss                     1.5345
2026-09-24 21:55:22,375 simple_logger.py log_once [line:28] INFO val_accuracy                  0.5445
2026-09-24 21:55:22,375 simple_logger.py log_once [line:28] INFO mean_val_accuracy             0.5452
2026-09-24 21:55:22,375 simple_logger.py log_once [line:28] INFO std_val_accuracy              0.3280
2026-09-24 21:55:22,375 simple_logger.py log_once [line:28] INFO val_loss                      1.5993
2026-09-24 21:55:22,375 simple_logger.py log_once [line:28] INFO mean_val_loss                 1.5950
2026-09-24 21:55:22,375 simple_logger.py log_once [line:28] INFO std_val_loss                  1.3780
2026-09-24 21:55:22,375 fedbase.py run [line:316] INFO Eval Time Cost:               1.4944s
2026-09-24 21:55:22,383 asyncbase.py iterate [line:68] INFO Select clients [np.int64(19), np.int64(12)] at time 53.
2026-09-24 21:55:23,007 asyncbase.py iterate [line:73] INFO Receive new models from clients [7, 5, 12, 10] at time 53
2026-09-24 21:55:23,071 fedbase.py run [line:311] INFO --------------Round 53--------------
2026-09-24 21:55:23,071 simple_logger.py log_once [line:14] INFO Current_time:53
2026-09-24 21:55:24,565 simple_logger.py log_once [line:28] INFO test_accuracy                 0.6009
2026-09-24 21:55:24,565 simple_logger.py log_once [line:28] INFO test_loss                     1.8450
2026-09-24 21:55:24,565 simple_logger.py log_once [line:28] INFO val_accuracy                  0.5928
2026-09-24 21:55:24,565 simple_logger.py log_once [line:28] INFO mean_val_accuracy             0.5936
2026-09-24 21:55:24,565 simple_logger.py log_once [line:28] INFO std_val_accuracy              0.3144
2026-09-24 21:55:24,565 simple_logger.py log_once [line:28] INFO val_loss                      1.9140
2026-09-24 21:55:24,565 simple_logger.py log_once [line:28] INFO mean_val_loss                 1.9080
2026-09-24 21:55:24,565 simple_logger.py log_once [line:28] INFO std_val_loss                  1.8630
2026-09-24 21:55:24,566 fedbase.py run [line:316] INFO Eval Time Cost:               1.4941s
2026-09-24 21:55:24,575 asyncbase.py iterate [line:68] INFO Select clients [np.int64(0), np.int64(5), np.int64(13), np.int64(4), np.int64(1)] at time 54.
2026-09-24 21:55:26,131 asyncbase.py iterate [line:73] INFO Receive new models from clients [13, 1] at time 54
2026-09-24 21:55:26,177 fedbase.py run [line:311] INFO --------------Round 54--------------
2026-09-24 21:55:26,177 simple_logger.py log_once [line:14] INFO Current_time:54
2026-09-24 21:55:27,656 simple_logger.py log_once [line:28] INFO test_accuracy                 0.5225
2026-09-24 21:55:27,656 simple_logger.py log_once [line:28] INFO test_loss                     2.4304
2026-09-24 21:55:27,656 simple_logger.py log_once [line:28] INFO val_accuracy                  0.5152
2026-09-24 21:55:27,656 simple_logger.py log_once [line:28] INFO mean_val_accuracy             0.5166
2026-09-24 21:55:27,656 simple_logger.py log_once [line:28] INFO std_val_accuracy              0.2949
2026-09-24 21:55:27,656 simple_logger.py log_once [line:28] INFO val_loss                      2.4651
2026-09-24 21:55:27,656 simple_logger.py log_once [line:28] INFO mean_val_loss                 2.4560
2026-09-24 21:55:27,656 simple_logger.py log_once [line:28] INFO std_val_loss                  1.9052
2026-09-24 21:55:27,656 fedbase.py run [line:316] INFO Eval Time Cost:               1.4791s
2026-09-24 21:55:27,665 asyncbase.py iterate [line:68] INFO Select clients [np.int64(7), np.int64(6)] at time 55.
2026-09-24 21:55:28,286 asyncbase.py iterate [line:73] INFO Receive new models from clients [6] at time 55
2026-09-24 21:55:28,315 fedbase.py run [line:311] INFO --------------Round 55--------------
2026-09-24 21:55:28,315 simple_logger.py log_once [line:14] INFO Current_time:55
2026-09-24 21:55:29,795 simple_logger.py log_once [line:28] INFO test_accuracy                 0.5218
2026-09-24 21:55:29,795 simple_logger.py log_once [line:28] INFO test_loss                     2.1882
2026-09-24 21:55:29,795 simple_logger.py log_once [line:28] INFO val_accuracy                  0.5093
2026-09-24 21:55:29,795 simple_logger.py log_once [line:28] INFO mean_val_accuracy             0.5095
2026-09-24 21:55:29,795 simple_logger.py log_once [line:28] INFO std_val_accuracy              0.3297
2026-09-24 21:55:29,795 simple_logger.py log_once [line:28] INFO val_loss                      2.2605
2026-09-24 21:55:29,795 simple_logger.py log_once [line:28] INFO mean_val_loss                 2.2590
2026-09-24 21:55:29,795 simple_logger.py log_once [line:28] INFO std_val_loss                  1.8548
2026-09-24 21:55:29,795 fedbase.py run [line:316] INFO Eval Time Cost:               1.4801s
2026-09-24 21:55:29,804 asyncbase.py iterate [line:73] INFO Receive new models from clients [19] at time 56
2026-09-24 21:55:29,834 fedbase.py run [line:311] INFO --------------Round 56--------------
2026-09-24 21:55:29,834 simple_logger.py log_once [line:14] INFO Current_time:56
2026-09-24 21:55:31,333 simple_logger.py log_once [line:28] INFO test_accuracy                 0.4801
2026-09-24 21:55:31,333 simple_logger.py log_once [line:28] INFO test_loss                     3.0253
2026-09-24 21:55:31,333 simple_logger.py log_once [line:28] INFO val_accuracy                  0.4782
2026-09-24 21:55:31,333 simple_logger.py log_once [line:28] INFO mean_val_accuracy             0.4789
2026-09-24 21:55:31,333 simple_logger.py log_once [line:28] INFO std_val_accuracy              0.3493
2026-09-24 21:55:31,333 simple_logger.py log_once [line:28] INFO val_loss                      3.0386
2026-09-24 21:55:31,333 simple_logger.py log_once [line:28] INFO mean_val_loss                 3.0337
2026-09-24 21:55:31,333 simple_logger.py log_once [line:28] INFO std_val_loss                  2.7952
2026-09-24 21:55:31,333 fedbase.py run [line:316] INFO Eval Time Cost:               1.4995s
2026-09-24 21:55:31,342 asyncbase.py iterate [line:68] INFO Select clients [np.int64(16), np.int64(18)] at time 57.
2026-09-24 21:55:31,975 asyncbase.py iterate [line:73] INFO Receive new models from clients [0, 5, 4] at time 57
2026-09-24 21:55:32,033 fedbase.py run [line:311] INFO --------------Round 57--------------
2026-09-24 21:55:32,033 simple_logger.py log_once [line:14] INFO Current_time:57
2026-09-24 21:55:33,515 simple_logger.py log_once [line:28] INFO test_accuracy                 0.6567
2026-09-24 21:55:33,515 simple_logger.py log_once [line:28] INFO test_loss                     1.3479
2026-09-24 21:55:33,515 simple_logger.py log_once [line:28] INFO val_accuracy                  0.6488
2026-09-24 21:55:33,515 simple_logger.py log_once [line:28] INFO mean_val_accuracy             0.6499
2026-09-24 21:55:33,515 simple_logger.py log_once [line:28] INFO std_val_accuracy              0.3104
2026-09-24 21:55:33,515 simple_logger.py log_once [line:28] INFO val_loss                      1.3818
2026-09-24 21:55:33,515 simple_logger.py log_once [line:28] INFO mean_val_loss                 1.3774
2026-09-24 21:55:33,515 simple_logger.py log_once [line:28] INFO std_val_loss                  1.2195
2026-09-24 21:55:33,515 fedbase.py run [line:316] INFO Eval Time Cost:               1.4822s
2026-09-24 21:55:33,523 asyncbase.py iterate [line:68] INFO Select clients [np.int64(9), np.int64(10)] at time 58.
2026-09-24 21:55:34,152 asyncbase.py iterate [line:73] INFO Receive new models from clients [7] at time 58
2026-09-24 21:55:34,182 fedbase.py run [line:311] INFO --------------Round 58--------------
2026-09-24 21:55:34,182 simple_logger.py log_once [line:14] INFO Current_time:58
2026-09-24 21:55:35,672 simple_logger.py log_once [line:28] INFO test_accuracy                 0.4930
2026-09-24 21:55:35,672 simple_logger.py log_once [line:28] INFO test_loss                     4.7617
2026-09-24 21:55:35,672 simple_logger.py log_once [line:28] INFO val_accuracy                  0.4906
2026-09-24 21:55:35,672 simple_logger.py log_once [line:28] INFO mean_val_accuracy             0.4908
2026-09-24 21:55:35,672 simple_logger.py log_once [line:28] INFO std_val_accuracy              0.3055
2026-09-24 21:55:35,672 simple_logger.py log_once [line:28] INFO val_loss                      4.8004
2026-09-24 21:55:35,672 simple_logger.py log_once [line:28] INFO mean_val_loss                 4.7925
2026-09-24 21:55:35,672 simple_logger.py log_once [line:28] INFO std_val_loss                  5.4964
2026-09-24 21:55:35,672 fedbase.py run [line:316] INFO Eval Time Cost:               1.4905s
2026-09-24 21:55:35,681 asyncbase.py iterate [line:68] INFO Select clients [np.int64(1), np.int64(19)] at time 59.
2026-09-24 21:55:36,298 asyncbase.py iterate [line:73] INFO Receive new models from clients [9, 18] at time 59
2026-09-24 21:55:36,343 fedbase.py run [line:311] INFO --------------Round 59--------------
2026-09-24 21:55:36,343 simple_logger.py log_once [line:14] INFO Current_time:59
2026-09-24 21:55:37,820 simple_logger.py log_once [line:28] INFO test_accuracy                 0.5744
2026-09-24 21:55:37,820 simple_logger.py log_once [line:28] INFO test_loss                     3.4545
2026-09-24 21:55:37,820 simple_logger.py log_once [line:28] INFO val_accuracy                  0.5631
2026-09-24 21:55:37,820 simple_logger.py log_once [line:28] INFO mean_val_accuracy             0.5636
2026-09-24 21:55:37,820 simple_logger.py log_once [line:28] INFO std_val_accuracy              0.3569
2026-09-24 21:55:37,820 simple_logger.py log_once [line:28] INFO val_loss                      3.4795
2026-09-24 21:55:37,820 simple_logger.py log_once [line:28] INFO mean_val_loss                 3.4722
2026-09-24 21:55:37,820 simple_logger.py log_once [line:28] INFO std_val_loss                  4.0140
2026-09-24 21:55:37,821 fedbase.py run [line:316] INFO Eval Time Cost:               1.4771s
2026-09-24 21:55:37,831 asyncbase.py iterate [line:73] INFO Receive new models from clients [16, 10] at time 60
2026-09-24 21:55:37,875 fedbase.py run [line:311] INFO --------------Round 60--------------
2026-09-24 21:55:37,875 simple_logger.py log_once [line:14] INFO Current_time:60
2026-09-24 21:55:39,360 simple_logger.py log_once [line:28] INFO test_accuracy                 0.6775
2026-09-24 21:55:39,360 simple_logger.py log_once [line:28] INFO test_loss                     1.1664
2026-09-24 21:55:39,360 simple_logger.py log_once [line:28] INFO val_accuracy                  0.6645
2026-09-24 21:55:39,360 simple_logger.py log_once [line:28] INFO mean_val_accuracy             0.6646
2026-09-24 21:55:39,360 simple_logger.py log_once [line:28] INFO std_val_accuracy              0.2194
2026-09-24 21:55:39,360 simple_logger.py log_once [line:28] INFO val_loss                      1.1849
2026-09-24 21:55:39,360 simple_logger.py log_once [line:28] INFO mean_val_loss                 1.1851
2026-09-24 21:55:39,360 simple_logger.py log_once [line:28] INFO std_val_loss                  0.7447
2026-09-24 21:55:39,360 fedbase.py run [line:316] INFO Eval Time Cost:               1.4849s
2026-09-24 21:55:39,369 asyncbase.py iterate [line:68] INFO Select clients [np.int64(7), np.int64(0), np.int64(8), np.int64(3)] at time 61.
2026-09-24 21:55:40,601 asyncbase.py iterate [line:73] INFO Receive new models from clients [8] at time 61
2026-09-24 21:55:40,631 fedbase.py run [line:311] INFO --------------Round 61--------------
2026-09-24 21:55:40,631 simple_logger.py log_once [line:14] INFO Current_time:61
2026-09-24 21:55:42,108 simple_logger.py log_once [line:28] INFO test_accuracy                 0.5922
2026-09-24 21:55:42,108 simple_logger.py log_once [line:28] INFO test_loss                     2.2698
2026-09-24 21:55:42,108 simple_logger.py log_once [line:28] INFO val_accuracy                  0.5793
2026-09-24 21:55:42,108 simple_logger.py log_once [line:28] INFO mean_val_accuracy             0.5796
2026-09-24 21:55:42,108 simple_logger.py log_once [line:28] INFO std_val_accuracy              0.2892
2026-09-24 21:55:42,108 simple_logger.py log_once [line:28] INFO val_loss                      2.2170
2026-09-24 21:55:42,109 simple_logger.py log_once [line:28] INFO mean_val_loss                 2.2153
2026-09-24 21:55:42,109 simple_logger.py log_once [line:28] INFO std_val_loss                  1.8821
2026-09-24 21:55:42,109 fedbase.py run [line:316] INFO Eval Time Cost:               1.4775s
2026-09-24 21:55:42,117 asyncbase.py iterate [line:68] INFO Select clients [np.int64(14)] at time 62.
2026-09-24 21:55:42,444 asyncbase.py iterate [line:73] INFO Receive new models from clients [1, 0, 7, 19] at time 62
2026-09-24 21:55:42,509 fedbase.py run [line:311] INFO --------------Round 62--------------
2026-09-24 21:55:42,509 simple_logger.py log_once [line:14] INFO Current_time:62
2026-09-24 21:55:43,993 simple_logger.py log_once [line:28] INFO test_accuracy                 0.6690
2026-09-24 21:55:43,993 simple_logger.py log_once [line:28] INFO test_loss                     1.3815
2026-09-24 21:55:43,993 simple_logger.py log_once [line:28] INFO val_accuracy                  0.6552
2026-09-24 21:55:43,993 simple_logger.py log_once [line:28] INFO mean_val_accuracy             0.6557
2026-09-24 21:55:43,993 simple_logger.py log_once [line:28] INFO std_val_accuracy              0.2755
2026-09-24 21:55:43,993 simple_logger.py log_once [line:28] INFO val_loss                      1.3673
2026-09-24 21:55:43,993 simple_logger.py log_once [line:28] INFO mean_val_loss                 1.3652
2026-09-24 21:55:43,993 simple_logger.py log_once [line:28] INFO std_val_loss                  1.1476
2026-09-24 21:55:43,993 fedbase.py run [line:316] INFO Eval Time Cost:               1.4836s
2026-09-24 21:55:44,003 asyncbase.py iterate [line:68] INFO Select clients [np.int64(17), np.int64(9), np.int64(8), np.int64(15)] at time 63.
2026-09-24 21:55:45,241 asyncbase.py iterate [line:73] INFO Receive new models from clients [14] at time 63
2026-09-24 21:55:45,269 fedbase.py run [line:311] INFO --------------Round 63--------------
2026-09-24 21:55:45,269 simple_logger.py log_once [line:14] INFO Current_time:63
2026-09-24 21:55:46,749 simple_logger.py log_once [line:28] INFO test_accuracy                 0.1670
2026-09-24 21:55:46,749 simple_logger.py log_once [line:28] INFO test_loss                     39.8474
2026-09-24 21:55:46,749 simple_logger.py log_once [line:28] INFO val_accuracy                  0.1722
2026-09-24 21:55:46,749 simple_logger.py log_once [line:28] INFO mean_val_accuracy             0.1721
2026-09-24 21:55:46,749 simple_logger.py log_once [line:28] INFO std_val_accuracy              0.2836
2026-09-24 21:55:46,749 simple_logger.py log_once [line:28] INFO val_loss                      39.1604
2026-09-24 21:55:46,749 simple_logger.py log_once [line:28] INFO mean_val_loss                 39.1218
2026-09-24 21:55:46,749 simple_logger.py log_once [line:28] INFO std_val_loss                  31.8180
2026-09-24 21:55:46,749 fedbase.py run [line:316] INFO Eval Time Cost:               1.4802s
2026-09-24 21:55:46,759 asyncbase.py iterate [line:68] INFO Select clients [np.int64(1)] at time 64.
2026-09-24 21:55:47,071 asyncbase.py iterate [line:73] INFO Receive new models from clients [15, 1, 3, 17] at time 64
2026-09-24 21:55:47,134 fedbase.py run [line:311] INFO --------------Round 64--------------
2026-09-24 21:55:47,134 simple_logger.py log_once [line:14] INFO Current_time:64
2026-09-24 21:55:48,610 simple_logger.py log_once [line:28] INFO test_accuracy                 0.4263
2026-09-24 21:55:48,610 simple_logger.py log_once [line:28] INFO test_loss                     12.2250
2026-09-24 21:55:48,610 simple_logger.py log_once [line:28] INFO val_accuracy                  0.4255
2026-09-24 21:55:48,610 simple_logger.py log_once [line:28] INFO mean_val_accuracy             0.4252
2026-09-24 21:55:48,610 simple_logger.py log_once [line:28] INFO std_val_accuracy              0.3416
2026-09-24 21:55:48,610 simple_logger.py log_once [line:28] INFO val_loss                      12.2139
2026-09-24 21:55:48,610 simple_logger.py log_once [line:28] INFO mean_val_loss                 12.1984
2026-09-24 21:55:48,610 simple_logger.py log_once [line:28] INFO std_val_loss                  14.5785
2026-09-24 21:55:48,610 fedbase.py run [line:316] INFO Eval Time Cost:               1.4764s
2026-09-24 21:55:48,619 asyncbase.py iterate [line:68] INFO Select clients [np.int64(4), np.int64(14), np.int64(1)] at time 65.
2026-09-24 21:55:49,562 asyncbase.py iterate [line:68] INFO Select clients [np.int64(16)] at time 66.
2026-09-24 21:55:49,882 asyncbase.py iterate [line:73] INFO Receive new models from clients [4, 9, 8, 14] at time 66
2026-09-24 21:55:49,952 fedbase.py run [line:311] INFO --------------Round 65--------------
2026-09-24 21:55:49,953 simple_logger.py log_once [line:14] INFO Current_time:66
2026-09-24 21:55:51,427 simple_logger.py log_once [line:28] INFO test_accuracy                 0.5077
2026-09-24 21:55:51,427 simple_logger.py log_once [line:28] INFO test_loss                     6.0769
2026-09-24 21:55:51,427 simple_logger.py log_once [line:28] INFO val_accuracy                  0.5085
2026-09-24 21:55:51,427 simple_logger.py log_once [line:28] INFO mean_val_accuracy             0.5085
2026-09-24 21:55:51,427 simple_logger.py log_once [line:28] INFO std_val_accuracy              0.3162
2026-09-24 21:55:51,427 simple_logger.py log_once [line:28] INFO val_loss                      6.0275
2026-09-24 21:55:51,427 simple_logger.py log_once [line:28] INFO mean_val_loss                 6.0192
2026-09-24 21:55:51,427 simple_logger.py log_once [line:28] INFO std_val_loss                  7.3135
2026-09-24 21:55:51,428 fedbase.py run [line:316] INFO Eval Time Cost:               1.4750s
2026-09-24 21:55:51,436 asyncbase.py iterate [line:68] INFO Select clients [np.int64(8), np.int64(3), np.int64(12), np.int64(6)] at time 67.
2026-09-24 21:55:52,692 asyncbase.py iterate [line:73] INFO Receive new models from clients [1, 6, 12] at time 67
2026-09-24 21:55:52,750 fedbase.py run [line:311] INFO --------------Round 66--------------
2026-09-24 21:55:52,750 simple_logger.py log_once [line:14] INFO Current_time:67
2026-09-24 21:55:54,234 simple_logger.py log_once [line:28] INFO test_accuracy                 0.3633
2026-09-24 21:55:54,234 simple_logger.py log_once [line:28] INFO test_loss                     11.1069
2026-09-24 21:55:54,234 simple_logger.py log_once [line:28] INFO val_accuracy                  0.3609
2026-09-24 21:55:54,234 simple_logger.py log_once [line:28] INFO mean_val_accuracy             0.3622
2026-09-24 21:55:54,234 simple_logger.py log_once [line:28] INFO std_val_accuracy              0.3733
2026-09-24 21:55:54,234 simple_logger.py log_once [line:28] INFO val_loss                      11.0442
2026-09-24 21:55:54,234 simple_logger.py log_once [line:28] INFO mean_val_loss                 11.0117
2026-09-24 21:55:54,234 simple_logger.py log_once [line:28] INFO std_val_loss                  11.3645
2026-09-24 21:55:54,234 fedbase.py run [line:316] INFO Eval Time Cost:               1.4840s
2026-09-24 21:55:54,243 asyncbase.py iterate [line:68] INFO Select clients [np.int64(12), np.int64(1)] at time 68.
2026-09-24 21:55:54,889 asyncbase.py iterate [line:73] INFO Receive new models from clients [16, 12] at time 68
2026-09-24 21:55:54,932 fedbase.py run [line:311] INFO --------------Round 67--------------
2026-09-24 21:55:54,932 simple_logger.py log_once [line:14] INFO Current_time:68
2026-09-24 21:55:56,411 simple_logger.py log_once [line:28] INFO test_accuracy                 0.4195
2026-09-24 21:55:56,411 simple_logger.py log_once [line:28] INFO test_loss                     1.7840
2026-09-24 21:55:56,411 simple_logger.py log_once [line:28] INFO val_accuracy                  0.4118
2026-09-24 21:55:56,411 simple_logger.py log_once [line:28] INFO mean_val_accuracy             0.4131
2026-09-24 21:55:56,411 simple_logger.py log_once [line:28] INFO std_val_accuracy              0.3010
2026-09-24 21:55:56,411 simple_logger.py log_once [line:28] INFO val_loss                      1.7954
2026-09-24 21:55:56,411 simple_logger.py log_once [line:28] INFO mean_val_loss                 1.7933
2026-09-24 21:55:56,412 simple_logger.py log_once [line:28] INFO std_val_loss                  0.6199
2026-09-24 21:55:56,412 fedbase.py run [line:316] INFO Eval Time Cost:               1.4793s
2026-09-24 21:55:56,421 asyncbase.py iterate [line:68] INFO Select clients [np.int64(14), np.int64(9), np.int64(10)] at time 69.
2026-09-24 21:55:57,355 asyncbase.py iterate [line:73] INFO Receive new models from clients [8, 3, 1] at time 69
2026-09-24 21:55:57,410 fedbase.py run [line:311] INFO --------------Round 68--------------
2026-09-24 21:55:57,410 simple_logger.py log_once [line:14] INFO Current_time:69
2026-09-24 21:55:58,885 simple_logger.py log_once [line:28] INFO test_accuracy                 0.1028
2026-09-24 21:55:58,885 simple_logger.py log_once [line:28] INFO test_loss                     2.4947
2026-09-24 21:55:58,885 simple_logger.py log_once [line:28] INFO val_accuracy                  0.1044
2026-09-24 21:55:58,885 simple_logger.py log_once [line:28] INFO mean_val_accuracy             0.1045
2026-09-24 21:55:58,885 simple_logger.py log_once [line:28] INFO std_val_accuracy              0.2848
2026-09-24 21:55:58,885 simple_logger.py log_once [line:28] INFO val_loss                      2.4875
2026-09-24 21:55:58,885 simple_logger.py log_once [line:28] INFO mean_val_loss                 2.4870
2026-09-24 21:55:58,885 simple_logger.py log_once [line:28] INFO std_val_loss                  0.6532
2026-09-24 21:55:58,886 fedbase.py run [line:316] INFO Eval Time Cost:               1.4755s
2026-09-24 21:55:58,895 asyncbase.py iterate [line:68] INFO Select clients [np.int64(3), np.int64(5), np.int64(17)] at time 70.
2026-09-24 21:55:59,826 asyncbase.py iterate [line:73] INFO Receive new models from clients [14, 10, 17, 5, 3] at time 70
2026-09-24 21:55:59,904 fedbase.py run [line:311] INFO --------------Round 69--------------
2026-09-24 21:55:59,904 simple_logger.py log_once [line:14] INFO Current_time:70
2026-09-24 21:56:01,438 simple_logger.py log_once [line:28] INFO test_accuracy                 0.3240
2026-09-24 21:56:01,439 simple_logger.py log_once [line:28] INFO test_loss                     2.2887
2026-09-24 21:56:01,439 simple_logger.py log_once [line:28] INFO val_accuracy                  0.3223
2026-09-24 21:56:01,439 simple_logger.py log_once [line:28] INFO mean_val_accuracy             0.3225
2026-09-24 21:56:01,439 simple_logger.py log_once [line:28] INFO std_val_accuracy              0.3575
2026-09-24 21:56:01,439 simple_logger.py log_once [line:28] INFO val_loss                      2.2953
2026-09-24 21:56:01,439 simple_logger.py log_once [line:28] INFO mean_val_loss                 2.2940
2026-09-24 21:56:01,439 simple_logger.py log_once [line:28] INFO std_val_loss                  1.2574
2026-09-24 21:56:01,439 fedbase.py run [line:316] INFO Eval Time Cost:               1.5344s
2026-09-24 21:56:01,449 asyncbase.py iterate [line:68] INFO Select clients [np.int64(6), np.int64(1), np.int64(7), np.int64(12), np.int64(14)] at time 71.
2026-09-24 21:56:03,093 asyncbase.py iterate [line:73] INFO Receive new models from clients [9, 1, 14] at time 71
2026-09-24 21:56:03,153 fedbase.py run [line:311] INFO --------------Round 70--------------
2026-09-24 21:56:03,153 simple_logger.py log_once [line:14] INFO Current_time:71
2026-09-24 21:56:04,625 simple_logger.py log_once [line:28] INFO test_accuracy                 0.1444
2026-09-24 21:56:04,625 simple_logger.py log_once [line:28] INFO test_loss                     2.2771
2026-09-24 21:56:04,625 simple_logger.py log_once [line:28] INFO val_accuracy                  0.1511
2026-09-24 21:56:04,625 simple_logger.py log_once [line:28] INFO mean_val_accuracy             0.1513
2026-09-24 21:56:04,625 simple_logger.py log_once [line:28] INFO std_val_accuracy              0.3069
2026-09-24 21:56:04,625 simple_logger.py log_once [line:28] INFO val_loss                      2.2729
2026-09-24 21:56:04,625 simple_logger.py log_once [line:28] INFO mean_val_loss                 2.2717
2026-09-24 21:56:04,625 simple_logger.py log_once [line:28] INFO std_val_loss                  0.7358
2026-09-24 21:56:04,625 fedbase.py run [line:316] INFO Eval Time Cost:               1.4724s
2026-09-24 21:56:04,635 asyncbase.py iterate [line:68] INFO Select clients [np.int64(18), np.int64(10), np.int64(8)] at time 72.
2026-09-24 21:56:05,594 asyncbase.py iterate [line:73] INFO Receive new models from clients [7] at time 72
2026-09-24 21:56:05,623 fedbase.py run [line:311] INFO --------------Round 71--------------
2026-09-24 21:56:05,623 simple_logger.py log_once [line:14] INFO Current_time:72
2026-09-24 21:56:07,100 simple_logger.py log_once [line:28] INFO test_accuracy                 0.1292
2026-09-24 21:56:07,100 simple_logger.py log_once [line:28] INFO test_loss                     10.7063
2026-09-24 21:56:07,100 simple_logger.py log_once [line:28] INFO val_accuracy                  0.1302
2026-09-24 21:56:07,100 simple_logger.py log_once [line:28] INFO mean_val_accuracy             0.1313
2026-09-24 21:56:07,100 simple_logger.py log_once [line:28] INFO std_val_accuracy              0.2647
2026-09-24 21:56:07,100 simple_logger.py log_once [line:28] INFO val_loss                      10.6282
2026-09-24 21:56:07,100 simple_logger.py log_once [line:28] INFO mean_val_loss                 10.6147
2026-09-24 21:56:07,100 simple_logger.py log_once [line:28] INFO std_val_loss                  4.5510
2026-09-24 21:56:07,100 fedbase.py run [line:316] INFO Eval Time Cost:               1.4769s
2026-09-24 21:56:07,111 asyncbase.py iterate [line:68] INFO Select clients [np.int64(7)] at time 73.
2026-09-24 21:56:07,427 asyncbase.py iterate [line:73] INFO Receive new models from clients [12, 6] at time 73
2026-09-24 21:56:07,478 fedbase.py run [line:311] INFO --------------Round 72--------------
2026-09-24 21:56:07,478 simple_logger.py log_once [line:14] INFO Current_time:73
2026-09-24 21:56:08,968 simple_logger.py log_once [line:28] INFO test_accuracy                 0.3281
2026-09-24 21:56:08,968 simple_logger.py log_once [line:28] INFO test_loss                     2.1079
2026-09-24 21:56:08,968 simple_logger.py log_once [line:28] INFO val_accuracy                  0.3335
2026-09-24 21:56:08,968 simple_logger.py log_once [line:28] INFO mean_val_accuracy             0.3348
2026-09-24 21:56:08,968 simple_logger.py log_once [line:28] INFO std_val_accuracy              0.3443
2026-09-24 21:56:08,968 simple_logger.py log_once [line:28] INFO val_loss                      2.1076
2026-09-24 21:56:08,968 simple_logger.py log_once [line:28] INFO mean_val_loss                 2.1034
2026-09-24 21:56:08,968 simple_logger.py log_once [line:28] INFO std_val_loss                  1.2297
2026-09-24 21:56:08,968 fedbase.py run [line:316] INFO Eval Time Cost:               1.4901s
2026-09-24 21:56:08,977 asyncbase.py iterate [line:68] INFO Select clients [np.int64(4)] at time 74.
2026-09-24 21:56:09,299 asyncbase.py iterate [line:68] INFO Select clients [np.int64(6)] at time 75.
2026-09-24 21:56:09,621 asyncbase.py iterate [line:73] INFO Receive new models from clients [10, 6, 18, 8, 7] at time 75
2026-09-24 21:56:09,697 fedbase.py run [line:311] INFO --------------Round 73--------------
2026-09-24 21:56:09,697 simple_logger.py log_once [line:14] INFO Current_time:75
2026-09-24 21:56:11,168 simple_logger.py log_once [line:28] INFO test_accuracy                 0.4566
2026-09-24 21:56:11,168 simple_logger.py log_once [line:28] INFO test_loss                     1.6061
2026-09-24 21:56:11,169 simple_logger.py log_once [line:28] INFO val_accuracy                  0.4537
2026-09-24 21:56:11,169 simple_logger.py log_once [line:28] INFO mean_val_accuracy             0.4551
2026-09-24 21:56:11,169 simple_logger.py log_once [line:28] INFO std_val_accuracy              0.3659
2026-09-24 21:56:11,169 simple_logger.py log_once [line:28] INFO val_loss                      1.5961
2026-09-24 21:56:11,169 simple_logger.py log_once [line:28] INFO mean_val_loss                 1.5931
2026-09-24 21:56:11,169 simple_logger.py log_once [line:28] INFO std_val_loss                  0.9199
2026-09-24 21:56:11,169 fedbase.py run [line:316] INFO Eval Time Cost:               1.4719s
2026-09-24 21:56:11,180 asyncbase.py iterate [line:68] INFO Select clients [np.int64(10), np.int64(15), np.int64(18), np.int64(13)] at time 76.
2026-09-24 21:56:12,442 asyncbase.py iterate [line:73] INFO Receive new models from clients [15, 13] at time 76
2026-09-24 21:56:12,493 fedbase.py run [line:311] INFO --------------Round 74--------------
2026-09-24 21:56:12,493 simple_logger.py log_once [line:14] INFO Current_time:76
2026-09-24 21:56:13,970 simple_logger.py log_once [line:28] INFO test_accuracy                 0.4437
2026-09-24 21:56:13,970 simple_logger.py log_once [line:28] INFO test_loss                     1.8453
2026-09-24 21:56:13,970 simple_logger.py log_once [line:28] INFO val_accuracy                  0.4398
2026-09-24 21:56:13,970 simple_logger.py log_once [line:28] INFO mean_val_accuracy             0.4412
2026-09-24 21:56:13,970 simple_logger.py log_once [line:28] INFO std_val_accuracy              0.3904
2026-09-24 21:56:13,970 simple_logger.py log_once [line:28] INFO val_loss                      1.8341
2026-09-24 21:56:13,970 simple_logger.py log_once [line:28] INFO mean_val_loss                 1.8299
2026-09-24 21:56:13,970 simple_logger.py log_once [line:28] INFO std_val_loss                  1.1649
2026-09-24 21:56:13,971 fedbase.py run [line:316] INFO Eval Time Cost:               1.4772s
2026-09-24 21:56:13,980 asyncbase.py iterate [line:68] INFO Select clients [np.int64(7), np.int64(19), np.int64(17)] at time 77.
2026-09-24 21:56:14,912 asyncbase.py iterate [line:73] INFO Receive new models from clients [4] at time 77
2026-09-24 21:56:14,942 fedbase.py run [line:311] INFO --------------Round 75--------------
2026-09-24 21:56:14,942 simple_logger.py log_once [line:14] INFO Current_time:77
2026-09-24 21:56:16,414 simple_logger.py log_once [line:28] INFO test_accuracy                 0.3472
2026-09-24 21:56:16,414 simple_logger.py log_once [line:28] INFO test_loss                     3.9833
2026-09-24 21:56:16,414 simple_logger.py log_once [line:28] INFO val_accuracy                  0.3486
2026-09-24 21:56:16,414 simple_logger.py log_once [line:28] INFO mean_val_accuracy             0.3506
2026-09-24 21:56:16,414 simple_logger.py log_once [line:28] INFO std_val_accuracy              0.3442
2026-09-24 21:56:16,414 simple_logger.py log_once [line:28] INFO val_loss                      4.0427
2026-09-24 21:56:16,414 simple_logger.py log_once [line:28] INFO mean_val_loss                 4.0298
2026-09-24 21:56:16,414 simple_logger.py log_once [line:28] INFO std_val_loss                  3.2525
2026-09-24 21:56:16,414 fedbase.py run [line:316] INFO Eval Time Cost:               1.4727s
2026-09-24 21:56:16,423 asyncbase.py iterate [line:68] INFO Select clients [np.int64(15)] at time 78.
2026-09-24 21:56:16,732 asyncbase.py iterate [line:73] INFO Receive new models from clients [7] at time 78
2026-09-24 21:56:16,760 fedbase.py run [line:311] INFO --------------Round 76--------------
2026-09-24 21:56:16,760 simple_logger.py log_once [line:14] INFO Current_time:78
2026-09-24 21:56:18,241 simple_logger.py log_once [line:28] INFO test_accuracy                 0.5219
2026-09-24 21:56:18,241 simple_logger.py log_once [line:28] INFO test_loss                     1.8790
2026-09-24 21:56:18,241 simple_logger.py log_once [line:28] INFO val_accuracy                  0.5137
2026-09-24 21:56:18,241 simple_logger.py log_once [line:28] INFO mean_val_accuracy             0.5146
2026-09-24 21:56:18,241 simple_logger.py log_once [line:28] INFO std_val_accuracy              0.3411
2026-09-24 21:56:18,241 simple_logger.py log_once [line:28] INFO val_loss                      1.8843
2026-09-24 21:56:18,241 simple_logger.py log_once [line:28] INFO mean_val_loss                 1.8802
2026-09-24 21:56:18,241 simple_logger.py log_once [line:28] INFO std_val_loss                  1.6685
2026-09-24 21:56:18,241 fedbase.py run [line:316] INFO Eval Time Cost:               1.4810s
2026-09-24 21:56:18,250 asyncbase.py iterate [line:73] INFO Receive new models from clients [18, 17, 10, 15] at time 79
2026-09-24 21:56:18,319 fedbase.py run [line:311] INFO --------------Round 77--------------
2026-09-24 21:56:18,319 simple_logger.py log_once [line:14] INFO Current_time:79
2026-09-24 21:56:19,851 simple_logger.py log_once [line:28] INFO test_accuracy                 0.5416
2026-09-24 21:56:19,851 simple_logger.py log_once [line:28] INFO test_loss                     1.7457
2026-09-24 21:56:19,851 simple_logger.py log_once [line:28] INFO val_accuracy                  0.5425
2026-09-24 21:56:19,851 simple_logger.py log_once [line:28] INFO mean_val_accuracy             0.5439
2026-09-24 21:56:19,851 simple_logger.py log_once [line:28] INFO std_val_accuracy              0.3384
2026-09-24 21:56:19,851 simple_logger.py log_once [line:28] INFO val_loss                      1.7682
2026-09-24 21:56:19,851 simple_logger.py log_once [line:28] INFO mean_val_loss                 1.7636
2026-09-24 21:56:19,851 simple_logger.py log_once [line:28] INFO std_val_loss                  1.6788
2026-09-24 21:56:19,851 fedbase.py run [line:316] INFO Eval Time Cost:               1.5321s
2026-09-24 21:56:19,861 asyncbase.py iterate [line:68] INFO Select clients [np.int64(16), np.int64(0), np.int64(13), np.int64(5)] at time 80.
2026-09-24 21:56:21,240 asyncbase.py iterate [line:73] INFO Receive new models from clients [19] at time 80
2026-09-24 21:56:21,270 fedbase.py run [line:311] INFO --------------Round 78--------------
2026-09-24 21:56:21,270 simple_logger.py log_once [line:14] INFO Current_time:80
2026-09-24 21:56:22,851 simple_logger.py log_once [line:28] INFO test_accuracy                 0.4221
2026-09-24 21:56:22,851 simple_logger.py log_once [line:28] INFO test_loss                     3.9606
2026-09-24 21:56:22,851 simple_logger.py log_once [line:28] INFO val_accuracy                  0.4279
2026-09-24 21:56:22,851 simple_logger.py log_once [line:28] INFO mean_val_accuracy             0.4286
2026-09-24 21:56:22,851 simple_logger.py log_once [line:28] INFO std_val_accuracy              0.3366
2026-09-24 21:56:22,851 simple_logger.py log_once [line:28] INFO val_loss                      3.9367
2026-09-24 21:56:22,851 simple_logger.py log_once [line:28] INFO mean_val_loss                 3.9324
2026-09-24 21:56:22,851 simple_logger.py log_once [line:28] INFO std_val_loss                  3.7810
2026-09-24 21:56:22,851 fedbase.py run [line:316] INFO Eval Time Cost:               1.5806s
2026-09-24 21:56:22,861 asyncbase.py iterate [line:68] INFO Select clients [np.int64(8)] at time 81.
2026-09-24 21:56:23,167 asyncbase.py iterate [line:73] INFO Receive new models from clients [13, 16] at time 81
2026-09-24 21:56:23,217 fedbase.py run [line:311] INFO --------------Round 79--------------
2026-09-24 21:56:23,217 simple_logger.py log_once [line:14] INFO Current_time:81
2026-09-24 21:56:24,694 simple_logger.py log_once [line:28] INFO test_accuracy                 0.5427
2026-09-24 21:56:24,694 simple_logger.py log_once [line:28] INFO test_loss                     1.8156
2026-09-24 21:56:24,694 simple_logger.py log_once [line:28] INFO val_accuracy                  0.5345
2026-09-24 21:56:24,694 simple_logger.py log_once [line:28] INFO mean_val_accuracy             0.5356
2026-09-24 21:56:24,694 simple_logger.py log_once [line:28] INFO std_val_accuracy              0.3543
2026-09-24 21:56:24,694 simple_logger.py log_once [line:28] INFO val_loss                      1.8288
2026-09-24 21:56:24,694 simple_logger.py log_once [line:28] INFO mean_val_loss                 1.8253
2026-09-24 21:56:24,694 simple_logger.py log_once [line:28] INFO std_val_loss                  1.6215
2026-09-24 21:56:24,694 fedbase.py run [line:316] INFO Eval Time Cost:               1.4772s
2026-09-24 21:56:24,702 asyncbase.py iterate [line:68] INFO Select clients [np.int64(12), np.int64(1), np.int64(7)] at time 82.
2026-09-24 21:56:25,672 asyncbase.py iterate [line:73] INFO Receive new models from clients [0, 7, 5, 8, 12] at time 83
2026-09-24 21:56:25,746 fedbase.py run [line:311] INFO --------------Round 80--------------
2026-09-24 21:56:25,746 simple_logger.py log_once [line:14] INFO Current_time:83
2026-09-24 21:56:27,237 simple_logger.py log_once [line:28] INFO test_accuracy                 0.4226
2026-09-24 21:56:27,237 simple_logger.py log_once [line:28] INFO test_loss                     2.8916
2026-09-24 21:56:27,237 simple_logger.py log_once [line:28] INFO val_accuracy                  0.4216
2026-09-24 21:56:27,237 simple_logger.py log_once [line:28] INFO mean_val_accuracy             0.4237
2026-09-24 21:56:27,237 simple_logger.py log_once [line:28] INFO std_val_accuracy              0.3517
2026-09-24 21:56:27,237 simple_logger.py log_once [line:28] INFO val_loss                      2.8786
2026-09-24 21:56:27,237 simple_logger.py log_once [line:28] INFO mean_val_loss                 2.8704
2026-09-24 21:56:27,237 simple_logger.py log_once [line:28] INFO std_val_loss                  2.5623
2026-09-24 21:56:27,237 fedbase.py run [line:316] INFO Eval Time Cost:               1.4909s
2026-09-24 21:56:27,247 asyncbase.py iterate [line:68] INFO Select clients [np.int64(10), np.int64(9), np.int64(7)] at time 84.
2026-09-24 21:56:28,173 asyncbase.py iterate [line:73] INFO Receive new models from clients [1, 9] at time 84
2026-09-24 21:56:28,222 fedbase.py run [line:311] INFO --------------Round 81--------------
2026-09-24 21:56:28,222 simple_logger.py log_once [line:14] INFO Current_time:84
2026-09-24 21:56:29,697 simple_logger.py log_once [line:28] INFO test_accuracy                 0.4936
2026-09-24 21:56:29,697 simple_logger.py log_once [line:28] INFO test_loss                     1.5366
2026-09-24 21:56:29,697 simple_logger.py log_once [line:28] INFO val_accuracy                  0.4867
2026-09-24 21:56:29,697 simple_logger.py log_once [line:28] INFO mean_val_accuracy             0.4887
2026-09-24 21:56:29,697 simple_logger.py log_once [line:28] INFO std_val_accuracy              0.3154
2026-09-24 21:56:29,697 simple_logger.py log_once [line:28] INFO val_loss                      1.5641
2026-09-24 21:56:29,697 simple_logger.py log_once [line:28] INFO mean_val_loss                 1.5589
2026-09-24 21:56:29,697 simple_logger.py log_once [line:28] INFO std_val_loss                  0.9695
2026-09-24 21:56:29,697 fedbase.py run [line:316] INFO Eval Time Cost:               1.4752s
2026-09-24 21:56:29,707 asyncbase.py iterate [line:68] INFO Select clients [np.int64(18), np.int64(19), np.int64(17)] at time 85.
2026-09-24 21:56:30,653 asyncbase.py iterate [line:73] INFO Receive new models from clients [7, 17] at time 85
2026-09-24 21:56:30,704 fedbase.py run [line:311] INFO --------------Round 82--------------
2026-09-24 21:56:30,704 simple_logger.py log_once [line:14] INFO Current_time:85
2026-09-24 21:56:32,205 simple_logger.py log_once [line:28] INFO test_accuracy                 0.6061
2026-09-24 21:56:32,205 simple_logger.py log_once [line:28] INFO test_loss                     1.3035
2026-09-24 21:56:32,205 simple_logger.py log_once [line:28] INFO val_accuracy                  0.6076
2026-09-24 21:56:32,205 simple_logger.py log_once [line:28] INFO mean_val_accuracy             0.6081
2026-09-24 21:56:32,205 simple_logger.py log_once [line:28] INFO std_val_accuracy              0.3339
2026-09-24 21:56:32,205 simple_logger.py log_once [line:28] INFO val_loss                      1.3049
2026-09-24 21:56:32,205 simple_logger.py log_once [line:28] INFO mean_val_loss                 1.3033
2026-09-24 21:56:32,205 simple_logger.py log_once [line:28] INFO std_val_loss                  1.1029
2026-09-24 21:56:32,205 fedbase.py run [line:316] INFO Eval Time Cost:               1.5008s
2026-09-24 21:56:32,217 asyncbase.py iterate [line:68] INFO Select clients [np.int64(16)] at time 86.
2026-09-24 21:56:32,529 asyncbase.py iterate [line:73] INFO Receive new models from clients [10, 16] at time 86
2026-09-24 21:56:32,579 fedbase.py run [line:311] INFO --------------Round 83--------------
2026-09-24 21:56:32,579 simple_logger.py log_once [line:14] INFO Current_time:86
2026-09-24 21:56:34,059 simple_logger.py log_once [line:28] INFO test_accuracy                 0.6001
2026-09-24 21:56:34,059 simple_logger.py log_once [line:28] INFO test_loss                     1.6643
2026-09-24 21:56:34,059 simple_logger.py log_once [line:28] INFO val_accuracy                  0.6015
2026-09-24 21:56:34,059 simple_logger.py log_once [line:28] INFO mean_val_accuracy             0.6023
2026-09-24 21:56:34,059 simple_logger.py log_once [line:28] INFO std_val_accuracy              0.2970
2026-09-24 21:56:34,059 simple_logger.py log_once [line:28] INFO val_loss                      1.6660
2026-09-24 21:56:34,059 simple_logger.py log_once [line:28] INFO mean_val_loss                 1.6654
2026-09-24 21:56:34,059 simple_logger.py log_once [line:28] INFO std_val_loss                  1.4914
2026-09-24 21:56:34,059 fedbase.py run [line:316] INFO Eval Time Cost:               1.4806s
2026-09-24 21:56:34,068 asyncbase.py iterate [line:68] INFO Select clients [np.int64(9), np.int64(16), np.int64(12), np.int64(13)] at time 87.
2026-09-24 21:56:35,316 asyncbase.py iterate [line:73] INFO Receive new models from clients [16] at time 87
2026-09-24 21:56:35,346 fedbase.py run [line:311] INFO --------------Round 84--------------
2026-09-24 21:56:35,346 simple_logger.py log_once [line:14] INFO Current_time:87
2026-09-24 21:56:36,842 simple_logger.py log_once [line:28] INFO test_accuracy                 0.5225
2026-09-24 21:56:36,842 simple_logger.py log_once [line:28] INFO test_loss                     2.1590
2026-09-24 21:56:36,842 simple_logger.py log_once [line:28] INFO val_accuracy                  0.5249
2026-09-24 21:56:36,842 simple_logger.py log_once [line:28] INFO mean_val_accuracy             0.5249
2026-09-24 21:56:36,842 simple_logger.py log_once [line:28] INFO std_val_accuracy              0.3558
2026-09-24 21:56:36,842 simple_logger.py log_once [line:28] INFO val_loss                      2.1542
2026-09-24 21:56:36,842 simple_logger.py log_once [line:28] INFO mean_val_loss                 2.1562
2026-09-24 21:56:36,842 simple_logger.py log_once [line:28] INFO std_val_loss                  2.2643
2026-09-24 21:56:36,843 fedbase.py run [line:316] INFO Eval Time Cost:               1.4962s
2026-09-24 21:56:36,851 asyncbase.py iterate [line:73] INFO Receive new models from clients [19, 18, 9] at time 88
2026-09-24 21:56:36,912 fedbase.py run [line:311] INFO --------------Round 85--------------
2026-09-24 21:56:36,912 simple_logger.py log_once [line:14] INFO Current_time:88
2026-09-24 21:56:38,399 simple_logger.py log_once [line:28] INFO test_accuracy                 0.5337
2026-09-24 21:56:38,399 simple_logger.py log_once [line:28] INFO test_loss                     1.9216
2026-09-24 21:56:38,399 simple_logger.py log_once [line:28] INFO val_accuracy                  0.5334
2026-09-24 21:56:38,399 simple_logger.py log_once [line:28] INFO mean_val_accuracy             0.5339
2026-09-24 21:56:38,399 simple_logger.py log_once [line:28] INFO std_val_accuracy              0.3133
2026-09-24 21:56:38,399 simple_logger.py log_once [line:28] INFO val_loss                      1.9150
2026-09-24 21:56:38,399 simple_logger.py log_once [line:28] INFO mean_val_loss                 1.9147
2026-09-24 21:56:38,399 simple_logger.py log_once [line:28] INFO std_val_loss                  1.4930
2026-09-24 21:56:38,399 fedbase.py run [line:316] INFO Eval Time Cost:               1.4870s
2026-09-24 21:56:38,409 asyncbase.py iterate [line:68] INFO Select clients [np.int64(7), np.int64(15)] at time 89.
2026-09-24 21:56:39,029 asyncbase.py iterate [line:73] INFO Receive new models from clients [13, 12] at time 89
2026-09-24 21:56:39,077 fedbase.py run [line:311] INFO --------------Round 86--------------
2026-09-24 21:56:39,077 simple_logger.py log_once [line:14] INFO Current_time:89
2026-09-24 21:56:40,562 simple_logger.py log_once [line:28] INFO test_accuracy                 0.6322
2026-09-24 21:56:40,562 simple_logger.py log_once [line:28] INFO test_loss                     1.2009
2026-09-24 21:56:40,562 simple_logger.py log_once [line:28] INFO val_accuracy                  0.6346
2026-09-24 21:56:40,562 simple_logger.py log_once [line:28] INFO mean_val_accuracy             0.6350
2026-09-24 21:56:40,562 simple_logger.py log_once [line:28] INFO std_val_accuracy              0.3070
2026-09-24 21:56:40,562 simple_logger.py log_once [line:28] INFO val_loss                      1.1934
2026-09-24 21:56:40,562 simple_logger.py log_once [line:28] INFO mean_val_loss                 1.1927
2026-09-24 21:56:40,562 simple_logger.py log_once [line:28] INFO std_val_loss                  0.9477
2026-09-24 21:56:40,562 fedbase.py run [line:316] INFO Eval Time Cost:               1.4851s
2026-09-24 21:56:40,572 asyncbase.py iterate [line:68] INFO Select clients [np.int64(18), np.int64(13), np.int64(12), np.int64(5)] at time 90.
2026-09-24 21:56:41,822 asyncbase.py iterate [line:73] INFO Receive new models from clients [7] at time 90
2026-09-24 21:56:41,850 fedbase.py run [line:311] INFO --------------Round 87--------------
2026-09-24 21:56:41,850 simple_logger.py log_once [line:14] INFO Current_time:90
2026-09-24 21:56:43,322 simple_logger.py log_once [line:28] INFO test_accuracy                 0.6769
2026-09-24 21:56:43,322 simple_logger.py log_once [line:28] INFO test_loss                     1.1165
2026-09-24 21:56:43,322 simple_logger.py log_once [line:28] INFO val_accuracy                  0.6774
2026-09-24 21:56:43,322 simple_logger.py log_once [line:28] INFO mean_val_accuracy             0.6776
2026-09-24 21:56:43,322 simple_logger.py log_once [line:28] INFO std_val_accuracy              0.2663
2026-09-24 21:56:43,322 simple_logger.py log_once [line:28] INFO val_loss                      1.1317
2026-09-24 21:56:43,322 simple_logger.py log_once [line:28] INFO mean_val_loss                 1.1317
2026-09-24 21:56:43,322 simple_logger.py log_once [line:28] INFO std_val_loss                  0.9481
2026-09-24 21:56:43,323 fedbase.py run [line:316] INFO Eval Time Cost:               1.4726s
2026-09-24 21:56:43,332 asyncbase.py iterate [line:68] INFO Select clients [np.int64(16)] at time 91.
2026-09-24 21:56:43,644 asyncbase.py iterate [line:73] INFO Receive new models from clients [5, 16, 18] at time 91
2026-09-24 21:56:43,704 fedbase.py run [line:311] INFO --------------Round 88--------------
2026-09-24 21:56:43,704 simple_logger.py log_once [line:14] INFO Current_time:91
2026-09-24 21:56:45,177 simple_logger.py log_once [line:28] INFO test_accuracy                 0.7536
2026-09-24 21:56:45,177 simple_logger.py log_once [line:28] INFO test_loss                     0.9472
2026-09-24 21:56:45,177 simple_logger.py log_once [line:28] INFO val_accuracy                  0.7374
2026-09-24 21:56:45,177 simple_logger.py log_once [line:28] INFO mean_val_accuracy             0.7372
2026-09-24 21:56:45,177 simple_logger.py log_once [line:28] INFO std_val_accuracy              0.2400
2026-09-24 21:56:45,177 simple_logger.py log_once [line:28] INFO val_loss                      0.9872
2026-09-24 21:56:45,177 simple_logger.py log_once [line:28] INFO mean_val_loss                 0.9887
2026-09-24 21:56:45,177 simple_logger.py log_once [line:28] INFO std_val_loss                  0.9810
2026-09-24 21:56:45,177 fedbase.py run [line:316] INFO Eval Time Cost:               1.4735s
2026-09-24 21:56:45,187 asyncbase.py iterate [line:68] INFO Select clients [np.int64(10), np.int64(14)] at time 92.
2026-09-24 21:56:45,804 asyncbase.py iterate [line:73] INFO Receive new models from clients [15] at time 92
2026-09-24 21:56:45,831 fedbase.py run [line:311] INFO --------------Round 89--------------
2026-09-24 21:56:45,832 simple_logger.py log_once [line:14] INFO Current_time:92
2026-09-24 21:56:47,306 simple_logger.py log_once [line:28] INFO test_accuracy                 0.6507
2026-09-24 21:56:47,306 simple_logger.py log_once [line:28] INFO test_loss                     1.5082
2026-09-24 21:56:47,306 simple_logger.py log_once [line:28] INFO val_accuracy                  0.6325
2026-09-24 21:56:47,306 simple_logger.py log_once [line:28] INFO mean_val_accuracy             0.6331
2026-09-24 21:56:47,306 simple_logger.py log_once [line:28] INFO std_val_accuracy              0.3028
2026-09-24 21:56:47,306 simple_logger.py log_once [line:28] INFO val_loss                      1.5188
2026-09-24 21:56:47,306 simple_logger.py log_once [line:28] INFO mean_val_loss                 1.5162
2026-09-24 21:56:47,306 simple_logger.py log_once [line:28] INFO std_val_loss                  1.3742
2026-09-24 21:56:47,306 fedbase.py run [line:316] INFO Eval Time Cost:               1.4745s
2026-09-24 21:56:47,316 asyncbase.py iterate [line:68] INFO Select clients [np.int64(19)] at time 93.
2026-09-24 21:56:47,624 asyncbase.py iterate [line:73] INFO Receive new models from clients [12, 13, 19] at time 93
2026-09-24 21:56:47,682 fedbase.py run [line:311] INFO --------------Round 90--------------
2026-09-24 21:56:47,682 simple_logger.py log_once [line:14] INFO Current_time:93
2026-09-24 21:56:49,169 simple_logger.py log_once [line:28] INFO test_accuracy                 0.5465
2026-09-24 21:56:49,170 simple_logger.py log_once [line:28] INFO test_loss                     3.3723
2026-09-24 21:56:49,170 simple_logger.py log_once [line:28] INFO val_accuracy                  0.5345
2026-09-24 21:56:49,170 simple_logger.py log_once [line:28] INFO mean_val_accuracy             0.5348
2026-09-24 21:56:49,170 simple_logger.py log_once [line:28] INFO std_val_accuracy              0.3176
2026-09-24 21:56:49,170 simple_logger.py log_once [line:28] INFO val_loss                      3.3990
2026-09-24 21:56:49,170 simple_logger.py log_once [line:28] INFO mean_val_loss                 3.3944
2026-09-24 21:56:49,170 simple_logger.py log_once [line:28] INFO std_val_loss                  3.2937
2026-09-24 21:56:49,170 fedbase.py run [line:316] INFO Eval Time Cost:               1.4878s
2026-09-24 21:56:49,180 asyncbase.py iterate [line:68] INFO Select clients [np.int64(0), np.int64(4), np.int64(16)] at time 94.
2026-09-24 21:56:50,106 asyncbase.py iterate [line:73] INFO Receive new models from clients [14, 10] at time 94
2026-09-24 21:56:50,154 fedbase.py run [line:311] INFO --------------Round 91--------------
2026-09-24 21:56:50,155 simple_logger.py log_once [line:14] INFO Current_time:94
2026-09-24 21:56:51,631 simple_logger.py log_once [line:28] INFO test_accuracy                 0.6064
2026-09-24 21:56:51,631 simple_logger.py log_once [line:28] INFO test_loss                     1.8354
2026-09-24 21:56:51,631 simple_logger.py log_once [line:28] INFO val_accuracy                  0.5925
2026-09-24 21:56:51,631 simple_logger.py log_once [line:28] INFO mean_val_accuracy             0.5926
2026-09-24 21:56:51,632 simple_logger.py log_once [line:28] INFO std_val_accuracy              0.2927
2026-09-24 21:56:51,632 simple_logger.py log_once [line:28] INFO val_loss                      1.8403
2026-09-24 21:56:51,632 simple_logger.py log_once [line:28] INFO mean_val_loss                 1.8396
2026-09-24 21:56:51,632 simple_logger.py log_once [line:28] INFO std_val_loss                  1.6190
2026-09-24 21:56:51,632 fedbase.py run [line:316] INFO Eval Time Cost:               1.4772s
2026-09-24 21:56:51,640 asyncbase.py iterate [line:68] INFO Select clients [np.int64(10), np.int64(17), np.int64(14)] at time 95.
2026-09-24 21:56:52,577 asyncbase.py iterate [line:73] INFO Receive new models from clients [4, 0, 14, 10] at time 95
2026-09-24 21:56:52,647 fedbase.py run [line:311] INFO --------------Round 92--------------
2026-09-24 21:56:52,647 simple_logger.py log_once [line:14] INFO Current_time:95
2026-09-24 21:56:54,259 simple_logger.py log_once [line:28] INFO test_accuracy                 0.5839
2026-09-24 21:56:54,260 simple_logger.py log_once [line:28] INFO test_loss                     1.6061
2026-09-24 21:56:54,260 simple_logger.py log_once [line:28] INFO val_accuracy                  0.5740
2026-09-24 21:56:54,260 simple_logger.py log_once [line:28] INFO mean_val_accuracy             0.5740
2026-09-24 21:56:54,260 simple_logger.py log_once [line:28] INFO std_val_accuracy              0.2798
2026-09-24 21:56:54,260 simple_logger.py log_once [line:28] INFO val_loss                      1.6334
2026-09-24 21:56:54,260 simple_logger.py log_once [line:28] INFO mean_val_loss                 1.6324
2026-09-24 21:56:54,260 simple_logger.py log_once [line:28] INFO std_val_loss                  1.4067
2026-09-24 21:56:54,260 fedbase.py run [line:316] INFO Eval Time Cost:               1.6123s
2026-09-24 21:56:54,269 asyncbase.py iterate [line:68] INFO Select clients [np.int64(9), np.int64(18), np.int64(1)] at time 96.
2026-09-24 21:56:55,252 asyncbase.py iterate [line:73] INFO Receive new models from clients [17, 1] at time 96
2026-09-24 21:56:55,304 fedbase.py run [line:311] INFO --------------Round 93--------------
2026-09-24 21:56:55,304 simple_logger.py log_once [line:14] INFO Current_time:96
2026-09-24 21:56:56,777 simple_logger.py log_once [line:28] INFO test_accuracy                 0.6300
2026-09-24 21:56:56,777 simple_logger.py log_once [line:28] INFO test_loss                     1.3520
2026-09-24 21:56:56,777 simple_logger.py log_once [line:28] INFO val_accuracy                  0.6171
2026-09-24 21:56:56,777 simple_logger.py log_once [line:28] INFO mean_val_accuracy             0.6176
2026-09-24 21:56:56,777 simple_logger.py log_once [line:28] INFO std_val_accuracy              0.2761
2026-09-24 21:56:56,777 simple_logger.py log_once [line:28] INFO val_loss                      1.3639
2026-09-24 21:56:56,777 simple_logger.py log_once [line:28] INFO mean_val_loss                 1.3621
2026-09-24 21:56:56,777 simple_logger.py log_once [line:28] INFO std_val_loss                  1.1766
2026-09-24 21:56:56,777 fedbase.py run [line:316] INFO Eval Time Cost:               1.4733s
2026-09-24 21:56:56,785 asyncbase.py iterate [line:68] INFO Select clients [np.int64(0)] at time 97.
2026-09-24 21:56:57,091 asyncbase.py iterate [line:73] INFO Receive new models from clients [16] at time 97
2026-09-24 21:56:57,121 fedbase.py run [line:311] INFO --------------Round 94--------------
2026-09-24 21:56:57,121 simple_logger.py log_once [line:14] INFO Current_time:97
2026-09-24 21:56:58,610 simple_logger.py log_once [line:28] INFO test_accuracy                 0.5412
2026-09-24 21:56:58,611 simple_logger.py log_once [line:28] INFO test_loss                     1.4255
2026-09-24 21:56:58,611 simple_logger.py log_once [line:28] INFO val_accuracy                  0.5396
2026-09-24 21:56:58,611 simple_logger.py log_once [line:28] INFO mean_val_accuracy             0.5399
2026-09-24 21:56:58,611 simple_logger.py log_once [line:28] INFO std_val_accuracy              0.2153
2026-09-24 21:56:58,611 simple_logger.py log_once [line:28] INFO val_loss                      1.4694
2026-09-24 21:56:58,611 simple_logger.py log_once [line:28] INFO mean_val_loss                 1.4695
2026-09-24 21:56:58,611 simple_logger.py log_once [line:28] INFO std_val_loss                  0.7080
2026-09-24 21:56:58,611 fedbase.py run [line:316] INFO Eval Time Cost:               1.4900s
2026-09-24 21:56:58,619 asyncbase.py iterate [line:68] INFO Select clients [np.int64(3), np.int64(4), np.int64(14)] at time 98.
2026-09-24 21:56:59,552 asyncbase.py iterate [line:73] INFO Receive new models from clients [9] at time 98
2026-09-24 21:56:59,580 fedbase.py run [line:311] INFO --------------Round 95--------------
2026-09-24 21:56:59,580 simple_logger.py log_once [line:14] INFO Current_time:98
2026-09-24 21:57:01,061 simple_logger.py log_once [line:28] INFO test_accuracy                 0.5926
2026-09-24 21:57:01,061 simple_logger.py log_once [line:28] INFO test_loss                     1.2253
2026-09-24 21:57:01,061 simple_logger.py log_once [line:28] INFO val_accuracy                  0.5878
2026-09-24 21:57:01,061 simple_logger.py log_once [line:28] INFO mean_val_accuracy             0.5883
2026-09-24 21:57:01,061 simple_logger.py log_once [line:28] INFO std_val_accuracy              0.2162
2026-09-24 21:57:01,061 simple_logger.py log_once [line:28] INFO val_loss                      1.2639
2026-09-24 21:57:01,061 simple_logger.py log_once [line:28] INFO mean_val_loss                 1.2626
2026-09-24 21:57:01,061 simple_logger.py log_once [line:28] INFO std_val_loss                  0.5443
2026-09-24 21:57:01,062 fedbase.py run [line:316] INFO Eval Time Cost:               1.4812s
2026-09-24 21:57:01,070 asyncbase.py iterate [line:68] INFO Select clients [np.int64(15)] at time 99.
2026-09-24 21:57:01,392 asyncbase.py iterate [line:73] INFO Receive new models from clients [18, 15] at time 99
2026-09-24 21:57:01,442 fedbase.py run [line:311] INFO --------------Round 96--------------
2026-09-24 21:57:01,442 simple_logger.py log_once [line:14] INFO Current_time:99
2026-09-24 21:57:02,933 simple_logger.py log_once [line:28] INFO test_accuracy                 0.6908
2026-09-24 21:57:02,933 simple_logger.py log_once [line:28] INFO test_loss                     0.9704
2026-09-24 21:57:02,933 simple_logger.py log_once [line:28] INFO val_accuracy                  0.6714
2026-09-24 21:57:02,933 simple_logger.py log_once [line:28] INFO mean_val_accuracy             0.6716
2026-09-24 21:57:02,933 simple_logger.py log_once [line:28] INFO std_val_accuracy              0.1208
2026-09-24 21:57:02,933 simple_logger.py log_once [line:28] INFO val_loss                      1.0069
2026-09-24 21:57:02,933 simple_logger.py log_once [line:28] INFO mean_val_loss                 1.0066
2026-09-24 21:57:02,933 simple_logger.py log_once [line:28] INFO std_val_loss                  0.3545
2026-09-24 21:57:02,934 fedbase.py run [line:316] INFO Eval Time Cost:               1.4918s
2026-09-24 21:57:02,943 asyncbase.py iterate [line:68] INFO Select clients [np.int64(13), np.int64(8)] at time 100.
2026-09-24 21:57:03,557 asyncbase.py iterate [line:73] INFO Receive new models from clients [0] at time 100
2026-09-24 21:57:03,585 fedbase.py run [line:311] INFO --------------Round 97--------------
2026-09-24 21:57:03,585 simple_logger.py log_once [line:14] INFO Current_time:100
2026-09-24 21:57:05,069 simple_logger.py log_once [line:28] INFO test_accuracy                 0.5925
2026-09-24 21:57:05,069 simple_logger.py log_once [line:28] INFO test_loss                     1.2612
2026-09-24 21:57:05,069 simple_logger.py log_once [line:28] INFO val_accuracy                  0.5796
2026-09-24 21:57:05,069 simple_logger.py log_once [line:28] INFO mean_val_accuracy             0.5803
2026-09-24 21:57:05,069 simple_logger.py log_once [line:28] INFO std_val_accuracy              0.2927
2026-09-24 21:57:05,069 simple_logger.py log_once [line:28] INFO val_loss                      1.2979
2026-09-24 21:57:05,069 simple_logger.py log_once [line:28] INFO mean_val_loss                 1.2961
2026-09-24 21:57:05,069 simple_logger.py log_once [line:28] INFO std_val_loss                  0.8146
2026-09-24 21:57:05,069 fedbase.py run [line:316] INFO Eval Time Cost:               1.4841s
2026-09-24 21:57:05,079 asyncbase.py iterate [line:68] INFO Select clients [np.int64(1)] at time 101.
2026-09-24 21:57:05,390 asyncbase.py iterate [line:73] INFO Receive new models from clients [14, 1, 4, 13, 3] at time 101
2026-09-24 21:57:05,465 fedbase.py run [line:311] INFO --------------Round 98--------------
2026-09-24 21:57:05,466 simple_logger.py log_once [line:14] INFO Current_time:101
2026-09-24 21:57:06,950 simple_logger.py log_once [line:28] INFO test_accuracy                 0.6976
2026-09-24 21:57:06,950 simple_logger.py log_once [line:28] INFO test_loss                     1.0869
2026-09-24 21:57:06,950 simple_logger.py log_once [line:28] INFO val_accuracy                  0.6793
2026-09-24 21:57:06,950 simple_logger.py log_once [line:28] INFO mean_val_accuracy             0.6798
2026-09-24 21:57:06,950 simple_logger.py log_once [line:28] INFO std_val_accuracy              0.1554
2026-09-24 21:57:06,950 simple_logger.py log_once [line:28] INFO val_loss                      1.1169
2026-09-24 21:57:06,950 simple_logger.py log_once [line:28] INFO mean_val_loss                 1.1150
2026-09-24 21:57:06,950 simple_logger.py log_once [line:28] INFO std_val_loss                  0.6791
2026-09-24 21:57:06,951 fedbase.py run [line:316] INFO Eval Time Cost:               1.4852s
2026-09-24 21:57:06,961 asyncbase.py iterate [line:68] INFO Select clients [np.int64(17), np.int64(16), np.int64(0), np.int64(10), np.int64(3)] at time 102.
2026-09-24 21:57:08,515 asyncbase.py iterate [line:73] INFO Receive new models from clients [8, 10] at time 102
2026-09-24 21:57:08,568 fedbase.py run [line:311] INFO --------------Round 99--------------
2026-09-24 21:57:08,569 simple_logger.py log_once [line:14] INFO Current_time:102
2026-09-24 21:57:10,040 simple_logger.py log_once [line:28] INFO test_accuracy                 0.7402
2026-09-24 21:57:10,040 simple_logger.py log_once [line:28] INFO test_loss                     0.8759
2026-09-24 21:57:10,040 simple_logger.py log_once [line:28] INFO val_accuracy                  0.7217
2026-09-24 21:57:10,040 simple_logger.py log_once [line:28] INFO mean_val_accuracy             0.7222
2026-09-24 21:57:10,040 simple_logger.py log_once [line:28] INFO std_val_accuracy              0.1058
2026-09-24 21:57:10,040 simple_logger.py log_once [line:28] INFO val_loss                      0.9094
2026-09-24 21:57:10,040 simple_logger.py log_once [line:28] INFO mean_val_loss                 0.9079
2026-09-24 21:57:10,040 simple_logger.py log_once [line:28] INFO std_val_loss                  0.3548
2026-09-24 21:57:10,040 fedbase.py run [line:316] INFO Eval Time Cost:               1.4715s
2026-09-24 21:57:10,049 asyncbase.py iterate [line:68] INFO Select clients [np.int64(7)] at time 103.
2026-09-24 21:57:10,352 asyncbase.py iterate [line:73] INFO Receive new models from clients [3, 0, 16] at time 103
2026-09-24 21:57:10,410 fedbase.py run [line:311] INFO --------------Round 100--------------
2026-09-24 21:57:10,410 simple_logger.py log_once [line:14] INFO Current_time:103
2026-09-24 21:57:11,901 simple_logger.py log_once [line:28] INFO test_accuracy                 0.5801
2026-09-24 21:57:11,901 simple_logger.py log_once [line:28] INFO test_loss                     2.9617
2026-09-24 21:57:11,901 simple_logger.py log_once [line:28] INFO val_accuracy                  0.5754
2026-09-24 21:57:11,901 simple_logger.py log_once [line:28] INFO mean_val_accuracy             0.5763
2026-09-24 21:57:11,901 simple_logger.py log_once [line:28] INFO std_val_accuracy              0.2366
2026-09-24 21:57:11,901 simple_logger.py log_once [line:28] INFO val_loss                      2.9289
2026-09-24 21:57:11,901 simple_logger.py log_once [line:28] INFO mean_val_loss                 2.9218
2026-09-24 21:57:11,901 simple_logger.py log_once [line:28] INFO std_val_loss                  2.4534
2026-09-24 21:57:11,901 fedbase.py run [line:316] INFO Eval Time Cost:               1.4909s
2026-09-24 21:57:11,901 fedbase.py run [line:324] INFO =================End==================
2026-09-24 21:57:11,901 fedbase.py run [line:325] INFO Total Time Cost:              227.1364s
