E:\fl-experiment\.venv\Lib\site-packages\torch\cuda\__init__.py:61: FutureWarning: The pynvml package is deprecated. Please install nvidia-ml-py instead. If you did not install pynvml directly, please report this to the maintainers of the package that installed pynvml for you.
  import pynvml  # type: ignore[import]
2026-09-24 22:09:02,558 fflow.py init [line:848] INFO PROCESS ID:	45528
2026-09-24 22:09:02,558 fflow.py init [line:849] INFO Initializing devices: cuda:0 will be used for this running.
2026-09-24 22:09:02,558 fflow.py init [line:852] INFO BENCHMARK:	flgo.benchmark.mnist_classification
2026-09-24 22:09:02,558 fflow.py init [line:853] INFO TASK:			E:\Federated Machine Learning\FL-Byzantine-Library\mnist_dir20
2026-09-24 22:09:02,567 fflow.py init [line:854] INFO MODEL:		flgo.benchmark.mnist_classification.model.cnn
2026-09-24 22:09:02,567 fflow.py init [line:855] INFO ALGORITHM:	research_algorithm
2026-09-24 22:09:03,598 fflow.py init [line:901] INFO SCENE:		horizontal FL with 1 <class 'flgo_byzantine.research_algorithm.Server'>, 20 <class 'flgo_byzantine.research_algorithm.Client'>
2026-09-24 22:09:03,688 fflow.py init [line:918] INFO SIMULATOR:	<class 'flgo.simulator.default_simulator.Simulator'>
2026-09-24 22:09:08,105 fflow.py init [line:931] INFO Ready to start.
2026-09-24 22:09:08,105 fedbase.py run [line:300] INFO --------------Initial Evaluation--------------
2026-09-24 22:09:08,105 simple_logger.py log_once [line:14] INFO Current_time:0
2026-09-24 22:09:09,715 simple_logger.py log_once [line:28] INFO test_accuracy                 0.0875
2026-09-24 22:09:09,715 simple_logger.py log_once [line:28] INFO test_loss                     2.3101
2026-09-24 22:09:09,715 simple_logger.py log_once [line:28] INFO val_accuracy                  0.0866
2026-09-24 22:09:09,715 simple_logger.py log_once [line:28] INFO mean_val_accuracy             0.0874
2026-09-24 22:09:09,715 simple_logger.py log_once [line:28] INFO std_val_accuracy              0.2312
2026-09-24 22:09:09,715 simple_logger.py log_once [line:28] INFO val_loss                      2.3109
2026-09-24 22:09:09,715 simple_logger.py log_once [line:28] INFO mean_val_loss                 2.3111
2026-09-24 22:09:09,715 simple_logger.py log_once [line:28] INFO std_val_loss                  0.0785
2026-09-24 22:09:09,715 fedbase.py run [line:303] INFO Eval Time Cost:               1.6106s
2026-09-24 22:09:09,726 asyncbase.py iterate [line:68] INFO Select clients [np.int64(5), np.int64(16), np.int64(0), np.int64(4), np.int64(9)] at time 1.
2026-09-24 22:09:11,386 asyncbase.py iterate [line:73] INFO Receive new models from clients [9, 0] at time 2
2026-09-24 22:09:11,474 fedbase.py run [line:311] INFO --------------Round 1--------------
2026-09-24 22:09:11,474 simple_logger.py log_once [line:14] INFO Current_time:2
2026-09-24 22:09:13,001 simple_logger.py log_once [line:28] INFO test_accuracy                 0.1929
2026-09-24 22:09:13,001 simple_logger.py log_once [line:28] INFO test_loss                     2.5385
2026-09-24 22:09:13,001 simple_logger.py log_once [line:28] INFO val_accuracy                  0.1879
2026-09-24 22:09:13,002 simple_logger.py log_once [line:28] INFO mean_val_accuracy             0.1899
2026-09-24 22:09:13,002 simple_logger.py log_once [line:28] INFO std_val_accuracy              0.3507
2026-09-24 22:09:13,002 simple_logger.py log_once [line:28] INFO val_loss                      2.5412
2026-09-24 22:09:13,002 simple_logger.py log_once [line:28] INFO mean_val_loss                 2.5372
2026-09-24 22:09:13,002 simple_logger.py log_once [line:28] INFO std_val_loss                  0.8432
2026-09-24 22:09:13,002 fedbase.py run [line:316] INFO Eval Time Cost:               1.5273s
2026-09-24 22:09:13,010 asyncbase.py iterate [line:68] INFO Select clients [np.int64(3), np.int64(8), np.int64(18)] at time 3.
2026-09-24 22:09:13,958 asyncbase.py iterate [line:73] INFO Receive new models from clients [16, 5, 3] at time 3
2026-09-24 22:09:14,015 fedbase.py run [line:311] INFO --------------Round 2--------------
2026-09-24 22:09:14,015 simple_logger.py log_once [line:14] INFO Current_time:3
2026-09-24 22:09:15,507 simple_logger.py log_once [line:28] INFO test_accuracy                 0.1036
2026-09-24 22:09:15,507 simple_logger.py log_once [line:28] INFO test_loss                     5.3245
2026-09-24 22:09:15,507 simple_logger.py log_once [line:28] INFO val_accuracy                  0.1048
2026-09-24 22:09:15,508 simple_logger.py log_once [line:28] INFO mean_val_accuracy             0.1048
2026-09-24 22:09:15,508 simple_logger.py log_once [line:28] INFO std_val_accuracy              0.2846
2026-09-24 22:09:15,508 simple_logger.py log_once [line:28] INFO val_loss                      5.2617
2026-09-24 22:09:15,508 simple_logger.py log_once [line:28] INFO mean_val_loss                 5.2613
2026-09-24 22:09:15,508 simple_logger.py log_once [line:28] INFO std_val_loss                  2.5771
2026-09-24 22:09:15,508 fedbase.py run [line:316] INFO Eval Time Cost:               1.4928s
2026-09-24 22:09:15,516 asyncbase.py iterate [line:68] INFO Select clients [np.int64(10), np.int64(6)] at time 4.
2026-09-24 22:09:16,143 asyncbase.py iterate [line:73] INFO Receive new models from clients [4, 18] at time 4
2026-09-24 22:09:16,188 fedbase.py run [line:311] INFO --------------Round 3--------------
2026-09-24 22:09:16,188 simple_logger.py log_once [line:14] INFO Current_time:4
2026-09-24 22:09:17,679 simple_logger.py log_once [line:28] INFO test_accuracy                 0.0980
2026-09-24 22:09:17,679 simple_logger.py log_once [line:28] INFO test_loss                     3.5042
2026-09-24 22:09:17,679 simple_logger.py log_once [line:28] INFO val_accuracy                  0.0990
2026-09-24 22:09:17,679 simple_logger.py log_once [line:28] INFO mean_val_accuracy             0.1000
2026-09-24 22:09:17,679 simple_logger.py log_once [line:28] INFO std_val_accuracy              0.2627
2026-09-24 22:09:17,679 simple_logger.py log_once [line:28] INFO val_loss                      3.4704
2026-09-24 22:09:17,679 simple_logger.py log_once [line:28] INFO mean_val_loss                 3.4698
2026-09-24 22:09:17,679 simple_logger.py log_once [line:28] INFO std_val_loss                  1.4825
2026-09-24 22:09:17,679 fedbase.py run [line:316] INFO Eval Time Cost:               1.4914s
2026-09-24 22:09:17,689 asyncbase.py iterate [line:68] INFO Select clients [np.int64(1), np.int64(4)] at time 5.
2026-09-24 22:09:18,311 asyncbase.py iterate [line:73] INFO Receive new models from clients [10] at time 5
2026-09-24 22:09:18,344 fedbase.py run [line:311] INFO --------------Round 4--------------
2026-09-24 22:09:18,344 simple_logger.py log_once [line:14] INFO Current_time:5
2026-09-24 22:09:19,824 simple_logger.py log_once [line:28] INFO test_accuracy                 0.0892
2026-09-24 22:09:19,825 simple_logger.py log_once [line:28] INFO test_loss                     2.5416
2026-09-24 22:09:19,825 simple_logger.py log_once [line:28] INFO val_accuracy                  0.0907
2026-09-24 22:09:19,825 simple_logger.py log_once [line:28] INFO mean_val_accuracy             0.0904
2026-09-24 22:09:19,825 simple_logger.py log_once [line:28] INFO std_val_accuracy              0.2536
2026-09-24 22:09:19,825 simple_logger.py log_once [line:28] INFO val_loss                      2.5406
2026-09-24 22:09:19,825 simple_logger.py log_once [line:28] INFO mean_val_loss                 2.5415
2026-09-24 22:09:19,825 simple_logger.py log_once [line:28] INFO std_val_loss                  0.5653
2026-09-24 22:09:19,825 fedbase.py run [line:316] INFO Eval Time Cost:               1.4810s
2026-09-24 22:09:19,836 asyncbase.py iterate [line:68] INFO Select clients [np.int64(5)] at time 6.
2026-09-24 22:09:20,147 asyncbase.py iterate [line:73] INFO Receive new models from clients [4, 1, 6, 8] at time 6
2026-09-24 22:09:20,214 fedbase.py run [line:311] INFO --------------Round 5--------------
2026-09-24 22:09:20,214 simple_logger.py log_once [line:14] INFO Current_time:6
2026-09-24 22:09:21,708 simple_logger.py log_once [line:28] INFO test_accuracy                 0.1135
2026-09-24 22:09:21,708 simple_logger.py log_once [line:28] INFO test_loss                     2.2993
2026-09-24 22:09:21,708 simple_logger.py log_once [line:28] INFO val_accuracy                  0.1119
2026-09-24 22:09:21,708 simple_logger.py log_once [line:28] INFO mean_val_accuracy             0.1111
2026-09-24 22:09:21,708 simple_logger.py log_once [line:28] INFO std_val_accuracy              0.2974
2026-09-24 22:09:21,708 simple_logger.py log_once [line:28] INFO val_loss                      2.2993
2026-09-24 22:09:21,708 simple_logger.py log_once [line:28] INFO mean_val_loss                 2.2994
2026-09-24 22:09:21,708 simple_logger.py log_once [line:28] INFO std_val_loss                  0.0489
2026-09-24 22:09:21,708 fedbase.py run [line:316] INFO Eval Time Cost:               1.4941s
2026-09-24 22:09:21,717 asyncbase.py iterate [line:68] INFO Select clients [np.int64(14), np.int64(15), np.int64(1), np.int64(6)] at time 7.
2026-09-24 22:09:22,991 asyncbase.py iterate [line:73] INFO Receive new models from clients [1] at time 7
2026-09-24 22:09:23,023 fedbase.py run [line:311] INFO --------------Round 6--------------
2026-09-24 22:09:23,023 simple_logger.py log_once [line:14] INFO Current_time:7
2026-09-24 22:09:24,506 simple_logger.py log_once [line:28] INFO test_accuracy                 0.1028
2026-09-24 22:09:24,506 simple_logger.py log_once [line:28] INFO test_loss                     2.3081
2026-09-24 22:09:24,506 simple_logger.py log_once [line:28] INFO val_accuracy                  0.1043
2026-09-24 22:09:24,506 simple_logger.py log_once [line:28] INFO mean_val_accuracy             0.1043
2026-09-24 22:09:24,506 simple_logger.py log_once [line:28] INFO std_val_accuracy              0.2848
2026-09-24 22:09:24,506 simple_logger.py log_once [line:28] INFO val_loss                      2.3077
2026-09-24 22:09:24,506 simple_logger.py log_once [line:28] INFO mean_val_loss                 2.3074
2026-09-24 22:09:24,506 simple_logger.py log_once [line:28] INFO std_val_loss                  0.1440
2026-09-24 22:09:24,506 fedbase.py run [line:316] INFO Eval Time Cost:               1.4830s
2026-09-24 22:09:24,515 asyncbase.py iterate [line:68] INFO Select clients [np.int64(3), np.int64(0)] at time 8.
2026-09-24 22:09:25,136 asyncbase.py iterate [line:73] INFO Receive new models from clients [3, 0] at time 8
2026-09-24 22:09:25,191 fedbase.py run [line:311] INFO --------------Round 7--------------
2026-09-24 22:09:25,191 simple_logger.py log_once [line:14] INFO Current_time:8
2026-09-24 22:09:26,692 simple_logger.py log_once [line:28] INFO test_accuracy                 0.1927
2026-09-24 22:09:26,692 simple_logger.py log_once [line:28] INFO test_loss                     2.3830
2026-09-24 22:09:26,692 simple_logger.py log_once [line:28] INFO val_accuracy                  0.1934
2026-09-24 22:09:26,692 simple_logger.py log_once [line:28] INFO mean_val_accuracy             0.1944
2026-09-24 22:09:26,692 simple_logger.py log_once [line:28] INFO std_val_accuracy              0.3416
2026-09-24 22:09:26,692 simple_logger.py log_once [line:28] INFO val_loss                      2.3844
2026-09-24 22:09:26,692 simple_logger.py log_once [line:28] INFO mean_val_loss                 2.3830
2026-09-24 22:09:26,692 simple_logger.py log_once [line:28] INFO std_val_loss                  0.4224
2026-09-24 22:09:26,692 fedbase.py run [line:316] INFO Eval Time Cost:               1.5015s
2026-09-24 22:09:26,702 asyncbase.py iterate [line:68] INFO Select clients [np.int64(7), np.int64(19)] at time 9.
2026-09-24 22:09:27,329 asyncbase.py iterate [line:73] INFO Receive new models from clients [15, 5] at time 9
2026-09-24 22:09:27,375 fedbase.py run [line:311] INFO --------------Round 8--------------
2026-09-24 22:09:27,375 simple_logger.py log_once [line:14] INFO Current_time:9
2026-09-24 22:09:28,872 simple_logger.py log_once [line:28] INFO test_accuracy                 0.0980
2026-09-24 22:09:28,872 simple_logger.py log_once [line:28] INFO test_loss                     4.4347
2026-09-24 22:09:28,872 simple_logger.py log_once [line:28] INFO val_accuracy                  0.0990
2026-09-24 22:09:28,872 simple_logger.py log_once [line:28] INFO mean_val_accuracy             0.1000
2026-09-24 22:09:28,872 simple_logger.py log_once [line:28] INFO std_val_accuracy              0.2627
2026-09-24 22:09:28,872 simple_logger.py log_once [line:28] INFO val_loss                      4.4424
2026-09-24 22:09:28,872 simple_logger.py log_once [line:28] INFO mean_val_loss                 4.4364
2026-09-24 22:09:28,872 simple_logger.py log_once [line:28] INFO std_val_loss                  1.8592
2026-09-24 22:09:28,873 fedbase.py run [line:316] INFO Eval Time Cost:               1.4979s
2026-09-24 22:09:28,881 asyncbase.py iterate [line:68] INFO Select clients [np.int64(4), np.int64(5)] at time 10.
2026-09-24 22:09:29,509 asyncbase.py iterate [line:73] INFO Receive new models from clients [14, 6] at time 10
2026-09-24 22:09:29,564 fedbase.py run [line:311] INFO --------------Round 9--------------
2026-09-24 22:09:29,564 simple_logger.py log_once [line:14] INFO Current_time:10
2026-09-24 22:09:31,055 simple_logger.py log_once [line:28] INFO test_accuracy                 0.1028
2026-09-24 22:09:31,055 simple_logger.py log_once [line:28] INFO test_loss                     3.0675
2026-09-24 22:09:31,055 simple_logger.py log_once [line:28] INFO val_accuracy                  0.1043
2026-09-24 22:09:31,055 simple_logger.py log_once [line:28] INFO mean_val_accuracy             0.1043
2026-09-24 22:09:31,055 simple_logger.py log_once [line:28] INFO std_val_accuracy              0.2848
2026-09-24 22:09:31,055 simple_logger.py log_once [line:28] INFO val_loss                      3.0682
2026-09-24 22:09:31,055 simple_logger.py log_once [line:28] INFO mean_val_loss                 3.0685
2026-09-24 22:09:31,055 simple_logger.py log_once [line:28] INFO std_val_loss                  1.0391
2026-09-24 22:09:31,055 fedbase.py run [line:316] INFO Eval Time Cost:               1.4918s
2026-09-24 22:09:31,066 asyncbase.py iterate [line:68] INFO Select clients [np.int64(9)] at time 11.
2026-09-24 22:09:31,374 asyncbase.py iterate [line:73] INFO Receive new models from clients [19, 7] at time 11
2026-09-24 22:09:31,431 fedbase.py run [line:311] INFO --------------Round 10--------------
2026-09-24 22:09:31,431 simple_logger.py log_once [line:14] INFO Current_time:11
2026-09-24 22:09:32,915 simple_logger.py log_once [line:28] INFO test_accuracy                 0.1581
2026-09-24 22:09:32,915 simple_logger.py log_once [line:28] INFO test_loss                     2.3226
2026-09-24 22:09:32,915 simple_logger.py log_once [line:28] INFO val_accuracy                  0.1595
2026-09-24 22:09:32,915 simple_logger.py log_once [line:28] INFO mean_val_accuracy             0.1602
2026-09-24 22:09:32,915 simple_logger.py log_once [line:28] INFO std_val_accuracy              0.3001
2026-09-24 22:09:32,915 simple_logger.py log_once [line:28] INFO val_loss                      2.3215
2026-09-24 22:09:32,915 simple_logger.py log_once [line:28] INFO mean_val_loss                 2.3208
2026-09-24 22:09:32,915 simple_logger.py log_once [line:28] INFO std_val_loss                  0.3317
2026-09-24 22:09:32,915 fedbase.py run [line:316] INFO Eval Time Cost:               1.4844s
2026-09-24 22:09:32,924 asyncbase.py iterate [line:68] INFO Select clients [np.int64(7), np.int64(13), np.int64(1)] at time 12.
2026-09-24 22:09:33,866 asyncbase.py iterate [line:73] INFO Receive new models from clients [4, 5, 7] at time 13
2026-09-24 22:09:33,928 fedbase.py run [line:311] INFO --------------Round 11--------------
2026-09-24 22:09:33,928 simple_logger.py log_once [line:14] INFO Current_time:13
2026-09-24 22:09:35,414 simple_logger.py log_once [line:28] INFO test_accuracy                 0.1211
2026-09-24 22:09:35,414 simple_logger.py log_once [line:28] INFO test_loss                     10.5946
2026-09-24 22:09:35,414 simple_logger.py log_once [line:28] INFO val_accuracy                  0.1229
2026-09-24 22:09:35,414 simple_logger.py log_once [line:28] INFO mean_val_accuracy             0.1232
2026-09-24 22:09:35,414 simple_logger.py log_once [line:28] INFO std_val_accuracy              0.2813
2026-09-24 22:09:35,414 simple_logger.py log_once [line:28] INFO val_loss                      10.5565
2026-09-24 22:09:35,414 simple_logger.py log_once [line:28] INFO mean_val_loss                 10.5447
2026-09-24 22:09:35,414 simple_logger.py log_once [line:28] INFO std_val_loss                  5.2718
2026-09-24 22:09:35,414 fedbase.py run [line:316] INFO Eval Time Cost:               1.4864s
2026-09-24 22:09:35,425 asyncbase.py iterate [line:68] INFO Select clients [np.int64(19), np.int64(15)] at time 14.
2026-09-24 22:09:36,051 asyncbase.py iterate [line:73] INFO Receive new models from clients [9] at time 14
2026-09-24 22:09:36,083 fedbase.py run [line:311] INFO --------------Round 12--------------
2026-09-24 22:09:36,083 simple_logger.py log_once [line:14] INFO Current_time:14
2026-09-24 22:09:37,559 simple_logger.py log_once [line:28] INFO test_accuracy                 0.1080
2026-09-24 22:09:37,559 simple_logger.py log_once [line:28] INFO test_loss                     6.4247
2026-09-24 22:09:37,559 simple_logger.py log_once [line:28] INFO val_accuracy                  0.1078
2026-09-24 22:09:37,559 simple_logger.py log_once [line:28] INFO mean_val_accuracy             0.1090
2026-09-24 22:09:37,559 simple_logger.py log_once [line:28] INFO std_val_accuracy              0.2611
2026-09-24 22:09:37,559 simple_logger.py log_once [line:28] INFO val_loss                      6.4425
2026-09-24 22:09:37,559 simple_logger.py log_once [line:28] INFO mean_val_loss                 6.4313
2026-09-24 22:09:37,559 simple_logger.py log_once [line:28] INFO std_val_loss                  3.0133
2026-09-24 22:09:37,559 fedbase.py run [line:316] INFO Eval Time Cost:               1.4756s
2026-09-24 22:09:37,569 asyncbase.py iterate [line:68] INFO Select clients [np.int64(5)] at time 15.
2026-09-24 22:09:37,885 asyncbase.py iterate [line:73] INFO Receive new models from clients [1, 13] at time 15
2026-09-24 22:09:37,939 fedbase.py run [line:311] INFO --------------Round 13--------------
2026-09-24 22:09:37,939 simple_logger.py log_once [line:14] INFO Current_time:15
2026-09-24 22:09:39,419 simple_logger.py log_once [line:28] INFO test_accuracy                 0.1823
2026-09-24 22:09:39,419 simple_logger.py log_once [line:28] INFO test_loss                     2.6678
2026-09-24 22:09:39,419 simple_logger.py log_once [line:28] INFO val_accuracy                  0.1776
2026-09-24 22:09:39,419 simple_logger.py log_once [line:28] INFO mean_val_accuracy             0.1795
2026-09-24 22:09:39,419 simple_logger.py log_once [line:28] INFO std_val_accuracy              0.3313
2026-09-24 22:09:39,419 simple_logger.py log_once [line:28] INFO val_loss                      2.6808
2026-09-24 22:09:39,419 simple_logger.py log_once [line:28] INFO mean_val_loss                 2.6763
2026-09-24 22:09:39,420 simple_logger.py log_once [line:28] INFO std_val_loss                  1.2338
2026-09-24 22:09:39,420 fedbase.py run [line:316] INFO Eval Time Cost:               1.4803s
2026-09-24 22:09:39,429 asyncbase.py iterate [line:68] INFO Select clients [np.int64(9), np.int64(1), np.int64(3)] at time 16.
2026-09-24 22:09:40,359 asyncbase.py iterate [line:73] INFO Receive new models from clients [5, 19] at time 16
2026-09-24 22:09:40,417 fedbase.py run [line:311] INFO --------------Round 14--------------
2026-09-24 22:09:40,417 simple_logger.py log_once [line:14] INFO Current_time:16
2026-09-24 22:09:41,895 simple_logger.py log_once [line:28] INFO test_accuracy                 0.2049
2026-09-24 22:09:41,895 simple_logger.py log_once [line:28] INFO test_loss                     2.5062
2026-09-24 22:09:41,895 simple_logger.py log_once [line:28] INFO val_accuracy                  0.2049
2026-09-24 22:09:41,895 simple_logger.py log_once [line:28] INFO mean_val_accuracy             0.2062
2026-09-24 22:09:41,895 simple_logger.py log_once [line:28] INFO std_val_accuracy              0.2992
2026-09-24 22:09:41,895 simple_logger.py log_once [line:28] INFO val_loss                      2.5110
2026-09-24 22:09:41,895 simple_logger.py log_once [line:28] INFO mean_val_loss                 2.5076
2026-09-24 22:09:41,895 simple_logger.py log_once [line:28] INFO std_val_loss                  1.1288
2026-09-24 22:09:41,895 fedbase.py run [line:316] INFO Eval Time Cost:               1.4786s
2026-09-24 22:09:41,906 asyncbase.py iterate [line:68] INFO Select clients [np.int64(4)] at time 17.
2026-09-24 22:09:42,220 asyncbase.py iterate [line:73] INFO Receive new models from clients [9, 15] at time 17
2026-09-24 22:09:42,272 fedbase.py run [line:311] INFO --------------Round 15--------------
2026-09-24 22:09:42,273 simple_logger.py log_once [line:14] INFO Current_time:17
2026-09-24 22:09:43,758 simple_logger.py log_once [line:28] INFO test_accuracy                 0.2100
2026-09-24 22:09:43,758 simple_logger.py log_once [line:28] INFO test_loss                     2.7514
2026-09-24 22:09:43,758 simple_logger.py log_once [line:28] INFO val_accuracy                  0.2101
2026-09-24 22:09:43,758 simple_logger.py log_once [line:28] INFO mean_val_accuracy             0.2114
2026-09-24 22:09:43,758 simple_logger.py log_once [line:28] INFO std_val_accuracy              0.3286
2026-09-24 22:09:43,758 simple_logger.py log_once [line:28] INFO val_loss                      2.7590
2026-09-24 22:09:43,758 simple_logger.py log_once [line:28] INFO mean_val_loss                 2.7546
2026-09-24 22:09:43,758 simple_logger.py log_once [line:28] INFO std_val_loss                  1.4543
2026-09-24 22:09:43,758 fedbase.py run [line:316] INFO Eval Time Cost:               1.4854s
2026-09-24 22:09:43,768 asyncbase.py iterate [line:68] INFO Select clients [np.int64(6), np.int64(17), np.int64(7)] at time 18.
2026-09-24 22:09:44,709 asyncbase.py iterate [line:73] INFO Receive new models from clients [4, 3, 6] at time 18
2026-09-24 22:09:44,772 fedbase.py run [line:311] INFO --------------Round 16--------------
2026-09-24 22:09:44,772 simple_logger.py log_once [line:14] INFO Current_time:18
2026-09-24 22:09:46,264 simple_logger.py log_once [line:28] INFO test_accuracy                 0.1063
2026-09-24 22:09:46,265 simple_logger.py log_once [line:28] INFO test_loss                     4.6205
2026-09-24 22:09:46,265 simple_logger.py log_once [line:28] INFO val_accuracy                  0.1078
2026-09-24 22:09:46,265 simple_logger.py log_once [line:28] INFO mean_val_accuracy             0.1079
2026-09-24 22:09:46,265 simple_logger.py log_once [line:28] INFO std_val_accuracy              0.2837
2026-09-24 22:09:46,265 simple_logger.py log_once [line:28] INFO val_loss                      4.5916
2026-09-24 22:09:46,265 simple_logger.py log_once [line:28] INFO mean_val_loss                 4.5914
2026-09-24 22:09:46,265 simple_logger.py log_once [line:28] INFO std_val_loss                  2.2084
2026-09-24 22:09:46,265 fedbase.py run [line:316] INFO Eval Time Cost:               1.4927s
2026-09-24 22:09:46,274 asyncbase.py iterate [line:68] INFO Select clients [np.int64(10), np.int64(8), np.int64(18)] at time 19.
2026-09-24 22:09:47,229 asyncbase.py iterate [line:73] INFO Receive new models from clients [17, 1, 10, 8] at time 19
2026-09-24 22:09:47,302 fedbase.py run [line:311] INFO --------------Round 17--------------
2026-09-24 22:09:47,302 simple_logger.py log_once [line:14] INFO Current_time:19
2026-09-24 22:09:48,782 simple_logger.py log_once [line:28] INFO test_accuracy                 0.2045
2026-09-24 22:09:48,782 simple_logger.py log_once [line:28] INFO test_loss                     2.8512
2026-09-24 22:09:48,782 simple_logger.py log_once [line:28] INFO val_accuracy                  0.2040
2026-09-24 22:09:48,782 simple_logger.py log_once [line:28] INFO mean_val_accuracy             0.2043
2026-09-24 22:09:48,782 simple_logger.py log_once [line:28] INFO std_val_accuracy              0.3588
2026-09-24 22:09:48,782 simple_logger.py log_once [line:28] INFO val_loss                      2.8283
2026-09-24 22:09:48,782 simple_logger.py log_once [line:28] INFO mean_val_loss                 2.8271
2026-09-24 22:09:48,782 simple_logger.py log_once [line:28] INFO std_val_loss                  1.4055
2026-09-24 22:09:48,782 fedbase.py run [line:316] INFO Eval Time Cost:               1.4798s
2026-09-24 22:09:48,793 asyncbase.py iterate [line:68] INFO Select clients [np.int64(12), np.int64(4), np.int64(16), np.int64(19)] at time 20.
2026-09-24 22:09:50,051 asyncbase.py iterate [line:73] INFO Receive new models from clients [18, 19, 7] at time 20
2026-09-24 22:09:50,115 fedbase.py run [line:311] INFO --------------Round 18--------------
2026-09-24 22:09:50,130 simple_logger.py log_once [line:14] INFO Current_time:20
2026-09-24 22:09:51,642 simple_logger.py log_once [line:28] INFO test_accuracy                 0.1028
2026-09-24 22:09:51,642 simple_logger.py log_once [line:28] INFO test_loss                     2.4066
2026-09-24 22:09:51,642 simple_logger.py log_once [line:28] INFO val_accuracy                  0.1043
2026-09-24 22:09:51,642 simple_logger.py log_once [line:28] INFO mean_val_accuracy             0.1043
2026-09-24 22:09:51,643 simple_logger.py log_once [line:28] INFO std_val_accuracy              0.2848
2026-09-24 22:09:51,643 simple_logger.py log_once [line:28] INFO val_loss                      2.4061
2026-09-24 22:09:51,643 simple_logger.py log_once [line:28] INFO mean_val_loss                 2.4050
2026-09-24 22:09:51,643 simple_logger.py log_once [line:28] INFO std_val_loss                  0.5434
2026-09-24 22:09:51,643 fedbase.py run [line:316] INFO Eval Time Cost:               1.5129s
2026-09-24 22:09:51,654 asyncbase.py iterate [line:68] INFO Select clients [np.int64(15), np.int64(10), np.int64(14)] at time 21.
2026-09-24 22:09:52,591 asyncbase.py iterate [line:73] INFO Receive new models from clients [16, 15] at time 21
2026-09-24 22:09:52,643 fedbase.py run [line:311] INFO --------------Round 19--------------
2026-09-24 22:09:52,644 simple_logger.py log_once [line:14] INFO Current_time:21
2026-09-24 22:09:54,125 simple_logger.py log_once [line:28] INFO test_accuracy                 0.2399
2026-09-24 22:09:54,125 simple_logger.py log_once [line:28] INFO test_loss                     2.4512
2026-09-24 22:09:54,125 simple_logger.py log_once [line:28] INFO val_accuracy                  0.2371
2026-09-24 22:09:54,125 simple_logger.py log_once [line:28] INFO mean_val_accuracy             0.2379
2026-09-24 22:09:54,125 simple_logger.py log_once [line:28] INFO std_val_accuracy              0.3468
2026-09-24 22:09:54,125 simple_logger.py log_once [line:28] INFO val_loss                      2.4595
2026-09-24 22:09:54,126 simple_logger.py log_once [line:28] INFO mean_val_loss                 2.4571
2026-09-24 22:09:54,126 simple_logger.py log_once [line:28] INFO std_val_loss                  1.0790
2026-09-24 22:09:54,126 fedbase.py run [line:316] INFO Eval Time Cost:               1.4821s
2026-09-24 22:09:54,134 asyncbase.py iterate [line:68] INFO Select clients [np.int64(6), np.int64(0)] at time 22.
2026-09-24 22:09:54,755 asyncbase.py iterate [line:73] INFO Receive new models from clients [4, 0] at time 22
2026-09-24 22:09:54,808 fedbase.py run [line:311] INFO --------------Round 20--------------
2026-09-24 22:09:54,808 simple_logger.py log_once [line:14] INFO Current_time:22
2026-09-24 22:09:56,298 simple_logger.py log_once [line:28] INFO test_accuracy                 0.2666
2026-09-24 22:09:56,298 simple_logger.py log_once [line:28] INFO test_loss                     5.0152
2026-09-24 22:09:56,298 simple_logger.py log_once [line:28] INFO val_accuracy                  0.2647
2026-09-24 22:09:56,298 simple_logger.py log_once [line:28] INFO mean_val_accuracy             0.2653
2026-09-24 22:09:56,298 simple_logger.py log_once [line:28] INFO std_val_accuracy              0.3631
2026-09-24 22:09:56,298 simple_logger.py log_once [line:28] INFO val_loss                      5.0288
2026-09-24 22:09:56,298 simple_logger.py log_once [line:28] INFO mean_val_loss                 5.0193
2026-09-24 22:09:56,298 simple_logger.py log_once [line:28] INFO std_val_loss                  3.6444
2026-09-24 22:09:56,298 fedbase.py run [line:316] INFO Eval Time Cost:               1.4901s
2026-09-24 22:09:56,308 asyncbase.py iterate [line:68] INFO Select clients [np.int64(15), np.int64(0)] at time 23.
2026-09-24 22:09:56,930 asyncbase.py iterate [line:73] INFO Receive new models from clients [14, 10, 12] at time 23
2026-09-24 22:09:56,993 fedbase.py run [line:311] INFO --------------Round 21--------------
2026-09-24 22:09:56,993 simple_logger.py log_once [line:14] INFO Current_time:23
2026-09-24 22:09:58,479 simple_logger.py log_once [line:28] INFO test_accuracy                 0.2041
2026-09-24 22:09:58,479 simple_logger.py log_once [line:28] INFO test_loss                     4.1245
2026-09-24 22:09:58,479 simple_logger.py log_once [line:28] INFO val_accuracy                  0.2010
2026-09-24 22:09:58,479 simple_logger.py log_once [line:28] INFO mean_val_accuracy             0.2000
2026-09-24 22:09:58,479 simple_logger.py log_once [line:28] INFO std_val_accuracy              0.3506
2026-09-24 22:09:58,479 simple_logger.py log_once [line:28] INFO val_loss                      4.1610
2026-09-24 22:09:58,479 simple_logger.py log_once [line:28] INFO mean_val_loss                 4.1595
2026-09-24 22:09:58,479 simple_logger.py log_once [line:28] INFO std_val_loss                  2.3987
2026-09-24 22:09:58,479 fedbase.py run [line:316] INFO Eval Time Cost:               1.4858s
2026-09-24 22:09:58,489 asyncbase.py iterate [line:68] INFO Select clients [np.int64(9)] at time 24.
2026-09-24 22:09:58,803 asyncbase.py iterate [line:73] INFO Receive new models from clients [0, 9] at time 24
2026-09-24 22:09:58,857 fedbase.py run [line:311] INFO --------------Round 22--------------
2026-09-24 22:09:58,857 simple_logger.py log_once [line:14] INFO Current_time:24
2026-09-24 22:10:00,343 simple_logger.py log_once [line:28] INFO test_accuracy                 0.3030
2026-09-24 22:10:00,343 simple_logger.py log_once [line:28] INFO test_loss                     2.1388
2026-09-24 22:10:00,343 simple_logger.py log_once [line:28] INFO val_accuracy                  0.2880
2026-09-24 22:10:00,343 simple_logger.py log_once [line:28] INFO mean_val_accuracy             0.2894
2026-09-24 22:10:00,344 simple_logger.py log_once [line:28] INFO std_val_accuracy              0.3253
2026-09-24 22:10:00,344 simple_logger.py log_once [line:28] INFO val_loss                      2.1645
2026-09-24 22:10:00,344 simple_logger.py log_once [line:28] INFO mean_val_loss                 2.1607
2026-09-24 22:10:00,344 simple_logger.py log_once [line:28] INFO std_val_loss                  1.0191
2026-09-24 22:10:00,344 fedbase.py run [line:316] INFO Eval Time Cost:               1.4864s
2026-09-24 22:10:00,353 asyncbase.py iterate [line:68] INFO Select clients [np.int64(1), np.int64(14), np.int64(10)] at time 25.
2026-09-24 22:10:01,284 asyncbase.py iterate [line:73] INFO Receive new models from clients [6, 15] at time 25
2026-09-24 22:10:01,338 fedbase.py run [line:311] INFO --------------Round 23--------------
2026-09-24 22:10:01,338 simple_logger.py log_once [line:14] INFO Current_time:25
2026-09-24 22:10:02,838 simple_logger.py log_once [line:28] INFO test_accuracy                 0.2684
2026-09-24 22:10:02,838 simple_logger.py log_once [line:28] INFO test_loss                     2.4733
2026-09-24 22:10:02,838 simple_logger.py log_once [line:28] INFO val_accuracy                  0.2657
2026-09-24 22:10:02,838 simple_logger.py log_once [line:28] INFO mean_val_accuracy             0.2663
2026-09-24 22:10:02,838 simple_logger.py log_once [line:28] INFO std_val_accuracy              0.3631
2026-09-24 22:10:02,838 simple_logger.py log_once [line:28] INFO val_loss                      2.4689
2026-09-24 22:10:02,838 simple_logger.py log_once [line:28] INFO mean_val_loss                 2.4668
2026-09-24 22:10:02,838 simple_logger.py log_once [line:28] INFO std_val_loss                  1.2779
2026-09-24 22:10:02,839 fedbase.py run [line:316] INFO Eval Time Cost:               1.5009s
2026-09-24 22:10:02,849 asyncbase.py iterate [line:68] INFO Select clients [np.int64(9), np.int64(8), np.int64(4)] at time 26.
2026-09-24 22:10:03,866 asyncbase.py iterate [line:73] INFO Receive new models from clients [14, 8] at time 26
2026-09-24 22:10:03,921 fedbase.py run [line:311] INFO --------------Round 24--------------
2026-09-24 22:10:03,921 simple_logger.py log_once [line:14] INFO Current_time:26
2026-09-24 22:10:05,528 simple_logger.py log_once [line:28] INFO test_accuracy                 0.3005
2026-09-24 22:10:05,528 simple_logger.py log_once [line:28] INFO test_loss                     2.4140
2026-09-24 22:10:05,529 simple_logger.py log_once [line:28] INFO val_accuracy                  0.2991
2026-09-24 22:10:05,529 simple_logger.py log_once [line:28] INFO mean_val_accuracy             0.2994
2026-09-24 22:10:05,529 simple_logger.py log_once [line:28] INFO std_val_accuracy              0.4047
2026-09-24 22:10:05,529 simple_logger.py log_once [line:28] INFO val_loss                      2.4069
2026-09-24 22:10:05,529 simple_logger.py log_once [line:28] INFO mean_val_loss                 2.4052
2026-09-24 22:10:05,529 simple_logger.py log_once [line:28] INFO std_val_loss                  1.4077
2026-09-24 22:10:05,529 fedbase.py run [line:316] INFO Eval Time Cost:               1.6076s
2026-09-24 22:10:05,537 asyncbase.py iterate [line:68] INFO Select clients [np.int64(15), np.int64(6)] at time 27.
2026-09-24 22:10:06,164 asyncbase.py iterate [line:73] INFO Receive new models from clients [1, 9, 15, 10] at time 27
2026-09-24 22:10:06,237 fedbase.py run [line:311] INFO --------------Round 25--------------
2026-09-24 22:10:06,237 simple_logger.py log_once [line:14] INFO Current_time:27
2026-09-24 22:10:07,721 simple_logger.py log_once [line:28] INFO test_accuracy                 0.2060
2026-09-24 22:10:07,721 simple_logger.py log_once [line:28] INFO test_loss                     3.2797
2026-09-24 22:10:07,721 simple_logger.py log_once [line:28] INFO val_accuracy                  0.2051
2026-09-24 22:10:07,721 simple_logger.py log_once [line:28] INFO mean_val_accuracy             0.2062
2026-09-24 22:10:07,721 simple_logger.py log_once [line:28] INFO std_val_accuracy              0.3470
2026-09-24 22:10:07,721 simple_logger.py log_once [line:28] INFO val_loss                      3.2684
2026-09-24 22:10:07,721 simple_logger.py log_once [line:28] INFO mean_val_loss                 3.2613
2026-09-24 22:10:07,721 simple_logger.py log_once [line:28] INFO std_val_loss                  1.9194
2026-09-24 22:10:07,721 fedbase.py run [line:316] INFO Eval Time Cost:               1.4845s
2026-09-24 22:10:07,732 asyncbase.py iterate [line:68] INFO Select clients [np.int64(17), np.int64(10), np.int64(19)] at time 28.
2026-09-24 22:10:08,673 asyncbase.py iterate [line:73] INFO Receive new models from clients [4] at time 29
2026-09-24 22:10:08,708 fedbase.py run [line:311] INFO --------------Round 26--------------
2026-09-24 22:10:08,709 simple_logger.py log_once [line:14] INFO Current_time:29
2026-09-24 22:10:10,183 simple_logger.py log_once [line:28] INFO test_accuracy                 0.3871
2026-09-24 22:10:10,183 simple_logger.py log_once [line:28] INFO test_loss                     1.9158
2026-09-24 22:10:10,183 simple_logger.py log_once [line:28] INFO val_accuracy                  0.3829
2026-09-24 22:10:10,183 simple_logger.py log_once [line:28] INFO mean_val_accuracy             0.3838
2026-09-24 22:10:10,183 simple_logger.py log_once [line:28] INFO std_val_accuracy              0.3748
2026-09-24 22:10:10,183 simple_logger.py log_once [line:28] INFO val_loss                      1.9084
2026-09-24 22:10:10,183 simple_logger.py log_once [line:28] INFO mean_val_loss                 1.9044
2026-09-24 22:10:10,183 simple_logger.py log_once [line:28] INFO std_val_loss                  1.2409
2026-09-24 22:10:10,183 fedbase.py run [line:316] INFO Eval Time Cost:               1.4748s
2026-09-24 22:10:10,192 asyncbase.py iterate [line:68] INFO Select clients [np.int64(7), np.int64(0)] at time 30.
2026-09-24 22:10:10,813 asyncbase.py iterate [line:73] INFO Receive new models from clients [19, 6] at time 30
2026-09-24 22:10:10,867 fedbase.py run [line:311] INFO --------------Round 27--------------
2026-09-24 22:10:10,867 simple_logger.py log_once [line:14] INFO Current_time:30
2026-09-24 22:10:12,358 simple_logger.py log_once [line:28] INFO test_accuracy                 0.4659
2026-09-24 22:10:12,358 simple_logger.py log_once [line:28] INFO test_loss                     1.7180
2026-09-24 22:10:12,358 simple_logger.py log_once [line:28] INFO val_accuracy                  0.4730
2026-09-24 22:10:12,358 simple_logger.py log_once [line:28] INFO mean_val_accuracy             0.4740
2026-09-24 22:10:12,358 simple_logger.py log_once [line:28] INFO std_val_accuracy              0.3519
2026-09-24 22:10:12,358 simple_logger.py log_once [line:28] INFO val_loss                      1.7089
2026-09-24 22:10:12,358 simple_logger.py log_once [line:28] INFO mean_val_loss                 1.7049
2026-09-24 22:10:12,358 simple_logger.py log_once [line:28] INFO std_val_loss                  1.2279
2026-09-24 22:10:12,358 fedbase.py run [line:316] INFO Eval Time Cost:               1.4911s
2026-09-24 22:10:12,369 asyncbase.py iterate [line:68] INFO Select clients [np.int64(4)] at time 31.
2026-09-24 22:10:12,676 asyncbase.py iterate [line:73] INFO Receive new models from clients [10, 17] at time 31
2026-09-24 22:10:12,732 fedbase.py run [line:311] INFO --------------Round 28--------------
2026-09-24 22:10:12,732 simple_logger.py log_once [line:14] INFO Current_time:31
2026-09-24 22:10:14,223 simple_logger.py log_once [line:28] INFO test_accuracy                 0.3378
2026-09-24 22:10:14,223 simple_logger.py log_once [line:28] INFO test_loss                     4.4094
2026-09-24 22:10:14,223 simple_logger.py log_once [line:28] INFO val_accuracy                  0.3361
2026-09-24 22:10:14,223 simple_logger.py log_once [line:28] INFO mean_val_accuracy             0.3366
2026-09-24 22:10:14,223 simple_logger.py log_once [line:28] INFO std_val_accuracy              0.3838
2026-09-24 22:10:14,223 simple_logger.py log_once [line:28] INFO val_loss                      4.3892
2026-09-24 22:10:14,223 simple_logger.py log_once [line:28] INFO mean_val_loss                 4.3836
2026-09-24 22:10:14,223 simple_logger.py log_once [line:28] INFO std_val_loss                  3.2651
2026-09-24 22:10:14,223 fedbase.py run [line:316] INFO Eval Time Cost:               1.4910s
2026-09-24 22:10:14,232 asyncbase.py iterate [line:68] INFO Select clients [np.int64(17), np.int64(18)] at time 32.
2026-09-24 22:10:14,858 asyncbase.py iterate [line:73] INFO Receive new models from clients [0, 7, 18, 4] at time 32
2026-09-24 22:10:14,930 fedbase.py run [line:311] INFO --------------Round 29--------------
2026-09-24 22:10:14,930 simple_logger.py log_once [line:14] INFO Current_time:32
2026-09-24 22:10:16,402 simple_logger.py log_once [line:28] INFO test_accuracy                 0.3883
2026-09-24 22:10:16,402 simple_logger.py log_once [line:28] INFO test_loss                     3.0266
2026-09-24 22:10:16,402 simple_logger.py log_once [line:28] INFO val_accuracy                  0.3752
2026-09-24 22:10:16,402 simple_logger.py log_once [line:28] INFO mean_val_accuracy             0.3760
2026-09-24 22:10:16,402 simple_logger.py log_once [line:28] INFO std_val_accuracy              0.3619
2026-09-24 22:10:16,402 simple_logger.py log_once [line:28] INFO val_loss                      3.0876
2026-09-24 22:10:16,402 simple_logger.py log_once [line:28] INFO mean_val_loss                 3.0803
2026-09-24 22:10:16,402 simple_logger.py log_once [line:28] INFO std_val_loss                  2.2477
2026-09-24 22:10:16,402 fedbase.py run [line:316] INFO Eval Time Cost:               1.4718s
2026-09-24 22:10:16,412 asyncbase.py iterate [line:68] INFO Select clients [np.int64(12), np.int64(4), np.int64(8), np.int64(10), np.int64(3)] at time 33.
2026-09-24 22:10:18,011 asyncbase.py iterate [line:73] INFO Receive new models from clients [8, 10] at time 33
2026-09-24 22:10:18,066 fedbase.py run [line:311] INFO --------------Round 30--------------
2026-09-24 22:10:18,066 simple_logger.py log_once [line:14] INFO Current_time:33
2026-09-24 22:10:19,544 simple_logger.py log_once [line:28] INFO test_accuracy                 0.4843
2026-09-24 22:10:19,544 simple_logger.py log_once [line:28] INFO test_loss                     1.8389
2026-09-24 22:10:19,544 simple_logger.py log_once [line:28] INFO val_accuracy                  0.4763
2026-09-24 22:10:19,544 simple_logger.py log_once [line:28] INFO mean_val_accuracy             0.4771
2026-09-24 22:10:19,544 simple_logger.py log_once [line:28] INFO std_val_accuracy              0.3697
2026-09-24 22:10:19,544 simple_logger.py log_once [line:28] INFO val_loss                      1.8347
2026-09-24 22:10:19,544 simple_logger.py log_once [line:28] INFO mean_val_loss                 1.8300
2026-09-24 22:10:19,544 simple_logger.py log_once [line:28] INFO std_val_loss                  1.5431
2026-09-24 22:10:19,545 fedbase.py run [line:316] INFO Eval Time Cost:               1.4785s
2026-09-24 22:10:19,553 asyncbase.py iterate [line:68] INFO Select clients [np.int64(19)] at time 34.
2026-09-24 22:10:19,873 asyncbase.py iterate [line:73] INFO Receive new models from clients [3] at time 34
2026-09-24 22:10:19,906 fedbase.py run [line:311] INFO --------------Round 31--------------
2026-09-24 22:10:19,906 simple_logger.py log_once [line:14] INFO Current_time:34
2026-09-24 22:10:21,377 simple_logger.py log_once [line:28] INFO test_accuracy                 0.1788
2026-09-24 22:10:21,377 simple_logger.py log_once [line:28] INFO test_loss                     7.8947
2026-09-24 22:10:21,377 simple_logger.py log_once [line:28] INFO val_accuracy                  0.1731
2026-09-24 22:10:21,377 simple_logger.py log_once [line:28] INFO mean_val_accuracy             0.1728
2026-09-24 22:10:21,377 simple_logger.py log_once [line:28] INFO std_val_accuracy              0.3041
2026-09-24 22:10:21,377 simple_logger.py log_once [line:28] INFO val_loss                      7.9235
2026-09-24 22:10:21,377 simple_logger.py log_once [line:28] INFO mean_val_loss                 7.9339
2026-09-24 22:10:21,377 simple_logger.py log_once [line:28] INFO std_val_loss                  4.1907
2026-09-24 22:10:21,377 fedbase.py run [line:316] INFO Eval Time Cost:               1.4712s
2026-09-24 22:10:21,386 asyncbase.py iterate [line:73] INFO Receive new models from clients [17, 4] at time 35
2026-09-24 22:10:21,439 fedbase.py run [line:311] INFO --------------Round 32--------------
2026-09-24 22:10:21,439 simple_logger.py log_once [line:14] INFO Current_time:35
2026-09-24 22:10:22,949 simple_logger.py log_once [line:28] INFO test_accuracy                 0.3931
2026-09-24 22:10:22,949 simple_logger.py log_once [line:28] INFO test_loss                     2.1620
2026-09-24 22:10:22,949 simple_logger.py log_once [line:28] INFO val_accuracy                  0.3992
2026-09-24 22:10:22,949 simple_logger.py log_once [line:28] INFO mean_val_accuracy             0.3998
2026-09-24 22:10:22,949 simple_logger.py log_once [line:28] INFO std_val_accuracy              0.3120
2026-09-24 22:10:22,949 simple_logger.py log_once [line:28] INFO val_loss                      2.1845
2026-09-24 22:10:22,949 simple_logger.py log_once [line:28] INFO mean_val_loss                 2.1805
2026-09-24 22:10:22,949 simple_logger.py log_once [line:28] INFO std_val_loss                  1.4663
2026-09-24 22:10:22,949 fedbase.py run [line:316] INFO Eval Time Cost:               1.5103s
2026-09-24 22:10:22,959 asyncbase.py iterate [line:68] INFO Select clients [np.int64(0), np.int64(9), np.int64(5), np.int64(14)] at time 36.
2026-09-24 22:10:24,223 asyncbase.py iterate [line:73] INFO Receive new models from clients [12, 19, 5, 9] at time 36
2026-09-24 22:10:24,294 fedbase.py run [line:311] INFO --------------Round 33--------------
2026-09-24 22:10:24,294 simple_logger.py log_once [line:14] INFO Current_time:36
2026-09-24 22:10:25,768 simple_logger.py log_once [line:28] INFO test_accuracy                 0.3065
2026-09-24 22:10:25,768 simple_logger.py log_once [line:28] INFO test_loss                     1.8823
2026-09-24 22:10:25,768 simple_logger.py log_once [line:28] INFO val_accuracy                  0.3049
2026-09-24 22:10:25,768 simple_logger.py log_once [line:28] INFO mean_val_accuracy             0.3057
2026-09-24 22:10:25,768 simple_logger.py log_once [line:28] INFO std_val_accuracy              0.3916
2026-09-24 22:10:25,768 simple_logger.py log_once [line:28] INFO val_loss                      1.8899
2026-09-24 22:10:25,768 simple_logger.py log_once [line:28] INFO mean_val_loss                 1.8860
2026-09-24 22:10:25,768 simple_logger.py log_once [line:28] INFO std_val_loss                  1.0562
2026-09-24 22:10:25,768 fedbase.py run [line:316] INFO Eval Time Cost:               1.4745s
2026-09-24 22:10:25,777 asyncbase.py iterate [line:68] INFO Select clients [np.int64(3), np.int64(13)] at time 37.
2026-09-24 22:10:26,411 asyncbase.py iterate [line:73] INFO Receive new models from clients [13] at time 37
2026-09-24 22:10:26,443 fedbase.py run [line:311] INFO --------------Round 34--------------
2026-09-24 22:10:26,443 simple_logger.py log_once [line:14] INFO Current_time:37
2026-09-24 22:10:27,921 simple_logger.py log_once [line:28] INFO test_accuracy                 0.2955
2026-09-24 22:10:27,921 simple_logger.py log_once [line:28] INFO test_loss                     2.8036
2026-09-24 22:10:27,921 simple_logger.py log_once [line:28] INFO val_accuracy                  0.2917
2026-09-24 22:10:27,921 simple_logger.py log_once [line:28] INFO mean_val_accuracy             0.2924
2026-09-24 22:10:27,921 simple_logger.py log_once [line:28] INFO std_val_accuracy              0.3750
2026-09-24 22:10:27,921 simple_logger.py log_once [line:28] INFO val_loss                      2.7684
2026-09-24 22:10:27,921 simple_logger.py log_once [line:28] INFO mean_val_loss                 2.7639
2026-09-24 22:10:27,921 simple_logger.py log_once [line:28] INFO std_val_loss                  1.7921
2026-09-24 22:10:27,921 fedbase.py run [line:316] INFO Eval Time Cost:               1.4779s
2026-09-24 22:10:27,930 asyncbase.py iterate [line:68] INFO Select clients [np.int64(16), np.int64(7), np.int64(13)] at time 38.
2026-09-24 22:10:28,876 asyncbase.py iterate [line:73] INFO Receive new models from clients [14] at time 38
2026-09-24 22:10:28,911 fedbase.py run [line:311] INFO --------------Round 35--------------
2026-09-24 22:10:28,911 simple_logger.py log_once [line:14] INFO Current_time:38
2026-09-24 22:10:30,494 simple_logger.py log_once [line:28] INFO test_accuracy                 0.2754
2026-09-24 22:10:30,494 simple_logger.py log_once [line:28] INFO test_loss                     2.3405
2026-09-24 22:10:30,494 simple_logger.py log_once [line:28] INFO val_accuracy                  0.2760
2026-09-24 22:10:30,494 simple_logger.py log_once [line:28] INFO mean_val_accuracy             0.2767
2026-09-24 22:10:30,494 simple_logger.py log_once [line:28] INFO std_val_accuracy              0.3399
2026-09-24 22:10:30,494 simple_logger.py log_once [line:28] INFO val_loss                      2.3727
2026-09-24 22:10:30,494 simple_logger.py log_once [line:28] INFO mean_val_loss                 2.3708
2026-09-24 22:10:30,494 simple_logger.py log_once [line:28] INFO std_val_loss                  1.2860
2026-09-24 22:10:30,494 fedbase.py run [line:316] INFO Eval Time Cost:               1.5835s
2026-09-24 22:10:30,504 asyncbase.py iterate [line:68] INFO Select clients [np.int64(15)] at time 39.
2026-09-24 22:10:30,828 asyncbase.py iterate [line:73] INFO Receive new models from clients [0] at time 39
2026-09-24 22:10:30,861 fedbase.py run [line:311] INFO --------------Round 36--------------
2026-09-24 22:10:30,861 simple_logger.py log_once [line:14] INFO Current_time:39
2026-09-24 22:10:32,345 simple_logger.py log_once [line:28] INFO test_accuracy                 0.3972
2026-09-24 22:10:32,345 simple_logger.py log_once [line:28] INFO test_loss                     1.7686
2026-09-24 22:10:32,345 simple_logger.py log_once [line:28] INFO val_accuracy                  0.3882
2026-09-24 22:10:32,345 simple_logger.py log_once [line:28] INFO mean_val_accuracy             0.3894
2026-09-24 22:10:32,345 simple_logger.py log_once [line:28] INFO std_val_accuracy              0.3873
2026-09-24 22:10:32,345 simple_logger.py log_once [line:28] INFO val_loss                      1.7838
2026-09-24 22:10:32,345 simple_logger.py log_once [line:28] INFO mean_val_loss                 1.7798
2026-09-24 22:10:32,345 simple_logger.py log_once [line:28] INFO std_val_loss                  1.0373
2026-09-24 22:10:32,345 fedbase.py run [line:316] INFO Eval Time Cost:               1.4840s
2026-09-24 22:10:32,353 asyncbase.py iterate [line:68] INFO Select clients [np.int64(14)] at time 40.
2026-09-24 22:10:32,672 asyncbase.py iterate [line:73] INFO Receive new models from clients [13, 14, 3, 7] at time 40
2026-09-24 22:10:32,742 fedbase.py run [line:311] INFO --------------Round 37--------------
2026-09-24 22:10:32,743 simple_logger.py log_once [line:14] INFO Current_time:40
2026-09-24 22:10:34,253 simple_logger.py log_once [line:28] INFO test_accuracy                 0.5190
2026-09-24 22:10:34,253 simple_logger.py log_once [line:28] INFO test_loss                     1.4717
2026-09-24 22:10:34,253 simple_logger.py log_once [line:28] INFO val_accuracy                  0.4915
2026-09-24 22:10:34,253 simple_logger.py log_once [line:28] INFO mean_val_accuracy             0.4921
2026-09-24 22:10:34,253 simple_logger.py log_once [line:28] INFO std_val_accuracy              0.3433
2026-09-24 22:10:34,253 simple_logger.py log_once [line:28] INFO val_loss                      1.4840
2026-09-24 22:10:34,253 simple_logger.py log_once [line:28] INFO mean_val_loss                 1.4822
2026-09-24 22:10:34,253 simple_logger.py log_once [line:28] INFO std_val_loss                  0.8987
2026-09-24 22:10:34,253 fedbase.py run [line:316] INFO Eval Time Cost:               1.5104s
2026-09-24 22:10:34,263 asyncbase.py iterate [line:68] INFO Select clients [np.int64(8), np.int64(0), np.int64(18)] at time 41.
2026-09-24 22:10:35,205 asyncbase.py iterate [line:73] INFO Receive new models from clients [15, 8, 16] at time 41
2026-09-24 22:10:35,272 fedbase.py run [line:311] INFO --------------Round 38--------------
2026-09-24 22:10:35,272 simple_logger.py log_once [line:14] INFO Current_time:41
2026-09-24 22:10:36,740 simple_logger.py log_once [line:28] INFO test_accuracy                 0.5137
2026-09-24 22:10:36,740 simple_logger.py log_once [line:28] INFO test_loss                     1.5696
2026-09-24 22:10:36,740 simple_logger.py log_once [line:28] INFO val_accuracy                  0.5038
2026-09-24 22:10:36,740 simple_logger.py log_once [line:28] INFO mean_val_accuracy             0.5044
2026-09-24 22:10:36,740 simple_logger.py log_once [line:28] INFO std_val_accuracy              0.3476
2026-09-24 22:10:36,740 simple_logger.py log_once [line:28] INFO val_loss                      1.5820
2026-09-24 22:10:36,740 simple_logger.py log_once [line:28] INFO mean_val_loss                 1.5796
2026-09-24 22:10:36,741 simple_logger.py log_once [line:28] INFO std_val_loss                  1.1796
2026-09-24 22:10:36,741 fedbase.py run [line:316] INFO Eval Time Cost:               1.4686s
2026-09-24 22:10:36,751 asyncbase.py iterate [line:68] INFO Select clients [np.int64(8), np.int64(4), np.int64(9)] at time 42.
2026-09-24 22:10:37,686 asyncbase.py iterate [line:73] INFO Receive new models from clients [9] at time 42
2026-09-24 22:10:37,721 fedbase.py run [line:311] INFO --------------Round 39--------------
2026-09-24 22:10:37,721 simple_logger.py log_once [line:14] INFO Current_time:42
2026-09-24 22:10:39,199 simple_logger.py log_once [line:28] INFO test_accuracy                 0.3719
2026-09-24 22:10:39,199 simple_logger.py log_once [line:28] INFO test_loss                     2.3138
2026-09-24 22:10:39,199 simple_logger.py log_once [line:28] INFO val_accuracy                  0.3683
2026-09-24 22:10:39,199 simple_logger.py log_once [line:28] INFO mean_val_accuracy             0.3700
2026-09-24 22:10:39,199 simple_logger.py log_once [line:28] INFO std_val_accuracy              0.3624
2026-09-24 22:10:39,199 simple_logger.py log_once [line:28] INFO val_loss                      2.3765
2026-09-24 22:10:39,199 simple_logger.py log_once [line:28] INFO mean_val_loss                 2.3686
2026-09-24 22:10:39,200 simple_logger.py log_once [line:28] INFO std_val_loss                  1.5749
2026-09-24 22:10:39,200 fedbase.py run [line:316] INFO Eval Time Cost:               1.4790s
2026-09-24 22:10:39,211 asyncbase.py iterate [line:68] INFO Select clients [np.int64(1)] at time 43.
2026-09-24 22:10:39,528 asyncbase.py iterate [line:73] INFO Receive new models from clients [4] at time 43
2026-09-24 22:10:39,561 fedbase.py run [line:311] INFO --------------Round 40--------------
2026-09-24 22:10:39,561 simple_logger.py log_once [line:14] INFO Current_time:43
2026-09-24 22:10:41,045 simple_logger.py log_once [line:28] INFO test_accuracy                 0.5103
2026-09-24 22:10:41,045 simple_logger.py log_once [line:28] INFO test_loss                     1.4937
2026-09-24 22:10:41,045 simple_logger.py log_once [line:28] INFO val_accuracy                  0.4954
2026-09-24 22:10:41,045 simple_logger.py log_once [line:28] INFO mean_val_accuracy             0.4966
2026-09-24 22:10:41,045 simple_logger.py log_once [line:28] INFO std_val_accuracy              0.3836
2026-09-24 22:10:41,045 simple_logger.py log_once [line:28] INFO val_loss                      1.4980
2026-09-24 22:10:41,045 simple_logger.py log_once [line:28] INFO mean_val_loss                 1.4942
2026-09-24 22:10:41,045 simple_logger.py log_once [line:28] INFO std_val_loss                  0.9736
2026-09-24 22:10:41,045 fedbase.py run [line:316] INFO Eval Time Cost:               1.4840s
2026-09-24 22:10:41,056 asyncbase.py iterate [line:68] INFO Select clients [np.int64(14)] at time 44.
2026-09-24 22:10:41,367 asyncbase.py iterate [line:73] INFO Receive new models from clients [8, 0, 18] at time 44
2026-09-24 22:10:41,429 fedbase.py run [line:311] INFO --------------Round 41--------------
2026-09-24 22:10:41,429 simple_logger.py log_once [line:14] INFO Current_time:44
2026-09-24 22:10:42,914 simple_logger.py log_once [line:28] INFO test_accuracy                 0.5734
2026-09-24 22:10:42,914 simple_logger.py log_once [line:28] INFO test_loss                     1.2886
2026-09-24 22:10:42,914 simple_logger.py log_once [line:28] INFO val_accuracy                  0.5663
2026-09-24 22:10:42,914 simple_logger.py log_once [line:28] INFO mean_val_accuracy             0.5677
2026-09-24 22:10:42,914 simple_logger.py log_once [line:28] INFO std_val_accuracy              0.4036
2026-09-24 22:10:42,914 simple_logger.py log_once [line:28] INFO val_loss                      1.2901
2026-09-24 22:10:42,914 simple_logger.py log_once [line:28] INFO mean_val_loss                 1.2858
2026-09-24 22:10:42,914 simple_logger.py log_once [line:28] INFO std_val_loss                  1.1619
2026-09-24 22:10:42,914 fedbase.py run [line:316] INFO Eval Time Cost:               1.4855s
2026-09-24 22:10:42,924 asyncbase.py iterate [line:68] INFO Select clients [np.int64(9), np.int64(19)] at time 45.
2026-09-24 22:10:43,556 asyncbase.py iterate [line:68] INFO Select clients [np.int64(0), np.int64(12)] at time 46.
2026-09-24 22:10:44,191 asyncbase.py iterate [line:73] INFO Receive new models from clients [9, 12, 14, 1] at time 46
2026-09-24 22:10:44,261 fedbase.py run [line:311] INFO --------------Round 42--------------
2026-09-24 22:10:44,261 simple_logger.py log_once [line:14] INFO Current_time:46
2026-09-24 22:10:45,745 simple_logger.py log_once [line:28] INFO test_accuracy                 0.6282
2026-09-24 22:10:45,745 simple_logger.py log_once [line:28] INFO test_loss                     1.4015
2026-09-24 22:10:45,745 simple_logger.py log_once [line:28] INFO val_accuracy                  0.6237
2026-09-24 22:10:45,745 simple_logger.py log_once [line:28] INFO mean_val_accuracy             0.6248
2026-09-24 22:10:45,745 simple_logger.py log_once [line:28] INFO std_val_accuracy              0.3533
2026-09-24 22:10:45,745 simple_logger.py log_once [line:28] INFO val_loss                      1.3920
2026-09-24 22:10:45,745 simple_logger.py log_once [line:28] INFO mean_val_loss                 1.3871
2026-09-24 22:10:45,745 simple_logger.py log_once [line:28] INFO std_val_loss                  1.3924
2026-09-24 22:10:45,745 fedbase.py run [line:316] INFO Eval Time Cost:               1.4841s
2026-09-24 22:10:45,756 asyncbase.py iterate [line:68] INFO Select clients [np.int64(16), np.int64(10), np.int64(3)] at time 47.
2026-09-24 22:10:46,700 asyncbase.py iterate [line:73] INFO Receive new models from clients [10] at time 47
2026-09-24 22:10:46,731 fedbase.py run [line:311] INFO --------------Round 43--------------
2026-09-24 22:10:46,731 simple_logger.py log_once [line:14] INFO Current_time:47
2026-09-24 22:10:48,255 simple_logger.py log_once [line:28] INFO test_accuracy                 0.5587
2026-09-24 22:10:48,255 simple_logger.py log_once [line:28] INFO test_loss                     2.3613
2026-09-24 22:10:48,255 simple_logger.py log_once [line:28] INFO val_accuracy                  0.5522
2026-09-24 22:10:48,255 simple_logger.py log_once [line:28] INFO mean_val_accuracy             0.5533
2026-09-24 22:10:48,255 simple_logger.py log_once [line:28] INFO std_val_accuracy              0.3753
2026-09-24 22:10:48,255 simple_logger.py log_once [line:28] INFO val_loss                      2.3372
2026-09-24 22:10:48,255 simple_logger.py log_once [line:28] INFO mean_val_loss                 2.3300
2026-09-24 22:10:48,255 simple_logger.py log_once [line:28] INFO std_val_loss                  2.4125
2026-09-24 22:10:48,255 fedbase.py run [line:316] INFO Eval Time Cost:               1.5240s
2026-09-24 22:10:48,266 asyncbase.py iterate [line:68] INFO Select clients [np.int64(17)] at time 48.
2026-09-24 22:10:48,580 asyncbase.py iterate [line:73] INFO Receive new models from clients [19, 17] at time 48
2026-09-24 22:10:48,634 fedbase.py run [line:311] INFO --------------Round 44--------------
2026-09-24 22:10:48,634 simple_logger.py log_once [line:14] INFO Current_time:48
2026-09-24 22:10:50,133 simple_logger.py log_once [line:28] INFO test_accuracy                 0.5915
2026-09-24 22:10:50,134 simple_logger.py log_once [line:28] INFO test_loss                     1.4623
2026-09-24 22:10:50,134 simple_logger.py log_once [line:28] INFO val_accuracy                  0.5870
2026-09-24 22:10:50,134 simple_logger.py log_once [line:28] INFO mean_val_accuracy             0.5882
2026-09-24 22:10:50,134 simple_logger.py log_once [line:28] INFO std_val_accuracy              0.3339
2026-09-24 22:10:50,134 simple_logger.py log_once [line:28] INFO val_loss                      1.4820
2026-09-24 22:10:50,134 simple_logger.py log_once [line:28] INFO mean_val_loss                 1.4772
2026-09-24 22:10:50,134 simple_logger.py log_once [line:28] INFO std_val_loss                  1.3722
2026-09-24 22:10:50,134 fedbase.py run [line:316] INFO Eval Time Cost:               1.4995s
2026-09-24 22:10:50,143 asyncbase.py iterate [line:68] INFO Select clients [np.int64(13), np.int64(15)] at time 49.
2026-09-24 22:10:50,781 asyncbase.py iterate [line:73] INFO Receive new models from clients [16, 0] at time 49
2026-09-24 22:10:50,834 fedbase.py run [line:311] INFO --------------Round 45--------------
2026-09-24 22:10:50,835 simple_logger.py log_once [line:14] INFO Current_time:49
2026-09-24 22:10:52,311 simple_logger.py log_once [line:28] INFO test_accuracy                 0.7212
2026-09-24 22:10:52,311 simple_logger.py log_once [line:28] INFO test_loss                     0.8434
2026-09-24 22:10:52,311 simple_logger.py log_once [line:28] INFO val_accuracy                  0.7066
2026-09-24 22:10:52,311 simple_logger.py log_once [line:28] INFO mean_val_accuracy             0.7077
2026-09-24 22:10:52,311 simple_logger.py log_once [line:28] INFO std_val_accuracy              0.2424
2026-09-24 22:10:52,311 simple_logger.py log_once [line:28] INFO val_loss                      0.8724
2026-09-24 22:10:52,311 simple_logger.py log_once [line:28] INFO mean_val_loss                 0.8696
2026-09-24 22:10:52,311 simple_logger.py log_once [line:28] INFO std_val_loss                  0.6748
2026-09-24 22:10:52,311 fedbase.py run [line:316] INFO Eval Time Cost:               1.4769s
2026-09-24 22:10:52,322 asyncbase.py iterate [line:68] INFO Select clients [np.int64(0), np.int64(16)] at time 50.
2026-09-24 22:10:52,957 asyncbase.py iterate [line:73] INFO Receive new models from clients [3, 0] at time 50
2026-09-24 22:10:53,009 fedbase.py run [line:311] INFO --------------Round 46--------------
2026-09-24 22:10:53,009 simple_logger.py log_once [line:14] INFO Current_time:50
2026-09-24 22:10:54,493 simple_logger.py log_once [line:28] INFO test_accuracy                 0.7180
2026-09-24 22:10:54,493 simple_logger.py log_once [line:28] INFO test_loss                     0.8387
2026-09-24 22:10:54,493 simple_logger.py log_once [line:28] INFO val_accuracy                  0.7148
2026-09-24 22:10:54,493 simple_logger.py log_once [line:28] INFO mean_val_accuracy             0.7158
2026-09-24 22:10:54,493 simple_logger.py log_once [line:28] INFO std_val_accuracy              0.2605
2026-09-24 22:10:54,493 simple_logger.py log_once [line:28] INFO val_loss                      0.8700
2026-09-24 22:10:54,493 simple_logger.py log_once [line:28] INFO mean_val_loss                 0.8670
2026-09-24 22:10:54,493 simple_logger.py log_once [line:28] INFO std_val_loss                  0.7678
2026-09-24 22:10:54,493 fedbase.py run [line:316] INFO Eval Time Cost:               1.4837s
2026-09-24 22:10:54,501 asyncbase.py iterate [line:68] INFO Select clients [np.int64(12), np.int64(6), np.int64(18)] at time 51.
2026-09-24 22:10:55,448 asyncbase.py iterate [line:73] INFO Receive new models from clients [15, 6] at time 51
2026-09-24 22:10:55,501 fedbase.py run [line:311] INFO --------------Round 47--------------
2026-09-24 22:10:55,501 simple_logger.py log_once [line:14] INFO Current_time:51
2026-09-24 22:10:56,999 simple_logger.py log_once [line:28] INFO test_accuracy                 0.6179
2026-09-24 22:10:57,000 simple_logger.py log_once [line:28] INFO test_loss                     1.6074
2026-09-24 22:10:57,000 simple_logger.py log_once [line:28] INFO val_accuracy                  0.6090
2026-09-24 22:10:57,000 simple_logger.py log_once [line:28] INFO mean_val_accuracy             0.6099
2026-09-24 22:10:57,000 simple_logger.py log_once [line:28] INFO std_val_accuracy              0.3387
2026-09-24 22:10:57,000 simple_logger.py log_once [line:28] INFO val_loss                      1.6415
2026-09-24 22:10:57,000 simple_logger.py log_once [line:28] INFO mean_val_loss                 1.6369
2026-09-24 22:10:57,000 simple_logger.py log_once [line:28] INFO std_val_loss                  1.6105
2026-09-24 22:10:57,000 fedbase.py run [line:316] INFO Eval Time Cost:               1.4987s
2026-09-24 22:10:57,011 asyncbase.py iterate [line:68] INFO Select clients [np.int64(5), np.int64(3)] at time 52.
2026-09-24 22:10:57,639 asyncbase.py iterate [line:73] INFO Receive new models from clients [16, 3, 13, 5] at time 52
2026-09-24 22:10:57,712 fedbase.py run [line:311] INFO --------------Round 48--------------
2026-09-24 22:10:57,712 simple_logger.py log_once [line:14] INFO Current_time:52
2026-09-24 22:10:59,204 simple_logger.py log_once [line:28] INFO test_accuracy                 0.6493
2026-09-24 22:10:59,204 simple_logger.py log_once [line:28] INFO test_loss                     1.0927
2026-09-24 22:10:59,204 simple_logger.py log_once [line:28] INFO val_accuracy                  0.6395
2026-09-24 22:10:59,204 simple_logger.py log_once [line:28] INFO mean_val_accuracy             0.6402
2026-09-24 22:10:59,204 simple_logger.py log_once [line:28] INFO std_val_accuracy              0.3283
2026-09-24 22:10:59,204 simple_logger.py log_once [line:28] INFO val_loss                      1.1096
2026-09-24 22:10:59,204 simple_logger.py log_once [line:28] INFO mean_val_loss                 1.1067
2026-09-24 22:10:59,204 simple_logger.py log_once [line:28] INFO std_val_loss                  0.9776
2026-09-24 22:10:59,205 fedbase.py run [line:316] INFO Eval Time Cost:               1.4926s
2026-09-24 22:10:59,213 asyncbase.py iterate [line:68] INFO Select clients [np.int64(3), np.int64(9), np.int64(4), np.int64(19)] at time 53.
2026-09-24 22:11:00,473 asyncbase.py iterate [line:73] INFO Receive new models from clients [18, 4] at time 53
2026-09-24 22:11:00,524 fedbase.py run [line:311] INFO --------------Round 49--------------
2026-09-24 22:11:00,524 simple_logger.py log_once [line:14] INFO Current_time:53
2026-09-24 22:11:02,004 simple_logger.py log_once [line:28] INFO test_accuracy                 0.6775
2026-09-24 22:11:02,004 simple_logger.py log_once [line:28] INFO test_loss                     0.9516
2026-09-24 22:11:02,004 simple_logger.py log_once [line:28] INFO val_accuracy                  0.6722
2026-09-24 22:11:02,004 simple_logger.py log_once [line:28] INFO mean_val_accuracy             0.6735
2026-09-24 22:11:02,004 simple_logger.py log_once [line:28] INFO std_val_accuracy              0.3396
2026-09-24 22:11:02,004 simple_logger.py log_once [line:28] INFO val_loss                      0.9587
2026-09-24 22:11:02,004 simple_logger.py log_once [line:28] INFO mean_val_loss                 0.9550
2026-09-24 22:11:02,004 simple_logger.py log_once [line:28] INFO std_val_loss                  0.9756
2026-09-24 22:11:02,004 fedbase.py run [line:316] INFO Eval Time Cost:               1.4795s
2026-09-24 22:11:02,014 asyncbase.py iterate [line:68] INFO Select clients [np.int64(8)] at time 54.
2026-09-24 22:11:02,325 asyncbase.py iterate [line:73] INFO Receive new models from clients [12, 19, 8] at time 54
2026-09-24 22:11:02,387 fedbase.py run [line:311] INFO --------------Round 50--------------
2026-09-24 22:11:02,387 simple_logger.py log_once [line:14] INFO Current_time:54
2026-09-24 22:11:03,879 simple_logger.py log_once [line:28] INFO test_accuracy                 0.6191
2026-09-24 22:11:03,879 simple_logger.py log_once [line:28] INFO test_loss                     1.5655
2026-09-24 22:11:03,879 simple_logger.py log_once [line:28] INFO val_accuracy                  0.6093
2026-09-24 22:11:03,879 simple_logger.py log_once [line:28] INFO mean_val_accuracy             0.6103
2026-09-24 22:11:03,879 simple_logger.py log_once [line:28] INFO std_val_accuracy              0.3285
2026-09-24 22:11:03,879 simple_logger.py log_once [line:28] INFO val_loss                      1.5890
2026-09-24 22:11:03,879 simple_logger.py log_once [line:28] INFO mean_val_loss                 1.5836
2026-09-24 22:11:03,879 simple_logger.py log_once [line:28] INFO std_val_loss                  1.6479
2026-09-24 22:11:03,879 fedbase.py run [line:316] INFO Eval Time Cost:               1.4922s
2026-09-24 22:11:03,890 asyncbase.py iterate [line:68] INFO Select clients [np.int64(7), np.int64(16), np.int64(14)] at time 55.
2026-09-24 22:11:04,820 asyncbase.py iterate [line:73] INFO Receive new models from clients [3, 7, 14] at time 55
2026-09-24 22:11:04,881 fedbase.py run [line:311] INFO --------------Round 51--------------
2026-09-24 22:11:04,881 simple_logger.py log_once [line:14] INFO Current_time:55
2026-09-24 22:11:06,372 simple_logger.py log_once [line:28] INFO test_accuracy                 0.7485
2026-09-24 22:11:06,372 simple_logger.py log_once [line:28] INFO test_loss                     0.8421
2026-09-24 22:11:06,372 simple_logger.py log_once [line:28] INFO val_accuracy                  0.7392
2026-09-24 22:11:06,372 simple_logger.py log_once [line:28] INFO mean_val_accuracy             0.7398
2026-09-24 22:11:06,372 simple_logger.py log_once [line:28] INFO std_val_accuracy              0.2687
2026-09-24 22:11:06,372 simple_logger.py log_once [line:28] INFO val_loss                      0.8536
2026-09-24 22:11:06,372 simple_logger.py log_once [line:28] INFO mean_val_loss                 0.8516
2026-09-24 22:11:06,372 simple_logger.py log_once [line:28] INFO std_val_loss                  0.9116
2026-09-24 22:11:06,373 fedbase.py run [line:316] INFO Eval Time Cost:               1.4914s
2026-09-24 22:11:06,383 asyncbase.py iterate [line:68] INFO Select clients [np.int64(17), np.int64(7), np.int64(15)] at time 56.
2026-09-24 22:11:07,315 asyncbase.py iterate [line:73] INFO Receive new models from clients [9, 16] at time 56
2026-09-24 22:11:07,369 fedbase.py run [line:311] INFO --------------Round 52--------------
2026-09-24 22:11:07,369 simple_logger.py log_once [line:14] INFO Current_time:56
2026-09-24 22:11:08,859 simple_logger.py log_once [line:28] INFO test_accuracy                 0.8138
2026-09-24 22:11:08,859 simple_logger.py log_once [line:28] INFO test_loss                     0.5142
2026-09-24 22:11:08,860 simple_logger.py log_once [line:28] INFO val_accuracy                  0.8027
2026-09-24 22:11:08,860 simple_logger.py log_once [line:28] INFO mean_val_accuracy             0.8034
2026-09-24 22:11:08,860 simple_logger.py log_once [line:28] INFO std_val_accuracy              0.2007
2026-09-24 22:11:08,860 simple_logger.py log_once [line:28] INFO val_loss                      0.5295
2026-09-24 22:11:08,860 simple_logger.py log_once [line:28] INFO mean_val_loss                 0.5280
2026-09-24 22:11:08,860 simple_logger.py log_once [line:28] INFO std_val_loss                  0.3853
2026-09-24 22:11:08,860 fedbase.py run [line:316] INFO Eval Time Cost:               1.4906s
2026-09-24 22:11:08,868 asyncbase.py iterate [line:68] INFO Select clients [np.int64(19), np.int64(9)] at time 57.
2026-09-24 22:11:09,490 asyncbase.py iterate [line:73] INFO Receive new models from clients [15, 17] at time 57
2026-09-24 22:11:09,541 fedbase.py run [line:311] INFO --------------Round 53--------------
2026-09-24 22:11:09,541 simple_logger.py log_once [line:14] INFO Current_time:57
2026-09-24 22:11:11,038 simple_logger.py log_once [line:28] INFO test_accuracy                 0.7143
2026-09-24 22:11:11,038 simple_logger.py log_once [line:28] INFO test_loss                     0.7844
2026-09-24 22:11:11,038 simple_logger.py log_once [line:28] INFO val_accuracy                  0.7143
2026-09-24 22:11:11,038 simple_logger.py log_once [line:28] INFO mean_val_accuracy             0.7154
2026-09-24 22:11:11,038 simple_logger.py log_once [line:28] INFO std_val_accuracy              0.3158
2026-09-24 22:11:11,038 simple_logger.py log_once [line:28] INFO val_loss                      0.7886
2026-09-24 22:11:11,038 simple_logger.py log_once [line:28] INFO mean_val_loss                 0.7861
2026-09-24 22:11:11,038 simple_logger.py log_once [line:28] INFO std_val_loss                  0.7544
2026-09-24 22:11:11,038 fedbase.py run [line:316] INFO Eval Time Cost:               1.4967s
2026-09-24 22:11:11,048 asyncbase.py iterate [line:68] INFO Select clients [np.int64(6), np.int64(17)] at time 58.
2026-09-24 22:11:11,704 asyncbase.py iterate [line:73] INFO Receive new models from clients [19] at time 58
2026-09-24 22:11:11,736 fedbase.py run [line:311] INFO --------------Round 54--------------
2026-09-24 22:11:11,736 simple_logger.py log_once [line:14] INFO Current_time:58
2026-09-24 22:11:13,225 simple_logger.py log_once [line:28] INFO test_accuracy                 0.5940
2026-09-24 22:11:13,226 simple_logger.py log_once [line:28] INFO test_loss                     2.1675
2026-09-24 22:11:13,226 simple_logger.py log_once [line:28] INFO val_accuracy                  0.5861
2026-09-24 22:11:13,226 simple_logger.py log_once [line:28] INFO mean_val_accuracy             0.5871
2026-09-24 22:11:13,226 simple_logger.py log_once [line:28] INFO std_val_accuracy              0.3196
2026-09-24 22:11:13,226 simple_logger.py log_once [line:28] INFO val_loss                      2.1776
2026-09-24 22:11:13,226 simple_logger.py log_once [line:28] INFO mean_val_loss                 2.1712
2026-09-24 22:11:13,226 simple_logger.py log_once [line:28] INFO std_val_loss                  2.3305
2026-09-24 22:11:13,226 fedbase.py run [line:316] INFO Eval Time Cost:               1.4898s
2026-09-24 22:11:13,236 asyncbase.py iterate [line:68] INFO Select clients [np.int64(10)] at time 59.
2026-09-24 22:11:13,554 asyncbase.py iterate [line:73] INFO Receive new models from clients [7] at time 59
2026-09-24 22:11:13,584 fedbase.py run [line:311] INFO --------------Round 55--------------
2026-09-24 22:11:13,584 simple_logger.py log_once [line:14] INFO Current_time:59
2026-09-24 22:11:15,092 simple_logger.py log_once [line:28] INFO test_accuracy                 0.6933
2026-09-24 22:11:15,093 simple_logger.py log_once [line:28] INFO test_loss                     1.3938
2026-09-24 22:11:15,093 simple_logger.py log_once [line:28] INFO val_accuracy                  0.6916
2026-09-24 22:11:15,093 simple_logger.py log_once [line:28] INFO mean_val_accuracy             0.6927
2026-09-24 22:11:15,093 simple_logger.py log_once [line:28] INFO std_val_accuracy              0.3095
2026-09-24 22:11:15,093 simple_logger.py log_once [line:28] INFO val_loss                      1.3790
2026-09-24 22:11:15,093 simple_logger.py log_once [line:28] INFO mean_val_loss                 1.3738
2026-09-24 22:11:15,093 simple_logger.py log_once [line:28] INFO std_val_loss                  1.6989
2026-09-24 22:11:15,093 fedbase.py run [line:316] INFO Eval Time Cost:               1.5087s
2026-09-24 22:11:15,103 asyncbase.py iterate [line:68] INFO Select clients [np.int64(18)] at time 60.
2026-09-24 22:11:15,422 asyncbase.py iterate [line:73] INFO Receive new models from clients [6, 10, 9] at time 60
2026-09-24 22:11:15,482 fedbase.py run [line:311] INFO --------------Round 56--------------
2026-09-24 22:11:15,482 simple_logger.py log_once [line:14] INFO Current_time:60
2026-09-24 22:11:17,004 simple_logger.py log_once [line:28] INFO test_accuracy                 0.7426
2026-09-24 22:11:17,004 simple_logger.py log_once [line:28] INFO test_loss                     0.9751
2026-09-24 22:11:17,004 simple_logger.py log_once [line:28] INFO val_accuracy                  0.7378
2026-09-24 22:11:17,005 simple_logger.py log_once [line:28] INFO mean_val_accuracy             0.7388
2026-09-24 22:11:17,005 simple_logger.py log_once [line:28] INFO std_val_accuracy              0.2959
2026-09-24 22:11:17,005 simple_logger.py log_once [line:28] INFO val_loss                      0.9780
2026-09-24 22:11:17,005 simple_logger.py log_once [line:28] INFO mean_val_loss                 0.9748
2026-09-24 22:11:17,005 simple_logger.py log_once [line:28] INFO std_val_loss                  1.0259
2026-09-24 22:11:17,005 fedbase.py run [line:316] INFO Eval Time Cost:               1.5224s
2026-09-24 22:11:17,015 asyncbase.py iterate [line:68] INFO Select clients [np.int64(8), np.int64(0), np.int64(15)] at time 61.
2026-09-24 22:11:17,947 asyncbase.py iterate [line:73] INFO Receive new models from clients [17] at time 61
2026-09-24 22:11:17,979 fedbase.py run [line:311] INFO --------------Round 57--------------
2026-09-24 22:11:17,979 simple_logger.py log_once [line:14] INFO Current_time:61
2026-09-24 22:11:19,472 simple_logger.py log_once [line:28] INFO test_accuracy                 0.7524
2026-09-24 22:11:19,472 simple_logger.py log_once [line:28] INFO test_loss                     1.0456
2026-09-24 22:11:19,472 simple_logger.py log_once [line:28] INFO val_accuracy                  0.7497
2026-09-24 22:11:19,472 simple_logger.py log_once [line:28] INFO mean_val_accuracy             0.7507
2026-09-24 22:11:19,472 simple_logger.py log_once [line:28] INFO std_val_accuracy              0.3136
2026-09-24 22:11:19,472 simple_logger.py log_once [line:28] INFO val_loss                      1.0463
2026-09-24 22:11:19,472 simple_logger.py log_once [line:28] INFO mean_val_loss                 1.0419
2026-09-24 22:11:19,472 simple_logger.py log_once [line:28] INFO std_val_loss                  1.4709
2026-09-24 22:11:19,472 fedbase.py run [line:316] INFO Eval Time Cost:               1.4931s
2026-09-24 22:11:19,482 asyncbase.py iterate [line:68] INFO Select clients [np.int64(4)] at time 62.
2026-09-24 22:11:19,791 asyncbase.py iterate [line:73] INFO Receive new models from clients [8] at time 62
2026-09-24 22:11:19,824 fedbase.py run [line:311] INFO --------------Round 58--------------
2026-09-24 22:11:19,824 simple_logger.py log_once [line:14] INFO Current_time:62
2026-09-24 22:11:21,302 simple_logger.py log_once [line:28] INFO test_accuracy                 0.6443
2026-09-24 22:11:21,302 simple_logger.py log_once [line:28] INFO test_loss                     1.7856
2026-09-24 22:11:21,302 simple_logger.py log_once [line:28] INFO val_accuracy                  0.6309
2026-09-24 22:11:21,302 simple_logger.py log_once [line:28] INFO mean_val_accuracy             0.6319
2026-09-24 22:11:21,302 simple_logger.py log_once [line:28] INFO std_val_accuracy              0.3782
2026-09-24 22:11:21,302 simple_logger.py log_once [line:28] INFO val_loss                      1.7828
2026-09-24 22:11:21,302 simple_logger.py log_once [line:28] INFO mean_val_loss                 1.7791
2026-09-24 22:11:21,302 simple_logger.py log_once [line:28] INFO std_val_loss                  1.9782
2026-09-24 22:11:21,302 fedbase.py run [line:316] INFO Eval Time Cost:               1.4786s
2026-09-24 22:11:21,313 asyncbase.py iterate [line:68] INFO Select clients [np.int64(1)] at time 63.
2026-09-24 22:11:21,645 asyncbase.py iterate [line:73] INFO Receive new models from clients [18] at time 63
2026-09-24 22:11:21,683 fedbase.py run [line:311] INFO --------------Round 59--------------
2026-09-24 22:11:21,683 simple_logger.py log_once [line:14] INFO Current_time:63
2026-09-24 22:11:23,184 simple_logger.py log_once [line:28] INFO test_accuracy                 0.7074
2026-09-24 22:11:23,184 simple_logger.py log_once [line:28] INFO test_loss                     1.1912
2026-09-24 22:11:23,184 simple_logger.py log_once [line:28] INFO val_accuracy                  0.7018
2026-09-24 22:11:23,184 simple_logger.py log_once [line:28] INFO mean_val_accuracy             0.7027
2026-09-24 22:11:23,184 simple_logger.py log_once [line:28] INFO std_val_accuracy              0.3233
2026-09-24 22:11:23,184 simple_logger.py log_once [line:28] INFO val_loss                      1.1936
2026-09-24 22:11:23,184 simple_logger.py log_once [line:28] INFO mean_val_loss                 1.1903
2026-09-24 22:11:23,184 simple_logger.py log_once [line:28] INFO std_val_loss                  1.2822
2026-09-24 22:11:23,184 fedbase.py run [line:316] INFO Eval Time Cost:               1.5010s
2026-09-24 22:11:23,194 asyncbase.py iterate [line:68] INFO Select clients [np.int64(3), np.int64(12)] at time 64.
2026-09-24 22:11:23,841 asyncbase.py iterate [line:73] INFO Receive new models from clients [0, 1, 3, 15] at time 64
2026-09-24 22:11:23,914 fedbase.py run [line:311] INFO --------------Round 60--------------
2026-09-24 22:11:23,914 simple_logger.py log_once [line:14] INFO Current_time:64
2026-09-24 22:11:25,462 simple_logger.py log_once [line:28] INFO test_accuracy                 0.7862
2026-09-24 22:11:25,462 simple_logger.py log_once [line:28] INFO test_loss                     0.6644
2026-09-24 22:11:25,462 simple_logger.py log_once [line:28] INFO val_accuracy                  0.7773
2026-09-24 22:11:25,462 simple_logger.py log_once [line:28] INFO mean_val_accuracy             0.7782
2026-09-24 22:11:25,462 simple_logger.py log_once [line:28] INFO std_val_accuracy              0.2789
2026-09-24 22:11:25,462 simple_logger.py log_once [line:28] INFO val_loss                      0.6774
2026-09-24 22:11:25,462 simple_logger.py log_once [line:28] INFO mean_val_loss                 0.6746
2026-09-24 22:11:25,462 simple_logger.py log_once [line:28] INFO std_val_loss                  0.7797
2026-09-24 22:11:25,462 fedbase.py run [line:316] INFO Eval Time Cost:               1.5478s
2026-09-24 22:11:25,471 asyncbase.py iterate [line:68] INFO Select clients [np.int64(8), np.int64(18), np.int64(0)] at time 65.
2026-09-24 22:11:26,477 asyncbase.py iterate [line:73] INFO Receive new models from clients [4, 0] at time 65
2026-09-24 22:11:26,530 fedbase.py run [line:311] INFO --------------Round 61--------------
2026-09-24 22:11:26,530 simple_logger.py log_once [line:14] INFO Current_time:65
2026-09-24 22:11:28,078 simple_logger.py log_once [line:28] INFO test_accuracy                 0.7403
2026-09-24 22:11:28,078 simple_logger.py log_once [line:28] INFO test_loss                     0.9831
2026-09-24 22:11:28,078 simple_logger.py log_once [line:28] INFO val_accuracy                  0.7400
2026-09-24 22:11:28,078 simple_logger.py log_once [line:28] INFO mean_val_accuracy             0.7412
2026-09-24 22:11:28,078 simple_logger.py log_once [line:28] INFO std_val_accuracy              0.3173
2026-09-24 22:11:28,078 simple_logger.py log_once [line:28] INFO val_loss                      0.9993
2026-09-24 22:11:28,078 simple_logger.py log_once [line:28] INFO mean_val_loss                 0.9948
2026-09-24 22:11:28,078 simple_logger.py log_once [line:28] INFO std_val_loss                  1.2032
2026-09-24 22:11:28,078 fedbase.py run [line:316] INFO Eval Time Cost:               1.5481s
2026-09-24 22:11:28,088 asyncbase.py iterate [line:68] INFO Select clients [np.int64(10), np.int64(14), np.int64(7)] at time 66.
2026-09-24 22:11:29,057 asyncbase.py iterate [line:73] INFO Receive new models from clients [18] at time 66
2026-09-24 22:11:29,090 fedbase.py run [line:311] INFO --------------Round 62--------------
2026-09-24 22:11:29,090 simple_logger.py log_once [line:14] INFO Current_time:66
2026-09-24 22:11:30,611 simple_logger.py log_once [line:28] INFO test_accuracy                 0.7056
2026-09-24 22:11:30,611 simple_logger.py log_once [line:28] INFO test_loss                     1.2369
2026-09-24 22:11:30,611 simple_logger.py log_once [line:28] INFO val_accuracy                  0.7053
2026-09-24 22:11:30,611 simple_logger.py log_once [line:28] INFO mean_val_accuracy             0.7064
2026-09-24 22:11:30,611 simple_logger.py log_once [line:28] INFO std_val_accuracy              0.3259
2026-09-24 22:11:30,611 simple_logger.py log_once [line:28] INFO val_loss                      1.2517
2026-09-24 22:11:30,611 simple_logger.py log_once [line:28] INFO mean_val_loss                 1.2473
2026-09-24 22:11:30,611 simple_logger.py log_once [line:28] INFO std_val_loss                  1.3659
2026-09-24 22:11:30,612 fedbase.py run [line:316] INFO Eval Time Cost:               1.5212s
2026-09-24 22:11:30,622 asyncbase.py iterate [line:68] INFO Select clients [np.int64(6)] at time 67.
2026-09-24 22:11:30,944 asyncbase.py iterate [line:73] INFO Receive new models from clients [8, 6, 12] at time 67
2026-09-24 22:11:31,006 fedbase.py run [line:311] INFO --------------Round 63--------------
2026-09-24 22:11:31,006 simple_logger.py log_once [line:14] INFO Current_time:67
2026-09-24 22:11:32,500 simple_logger.py log_once [line:28] INFO test_accuracy                 0.6899
2026-09-24 22:11:32,500 simple_logger.py log_once [line:28] INFO test_loss                     1.3397
2026-09-24 22:11:32,500 simple_logger.py log_once [line:28] INFO val_accuracy                  0.6884
2026-09-24 22:11:32,501 simple_logger.py log_once [line:28] INFO mean_val_accuracy             0.6900
2026-09-24 22:11:32,501 simple_logger.py log_once [line:28] INFO std_val_accuracy              0.3251
2026-09-24 22:11:32,501 simple_logger.py log_once [line:28] INFO val_loss                      1.3584
2026-09-24 22:11:32,501 simple_logger.py log_once [line:28] INFO mean_val_loss                 1.3511
2026-09-24 22:11:32,501 simple_logger.py log_once [line:28] INFO std_val_loss                  1.5826
2026-09-24 22:11:32,501 fedbase.py run [line:316] INFO Eval Time Cost:               1.4946s
2026-09-24 22:11:32,511 asyncbase.py iterate [line:68] INFO Select clients [np.int64(8), np.int64(15), np.int64(3)] at time 68.
2026-09-24 22:11:33,448 asyncbase.py iterate [line:73] INFO Receive new models from clients [7, 3, 14, 10] at time 69
2026-09-24 22:11:33,518 fedbase.py run [line:311] INFO --------------Round 64--------------
2026-09-24 22:11:33,518 simple_logger.py log_once [line:14] INFO Current_time:69
2026-09-24 22:11:35,003 simple_logger.py log_once [line:28] INFO test_accuracy                 0.8483
2026-09-24 22:11:35,004 simple_logger.py log_once [line:28] INFO test_loss                     0.4759
2026-09-24 22:11:35,004 simple_logger.py log_once [line:28] INFO val_accuracy                  0.8365
2026-09-24 22:11:35,004 simple_logger.py log_once [line:28] INFO mean_val_accuracy             0.8369
2026-09-24 22:11:35,004 simple_logger.py log_once [line:28] INFO std_val_accuracy              0.1582
2026-09-24 22:11:35,004 simple_logger.py log_once [line:28] INFO val_loss                      0.4914
2026-09-24 22:11:35,004 simple_logger.py log_once [line:28] INFO mean_val_loss                 0.4905
2026-09-24 22:11:35,004 simple_logger.py log_once [line:28] INFO std_val_loss                  0.3838
2026-09-24 22:11:35,004 fedbase.py run [line:316] INFO Eval Time Cost:               1.4854s
2026-09-24 22:11:35,014 asyncbase.py iterate [line:68] INFO Select clients [np.int64(9), np.int64(7)] at time 70.
2026-09-24 22:11:35,640 asyncbase.py iterate [line:68] INFO Select clients [np.int64(3), np.int64(17)] at time 71.
2026-09-24 22:11:36,271 asyncbase.py iterate [line:73] INFO Receive new models from clients [9, 8, 15] at time 71
2026-09-24 22:11:36,334 fedbase.py run [line:311] INFO --------------Round 65--------------
2026-09-24 22:11:36,334 simple_logger.py log_once [line:14] INFO Current_time:71
2026-09-24 22:11:37,821 simple_logger.py log_once [line:28] INFO test_accuracy                 0.7299
2026-09-24 22:11:37,821 simple_logger.py log_once [line:28] INFO test_loss                     1.5088
2026-09-24 22:11:37,821 simple_logger.py log_once [line:28] INFO val_accuracy                  0.7247
2026-09-24 22:11:37,821 simple_logger.py log_once [line:28] INFO mean_val_accuracy             0.7258
2026-09-24 22:11:37,821 simple_logger.py log_once [line:28] INFO std_val_accuracy              0.3077
2026-09-24 22:11:37,821 simple_logger.py log_once [line:28] INFO val_loss                      1.5153
2026-09-24 22:11:37,821 simple_logger.py log_once [line:28] INFO mean_val_loss                 1.5084
2026-09-24 22:11:37,821 simple_logger.py log_once [line:28] INFO std_val_loss                  2.3231
2026-09-24 22:11:37,821 fedbase.py run [line:316] INFO Eval Time Cost:               1.4867s
2026-09-24 22:11:37,830 asyncbase.py iterate [line:68] INFO Select clients [np.int64(6), np.int64(10)] at time 72.
2026-09-24 22:11:38,470 asyncbase.py iterate [line:68] INFO Select clients [np.int64(19)] at time 73.
2026-09-24 22:11:38,782 asyncbase.py iterate [line:73] INFO Receive new models from clients [7, 17] at time 73
2026-09-24 22:11:38,833 fedbase.py run [line:311] INFO --------------Round 66--------------
2026-09-24 22:11:38,834 simple_logger.py log_once [line:14] INFO Current_time:73
2026-09-24 22:11:40,322 simple_logger.py log_once [line:28] INFO test_accuracy                 0.7019
2026-09-24 22:11:40,322 simple_logger.py log_once [line:28] INFO test_loss                     2.0846
2026-09-24 22:11:40,322 simple_logger.py log_once [line:28] INFO val_accuracy                  0.6983
2026-09-24 22:11:40,322 simple_logger.py log_once [line:28] INFO mean_val_accuracy             0.6995
2026-09-24 22:11:40,322 simple_logger.py log_once [line:28] INFO std_val_accuracy              0.3324
2026-09-24 22:11:40,323 simple_logger.py log_once [line:28] INFO val_loss                      2.0475
2026-09-24 22:11:40,323 simple_logger.py log_once [line:28] INFO mean_val_loss                 2.0382
2026-09-24 22:11:40,323 simple_logger.py log_once [line:28] INFO std_val_loss                  3.0679
2026-09-24 22:11:40,323 fedbase.py run [line:316] INFO Eval Time Cost:               1.4891s
2026-09-24 22:11:40,331 asyncbase.py iterate [line:68] INFO Select clients [np.int64(18)] at time 74.
2026-09-24 22:11:40,647 asyncbase.py iterate [line:73] INFO Receive new models from clients [3] at time 74
2026-09-24 22:11:40,680 fedbase.py run [line:311] INFO --------------Round 67--------------
2026-09-24 22:11:40,680 simple_logger.py log_once [line:14] INFO Current_time:74
2026-09-24 22:11:42,174 simple_logger.py log_once [line:28] INFO test_accuracy                 0.7232
2026-09-24 22:11:42,174 simple_logger.py log_once [line:28] INFO test_loss                     1.3541
2026-09-24 22:11:42,174 simple_logger.py log_once [line:28] INFO val_accuracy                  0.7158
2026-09-24 22:11:42,174 simple_logger.py log_once [line:28] INFO mean_val_accuracy             0.7160
2026-09-24 22:11:42,174 simple_logger.py log_once [line:28] INFO std_val_accuracy              0.2752
2026-09-24 22:11:42,174 simple_logger.py log_once [line:28] INFO val_loss                      1.3769
2026-09-24 22:11:42,174 simple_logger.py log_once [line:28] INFO mean_val_loss                 1.3770
2026-09-24 22:11:42,174 simple_logger.py log_once [line:28] INFO std_val_loss                  1.4430
2026-09-24 22:11:42,174 fedbase.py run [line:316] INFO Eval Time Cost:               1.4946s
2026-09-24 22:11:42,183 asyncbase.py iterate [line:68] INFO Select clients [np.int64(13)] at time 75.
2026-09-24 22:11:42,505 asyncbase.py iterate [line:73] INFO Receive new models from clients [6, 18, 10] at time 75
2026-09-24 22:11:42,568 fedbase.py run [line:311] INFO --------------Round 68--------------
2026-09-24 22:11:42,568 simple_logger.py log_once [line:14] INFO Current_time:75
2026-09-24 22:11:44,055 simple_logger.py log_once [line:28] INFO test_accuracy                 0.7697
2026-09-24 22:11:44,055 simple_logger.py log_once [line:28] INFO test_loss                     1.0741
2026-09-24 22:11:44,055 simple_logger.py log_once [line:28] INFO val_accuracy                  0.7688
2026-09-24 22:11:44,055 simple_logger.py log_once [line:28] INFO mean_val_accuracy             0.7686
2026-09-24 22:11:44,055 simple_logger.py log_once [line:28] INFO std_val_accuracy              0.2620
2026-09-24 22:11:44,055 simple_logger.py log_once [line:28] INFO val_loss                      1.0812
2026-09-24 22:11:44,055 simple_logger.py log_once [line:28] INFO mean_val_loss                 1.0829
2026-09-24 22:11:44,055 simple_logger.py log_once [line:28] INFO std_val_loss                  1.4674
2026-09-24 22:11:44,055 fedbase.py run [line:316] INFO Eval Time Cost:               1.4876s
2026-09-24 22:11:44,065 asyncbase.py iterate [line:68] INFO Select clients [np.int64(4), np.int64(1), np.int64(10)] at time 76.
2026-09-24 22:11:45,014 asyncbase.py iterate [line:73] INFO Receive new models from clients [19, 13] at time 76
2026-09-24 22:11:45,068 fedbase.py run [line:311] INFO --------------Round 69--------------
2026-09-24 22:11:45,068 simple_logger.py log_once [line:14] INFO Current_time:76
2026-09-24 22:11:46,551 simple_logger.py log_once [line:28] INFO test_accuracy                 0.7153
2026-09-24 22:11:46,551 simple_logger.py log_once [line:28] INFO test_loss                     1.3274
2026-09-24 22:11:46,551 simple_logger.py log_once [line:28] INFO val_accuracy                  0.7148
2026-09-24 22:11:46,551 simple_logger.py log_once [line:28] INFO mean_val_accuracy             0.7149
2026-09-24 22:11:46,551 simple_logger.py log_once [line:28] INFO std_val_accuracy              0.2855
2026-09-24 22:11:46,551 simple_logger.py log_once [line:28] INFO val_loss                      1.3311
2026-09-24 22:11:46,551 simple_logger.py log_once [line:28] INFO mean_val_loss                 1.3312
2026-09-24 22:11:46,551 simple_logger.py log_once [line:28] INFO std_val_loss                  1.4324
2026-09-24 22:11:46,551 fedbase.py run [line:316] INFO Eval Time Cost:               1.4833s
2026-09-24 22:11:46,561 asyncbase.py iterate [line:68] INFO Select clients [np.int64(13), np.int64(18)] at time 77.
2026-09-24 22:11:47,195 asyncbase.py iterate [line:73] INFO Receive new models from clients [10, 4, 13] at time 77
2026-09-24 22:11:47,255 fedbase.py run [line:311] INFO --------------Round 70--------------
2026-09-24 22:11:47,255 simple_logger.py log_once [line:14] INFO Current_time:77
2026-09-24 22:11:48,741 simple_logger.py log_once [line:28] INFO test_accuracy                 0.7113
2026-09-24 22:11:48,741 simple_logger.py log_once [line:28] INFO test_loss                     1.5858
2026-09-24 22:11:48,741 simple_logger.py log_once [line:28] INFO val_accuracy                  0.7051
2026-09-24 22:11:48,741 simple_logger.py log_once [line:28] INFO mean_val_accuracy             0.7065
2026-09-24 22:11:48,741 simple_logger.py log_once [line:28] INFO std_val_accuracy              0.3196
2026-09-24 22:11:48,741 simple_logger.py log_once [line:28] INFO val_loss                      1.6216
2026-09-24 22:11:48,741 simple_logger.py log_once [line:28] INFO mean_val_loss                 1.6142
2026-09-24 22:11:48,741 simple_logger.py log_once [line:28] INFO std_val_loss                  1.9655
2026-09-24 22:11:48,741 fedbase.py run [line:316] INFO Eval Time Cost:               1.4860s
2026-09-24 22:11:48,751 asyncbase.py iterate [line:68] INFO Select clients [np.int64(13), np.int64(17), np.int64(10)] at time 78.
2026-09-24 22:11:49,726 asyncbase.py iterate [line:73] INFO Receive new models from clients [18, 1, 17] at time 78
2026-09-24 22:11:49,787 fedbase.py run [line:311] INFO --------------Round 71--------------
2026-09-24 22:11:49,787 simple_logger.py log_once [line:14] INFO Current_time:78
2026-09-24 22:11:51,329 simple_logger.py log_once [line:28] INFO test_accuracy                 0.6324
2026-09-24 22:11:51,329 simple_logger.py log_once [line:28] INFO test_loss                     1.7570
2026-09-24 22:11:51,329 simple_logger.py log_once [line:28] INFO val_accuracy                  0.6315
2026-09-24 22:11:51,329 simple_logger.py log_once [line:28] INFO mean_val_accuracy             0.6320
2026-09-24 22:11:51,329 simple_logger.py log_once [line:28] INFO std_val_accuracy              0.3709
2026-09-24 22:11:51,329 simple_logger.py log_once [line:28] INFO val_loss                      1.7155
2026-09-24 22:11:51,329 simple_logger.py log_once [line:28] INFO mean_val_loss                 1.7151
2026-09-24 22:11:51,329 simple_logger.py log_once [line:28] INFO std_val_loss                  1.9003
2026-09-24 22:11:51,329 fedbase.py run [line:316] INFO Eval Time Cost:               1.5420s
2026-09-24 22:11:51,339 asyncbase.py iterate [line:68] INFO Select clients [np.int64(7), np.int64(6)] at time 79.
2026-09-24 22:11:51,971 asyncbase.py iterate [line:68] INFO Select clients [np.int64(12)] at time 80.
2026-09-24 22:11:52,287 asyncbase.py iterate [line:73] INFO Receive new models from clients [10, 13] at time 80
2026-09-24 22:11:52,339 fedbase.py run [line:311] INFO --------------Round 72--------------
2026-09-24 22:11:52,339 simple_logger.py log_once [line:14] INFO Current_time:80
2026-09-24 22:11:53,829 simple_logger.py log_once [line:28] INFO test_accuracy                 0.6988
2026-09-24 22:11:53,829 simple_logger.py log_once [line:28] INFO test_loss                     1.0460
2026-09-24 22:11:53,829 simple_logger.py log_once [line:28] INFO val_accuracy                  0.6970
2026-09-24 22:11:53,830 simple_logger.py log_once [line:28] INFO mean_val_accuracy             0.6977
2026-09-24 22:11:53,830 simple_logger.py log_once [line:28] INFO std_val_accuracy              0.3139
2026-09-24 22:11:53,830 simple_logger.py log_once [line:28] INFO val_loss                      1.0503
2026-09-24 22:11:53,830 simple_logger.py log_once [line:28] INFO mean_val_loss                 1.0482
2026-09-24 22:11:53,830 simple_logger.py log_once [line:28] INFO std_val_loss                  1.0789
2026-09-24 22:11:53,830 fedbase.py run [line:316] INFO Eval Time Cost:               1.4906s
2026-09-24 22:11:53,839 asyncbase.py iterate [line:68] INFO Select clients [np.int64(3), np.int64(8), np.int64(13)] at time 81.
2026-09-24 22:11:54,783 asyncbase.py iterate [line:73] INFO Receive new models from clients [7, 13, 6] at time 82
2026-09-24 22:11:54,845 fedbase.py run [line:311] INFO --------------Round 73--------------
2026-09-24 22:11:54,845 simple_logger.py log_once [line:14] INFO Current_time:82
2026-09-24 22:11:56,346 simple_logger.py log_once [line:28] INFO test_accuracy                 0.7776
2026-09-24 22:11:56,346 simple_logger.py log_once [line:28] INFO test_loss                     0.7724
2026-09-24 22:11:56,346 simple_logger.py log_once [line:28] INFO val_accuracy                  0.7779
2026-09-24 22:11:56,346 simple_logger.py log_once [line:28] INFO mean_val_accuracy             0.7786
2026-09-24 22:11:56,346 simple_logger.py log_once [line:28] INFO std_val_accuracy              0.2798
2026-09-24 22:11:56,346 simple_logger.py log_once [line:28] INFO val_loss                      0.7712
2026-09-24 22:11:56,346 simple_logger.py log_once [line:28] INFO mean_val_loss                 0.7692
2026-09-24 22:11:56,346 simple_logger.py log_once [line:28] INFO std_val_loss                  0.9198
2026-09-24 22:11:56,346 fedbase.py run [line:316] INFO Eval Time Cost:               1.5017s
2026-09-24 22:11:56,354 asyncbase.py iterate [line:68] INFO Select clients [np.int64(6), np.int64(13), np.int64(18)] at time 83.
2026-09-24 22:11:57,293 asyncbase.py iterate [line:73] INFO Receive new models from clients [12, 18] at time 83
2026-09-24 22:11:57,346 fedbase.py run [line:311] INFO --------------Round 74--------------
2026-09-24 22:11:57,346 simple_logger.py log_once [line:14] INFO Current_time:83
2026-09-24 22:11:58,831 simple_logger.py log_once [line:28] INFO test_accuracy                 0.7476
2026-09-24 22:11:58,831 simple_logger.py log_once [line:28] INFO test_loss                     1.1857
2026-09-24 22:11:58,831 simple_logger.py log_once [line:28] INFO val_accuracy                  0.7409
2026-09-24 22:11:58,831 simple_logger.py log_once [line:28] INFO mean_val_accuracy             0.7416
2026-09-24 22:11:58,831 simple_logger.py log_once [line:28] INFO std_val_accuracy              0.3023
2026-09-24 22:11:58,831 simple_logger.py log_once [line:28] INFO val_loss                      1.1691
2026-09-24 22:11:58,831 simple_logger.py log_once [line:28] INFO mean_val_loss                 1.1667
2026-09-24 22:11:58,831 simple_logger.py log_once [line:28] INFO std_val_loss                  1.4212
2026-09-24 22:11:58,831 fedbase.py run [line:316] INFO Eval Time Cost:               1.4853s
2026-09-24 22:11:58,841 asyncbase.py iterate [line:68] INFO Select clients [np.int64(14), np.int64(5)] at time 84.
2026-09-24 22:11:59,474 asyncbase.py iterate [line:73] INFO Receive new models from clients [8, 5, 6, 3] at time 84
2026-09-24 22:11:59,545 fedbase.py run [line:311] INFO --------------Round 75--------------
2026-09-24 22:11:59,545 simple_logger.py log_once [line:14] INFO Current_time:84
2026-09-24 22:12:01,041 simple_logger.py log_once [line:28] INFO test_accuracy                 0.7219
2026-09-24 22:12:01,041 simple_logger.py log_once [line:28] INFO test_loss                     1.3073
2026-09-24 22:12:01,041 simple_logger.py log_once [line:28] INFO val_accuracy                  0.7202
2026-09-24 22:12:01,041 simple_logger.py log_once [line:28] INFO mean_val_accuracy             0.7210
2026-09-24 22:12:01,041 simple_logger.py log_once [line:28] INFO std_val_accuracy              0.3082
2026-09-24 22:12:01,041 simple_logger.py log_once [line:28] INFO val_loss                      1.2858
2026-09-24 22:12:01,041 simple_logger.py log_once [line:28] INFO mean_val_loss                 1.2831
2026-09-24 22:12:01,041 simple_logger.py log_once [line:28] INFO std_val_loss                  1.3860
2026-09-24 22:12:01,041 fedbase.py run [line:316] INFO Eval Time Cost:               1.4962s
2026-09-24 22:12:01,050 asyncbase.py iterate [line:68] INFO Select clients [np.int64(1), np.int64(5), np.int64(10)] at time 85.
2026-09-24 22:12:01,992 asyncbase.py iterate [line:73] INFO Receive new models from clients [13] at time 85
2026-09-24 22:12:02,026 fedbase.py run [line:311] INFO --------------Round 76--------------
2026-09-24 22:12:02,026 simple_logger.py log_once [line:14] INFO Current_time:85
2026-09-24 22:12:03,523 simple_logger.py log_once [line:28] INFO test_accuracy                 0.6651
2026-09-24 22:12:03,523 simple_logger.py log_once [line:28] INFO test_loss                     2.0017
2026-09-24 22:12:03,523 simple_logger.py log_once [line:28] INFO val_accuracy                  0.6622
2026-09-24 22:12:03,523 simple_logger.py log_once [line:28] INFO mean_val_accuracy             0.6631
2026-09-24 22:12:03,523 simple_logger.py log_once [line:28] INFO std_val_accuracy              0.3476
2026-09-24 22:12:03,523 simple_logger.py log_once [line:28] INFO val_loss                      1.9908
2026-09-24 22:12:03,523 simple_logger.py log_once [line:28] INFO mean_val_loss                 1.9848
2026-09-24 22:12:03,523 simple_logger.py log_once [line:28] INFO std_val_loss                  2.2459
2026-09-24 22:12:03,524 fedbase.py run [line:316] INFO Eval Time Cost:               1.4973s
2026-09-24 22:12:03,532 asyncbase.py iterate [line:68] INFO Select clients [np.int64(9), np.int64(8)] at time 86.
2026-09-24 22:12:04,147 asyncbase.py iterate [line:73] INFO Receive new models from clients [8] at time 86
2026-09-24 22:12:04,179 fedbase.py run [line:311] INFO --------------Round 77--------------
2026-09-24 22:12:04,179 simple_logger.py log_once [line:14] INFO Current_time:86
2026-09-24 22:12:05,666 simple_logger.py log_once [line:28] INFO test_accuracy                 0.7161
2026-09-24 22:12:05,666 simple_logger.py log_once [line:28] INFO test_loss                     1.4798
2026-09-24 22:12:05,666 simple_logger.py log_once [line:28] INFO val_accuracy                  0.7065
2026-09-24 22:12:05,666 simple_logger.py log_once [line:28] INFO mean_val_accuracy             0.7074
2026-09-24 22:12:05,666 simple_logger.py log_once [line:28] INFO std_val_accuracy              0.3016
2026-09-24 22:12:05,666 simple_logger.py log_once [line:28] INFO val_loss                      1.4516
2026-09-24 22:12:05,666 simple_logger.py log_once [line:28] INFO mean_val_loss                 1.4479
2026-09-24 22:12:05,666 simple_logger.py log_once [line:28] INFO std_val_loss                  1.4922
2026-09-24 22:12:05,666 fedbase.py run [line:316] INFO Eval Time Cost:               1.4873s
2026-09-24 22:12:05,674 asyncbase.py iterate [line:73] INFO Receive new models from clients [5, 14, 1, 10] at time 87
2026-09-24 22:12:05,746 fedbase.py run [line:311] INFO --------------Round 78--------------
2026-09-24 22:12:05,747 simple_logger.py log_once [line:14] INFO Current_time:87
2026-09-24 22:12:07,246 simple_logger.py log_once [line:28] INFO test_accuracy                 0.6934
2026-09-24 22:12:07,246 simple_logger.py log_once [line:28] INFO test_loss                     2.0854
2026-09-24 22:12:07,246 simple_logger.py log_once [line:28] INFO val_accuracy                  0.6918
2026-09-24 22:12:07,246 simple_logger.py log_once [line:28] INFO mean_val_accuracy             0.6926
2026-09-24 22:12:07,246 simple_logger.py log_once [line:28] INFO std_val_accuracy              0.3053
2026-09-24 22:12:07,246 simple_logger.py log_once [line:28] INFO val_loss                      2.0810
2026-09-24 22:12:07,246 simple_logger.py log_once [line:28] INFO mean_val_loss                 2.0747
2026-09-24 22:12:07,246 simple_logger.py log_once [line:28] INFO std_val_loss                  2.8231
2026-09-24 22:12:07,246 fedbase.py run [line:316] INFO Eval Time Cost:               1.4999s
2026-09-24 22:12:07,256 asyncbase.py iterate [line:68] INFO Select clients [np.int64(12), np.int64(14), np.int64(15), np.int64(3), np.int64(17)] at time 88.
2026-09-24 22:12:08,831 asyncbase.py iterate [line:73] INFO Receive new models from clients [9, 14, 17] at time 88
2026-09-24 22:12:08,892 fedbase.py run [line:311] INFO --------------Round 79--------------
2026-09-24 22:12:08,892 simple_logger.py log_once [line:14] INFO Current_time:88
2026-09-24 22:12:10,391 simple_logger.py log_once [line:28] INFO test_accuracy                 0.6556
2026-09-24 22:12:10,392 simple_logger.py log_once [line:28] INFO test_loss                     1.8655
2026-09-24 22:12:10,392 simple_logger.py log_once [line:28] INFO val_accuracy                  0.6411
2026-09-24 22:12:10,392 simple_logger.py log_once [line:28] INFO mean_val_accuracy             0.6419
2026-09-24 22:12:10,392 simple_logger.py log_once [line:28] INFO std_val_accuracy              0.2368
2026-09-24 22:12:10,392 simple_logger.py log_once [line:28] INFO val_loss                      1.8876
2026-09-24 22:12:10,392 simple_logger.py log_once [line:28] INFO mean_val_loss                 1.8848
2026-09-24 22:12:10,392 simple_logger.py log_once [line:28] INFO std_val_loss                  1.2105
2026-09-24 22:12:10,392 fedbase.py run [line:316] INFO Eval Time Cost:               1.4999s
2026-09-24 22:12:10,401 asyncbase.py iterate [line:68] INFO Select clients [np.int64(17), np.int64(8)] at time 89.
2026-09-24 22:12:11,029 asyncbase.py iterate [line:73] INFO Receive new models from clients [12, 3] at time 89
2026-09-24 22:12:11,080 fedbase.py run [line:311] INFO --------------Round 80--------------
2026-09-24 22:12:11,080 simple_logger.py log_once [line:14] INFO Current_time:89
2026-09-24 22:12:12,572 simple_logger.py log_once [line:28] INFO test_accuracy                 0.3809
2026-09-24 22:12:12,572 simple_logger.py log_once [line:28] INFO test_loss                     1.7467
2026-09-24 22:12:12,572 simple_logger.py log_once [line:28] INFO val_accuracy                  0.3583
2026-09-24 22:12:12,572 simple_logger.py log_once [line:28] INFO mean_val_accuracy             0.3583
2026-09-24 22:12:12,572 simple_logger.py log_once [line:28] INFO std_val_accuracy              0.2903
2026-09-24 22:12:12,572 simple_logger.py log_once [line:28] INFO val_loss                      1.7960
2026-09-24 22:12:12,572 simple_logger.py log_once [line:28] INFO mean_val_loss                 1.7962
2026-09-24 22:12:12,572 simple_logger.py log_once [line:28] INFO std_val_loss                  0.5116
2026-09-24 22:12:12,572 fedbase.py run [line:316] INFO Eval Time Cost:               1.4924s
2026-09-24 22:12:12,581 asyncbase.py iterate [line:68] INFO Select clients [np.int64(7), np.int64(14), np.int64(13)] at time 90.
2026-09-24 22:12:13,529 asyncbase.py iterate [line:73] INFO Receive new models from clients [15] at time 90
2026-09-24 22:12:13,562 fedbase.py run [line:311] INFO --------------Round 81--------------
2026-09-24 22:12:13,562 simple_logger.py log_once [line:14] INFO Current_time:90
2026-09-24 22:12:15,052 simple_logger.py log_once [line:28] INFO test_accuracy                 0.3495
2026-09-24 22:12:15,052 simple_logger.py log_once [line:28] INFO test_loss                     6.6477
2026-09-24 22:12:15,052 simple_logger.py log_once [line:28] INFO val_accuracy                  0.3416
2026-09-24 22:12:15,052 simple_logger.py log_once [line:28] INFO mean_val_accuracy             0.3419
2026-09-24 22:12:15,052 simple_logger.py log_once [line:28] INFO std_val_accuracy              0.3749
2026-09-24 22:12:15,053 simple_logger.py log_once [line:28] INFO val_loss                      6.5541
2026-09-24 22:12:15,053 simple_logger.py log_once [line:28] INFO mean_val_loss                 6.5496
2026-09-24 22:12:15,053 simple_logger.py log_once [line:28] INFO std_val_loss                  5.2761
2026-09-24 22:12:15,053 fedbase.py run [line:316] INFO Eval Time Cost:               1.4902s
2026-09-24 22:12:15,062 asyncbase.py iterate [line:68] INFO Select clients [np.int64(16)] at time 91.
2026-09-24 22:12:15,396 asyncbase.py iterate [line:73] INFO Receive new models from clients [14, 13] at time 91
2026-09-24 22:12:15,448 fedbase.py run [line:311] INFO --------------Round 82--------------
2026-09-24 22:12:15,449 simple_logger.py log_once [line:14] INFO Current_time:91
2026-09-24 22:12:16,921 simple_logger.py log_once [line:28] INFO test_accuracy                 0.3982
2026-09-24 22:12:16,921 simple_logger.py log_once [line:28] INFO test_loss                     4.9143
2026-09-24 22:12:16,921 simple_logger.py log_once [line:28] INFO val_accuracy                  0.3982
2026-09-24 22:12:16,921 simple_logger.py log_once [line:28] INFO mean_val_accuracy             0.3984
2026-09-24 22:12:16,921 simple_logger.py log_once [line:28] INFO std_val_accuracy              0.3919
2026-09-24 22:12:16,921 simple_logger.py log_once [line:28] INFO val_loss                      4.9631
2026-09-24 22:12:16,921 simple_logger.py log_once [line:28] INFO mean_val_loss                 4.9573
2026-09-24 22:12:16,921 simple_logger.py log_once [line:28] INFO std_val_loss                  3.7428
2026-09-24 22:12:16,922 fedbase.py run [line:316] INFO Eval Time Cost:               1.4730s
2026-09-24 22:12:16,931 asyncbase.py iterate [line:68] INFO Select clients [np.int64(9)] at time 92.
2026-09-24 22:12:17,240 asyncbase.py iterate [line:73] INFO Receive new models from clients [8, 17, 9] at time 92
2026-09-24 22:12:17,300 fedbase.py run [line:311] INFO --------------Round 83--------------
2026-09-24 22:12:17,300 simple_logger.py log_once [line:14] INFO Current_time:92
2026-09-24 22:12:18,780 simple_logger.py log_once [line:28] INFO test_accuracy                 0.4720
2026-09-24 22:12:18,781 simple_logger.py log_once [line:28] INFO test_loss                     2.6328
2026-09-24 22:12:18,781 simple_logger.py log_once [line:28] INFO val_accuracy                  0.4654
2026-09-24 22:12:18,781 simple_logger.py log_once [line:28] INFO mean_val_accuracy             0.4667
2026-09-24 22:12:18,781 simple_logger.py log_once [line:28] INFO std_val_accuracy              0.3235
2026-09-24 22:12:18,781 simple_logger.py log_once [line:28] INFO val_loss                      2.6670
2026-09-24 22:12:18,781 simple_logger.py log_once [line:28] INFO mean_val_loss                 2.6587
2026-09-24 22:12:18,781 simple_logger.py log_once [line:28] INFO std_val_loss                  2.4707
2026-09-24 22:12:18,781 fedbase.py run [line:316] INFO Eval Time Cost:               1.4806s
2026-09-24 22:12:18,790 asyncbase.py iterate [line:68] INFO Select clients [np.int64(14), np.int64(9), np.int64(18)] at time 93.
2026-09-24 22:12:19,747 asyncbase.py iterate [line:73] INFO Receive new models from clients [7, 18] at time 93
2026-09-24 22:12:19,799 fedbase.py run [line:311] INFO --------------Round 84--------------
2026-09-24 22:12:19,799 simple_logger.py log_once [line:14] INFO Current_time:93
2026-09-24 22:12:21,294 simple_logger.py log_once [line:28] INFO test_accuracy                 0.6588
2026-09-24 22:12:21,294 simple_logger.py log_once [line:28] INFO test_loss                     1.5381
2026-09-24 22:12:21,294 simple_logger.py log_once [line:28] INFO val_accuracy                  0.6532
2026-09-24 22:12:21,294 simple_logger.py log_once [line:28] INFO mean_val_accuracy             0.6541
2026-09-24 22:12:21,294 simple_logger.py log_once [line:28] INFO std_val_accuracy              0.3239
2026-09-24 22:12:21,294 simple_logger.py log_once [line:28] INFO val_loss                      1.5572
2026-09-24 22:12:21,294 simple_logger.py log_once [line:28] INFO mean_val_loss                 1.5528
2026-09-24 22:12:21,294 simple_logger.py log_once [line:28] INFO std_val_loss                  1.7646
2026-09-24 22:12:21,294 fedbase.py run [line:316] INFO Eval Time Cost:               1.4947s
2026-09-24 22:12:21,303 asyncbase.py iterate [line:68] INFO Select clients [np.int64(12), np.int64(1)] at time 94.
2026-09-24 22:12:21,961 asyncbase.py iterate [line:73] INFO Receive new models from clients [16, 12, 1] at time 94
2026-09-24 22:12:22,025 fedbase.py run [line:311] INFO --------------Round 85--------------
2026-09-24 22:12:22,025 simple_logger.py log_once [line:14] INFO Current_time:94
2026-09-24 22:12:23,550 simple_logger.py log_once [line:28] INFO test_accuracy                 0.6168
2026-09-24 22:12:23,550 simple_logger.py log_once [line:28] INFO test_loss                     1.3542
2026-09-24 22:12:23,550 simple_logger.py log_once [line:28] INFO val_accuracy                  0.6169
2026-09-24 22:12:23,550 simple_logger.py log_once [line:28] INFO mean_val_accuracy             0.6178
2026-09-24 22:12:23,550 simple_logger.py log_once [line:28] INFO std_val_accuracy              0.3269
2026-09-24 22:12:23,550 simple_logger.py log_once [line:28] INFO val_loss                      1.3658
2026-09-24 22:12:23,550 simple_logger.py log_once [line:28] INFO mean_val_loss                 1.3630
2026-09-24 22:12:23,550 simple_logger.py log_once [line:28] INFO std_val_loss                  1.0809
2026-09-24 22:12:23,550 fedbase.py run [line:316] INFO Eval Time Cost:               1.5252s
2026-09-24 22:12:23,559 asyncbase.py iterate [line:68] INFO Select clients [np.int64(1), np.int64(18), np.int64(4), np.int64(10)] at time 95.
2026-09-24 22:12:24,832 asyncbase.py iterate [line:73] INFO Receive new models from clients [9, 14] at time 95
2026-09-24 22:12:24,884 fedbase.py run [line:311] INFO --------------Round 86--------------
2026-09-24 22:12:24,884 simple_logger.py log_once [line:14] INFO Current_time:95
2026-09-24 22:12:26,377 simple_logger.py log_once [line:28] INFO test_accuracy                 0.7818
2026-09-24 22:12:26,377 simple_logger.py log_once [line:28] INFO test_loss                     0.6280
2026-09-24 22:12:26,377 simple_logger.py log_once [line:28] INFO val_accuracy                  0.7666
2026-09-24 22:12:26,377 simple_logger.py log_once [line:28] INFO mean_val_accuracy             0.7670
2026-09-24 22:12:26,377 simple_logger.py log_once [line:28] INFO std_val_accuracy              0.1924
2026-09-24 22:12:26,377 simple_logger.py log_once [line:28] INFO val_loss                      0.6593
2026-09-24 22:12:26,377 simple_logger.py log_once [line:28] INFO mean_val_loss                 0.6587
2026-09-24 22:12:26,377 simple_logger.py log_once [line:28] INFO std_val_loss                  0.4679
2026-09-24 22:12:26,377 fedbase.py run [line:316] INFO Eval Time Cost:               1.4930s
2026-09-24 22:12:26,387 asyncbase.py iterate [line:68] INFO Select clients [np.int64(0), np.int64(6)] at time 96.
2026-09-24 22:12:27,008 asyncbase.py iterate [line:73] INFO Receive new models from clients [18, 10, 0] at time 96
2026-09-24 22:12:27,070 fedbase.py run [line:311] INFO --------------Round 87--------------
2026-09-24 22:12:27,070 simple_logger.py log_once [line:14] INFO Current_time:96
2026-09-24 22:12:28,559 simple_logger.py log_once [line:28] INFO test_accuracy                 0.8114
2026-09-24 22:12:28,559 simple_logger.py log_once [line:28] INFO test_loss                     0.6357
2026-09-24 22:12:28,559 simple_logger.py log_once [line:28] INFO val_accuracy                  0.8095
2026-09-24 22:12:28,559 simple_logger.py log_once [line:28] INFO mean_val_accuracy             0.8100
2026-09-24 22:12:28,559 simple_logger.py log_once [line:28] INFO std_val_accuracy              0.1936
2026-09-24 22:12:28,559 simple_logger.py log_once [line:28] INFO val_loss                      0.6461
2026-09-24 22:12:28,559 simple_logger.py log_once [line:28] INFO mean_val_loss                 0.6448
2026-09-24 22:12:28,559 simple_logger.py log_once [line:28] INFO std_val_loss                  0.6003
2026-09-24 22:12:28,559 fedbase.py run [line:316] INFO Eval Time Cost:               1.4890s
2026-09-24 22:12:28,570 asyncbase.py iterate [line:68] INFO Select clients [np.int64(13), np.int64(18)] at time 97.
2026-09-24 22:12:29,200 asyncbase.py iterate [line:73] INFO Receive new models from clients [6, 4] at time 97
2026-09-24 22:12:29,253 fedbase.py run [line:311] INFO --------------Round 88--------------
2026-09-24 22:12:29,254 simple_logger.py log_once [line:14] INFO Current_time:97
2026-09-24 22:12:30,754 simple_logger.py log_once [line:28] INFO test_accuracy                 0.7628
2026-09-24 22:12:30,754 simple_logger.py log_once [line:28] INFO test_loss                     0.9017
2026-09-24 22:12:30,754 simple_logger.py log_once [line:28] INFO val_accuracy                  0.7594
2026-09-24 22:12:30,754 simple_logger.py log_once [line:28] INFO mean_val_accuracy             0.7604
2026-09-24 22:12:30,754 simple_logger.py log_once [line:28] INFO std_val_accuracy              0.2870
2026-09-24 22:12:30,754 simple_logger.py log_once [line:28] INFO val_loss                      0.9014
2026-09-24 22:12:30,754 simple_logger.py log_once [line:28] INFO mean_val_loss                 0.8978
2026-09-24 22:12:30,754 simple_logger.py log_once [line:28] INFO std_val_loss                  1.0447
2026-09-24 22:12:30,754 fedbase.py run [line:316] INFO Eval Time Cost:               1.5003s
2026-09-24 22:12:30,762 asyncbase.py iterate [line:68] INFO Select clients [np.int64(14), np.int64(7)] at time 98.
2026-09-24 22:12:31,388 asyncbase.py iterate [line:73] INFO Receive new models from clients [1, 18] at time 98
2026-09-24 22:12:31,441 fedbase.py run [line:311] INFO --------------Round 89--------------
2026-09-24 22:12:31,441 simple_logger.py log_once [line:14] INFO Current_time:98
2026-09-24 22:12:32,927 simple_logger.py log_once [line:28] INFO test_accuracy                 0.7470
2026-09-24 22:12:32,927 simple_logger.py log_once [line:28] INFO test_loss                     1.0487
2026-09-24 22:12:32,927 simple_logger.py log_once [line:28] INFO val_accuracy                  0.7432
2026-09-24 22:12:32,927 simple_logger.py log_once [line:28] INFO mean_val_accuracy             0.7441
2026-09-24 22:12:32,927 simple_logger.py log_once [line:28] INFO std_val_accuracy              0.2916
2026-09-24 22:12:32,927 simple_logger.py log_once [line:28] INFO val_loss                      1.0450
2026-09-24 22:12:32,927 simple_logger.py log_once [line:28] INFO mean_val_loss                 1.0413
2026-09-24 22:12:32,927 simple_logger.py log_once [line:28] INFO std_val_loss                  1.2022
2026-09-24 22:12:32,927 fedbase.py run [line:316] INFO Eval Time Cost:               1.4864s
2026-09-24 22:12:32,937 asyncbase.py iterate [line:68] INFO Select clients [np.int64(3), np.int64(0)] at time 99.
2026-09-24 22:12:33,554 asyncbase.py iterate [line:73] INFO Receive new models from clients [13] at time 99
2026-09-24 22:12:33,585 fedbase.py run [line:311] INFO --------------Round 90--------------
2026-09-24 22:12:33,585 simple_logger.py log_once [line:14] INFO Current_time:99
2026-09-24 22:12:35,083 simple_logger.py log_once [line:28] INFO test_accuracy                 0.6234
2026-09-24 22:12:35,083 simple_logger.py log_once [line:28] INFO test_loss                     2.6562
2026-09-24 22:12:35,083 simple_logger.py log_once [line:28] INFO val_accuracy                  0.6181
2026-09-24 22:12:35,083 simple_logger.py log_once [line:28] INFO mean_val_accuracy             0.6192
2026-09-24 22:12:35,083 simple_logger.py log_once [line:28] INFO std_val_accuracy              0.3324
2026-09-24 22:12:35,083 simple_logger.py log_once [line:28] INFO val_loss                      2.7040
2026-09-24 22:12:35,083 simple_logger.py log_once [line:28] INFO mean_val_loss                 2.6929
2026-09-24 22:12:35,083 simple_logger.py log_once [line:28] INFO std_val_loss                  3.0605
2026-09-24 22:12:35,083 fedbase.py run [line:316] INFO Eval Time Cost:               1.4982s
2026-09-24 22:12:35,093 asyncbase.py iterate [line:68] INFO Select clients [np.int64(6)] at time 100.
2026-09-24 22:12:35,406 asyncbase.py iterate [line:73] INFO Receive new models from clients [7, 14, 6] at time 100
2026-09-24 22:12:35,468 fedbase.py run [line:311] INFO --------------Round 91--------------
2026-09-24 22:12:35,468 simple_logger.py log_once [line:14] INFO Current_time:100
2026-09-24 22:12:36,957 simple_logger.py log_once [line:28] INFO test_accuracy                 0.7865
2026-09-24 22:12:36,957 simple_logger.py log_once [line:28] INFO test_loss                     0.9371
2026-09-24 22:12:36,957 simple_logger.py log_once [line:28] INFO val_accuracy                  0.7876
2026-09-24 22:12:36,957 simple_logger.py log_once [line:28] INFO mean_val_accuracy             0.7879
2026-09-24 22:12:36,957 simple_logger.py log_once [line:28] INFO std_val_accuracy              0.2700
2026-09-24 22:12:36,957 simple_logger.py log_once [line:28] INFO val_loss                      0.9254
2026-09-24 22:12:36,957 simple_logger.py log_once [line:28] INFO mean_val_loss                 0.9242
2026-09-24 22:12:36,957 simple_logger.py log_once [line:28] INFO std_val_loss                  1.3174
2026-09-24 22:12:36,957 fedbase.py run [line:316] INFO Eval Time Cost:               1.4889s
2026-09-24 22:12:36,967 asyncbase.py iterate [line:68] INFO Select clients [np.int64(17), np.int64(19), np.int64(6)] at time 101.
2026-09-24 22:12:37,917 asyncbase.py iterate [line:73] INFO Receive new models from clients [0, 3] at time 101
2026-09-24 22:12:37,970 fedbase.py run [line:311] INFO --------------Round 92--------------
2026-09-24 22:12:37,970 simple_logger.py log_once [line:14] INFO Current_time:101
2026-09-24 22:12:39,461 simple_logger.py log_once [line:28] INFO test_accuracy                 0.8645
2026-09-24 22:12:39,461 simple_logger.py log_once [line:28] INFO test_loss                     0.4533
2026-09-24 22:12:39,461 simple_logger.py log_once [line:28] INFO val_accuracy                  0.8598
2026-09-24 22:12:39,461 simple_logger.py log_once [line:28] INFO mean_val_accuracy             0.8601
2026-09-24 22:12:39,461 simple_logger.py log_once [line:28] INFO std_val_accuracy              0.0907
2026-09-24 22:12:39,461 simple_logger.py log_once [line:28] INFO val_loss                      0.4712
2026-09-24 22:12:39,461 simple_logger.py log_once [line:28] INFO mean_val_loss                 0.4704
2026-09-24 22:12:39,461 simple_logger.py log_once [line:28] INFO std_val_loss                  0.2781
2026-09-24 22:12:39,462 fedbase.py run [line:316] INFO Eval Time Cost:               1.4916s
2026-09-24 22:12:39,470 asyncbase.py iterate [line:68] INFO Select clients [np.int64(9), np.int64(16)] at time 102.
2026-09-24 22:12:40,094 asyncbase.py iterate [line:73] INFO Receive new models from clients [17, 16] at time 102
2026-09-24 22:12:40,146 fedbase.py run [line:311] INFO --------------Round 93--------------
2026-09-24 22:12:40,146 simple_logger.py log_once [line:14] INFO Current_time:102
2026-09-24 22:12:41,623 simple_logger.py log_once [line:28] INFO test_accuracy                 0.8059
2026-09-24 22:12:41,623 simple_logger.py log_once [line:28] INFO test_loss                     0.7433
2026-09-24 22:12:41,623 simple_logger.py log_once [line:28] INFO val_accuracy                  0.7955
2026-09-24 22:12:41,623 simple_logger.py log_once [line:28] INFO mean_val_accuracy             0.7963
2026-09-24 22:12:41,623 simple_logger.py log_once [line:28] INFO std_val_accuracy              0.2185
2026-09-24 22:12:41,623 simple_logger.py log_once [line:28] INFO val_loss                      0.7606
2026-09-24 22:12:41,623 simple_logger.py log_once [line:28] INFO mean_val_loss                 0.7577
2026-09-24 22:12:41,623 simple_logger.py log_once [line:28] INFO std_val_loss                  0.8216
2026-09-24 22:12:41,624 fedbase.py run [line:316] INFO Eval Time Cost:               1.4775s
2026-09-24 22:12:41,633 asyncbase.py iterate [line:68] INFO Select clients [np.int64(10), np.int64(0), np.int64(5)] at time 103.
2026-09-24 22:12:42,567 asyncbase.py iterate [line:73] INFO Receive new models from clients [9, 6, 5] at time 103
2026-09-24 22:12:42,630 fedbase.py run [line:311] INFO --------------Round 94--------------
2026-09-24 22:12:42,630 simple_logger.py log_once [line:14] INFO Current_time:103
2026-09-24 22:12:44,116 simple_logger.py log_once [line:28] INFO test_accuracy                 0.7773
2026-09-24 22:12:44,117 simple_logger.py log_once [line:28] INFO test_loss                     0.9486
2026-09-24 22:12:44,117 simple_logger.py log_once [line:28] INFO val_accuracy                  0.7709
2026-09-24 22:12:44,117 simple_logger.py log_once [line:28] INFO mean_val_accuracy             0.7717
2026-09-24 22:12:44,117 simple_logger.py log_once [line:28] INFO std_val_accuracy              0.2163
2026-09-24 22:12:44,117 simple_logger.py log_once [line:28] INFO val_loss                      0.9493
2026-09-24 22:12:44,117 simple_logger.py log_once [line:28] INFO mean_val_loss                 0.9464
2026-09-24 22:12:44,117 simple_logger.py log_once [line:28] INFO std_val_loss                  0.9117
2026-09-24 22:12:44,117 fedbase.py run [line:316] INFO Eval Time Cost:               1.4864s
2026-09-24 22:12:44,127 asyncbase.py iterate [line:68] INFO Select clients [np.int64(13), np.int64(8)] at time 104.
2026-09-24 22:12:44,749 asyncbase.py iterate [line:73] INFO Receive new models from clients [19, 0, 13] at time 104
2026-09-24 22:12:44,811 fedbase.py run [line:311] INFO --------------Round 95--------------
2026-09-24 22:12:44,811 simple_logger.py log_once [line:14] INFO Current_time:104
2026-09-24 22:12:46,308 simple_logger.py log_once [line:28] INFO test_accuracy                 0.7826
2026-09-24 22:12:46,308 simple_logger.py log_once [line:28] INFO test_loss                     0.9930
2026-09-24 22:12:46,308 simple_logger.py log_once [line:28] INFO val_accuracy                  0.7789
2026-09-24 22:12:46,308 simple_logger.py log_once [line:28] INFO mean_val_accuracy             0.7798
2026-09-24 22:12:46,308 simple_logger.py log_once [line:28] INFO std_val_accuracy              0.2415
2026-09-24 22:12:46,308 simple_logger.py log_once [line:28] INFO val_loss                      1.0063
2026-09-24 22:12:46,308 simple_logger.py log_once [line:28] INFO mean_val_loss                 1.0021
2026-09-24 22:12:46,308 simple_logger.py log_once [line:28] INFO std_val_loss                  1.1370
2026-09-24 22:12:46,308 fedbase.py run [line:316] INFO Eval Time Cost:               1.4970s
2026-09-24 22:12:46,318 asyncbase.py iterate [line:68] INFO Select clients [np.int64(7), np.int64(19), np.int64(17), np.int64(18)] at time 105.
2026-09-24 22:12:47,568 asyncbase.py iterate [line:73] INFO Receive new models from clients [10, 18] at time 105
2026-09-24 22:12:47,620 fedbase.py run [line:311] INFO --------------Round 96--------------
2026-09-24 22:12:47,620 simple_logger.py log_once [line:14] INFO Current_time:105
2026-09-24 22:12:49,112 simple_logger.py log_once [line:28] INFO test_accuracy                 0.8059
2026-09-24 22:12:49,113 simple_logger.py log_once [line:28] INFO test_loss                     0.9852
2026-09-24 22:12:49,113 simple_logger.py log_once [line:28] INFO val_accuracy                  0.8045
2026-09-24 22:12:49,113 simple_logger.py log_once [line:28] INFO mean_val_accuracy             0.8051
2026-09-24 22:12:49,113 simple_logger.py log_once [line:28] INFO std_val_accuracy              0.1933
2026-09-24 22:12:49,113 simple_logger.py log_once [line:28] INFO val_loss                      0.9875
2026-09-24 22:12:49,113 simple_logger.py log_once [line:28] INFO mean_val_loss                 0.9845
2026-09-24 22:12:49,113 simple_logger.py log_once [line:28] INFO std_val_loss                  0.9948
2026-09-24 22:12:49,113 fedbase.py run [line:316] INFO Eval Time Cost:               1.4932s
2026-09-24 22:12:49,121 asyncbase.py iterate [line:68] INFO Select clients [np.int64(15)] at time 106.
2026-09-24 22:12:49,447 asyncbase.py iterate [line:68] INFO Select clients [np.int64(16)] at time 107.
2026-09-24 22:12:49,762 asyncbase.py iterate [line:73] INFO Receive new models from clients [8, 15, 19] at time 107
2026-09-24 22:12:49,822 fedbase.py run [line:311] INFO --------------Round 97--------------
2026-09-24 22:12:49,822 simple_logger.py log_once [line:14] INFO Current_time:107
2026-09-24 22:12:51,311 simple_logger.py log_once [line:28] INFO test_accuracy                 0.7951
2026-09-24 22:12:51,311 simple_logger.py log_once [line:28] INFO test_loss                     1.0168
2026-09-24 22:12:51,311 simple_logger.py log_once [line:28] INFO val_accuracy                  0.7925
2026-09-24 22:12:51,311 simple_logger.py log_once [line:28] INFO mean_val_accuracy             0.7932
2026-09-24 22:12:51,311 simple_logger.py log_once [line:28] INFO std_val_accuracy              0.2209
2026-09-24 22:12:51,311 simple_logger.py log_once [line:28] INFO val_loss                      1.0209
2026-09-24 22:12:51,311 simple_logger.py log_once [line:28] INFO mean_val_loss                 1.0171
2026-09-24 22:12:51,312 simple_logger.py log_once [line:28] INFO std_val_loss                  1.1482
2026-09-24 22:12:51,312 fedbase.py run [line:316] INFO Eval Time Cost:               1.4898s
2026-09-24 22:12:51,322 asyncbase.py iterate [line:68] INFO Select clients [np.int64(8), np.int64(9)] at time 108.
2026-09-24 22:12:51,935 asyncbase.py iterate [line:73] INFO Receive new models from clients [17, 7] at time 108
2026-09-24 22:12:51,987 fedbase.py run [line:311] INFO --------------Round 98--------------
2026-09-24 22:12:51,987 simple_logger.py log_once [line:14] INFO Current_time:108
2026-09-24 22:12:53,471 simple_logger.py log_once [line:28] INFO test_accuracy                 0.7806
2026-09-24 22:12:53,471 simple_logger.py log_once [line:28] INFO test_loss                     1.7846
2026-09-24 22:12:53,471 simple_logger.py log_once [line:28] INFO val_accuracy                  0.7789
2026-09-24 22:12:53,471 simple_logger.py log_once [line:28] INFO mean_val_accuracy             0.7798
2026-09-24 22:12:53,471 simple_logger.py log_once [line:28] INFO std_val_accuracy              0.2890
2026-09-24 22:12:53,471 simple_logger.py log_once [line:28] INFO val_loss                      1.7722
2026-09-24 22:12:53,471 simple_logger.py log_once [line:28] INFO mean_val_loss                 1.7644
2026-09-24 22:12:53,471 simple_logger.py log_once [line:28] INFO std_val_loss                  3.0933
2026-09-24 22:12:53,471 fedbase.py run [line:316] INFO Eval Time Cost:               1.4834s
2026-09-24 22:12:53,479 asyncbase.py iterate [line:68] INFO Select clients [np.int64(10), np.int64(14)] at time 109.
2026-09-24 22:12:54,107 asyncbase.py iterate [line:73] INFO Receive new models from clients [9] at time 109
2026-09-24 22:12:54,138 fedbase.py run [line:311] INFO --------------Round 99--------------
2026-09-24 22:12:54,138 simple_logger.py log_once [line:14] INFO Current_time:109
2026-09-24 22:12:55,631 simple_logger.py log_once [line:28] INFO test_accuracy                 0.8147
2026-09-24 22:12:55,631 simple_logger.py log_once [line:28] INFO test_loss                     0.8985
2026-09-24 22:12:55,631 simple_logger.py log_once [line:28] INFO val_accuracy                  0.8075
2026-09-24 22:12:55,631 simple_logger.py log_once [line:28] INFO mean_val_accuracy             0.8083
2026-09-24 22:12:55,631 simple_logger.py log_once [line:28] INFO std_val_accuracy              0.2089
2026-09-24 22:12:55,631 simple_logger.py log_once [line:28] INFO val_loss                      0.9091
2026-09-24 22:12:55,631 simple_logger.py log_once [line:28] INFO mean_val_loss                 0.9056
2026-09-24 22:12:55,631 simple_logger.py log_once [line:28] INFO std_val_loss                  1.0582
2026-09-24 22:12:55,631 fedbase.py run [line:316] INFO Eval Time Cost:               1.4930s
2026-09-24 22:12:55,640 asyncbase.py iterate [line:73] INFO Receive new models from clients [10, 16] at time 110
2026-09-24 22:12:55,690 fedbase.py run [line:311] INFO --------------Round 100--------------
2026-09-24 22:12:55,690 simple_logger.py log_once [line:14] INFO Current_time:110
2026-09-24 22:12:57,180 simple_logger.py log_once [line:28] INFO test_accuracy                 0.6845
2026-09-24 22:12:57,180 simple_logger.py log_once [line:28] INFO test_loss                     2.0447
2026-09-24 22:12:57,180 simple_logger.py log_once [line:28] INFO val_accuracy                  0.6743
2026-09-24 22:12:57,180 simple_logger.py log_once [line:28] INFO mean_val_accuracy             0.6740
2026-09-24 22:12:57,180 simple_logger.py log_once [line:28] INFO std_val_accuracy              0.3312
2026-09-24 22:12:57,180 simple_logger.py log_once [line:28] INFO val_loss                      2.0866
2026-09-24 22:12:57,180 simple_logger.py log_once [line:28] INFO mean_val_loss                 2.0906
2026-09-24 22:12:57,180 simple_logger.py log_once [line:28] INFO std_val_loss                  2.4027
2026-09-24 22:12:57,180 fedbase.py run [line:316] INFO Eval Time Cost:               1.4899s
2026-09-24 22:12:57,180 fedbase.py run [line:324] INFO =================End==================
2026-09-24 22:12:57,180 fedbase.py run [line:325] INFO Total Time Cost:              229.0755s
