E:\fl-experiment\.venv\Lib\site-packages\torch\cuda\__init__.py:61: FutureWarning: The pynvml package is deprecated. Please install nvidia-ml-py instead. If you did not install pynvml directly, please report this to the maintainers of the package that installed pynvml for you.
  import pynvml  # type: ignore[import]
2026-09-24 23:44:49,995 fflow.py init [line:848] INFO PROCESS ID:	19000
2026-09-24 23:44:49,995 fflow.py init [line:849] INFO Initializing devices: cuda:0 will be used for this running.
2026-09-24 23:44:49,995 fflow.py init [line:852] INFO BENCHMARK:	flgo.benchmark.mnist_classification
2026-09-24 23:44:49,995 fflow.py init [line:853] INFO TASK:			E:\Federated Machine Learning\FL-Byzantine-Library\mnist_dir20
2026-09-24 23:44:50,003 fflow.py init [line:854] INFO MODEL:		flgo.benchmark.mnist_classification.model.cnn
2026-09-24 23:44:50,003 fflow.py init [line:855] INFO ALGORITHM:	research_algorithm
2026-09-24 23:44:51,045 fflow.py init [line:901] INFO SCENE:		horizontal FL with 1 <class 'flgo_byzantine.research_algorithm.Server'>, 20 <class 'flgo_byzantine.research_algorithm.Client'>
2026-09-24 23:44:51,135 fflow.py init [line:918] INFO SIMULATOR:	<class 'flgo.simulator.default_simulator.Simulator'>
2026-09-24 23:44:55,595 fflow.py init [line:931] INFO Ready to start.
2026-09-24 23:44:55,596 fedbase.py run [line:300] INFO --------------Initial Evaluation--------------
2026-09-24 23:44:55,596 simple_logger.py log_once [line:14] INFO Current_time:0
2026-09-24 23:44:57,210 simple_logger.py log_once [line:28] INFO test_accuracy                 0.0875
2026-09-24 23:44:57,210 simple_logger.py log_once [line:28] INFO test_loss                     2.3101
2026-09-24 23:44:57,210 simple_logger.py log_once [line:28] INFO val_accuracy                  0.0866
2026-09-24 23:44:57,210 simple_logger.py log_once [line:28] INFO mean_val_accuracy             0.0874
2026-09-24 23:44:57,210 simple_logger.py log_once [line:28] INFO std_val_accuracy              0.2312
2026-09-24 23:44:57,210 simple_logger.py log_once [line:28] INFO val_loss                      2.3109
2026-09-24 23:44:57,210 simple_logger.py log_once [line:28] INFO mean_val_loss                 2.3111
2026-09-24 23:44:57,210 simple_logger.py log_once [line:28] INFO std_val_loss                  0.0785
2026-09-24 23:44:57,210 fedbase.py run [line:303] INFO Eval Time Cost:               1.6142s
2026-09-24 23:44:57,220 asyncbase.py iterate [line:68] INFO Select clients [np.int64(5), np.int64(16), np.int64(0), np.int64(4), np.int64(9), np.int64(11)] at time 1.
2026-09-24 23:44:59,151 asyncbase.py iterate [line:73] INFO Receive new models from clients [11] at time 1
2026-09-24 23:44:59,193 fedbase.py run [line:311] INFO --------------Round 1--------------
2026-09-24 23:44:59,193 simple_logger.py log_once [line:14] INFO Current_time:1
2026-09-24 23:45:00,695 simple_logger.py log_once [line:28] INFO test_accuracy                 0.2846
2026-09-24 23:45:00,695 simple_logger.py log_once [line:28] INFO test_loss                     5.9855
2026-09-24 23:45:00,695 simple_logger.py log_once [line:28] INFO val_accuracy                  0.2774
2026-09-24 23:45:00,695 simple_logger.py log_once [line:28] INFO mean_val_accuracy             0.2790
2026-09-24 23:45:00,695 simple_logger.py log_once [line:28] INFO std_val_accuracy              0.3990
2026-09-24 23:45:00,695 simple_logger.py log_once [line:28] INFO val_loss                      5.9359
2026-09-24 23:45:00,695 simple_logger.py log_once [line:28] INFO mean_val_loss                 5.9232
2026-09-24 23:45:00,695 simple_logger.py log_once [line:28] INFO std_val_loss                  3.6265
2026-09-24 23:45:00,696 fedbase.py run [line:316] INFO Eval Time Cost:               1.5024s
2026-09-24 23:45:00,705 asyncbase.py iterate [line:73] INFO Receive new models from clients [9, 0] at time 2
2026-09-24 23:45:00,752 fedbase.py run [line:311] INFO --------------Round 2--------------
2026-09-24 23:45:00,752 simple_logger.py log_once [line:14] INFO Current_time:2
2026-09-24 23:45:02,238 simple_logger.py log_once [line:28] INFO test_accuracy                 0.1212
2026-09-24 23:45:02,238 simple_logger.py log_once [line:28] INFO test_loss                     12.8688
2026-09-24 23:45:02,238 simple_logger.py log_once [line:28] INFO val_accuracy                  0.1162
2026-09-24 23:45:02,238 simple_logger.py log_once [line:28] INFO mean_val_accuracy             0.1174
2026-09-24 23:45:02,238 simple_logger.py log_once [line:28] INFO std_val_accuracy              0.2863
2026-09-24 23:45:02,238 simple_logger.py log_once [line:28] INFO val_loss                      12.8823
2026-09-24 23:45:02,238 simple_logger.py log_once [line:28] INFO mean_val_loss                 12.8554
2026-09-24 23:45:02,238 simple_logger.py log_once [line:28] INFO std_val_loss                  6.6883
2026-09-24 23:45:02,238 fedbase.py run [line:316] INFO Eval Time Cost:               1.4859s
2026-09-24 23:45:02,248 asyncbase.py iterate [line:68] INFO Select clients [np.int64(3), np.int64(8), np.int64(18)] at time 3.
2026-09-24 23:45:03,193 asyncbase.py iterate [line:73] INFO Receive new models from clients [16, 5] at time 3
2026-09-24 23:45:03,227 fedbase.py run [line:311] INFO --------------Round 3--------------
2026-09-24 23:45:03,227 simple_logger.py log_once [line:14] INFO Current_time:3
2026-09-24 23:45:04,699 simple_logger.py log_once [line:28] INFO test_accuracy                 0.2033
2026-09-24 23:45:04,699 simple_logger.py log_once [line:28] INFO test_loss                     14.2946
2026-09-24 23:45:04,699 simple_logger.py log_once [line:28] INFO val_accuracy                  0.1913
2026-09-24 23:45:04,699 simple_logger.py log_once [line:28] INFO mean_val_accuracy             0.1920
2026-09-24 23:45:04,699 simple_logger.py log_once [line:28] INFO std_val_accuracy              0.3041
2026-09-24 23:45:04,699 simple_logger.py log_once [line:28] INFO val_loss                      14.2773
2026-09-24 23:45:04,699 simple_logger.py log_once [line:28] INFO mean_val_loss                 14.2512
2026-09-24 23:45:04,699 simple_logger.py log_once [line:28] INFO std_val_loss                  9.9692
2026-09-24 23:45:04,700 fedbase.py run [line:316] INFO Eval Time Cost:               1.4726s
2026-09-24 23:45:04,708 asyncbase.py iterate [line:68] INFO Select clients [np.int64(2), np.int64(10)] at time 4.
2026-09-24 23:45:05,339 asyncbase.py iterate [line:73] INFO Receive new models from clients [8, 4, 18] at time 4
2026-09-24 23:45:05,390 fedbase.py run [line:311] INFO --------------Round 4--------------
2026-09-24 23:45:05,390 simple_logger.py log_once [line:14] INFO Current_time:4
2026-09-24 23:45:06,885 simple_logger.py log_once [line:28] INFO test_accuracy                 0.2107
2026-09-24 23:45:06,885 simple_logger.py log_once [line:28] INFO test_loss                     2.7595
2026-09-24 23:45:06,885 simple_logger.py log_once [line:28] INFO val_accuracy                  0.2095
2026-09-24 23:45:06,885 simple_logger.py log_once [line:28] INFO mean_val_accuracy             0.2098
2026-09-24 23:45:06,885 simple_logger.py log_once [line:28] INFO std_val_accuracy              0.3696
2026-09-24 23:45:06,885 simple_logger.py log_once [line:28] INFO val_loss                      2.7460
2026-09-24 23:45:06,885 simple_logger.py log_once [line:28] INFO mean_val_loss                 2.7470
2026-09-24 23:45:06,885 simple_logger.py log_once [line:28] INFO std_val_loss                  1.2273
2026-09-24 23:45:06,885 fedbase.py run [line:316] INFO Eval Time Cost:               1.4954s
2026-09-24 23:45:06,894 asyncbase.py iterate [line:68] INFO Select clients [np.int64(8), np.int64(1), np.int64(4)] at time 5.
2026-09-24 23:45:07,831 asyncbase.py iterate [line:73] INFO Receive new models from clients [10] at time 5
2026-09-24 23:45:07,858 fedbase.py run [line:311] INFO --------------Round 5--------------
2026-09-24 23:45:07,858 simple_logger.py log_once [line:14] INFO Current_time:5
2026-09-24 23:45:09,352 simple_logger.py log_once [line:28] INFO test_accuracy                 0.0892
2026-09-24 23:45:09,352 simple_logger.py log_once [line:28] INFO test_loss                     7.8906
2026-09-24 23:45:09,352 simple_logger.py log_once [line:28] INFO val_accuracy                  0.0907
2026-09-24 23:45:09,352 simple_logger.py log_once [line:28] INFO mean_val_accuracy             0.0904
2026-09-24 23:45:09,352 simple_logger.py log_once [line:28] INFO std_val_accuracy              0.2536
2026-09-24 23:45:09,352 simple_logger.py log_once [line:28] INFO val_loss                      7.8455
2026-09-24 23:45:09,352 simple_logger.py log_once [line:28] INFO mean_val_loss                 7.8521
2026-09-24 23:45:09,352 simple_logger.py log_once [line:28] INFO std_val_loss                  3.7325
2026-09-24 23:45:09,352 fedbase.py run [line:316] INFO Eval Time Cost:               1.4939s
2026-09-24 23:45:09,361 asyncbase.py iterate [line:68] INFO Select clients [np.int64(6)] at time 6.
2026-09-24 23:45:09,716 asyncbase.py iterate [line:73] INFO Receive new models from clients [2, 8, 3] at time 6
2026-09-24 23:45:09,767 fedbase.py run [line:311] INFO --------------Round 6--------------
2026-09-24 23:45:09,768 simple_logger.py log_once [line:14] INFO Current_time:6
2026-09-24 23:45:11,242 simple_logger.py log_once [line:28] INFO test_accuracy                 0.0892
2026-09-24 23:45:11,242 simple_logger.py log_once [line:28] INFO test_loss                     10.0906
2026-09-24 23:45:11,242 simple_logger.py log_once [line:28] INFO val_accuracy                  0.0907
2026-09-24 23:45:11,242 simple_logger.py log_once [line:28] INFO mean_val_accuracy             0.0904
2026-09-24 23:45:11,242 simple_logger.py log_once [line:28] INFO std_val_accuracy              0.2536
2026-09-24 23:45:11,242 simple_logger.py log_once [line:28] INFO val_loss                      10.0264
2026-09-24 23:45:11,242 simple_logger.py log_once [line:28] INFO mean_val_loss                 10.0379
2026-09-24 23:45:11,242 simple_logger.py log_once [line:28] INFO std_val_loss                  5.1248
2026-09-24 23:45:11,242 fedbase.py run [line:316] INFO Eval Time Cost:               1.4749s
2026-09-24 23:45:11,251 asyncbase.py iterate [line:68] INFO Select clients [np.int64(14), np.int64(15), np.int64(2)] at time 7.
2026-09-24 23:45:12,206 asyncbase.py iterate [line:73] INFO Receive new models from clients [14, 2] at time 7
2026-09-24 23:45:12,259 fedbase.py run [line:311] INFO --------------Round 7--------------
2026-09-24 23:45:12,259 simple_logger.py log_once [line:14] INFO Current_time:7
2026-09-24 23:45:13,740 simple_logger.py log_once [line:28] INFO test_accuracy                 0.0892
2026-09-24 23:45:13,740 simple_logger.py log_once [line:28] INFO test_loss                     2088.0079
2026-09-24 23:45:13,740 simple_logger.py log_once [line:28] INFO val_accuracy                  0.0907
2026-09-24 23:45:13,740 simple_logger.py log_once [line:28] INFO mean_val_accuracy             0.0904
2026-09-24 23:45:13,740 simple_logger.py log_once [line:28] INFO std_val_accuracy              0.2536
2026-09-24 23:45:13,740 simple_logger.py log_once [line:28] INFO val_loss                      2082.2906
2026-09-24 23:45:13,740 simple_logger.py log_once [line:28] INFO mean_val_loss                 2082.4639
2026-09-24 23:45:13,740 simple_logger.py log_once [line:28] INFO std_val_loss                  805.2595
2026-09-24 23:45:13,740 fedbase.py run [line:316] INFO Eval Time Cost:               1.4813s
2026-09-24 23:45:13,750 asyncbase.py iterate [line:68] INFO Select clients [np.int64(3), np.int64(0)] at time 8.
2026-09-24 23:45:14,384 asyncbase.py iterate [line:73] INFO Receive new models from clients [1, 6, 3, 4] at time 8
2026-09-24 23:45:14,452 fedbase.py run [line:311] INFO --------------Round 8--------------
2026-09-24 23:45:14,452 simple_logger.py log_once [line:14] INFO Current_time:8
2026-09-24 23:45:15,965 simple_logger.py log_once [line:28] INFO test_accuracy                 0.0892
2026-09-24 23:45:15,965 simple_logger.py log_once [line:28] INFO test_loss                     1638.4616
2026-09-24 23:45:15,965 simple_logger.py log_once [line:28] INFO val_accuracy                  0.0907
2026-09-24 23:45:15,965 simple_logger.py log_once [line:28] INFO mean_val_accuracy             0.0904
2026-09-24 23:45:15,965 simple_logger.py log_once [line:28] INFO std_val_accuracy              0.2536
2026-09-24 23:45:15,965 simple_logger.py log_once [line:28] INFO val_loss                      1632.6724
2026-09-24 23:45:15,965 simple_logger.py log_once [line:28] INFO mean_val_loss                 1632.6228
2026-09-24 23:45:15,965 simple_logger.py log_once [line:28] INFO std_val_loss                  683.8671
2026-09-24 23:45:15,965 fedbase.py run [line:316] INFO Eval Time Cost:               1.5132s
2026-09-24 23:45:15,973 asyncbase.py iterate [line:68] INFO Select clients [np.int64(7), np.int64(19), np.int64(5), np.int64(11)] at time 9.
2026-09-24 23:45:17,232 asyncbase.py iterate [line:73] INFO Receive new models from clients [0, 15] at time 10
2026-09-24 23:45:17,280 fedbase.py run [line:311] INFO --------------Round 9--------------
2026-09-24 23:45:17,280 simple_logger.py log_once [line:14] INFO Current_time:10
2026-09-24 23:45:18,779 simple_logger.py log_once [line:28] INFO test_accuracy                 0.0892
2026-09-24 23:45:18,779 simple_logger.py log_once [line:28] INFO test_loss                     295.4144
2026-09-24 23:45:18,779 simple_logger.py log_once [line:28] INFO val_accuracy                  0.0907
2026-09-24 23:45:18,779 simple_logger.py log_once [line:28] INFO mean_val_accuracy             0.0904
2026-09-24 23:45:18,779 simple_logger.py log_once [line:28] INFO std_val_accuracy              0.2536
2026-09-24 23:45:18,779 simple_logger.py log_once [line:28] INFO val_loss                      293.9287
2026-09-24 23:45:18,779 simple_logger.py log_once [line:28] INFO mean_val_loss                 293.9764
2026-09-24 23:45:18,779 simple_logger.py log_once [line:28] INFO std_val_loss                  146.3327
2026-09-24 23:45:18,780 fedbase.py run [line:316] INFO Eval Time Cost:               1.5000s
2026-09-24 23:45:18,788 asyncbase.py iterate [line:68] INFO Select clients [np.int64(4)] at time 11.
2026-09-24 23:45:19,097 asyncbase.py iterate [line:73] INFO Receive new models from clients [7] at time 11
2026-09-24 23:45:19,113 asyncbase.py iterate [line:68] INFO Select clients [np.int64(18), np.int64(2)] at time 12.
2026-09-24 23:45:19,749 asyncbase.py iterate [line:73] INFO Receive new models from clients [4, 5, 11, 19] at time 12
2026-09-24 23:45:19,810 fedbase.py run [line:311] INFO --------------Round 10--------------
2026-09-24 23:45:19,810 simple_logger.py log_once [line:14] INFO Current_time:12
2026-09-24 23:45:21,291 simple_logger.py log_once [line:28] INFO test_accuracy                 0.1028
2026-09-24 23:45:21,291 simple_logger.py log_once [line:28] INFO test_loss                     136.0294
2026-09-24 23:45:21,291 simple_logger.py log_once [line:28] INFO val_accuracy                  0.1043
2026-09-24 23:45:21,291 simple_logger.py log_once [line:28] INFO mean_val_accuracy             0.1043
2026-09-24 23:45:21,291 simple_logger.py log_once [line:28] INFO std_val_accuracy              0.2848
2026-09-24 23:45:21,291 simple_logger.py log_once [line:28] INFO val_loss                      134.4429
2026-09-24 23:45:21,291 simple_logger.py log_once [line:28] INFO mean_val_loss                 134.5019
2026-09-24 23:45:21,292 simple_logger.py log_once [line:28] INFO std_val_loss                  65.1394
2026-09-24 23:45:21,292 fedbase.py run [line:316] INFO Eval Time Cost:               1.4817s
2026-09-24 23:45:21,302 asyncbase.py iterate [line:68] INFO Select clients [np.int64(10), np.int64(1), np.int64(12), np.int64(0)] at time 13.
2026-09-24 23:45:22,672 asyncbase.py iterate [line:73] INFO Receive new models from clients [0, 12] at time 14
2026-09-24 23:45:22,723 fedbase.py run [line:311] INFO --------------Round 11--------------
2026-09-24 23:45:22,723 simple_logger.py log_once [line:14] INFO Current_time:14
2026-09-24 23:45:24,253 simple_logger.py log_once [line:28] INFO test_accuracy                 0.0892
2026-09-24 23:45:24,253 simple_logger.py log_once [line:28] INFO test_loss                     2.6790
2026-09-24 23:45:24,253 simple_logger.py log_once [line:28] INFO val_accuracy                  0.0907
2026-09-24 23:45:24,254 simple_logger.py log_once [line:28] INFO mean_val_accuracy             0.0904
2026-09-24 23:45:24,254 simple_logger.py log_once [line:28] INFO std_val_accuracy              0.2536
2026-09-24 23:45:24,254 simple_logger.py log_once [line:28] INFO val_loss                      2.6759
2026-09-24 23:45:24,254 simple_logger.py log_once [line:28] INFO mean_val_loss                 2.6753
2026-09-24 23:45:24,254 simple_logger.py log_once [line:28] INFO std_val_loss                  0.8055
2026-09-24 23:45:24,254 fedbase.py run [line:316] INFO Eval Time Cost:               1.5311s
2026-09-24 23:45:24,265 asyncbase.py iterate [line:68] INFO Select clients [np.int64(0), np.int64(7)] at time 15.
2026-09-24 23:45:24,899 asyncbase.py iterate [line:73] INFO Receive new models from clients [18, 2, 10] at time 15
2026-09-24 23:45:24,955 fedbase.py run [line:311] INFO --------------Round 12--------------
2026-09-24 23:45:24,955 simple_logger.py log_once [line:14] INFO Current_time:15
2026-09-24 23:45:26,452 simple_logger.py log_once [line:28] INFO test_accuracy                 0.0892
2026-09-24 23:45:26,452 simple_logger.py log_once [line:28] INFO test_loss                     3.5033
2026-09-24 23:45:26,452 simple_logger.py log_once [line:28] INFO val_accuracy                  0.0907
2026-09-24 23:45:26,452 simple_logger.py log_once [line:28] INFO mean_val_accuracy             0.0904
2026-09-24 23:45:26,452 simple_logger.py log_once [line:28] INFO std_val_accuracy              0.2536
2026-09-24 23:45:26,452 simple_logger.py log_once [line:28] INFO val_loss                      3.4987
2026-09-24 23:45:26,452 simple_logger.py log_once [line:28] INFO mean_val_loss                 3.4985
2026-09-24 23:45:26,452 simple_logger.py log_once [line:28] INFO std_val_loss                  1.4119
2026-09-24 23:45:26,452 fedbase.py run [line:316] INFO Eval Time Cost:               1.4975s
2026-09-24 23:45:26,462 asyncbase.py iterate [line:68] INFO Select clients [np.int64(10), np.int64(16)] at time 16.
2026-09-24 23:45:27,098 asyncbase.py iterate [line:73] INFO Receive new models from clients [1, 16] at time 16
2026-09-24 23:45:27,146 fedbase.py run [line:311] INFO --------------Round 13--------------
2026-09-24 23:45:27,146 simple_logger.py log_once [line:14] INFO Current_time:16
2026-09-24 23:45:28,619 simple_logger.py log_once [line:28] INFO test_accuracy                 0.1009
2026-09-24 23:45:28,619 simple_logger.py log_once [line:28] INFO test_loss                     3.1080
2026-09-24 23:45:28,619 simple_logger.py log_once [line:28] INFO val_accuracy                  0.0999
2026-09-24 23:45:28,619 simple_logger.py log_once [line:28] INFO mean_val_accuracy             0.0994
2026-09-24 23:45:28,619 simple_logger.py log_once [line:28] INFO std_val_accuracy              0.2889
2026-09-24 23:45:28,619 simple_logger.py log_once [line:28] INFO val_loss                      3.1051
2026-09-24 23:45:28,619 simple_logger.py log_once [line:28] INFO mean_val_loss                 3.1061
2026-09-24 23:45:28,619 simple_logger.py log_once [line:28] INFO std_val_loss                  1.2994
2026-09-24 23:45:28,619 fedbase.py run [line:316] INFO Eval Time Cost:               1.4728s
2026-09-24 23:45:28,627 asyncbase.py iterate [line:68] INFO Select clients [np.int64(8), np.int64(2), np.int64(13)] at time 17.
2026-09-24 23:45:29,578 asyncbase.py iterate [line:73] INFO Receive new models from clients [10, 7, 13] at time 17
2026-09-24 23:45:29,637 fedbase.py run [line:311] INFO --------------Round 14--------------
2026-09-24 23:45:29,637 simple_logger.py log_once [line:14] INFO Current_time:17
2026-09-24 23:45:31,132 simple_logger.py log_once [line:28] INFO test_accuracy                 0.1009
2026-09-24 23:45:31,132 simple_logger.py log_once [line:28] INFO test_loss                     2.9830
2026-09-24 23:45:31,132 simple_logger.py log_once [line:28] INFO val_accuracy                  0.0999
2026-09-24 23:45:31,132 simple_logger.py log_once [line:28] INFO mean_val_accuracy             0.0994
2026-09-24 23:45:31,132 simple_logger.py log_once [line:28] INFO std_val_accuracy              0.2889
2026-09-24 23:45:31,132 simple_logger.py log_once [line:28] INFO val_loss                      2.9789
2026-09-24 23:45:31,132 simple_logger.py log_once [line:28] INFO mean_val_loss                 2.9801
2026-09-24 23:45:31,132 simple_logger.py log_once [line:28] INFO std_val_loss                  1.3354
2026-09-24 23:45:31,132 fedbase.py run [line:316] INFO Eval Time Cost:               1.4951s
2026-09-24 23:45:31,141 asyncbase.py iterate [line:68] INFO Select clients [np.int64(11), np.int64(1), np.int64(3)] at time 18.
2026-09-24 23:45:32,068 asyncbase.py iterate [line:73] INFO Receive new models from clients [8, 0, 11] at time 18
2026-09-24 23:45:32,128 fedbase.py run [line:311] INFO --------------Round 15--------------
2026-09-24 23:45:32,128 simple_logger.py log_once [line:14] INFO Current_time:18
2026-09-24 23:45:33,664 simple_logger.py log_once [line:28] INFO test_accuracy                 0.0980
2026-09-24 23:45:33,664 simple_logger.py log_once [line:28] INFO test_loss                     3.1935
2026-09-24 23:45:33,664 simple_logger.py log_once [line:28] INFO val_accuracy                  0.0990
2026-09-24 23:45:33,664 simple_logger.py log_once [line:28] INFO mean_val_accuracy             0.1000
2026-09-24 23:45:33,664 simple_logger.py log_once [line:28] INFO std_val_accuracy              0.2627
2026-09-24 23:45:33,664 simple_logger.py log_once [line:28] INFO val_loss                      3.2003
2026-09-24 23:45:33,664 simple_logger.py log_once [line:28] INFO mean_val_loss                 3.1962
2026-09-24 23:45:33,664 simple_logger.py log_once [line:28] INFO std_val_loss                  1.5484
2026-09-24 23:45:33,664 fedbase.py run [line:316] INFO Eval Time Cost:               1.5360s
2026-09-24 23:45:33,673 asyncbase.py iterate [line:68] INFO Select clients [np.int64(4)] at time 19.
2026-09-24 23:45:33,988 asyncbase.py iterate [line:73] INFO Receive new models from clients [1, 2] at time 19
2026-09-24 23:45:34,038 fedbase.py run [line:311] INFO --------------Round 16--------------
2026-09-24 23:45:34,038 simple_logger.py log_once [line:14] INFO Current_time:19
2026-09-24 23:45:35,513 simple_logger.py log_once [line:28] INFO test_accuracy                 0.0968
2026-09-24 23:45:35,514 simple_logger.py log_once [line:28] INFO test_loss                     2.9045
2026-09-24 23:45:35,514 simple_logger.py log_once [line:28] INFO val_accuracy                  0.0992
2026-09-24 23:45:35,514 simple_logger.py log_once [line:28] INFO mean_val_accuracy             0.0995
2026-09-24 23:45:35,514 simple_logger.py log_once [line:28] INFO std_val_accuracy              0.2823
2026-09-24 23:45:35,514 simple_logger.py log_once [line:28] INFO val_loss                      2.8951
2026-09-24 23:45:35,514 simple_logger.py log_once [line:28] INFO mean_val_loss                 2.8910
2026-09-24 23:45:35,514 simple_logger.py log_once [line:28] INFO std_val_loss                  1.2054
2026-09-24 23:45:35,514 fedbase.py run [line:316] INFO Eval Time Cost:               1.4762s
2026-09-24 23:45:35,524 asyncbase.py iterate [line:68] INFO Select clients [np.int64(6), np.int64(17), np.int64(7), np.int64(16)] at time 20.
2026-09-24 23:45:36,769 asyncbase.py iterate [line:73] INFO Receive new models from clients [17, 7] at time 20
2026-09-24 23:45:36,820 fedbase.py run [line:311] INFO --------------Round 17--------------
2026-09-24 23:45:36,820 simple_logger.py log_once [line:14] INFO Current_time:20
2026-09-24 23:45:38,303 simple_logger.py log_once [line:28] INFO test_accuracy                 0.2104
2026-09-24 23:45:38,303 simple_logger.py log_once [line:28] INFO test_loss                     5.6650
2026-09-24 23:45:38,303 simple_logger.py log_once [line:28] INFO val_accuracy                  0.2084
2026-09-24 23:45:38,303 simple_logger.py log_once [line:28] INFO mean_val_accuracy             0.2085
2026-09-24 23:45:38,303 simple_logger.py log_once [line:28] INFO std_val_accuracy              0.3418
2026-09-24 23:45:38,303 simple_logger.py log_once [line:28] INFO val_loss                      5.5636
2026-09-24 23:45:38,303 simple_logger.py log_once [line:28] INFO mean_val_loss                 5.5673
2026-09-24 23:45:38,303 simple_logger.py log_once [line:28] INFO std_val_loss                  3.6084
2026-09-24 23:45:38,303 fedbase.py run [line:316] INFO Eval Time Cost:               1.4830s
2026-09-24 23:45:38,312 asyncbase.py iterate [line:68] INFO Select clients [np.int64(10), np.int64(8)] at time 21.
2026-09-24 23:45:38,959 asyncbase.py iterate [line:73] INFO Receive new models from clients [4, 3, 6] at time 21
2026-09-24 23:45:39,018 fedbase.py run [line:311] INFO --------------Round 18--------------
2026-09-24 23:45:39,018 simple_logger.py log_once [line:14] INFO Current_time:21
2026-09-24 23:45:40,499 simple_logger.py log_once [line:28] INFO test_accuracy                 0.0855
2026-09-24 23:45:40,499 simple_logger.py log_once [line:28] INFO test_loss                     3.0766
2026-09-24 23:45:40,499 simple_logger.py log_once [line:28] INFO val_accuracy                  0.0903
2026-09-24 23:45:40,499 simple_logger.py log_once [line:28] INFO mean_val_accuracy             0.0906
2026-09-24 23:45:40,499 simple_logger.py log_once [line:28] INFO std_val_accuracy              0.1975
2026-09-24 23:45:40,499 simple_logger.py log_once [line:28] INFO val_loss                      3.0595
2026-09-24 23:45:40,499 simple_logger.py log_once [line:28] INFO mean_val_loss                 3.0606
2026-09-24 23:45:40,499 simple_logger.py log_once [line:28] INFO std_val_loss                  1.0044
2026-09-24 23:45:40,499 fedbase.py run [line:316] INFO Eval Time Cost:               1.4813s
2026-09-24 23:45:40,508 asyncbase.py iterate [line:68] INFO Select clients [np.int64(12), np.int64(4)] at time 22.
2026-09-24 23:45:41,126 asyncbase.py iterate [line:73] INFO Receive new models from clients [16, 12] at time 22
2026-09-24 23:45:41,177 fedbase.py run [line:311] INFO --------------Round 19--------------
2026-09-24 23:45:41,177 simple_logger.py log_once [line:14] INFO Current_time:22
2026-09-24 23:45:42,649 simple_logger.py log_once [line:28] INFO test_accuracy                 0.1584
2026-09-24 23:45:42,649 simple_logger.py log_once [line:28] INFO test_loss                     3.1265
2026-09-24 23:45:42,649 simple_logger.py log_once [line:28] INFO val_accuracy                  0.1544
2026-09-24 23:45:42,649 simple_logger.py log_once [line:28] INFO mean_val_accuracy             0.1545
2026-09-24 23:45:42,649 simple_logger.py log_once [line:28] INFO std_val_accuracy              0.2381
2026-09-24 23:45:42,649 simple_logger.py log_once [line:28] INFO val_loss                      3.1103
2026-09-24 23:45:42,649 simple_logger.py log_once [line:28] INFO mean_val_loss                 3.1135
2026-09-24 23:45:42,650 simple_logger.py log_once [line:28] INFO std_val_loss                  1.3744
2026-09-24 23:45:42,650 fedbase.py run [line:316] INFO Eval Time Cost:               1.4729s
2026-09-24 23:45:42,659 asyncbase.py iterate [line:68] INFO Select clients [np.int64(15), np.int64(14)] at time 23.
2026-09-24 23:45:43,285 asyncbase.py iterate [line:73] INFO Receive new models from clients [10, 14] at time 23
2026-09-24 23:45:43,333 fedbase.py run [line:311] INFO --------------Round 20--------------
2026-09-24 23:45:43,333 simple_logger.py log_once [line:14] INFO Current_time:23
2026-09-24 23:45:44,821 simple_logger.py log_once [line:28] INFO test_accuracy                 0.1009
2026-09-24 23:45:44,821 simple_logger.py log_once [line:28] INFO test_loss                     2.9990
2026-09-24 23:45:44,821 simple_logger.py log_once [line:28] INFO val_accuracy                  0.0999
2026-09-24 23:45:44,821 simple_logger.py log_once [line:28] INFO mean_val_accuracy             0.0994
2026-09-24 23:45:44,821 simple_logger.py log_once [line:28] INFO std_val_accuracy              0.2889
2026-09-24 23:45:44,821 simple_logger.py log_once [line:28] INFO val_loss                      2.9905
2026-09-24 23:45:44,821 simple_logger.py log_once [line:28] INFO mean_val_loss                 2.9907
2026-09-24 23:45:44,821 simple_logger.py log_once [line:28] INFO std_val_loss                  1.1603
2026-09-24 23:45:44,821 fedbase.py run [line:316] INFO Eval Time Cost:               1.4887s
2026-09-24 23:45:44,831 asyncbase.py iterate [line:68] INFO Select clients [np.int64(6), np.int64(0), np.int64(12)] at time 24.
2026-09-24 23:45:45,793 asyncbase.py iterate [line:73] INFO Receive new models from clients [15, 8, 4] at time 24
2026-09-24 23:45:45,850 fedbase.py run [line:311] INFO --------------Round 21--------------
2026-09-24 23:45:45,850 simple_logger.py log_once [line:14] INFO Current_time:24
2026-09-24 23:45:47,343 simple_logger.py log_once [line:28] INFO test_accuracy                 0.0892
2026-09-24 23:45:47,343 simple_logger.py log_once [line:28] INFO test_loss                     878.8570
2026-09-24 23:45:47,343 simple_logger.py log_once [line:28] INFO val_accuracy                  0.0907
2026-09-24 23:45:47,343 simple_logger.py log_once [line:28] INFO mean_val_accuracy             0.0904
2026-09-24 23:45:47,343 simple_logger.py log_once [line:28] INFO std_val_accuracy              0.2536
2026-09-24 23:45:47,343 simple_logger.py log_once [line:28] INFO val_loss                      879.6750
2026-09-24 23:45:47,343 simple_logger.py log_once [line:28] INFO mean_val_loss                 879.6158
2026-09-24 23:45:47,343 simple_logger.py log_once [line:28] INFO std_val_loss                  479.2645
2026-09-24 23:45:47,343 fedbase.py run [line:316] INFO Eval Time Cost:               1.4931s
2026-09-24 23:45:47,351 asyncbase.py iterate [line:68] INFO Select clients [np.int64(15), np.int64(5)] at time 25.
2026-09-24 23:45:47,976 asyncbase.py iterate [line:73] INFO Receive new models from clients [0, 5] at time 25
2026-09-24 23:45:48,027 fedbase.py run [line:311] INFO --------------Round 22--------------
2026-09-24 23:45:48,027 simple_logger.py log_once [line:14] INFO Current_time:25
2026-09-24 23:45:49,577 simple_logger.py log_once [line:28] INFO test_accuracy                 0.0892
2026-09-24 23:45:49,577 simple_logger.py log_once [line:28] INFO test_loss                     14773.0272
2026-09-24 23:45:49,577 simple_logger.py log_once [line:28] INFO val_accuracy                  0.0907
2026-09-24 23:45:49,577 simple_logger.py log_once [line:28] INFO mean_val_accuracy             0.0904
2026-09-24 23:45:49,577 simple_logger.py log_once [line:28] INFO std_val_accuracy              0.2536
2026-09-24 23:45:49,577 simple_logger.py log_once [line:28] INFO val_loss                      14807.5045
2026-09-24 23:45:49,577 simple_logger.py log_once [line:28] INFO mean_val_loss                 14803.6160
2026-09-24 23:45:49,577 simple_logger.py log_once [line:28] INFO std_val_loss                  7968.5095
2026-09-24 23:45:49,577 fedbase.py run [line:316] INFO Eval Time Cost:               1.5503s
2026-09-24 23:45:49,588 asyncbase.py iterate [line:68] INFO Select clients [np.int64(0), np.int64(9)] at time 26.
2026-09-24 23:45:50,206 asyncbase.py iterate [line:73] INFO Receive new models from clients [15, 6, 9, 12] at time 26
2026-09-24 23:45:50,274 fedbase.py run [line:311] INFO --------------Round 23--------------
2026-09-24 23:45:50,274 simple_logger.py log_once [line:14] INFO Current_time:26
2026-09-24 23:45:51,760 simple_logger.py log_once [line:28] INFO test_accuracy                 0.0892
2026-09-24 23:45:51,760 simple_logger.py log_once [line:28] INFO test_loss                     15146.7990
2026-09-24 23:45:51,760 simple_logger.py log_once [line:28] INFO val_accuracy                  0.0907
2026-09-24 23:45:51,760 simple_logger.py log_once [line:28] INFO mean_val_accuracy             0.0904
2026-09-24 23:45:51,760 simple_logger.py log_once [line:28] INFO std_val_accuracy              0.2536
2026-09-24 23:45:51,760 simple_logger.py log_once [line:28] INFO val_loss                      15179.8218
2026-09-24 23:45:51,760 simple_logger.py log_once [line:28] INFO mean_val_loss                 15174.7459
2026-09-24 23:45:51,760 simple_logger.py log_once [line:28] INFO std_val_loss                  7992.5476
2026-09-24 23:45:51,760 fedbase.py run [line:316] INFO Eval Time Cost:               1.4859s
2026-09-24 23:45:51,768 asyncbase.py iterate [line:68] INFO Select clients [np.int64(15), np.int64(1), np.int64(14), np.int64(10), np.int64(7)] at time 27.
2026-09-24 23:45:53,357 asyncbase.py iterate [line:73] INFO Receive new models from clients [0, 7, 10] at time 29
2026-09-24 23:45:53,417 fedbase.py run [line:311] INFO --------------Round 24--------------
2026-09-24 23:45:53,417 simple_logger.py log_once [line:14] INFO Current_time:29
2026-09-24 23:45:54,889 simple_logger.py log_once [line:28] INFO test_accuracy                 0.0958
2026-09-24 23:45:54,889 simple_logger.py log_once [line:28] INFO test_loss                     2.9414
2026-09-24 23:45:54,889 simple_logger.py log_once [line:28] INFO val_accuracy                  0.0981
2026-09-24 23:45:54,889 simple_logger.py log_once [line:28] INFO mean_val_accuracy             0.0983
2026-09-24 23:45:54,889 simple_logger.py log_once [line:28] INFO std_val_accuracy              0.2826
2026-09-24 23:45:54,889 simple_logger.py log_once [line:28] INFO val_loss                      2.9452
2026-09-24 23:45:54,889 simple_logger.py log_once [line:28] INFO mean_val_loss                 2.9402
2026-09-24 23:45:54,889 simple_logger.py log_once [line:28] INFO std_val_loss                  0.9826
2026-09-24 23:45:54,889 fedbase.py run [line:316] INFO Eval Time Cost:               1.4723s
2026-09-24 23:45:54,898 asyncbase.py iterate [line:68] INFO Select clients [np.int64(9), np.int64(8), np.int64(4)] at time 30.
2026-09-24 23:45:55,832 asyncbase.py iterate [line:73] INFO Receive new models from clients [14, 1, 15] at time 30
2026-09-24 23:45:55,892 fedbase.py run [line:311] INFO --------------Round 25--------------
2026-09-24 23:45:55,892 simple_logger.py log_once [line:14] INFO Current_time:30
2026-09-24 23:45:57,376 simple_logger.py log_once [line:28] INFO test_accuracy                 0.0958
2026-09-24 23:45:57,376 simple_logger.py log_once [line:28] INFO test_loss                     4.1914
2026-09-24 23:45:57,377 simple_logger.py log_once [line:28] INFO val_accuracy                  0.0981
2026-09-24 23:45:57,377 simple_logger.py log_once [line:28] INFO mean_val_accuracy             0.0983
2026-09-24 23:45:57,377 simple_logger.py log_once [line:28] INFO std_val_accuracy              0.2826
2026-09-24 23:45:57,377 simple_logger.py log_once [line:28] INFO val_loss                      4.1921
2026-09-24 23:45:57,377 simple_logger.py log_once [line:28] INFO mean_val_loss                 4.1898
2026-09-24 23:45:57,377 simple_logger.py log_once [line:28] INFO std_val_loss                  1.9095
2026-09-24 23:45:57,377 fedbase.py run [line:316] INFO Eval Time Cost:               1.4849s
2026-09-24 23:45:57,385 asyncbase.py iterate [line:68] INFO Select clients [np.int64(15), np.int64(6), np.int64(18)] at time 31.
2026-09-24 23:45:58,311 asyncbase.py iterate [line:73] INFO Receive new models from clients [8, 15] at time 31
2026-09-24 23:45:58,362 fedbase.py run [line:311] INFO --------------Round 26--------------
2026-09-24 23:45:58,362 simple_logger.py log_once [line:14] INFO Current_time:31
2026-09-24 23:45:59,844 simple_logger.py log_once [line:28] INFO test_accuracy                 0.0974
2026-09-24 23:45:59,844 simple_logger.py log_once [line:28] INFO test_loss                     8.6836
2026-09-24 23:45:59,844 simple_logger.py log_once [line:28] INFO val_accuracy                  0.0972
2026-09-24 23:45:59,844 simple_logger.py log_once [line:28] INFO mean_val_accuracy             0.0962
2026-09-24 23:45:59,844 simple_logger.py log_once [line:28] INFO std_val_accuracy              0.2801
2026-09-24 23:45:59,844 simple_logger.py log_once [line:28] INFO val_loss                      8.6387
2026-09-24 23:45:59,844 simple_logger.py log_once [line:28] INFO mean_val_loss                 8.6391
2026-09-24 23:45:59,844 simple_logger.py log_once [line:28] INFO std_val_loss                  4.9230
2026-09-24 23:45:59,845 fedbase.py run [line:316] INFO Eval Time Cost:               1.4823s
2026-09-24 23:45:59,854 asyncbase.py iterate [line:68] INFO Select clients [np.int64(17), np.int64(11)] at time 32.
2026-09-24 23:46:00,478 asyncbase.py iterate [line:73] INFO Receive new models from clients [9, 11, 17] at time 32
2026-09-24 23:46:00,536 fedbase.py run [line:311] INFO --------------Round 27--------------
2026-09-24 23:46:00,537 simple_logger.py log_once [line:14] INFO Current_time:32
2026-09-24 23:46:02,015 simple_logger.py log_once [line:28] INFO test_accuracy                 0.0886
2026-09-24 23:46:02,015 simple_logger.py log_once [line:28] INFO test_loss                     5.4911
2026-09-24 23:46:02,015 simple_logger.py log_once [line:28] INFO val_accuracy                  0.0893
2026-09-24 23:46:02,015 simple_logger.py log_once [line:28] INFO mean_val_accuracy             0.0890
2026-09-24 23:46:02,015 simple_logger.py log_once [line:28] INFO std_val_accuracy              0.1868
2026-09-24 23:46:02,015 simple_logger.py log_once [line:28] INFO val_loss                      5.4824
2026-09-24 23:46:02,015 simple_logger.py log_once [line:28] INFO mean_val_loss                 5.4823
2026-09-24 23:46:02,015 simple_logger.py log_once [line:28] INFO std_val_loss                  3.4924
2026-09-24 23:46:02,015 fedbase.py run [line:316] INFO Eval Time Cost:               1.4788s
2026-09-24 23:46:02,025 asyncbase.py iterate [line:68] INFO Select clients [np.int64(11), np.int64(15)] at time 33.
2026-09-24 23:46:02,637 asyncbase.py iterate [line:73] INFO Receive new models from clients [4, 18] at time 33
2026-09-24 23:46:02,688 fedbase.py run [line:311] INFO --------------Round 28--------------
2026-09-24 23:46:02,689 simple_logger.py log_once [line:14] INFO Current_time:33
2026-09-24 23:46:04,177 simple_logger.py log_once [line:28] INFO test_accuracy                 0.1010
2026-09-24 23:46:04,177 simple_logger.py log_once [line:28] INFO test_loss                     2.6331
2026-09-24 23:46:04,177 simple_logger.py log_once [line:28] INFO val_accuracy                  0.1020
2026-09-24 23:46:04,177 simple_logger.py log_once [line:28] INFO mean_val_accuracy             0.1016
2026-09-24 23:46:04,177 simple_logger.py log_once [line:28] INFO std_val_accuracy              0.2730
2026-09-24 23:46:04,177 simple_logger.py log_once [line:28] INFO val_loss                      2.6341
2026-09-24 23:46:04,177 simple_logger.py log_once [line:28] INFO mean_val_loss                 2.6319
2026-09-24 23:46:04,177 simple_logger.py log_once [line:28] INFO std_val_loss                  0.7403
2026-09-24 23:46:04,177 fedbase.py run [line:316] INFO Eval Time Cost:               1.4885s
2026-09-24 23:46:04,186 asyncbase.py iterate [line:68] INFO Select clients [np.int64(7), np.int64(0), np.int64(10)] at time 34.
2026-09-24 23:46:05,110 asyncbase.py iterate [line:73] INFO Receive new models from clients [11, 6, 10, 0] at time 34
2026-09-24 23:46:05,178 fedbase.py run [line:311] INFO --------------Round 29--------------
2026-09-24 23:46:05,178 simple_logger.py log_once [line:14] INFO Current_time:34
2026-09-24 23:46:06,664 simple_logger.py log_once [line:28] INFO test_accuracy                 0.1032
2026-09-24 23:46:06,665 simple_logger.py log_once [line:28] INFO test_loss                     2.6323
2026-09-24 23:46:06,665 simple_logger.py log_once [line:28] INFO val_accuracy                  0.0983
2026-09-24 23:46:06,665 simple_logger.py log_once [line:28] INFO mean_val_accuracy             0.0993
2026-09-24 23:46:06,665 simple_logger.py log_once [line:28] INFO std_val_accuracy              0.2871
2026-09-24 23:46:06,665 simple_logger.py log_once [line:28] INFO val_loss                      2.6343
2026-09-24 23:46:06,665 simple_logger.py log_once [line:28] INFO mean_val_loss                 2.6312
2026-09-24 23:46:06,665 simple_logger.py log_once [line:28] INFO std_val_loss                  0.7634
2026-09-24 23:46:06,665 fedbase.py run [line:316] INFO Eval Time Cost:               1.4869s
2026-09-24 23:46:06,675 asyncbase.py iterate [line:68] INFO Select clients [np.int64(4), np.int64(2), np.int64(16), np.int64(17)] at time 35.
2026-09-24 23:46:07,921 asyncbase.py iterate [line:73] INFO Receive new models from clients [15, 16] at time 35
2026-09-24 23:46:07,972 fedbase.py run [line:311] INFO --------------Round 30--------------
2026-09-24 23:46:07,972 simple_logger.py log_once [line:14] INFO Current_time:35
2026-09-24 23:46:09,444 simple_logger.py log_once [line:28] INFO test_accuracy                 0.1009
2026-09-24 23:46:09,445 simple_logger.py log_once [line:28] INFO test_loss                     2.6532
2026-09-24 23:46:09,445 simple_logger.py log_once [line:28] INFO val_accuracy                  0.0999
2026-09-24 23:46:09,445 simple_logger.py log_once [line:28] INFO mean_val_accuracy             0.0994
2026-09-24 23:46:09,445 simple_logger.py log_once [line:28] INFO std_val_accuracy              0.2889
2026-09-24 23:46:09,445 simple_logger.py log_once [line:28] INFO val_loss                      2.6553
2026-09-24 23:46:09,445 simple_logger.py log_once [line:28] INFO mean_val_loss                 2.6548
2026-09-24 23:46:09,445 simple_logger.py log_once [line:28] INFO std_val_loss                  0.7361
2026-09-24 23:46:09,445 fedbase.py run [line:316] INFO Eval Time Cost:               1.4733s
2026-09-24 23:46:09,463 asyncbase.py iterate [line:68] INFO Select clients [np.int64(12)] at time 37.
2026-09-24 23:46:09,775 asyncbase.py iterate [line:73] INFO Receive new models from clients [4, 7] at time 37
2026-09-24 23:46:09,826 fedbase.py run [line:311] INFO --------------Round 31--------------
2026-09-24 23:46:09,826 simple_logger.py log_once [line:14] INFO Current_time:37
2026-09-24 23:46:11,311 simple_logger.py log_once [line:28] INFO test_accuracy                 0.0982
2026-09-24 23:46:11,311 simple_logger.py log_once [line:28] INFO test_loss                     2.6032
2026-09-24 23:46:11,312 simple_logger.py log_once [line:28] INFO val_accuracy                  0.0989
2026-09-24 23:46:11,312 simple_logger.py log_once [line:28] INFO mean_val_accuracy             0.0993
2026-09-24 23:46:11,312 simple_logger.py log_once [line:28] INFO std_val_accuracy              0.2797
2026-09-24 23:46:11,312 simple_logger.py log_once [line:28] INFO val_loss                      2.6067
2026-09-24 23:46:11,312 simple_logger.py log_once [line:28] INFO mean_val_loss                 2.6043
2026-09-24 23:46:11,312 simple_logger.py log_once [line:28] INFO std_val_loss                  0.6585
2026-09-24 23:46:11,312 fedbase.py run [line:316] INFO Eval Time Cost:               1.4856s
2026-09-24 23:46:11,321 asyncbase.py iterate [line:68] INFO Select clients [np.int64(3), np.int64(19), np.int64(6)] at time 38.
2026-09-24 23:46:12,325 asyncbase.py iterate [line:73] INFO Receive new models from clients [2, 17, 6] at time 38
2026-09-24 23:46:12,383 fedbase.py run [line:311] INFO --------------Round 32--------------
2026-09-24 23:46:12,383 simple_logger.py log_once [line:14] INFO Current_time:38
2026-09-24 23:46:13,966 simple_logger.py log_once [line:28] INFO test_accuracy                 0.0982
2026-09-24 23:46:13,967 simple_logger.py log_once [line:28] INFO test_loss                     2.6669
2026-09-24 23:46:13,967 simple_logger.py log_once [line:28] INFO val_accuracy                  0.0989
2026-09-24 23:46:13,967 simple_logger.py log_once [line:28] INFO mean_val_accuracy             0.0993
2026-09-24 23:46:13,967 simple_logger.py log_once [line:28] INFO std_val_accuracy              0.2797
2026-09-24 23:46:13,967 simple_logger.py log_once [line:28] INFO val_loss                      2.6648
2026-09-24 23:46:13,967 simple_logger.py log_once [line:28] INFO mean_val_loss                 2.6618
2026-09-24 23:46:13,967 simple_logger.py log_once [line:28] INFO std_val_loss                  0.7861
2026-09-24 23:46:13,967 fedbase.py run [line:316] INFO Eval Time Cost:               1.5835s
2026-09-24 23:46:13,979 asyncbase.py iterate [line:68] INFO Select clients [np.int64(9)] at time 39.
2026-09-24 23:46:14,373 asyncbase.py iterate [line:73] INFO Receive new models from clients [12, 9] at time 39
2026-09-24 23:46:14,420 fedbase.py run [line:311] INFO --------------Round 33--------------
2026-09-24 23:46:14,420 simple_logger.py log_once [line:14] INFO Current_time:39
2026-09-24 23:46:15,921 simple_logger.py log_once [line:28] INFO test_accuracy                 0.0892
2026-09-24 23:46:15,921 simple_logger.py log_once [line:28] INFO test_loss                     4.1423
2026-09-24 23:46:15,921 simple_logger.py log_once [line:28] INFO val_accuracy                  0.0907
2026-09-24 23:46:15,921 simple_logger.py log_once [line:28] INFO mean_val_accuracy             0.0904
2026-09-24 23:46:15,921 simple_logger.py log_once [line:28] INFO std_val_accuracy              0.2536
2026-09-24 23:46:15,921 simple_logger.py log_once [line:28] INFO val_loss                      4.1253
2026-09-24 23:46:15,921 simple_logger.py log_once [line:28] INFO mean_val_loss                 4.1192
2026-09-24 23:46:15,921 simple_logger.py log_once [line:28] INFO std_val_loss                  1.7722
2026-09-24 23:46:15,921 fedbase.py run [line:316] INFO Eval Time Cost:               1.5016s
2026-09-24 23:46:15,931 asyncbase.py iterate [line:68] INFO Select clients [np.int64(0), np.int64(9), np.int64(5), np.int64(14)] at time 40.
2026-09-24 23:46:17,181 asyncbase.py iterate [line:73] INFO Receive new models from clients [3, 19] at time 40
2026-09-24 23:46:17,231 fedbase.py run [line:311] INFO --------------Round 34--------------
2026-09-24 23:46:17,231 simple_logger.py log_once [line:14] INFO Current_time:40
2026-09-24 23:46:18,711 simple_logger.py log_once [line:28] INFO test_accuracy                 0.0980
2026-09-24 23:46:18,711 simple_logger.py log_once [line:28] INFO test_loss                     3.8582
2026-09-24 23:46:18,711 simple_logger.py log_once [line:28] INFO val_accuracy                  0.0990
2026-09-24 23:46:18,711 simple_logger.py log_once [line:28] INFO mean_val_accuracy             0.1000
2026-09-24 23:46:18,711 simple_logger.py log_once [line:28] INFO std_val_accuracy              0.2627
2026-09-24 23:46:18,711 simple_logger.py log_once [line:28] INFO val_loss                      3.8359
2026-09-24 23:46:18,711 simple_logger.py log_once [line:28] INFO mean_val_loss                 3.8325
2026-09-24 23:46:18,711 simple_logger.py log_once [line:28] INFO std_val_loss                  1.6691
2026-09-24 23:46:18,712 fedbase.py run [line:316] INFO Eval Time Cost:               1.4805s
2026-09-24 23:46:18,721 asyncbase.py iterate [line:68] INFO Select clients [np.int64(3), np.int64(2)] at time 41.
2026-09-24 23:46:19,350 asyncbase.py iterate [line:73] INFO Receive new models from clients [14, 3] at time 41
2026-09-24 23:46:19,400 fedbase.py run [line:311] INFO --------------Round 35--------------
2026-09-24 23:46:19,401 simple_logger.py log_once [line:14] INFO Current_time:41
2026-09-24 23:46:20,888 simple_logger.py log_once [line:28] INFO test_accuracy                 0.0980
2026-09-24 23:46:20,888 simple_logger.py log_once [line:28] INFO test_loss                     4.0438
2026-09-24 23:46:20,888 simple_logger.py log_once [line:28] INFO val_accuracy                  0.0990
2026-09-24 23:46:20,888 simple_logger.py log_once [line:28] INFO mean_val_accuracy             0.1000
2026-09-24 23:46:20,888 simple_logger.py log_once [line:28] INFO std_val_accuracy              0.2627
2026-09-24 23:46:20,888 simple_logger.py log_once [line:28] INFO val_loss                      4.0076
2026-09-24 23:46:20,889 simple_logger.py log_once [line:28] INFO mean_val_loss                 4.0094
2026-09-24 23:46:20,889 simple_logger.py log_once [line:28] INFO std_val_loss                  2.3013
2026-09-24 23:46:20,889 fedbase.py run [line:316] INFO Eval Time Cost:               1.4881s
2026-09-24 23:46:20,899 asyncbase.py iterate [line:68] INFO Select clients [np.int64(16), np.int64(7)] at time 42.
2026-09-24 23:46:21,521 asyncbase.py iterate [line:73] INFO Receive new models from clients [5] at time 42
2026-09-24 23:46:21,546 fedbase.py run [line:311] INFO --------------Round 36--------------
2026-09-24 23:46:21,546 simple_logger.py log_once [line:14] INFO Current_time:42
2026-09-24 23:46:23,100 simple_logger.py log_once [line:28] INFO test_accuracy                 0.0892
2026-09-24 23:46:23,100 simple_logger.py log_once [line:28] INFO test_loss                     7.0779
2026-09-24 23:46:23,100 simple_logger.py log_once [line:28] INFO val_accuracy                  0.0907
2026-09-24 23:46:23,100 simple_logger.py log_once [line:28] INFO mean_val_accuracy             0.0904
2026-09-24 23:46:23,100 simple_logger.py log_once [line:28] INFO std_val_accuracy              0.2536
2026-09-24 23:46:23,100 simple_logger.py log_once [line:28] INFO val_loss                      6.9988
2026-09-24 23:46:23,100 simple_logger.py log_once [line:28] INFO mean_val_loss                 7.0039
2026-09-24 23:46:23,100 simple_logger.py log_once [line:28] INFO std_val_loss                  4.5686
2026-09-24 23:46:23,100 fedbase.py run [line:316] INFO Eval Time Cost:               1.5547s
2026-09-24 23:46:23,110 asyncbase.py iterate [line:68] INFO Select clients [np.int64(15)] at time 43.
2026-09-24 23:46:23,427 asyncbase.py iterate [line:73] INFO Receive new models from clients [0, 9, 7] at time 43
2026-09-24 23:46:23,484 fedbase.py run [line:311] INFO --------------Round 37--------------
2026-09-24 23:46:23,484 simple_logger.py log_once [line:14] INFO Current_time:43
2026-09-24 23:46:24,970 simple_logger.py log_once [line:28] INFO test_accuracy                 0.0982
2026-09-24 23:46:24,970 simple_logger.py log_once [line:28] INFO test_loss                     4.6450
2026-09-24 23:46:24,970 simple_logger.py log_once [line:28] INFO val_accuracy                  0.0989
2026-09-24 23:46:24,970 simple_logger.py log_once [line:28] INFO mean_val_accuracy             0.0993
2026-09-24 23:46:24,970 simple_logger.py log_once [line:28] INFO std_val_accuracy              0.2797
2026-09-24 23:46:24,970 simple_logger.py log_once [line:28] INFO val_loss                      4.5876
2026-09-24 23:46:24,970 simple_logger.py log_once [line:28] INFO mean_val_loss                 4.5906
2026-09-24 23:46:24,970 simple_logger.py log_once [line:28] INFO std_val_loss                  3.2405
2026-09-24 23:46:24,970 fedbase.py run [line:316] INFO Eval Time Cost:               1.4863s
2026-09-24 23:46:24,980 asyncbase.py iterate [line:68] INFO Select clients [np.int64(14), np.int64(1), np.int64(18)] at time 44.
2026-09-24 23:46:25,922 asyncbase.py iterate [line:73] INFO Receive new models from clients [16, 2, 1] at time 44
2026-09-24 23:46:25,983 fedbase.py run [line:311] INFO --------------Round 38--------------
2026-09-24 23:46:25,983 simple_logger.py log_once [line:14] INFO Current_time:44
2026-09-24 23:46:27,455 simple_logger.py log_once [line:28] INFO test_accuracy                 0.0958
2026-09-24 23:46:27,455 simple_logger.py log_once [line:28] INFO test_loss                     4.4335
2026-09-24 23:46:27,455 simple_logger.py log_once [line:28] INFO val_accuracy                  0.0981
2026-09-24 23:46:27,455 simple_logger.py log_once [line:28] INFO mean_val_accuracy             0.0983
2026-09-24 23:46:27,455 simple_logger.py log_once [line:28] INFO std_val_accuracy              0.2826
2026-09-24 23:46:27,455 simple_logger.py log_once [line:28] INFO val_loss                      4.3715
2026-09-24 23:46:27,455 simple_logger.py log_once [line:28] INFO mean_val_loss                 4.3737
2026-09-24 23:46:27,455 simple_logger.py log_once [line:28] INFO std_val_loss                  3.2214
2026-09-24 23:46:27,455 fedbase.py run [line:316] INFO Eval Time Cost:               1.4725s
2026-09-24 23:46:27,465 asyncbase.py iterate [line:68] INFO Select clients [np.int64(8), np.int64(0), np.int64(2)] at time 45.
2026-09-24 23:46:28,391 asyncbase.py iterate [line:73] INFO Receive new models from clients [8, 2] at time 45
2026-09-24 23:46:28,443 fedbase.py run [line:311] INFO --------------Round 39--------------
2026-09-24 23:46:28,443 simple_logger.py log_once [line:14] INFO Current_time:45
2026-09-24 23:46:29,925 simple_logger.py log_once [line:28] INFO test_accuracy                 0.0980
2026-09-24 23:46:29,925 simple_logger.py log_once [line:28] INFO test_loss                     5.4664
2026-09-24 23:46:29,925 simple_logger.py log_once [line:28] INFO val_accuracy                  0.0990
2026-09-24 23:46:29,925 simple_logger.py log_once [line:28] INFO mean_val_accuracy             0.1000
2026-09-24 23:46:29,925 simple_logger.py log_once [line:28] INFO std_val_accuracy              0.2627
2026-09-24 23:46:29,925 simple_logger.py log_once [line:28] INFO val_loss                      5.3793
2026-09-24 23:46:29,925 simple_logger.py log_once [line:28] INFO mean_val_loss                 5.3846
2026-09-24 23:46:29,925 simple_logger.py log_once [line:28] INFO std_val_loss                  4.5574
2026-09-24 23:46:29,925 fedbase.py run [line:316] INFO Eval Time Cost:               1.4819s
2026-09-24 23:46:29,937 asyncbase.py iterate [line:68] INFO Select clients [np.int64(8), np.int64(4)] at time 46.
2026-09-24 23:46:30,572 asyncbase.py iterate [line:73] INFO Receive new models from clients [15, 18] at time 46
2026-09-24 23:46:30,622 fedbase.py run [line:311] INFO --------------Round 40--------------
2026-09-24 23:46:30,622 simple_logger.py log_once [line:14] INFO Current_time:46
2026-09-24 23:46:32,100 simple_logger.py log_once [line:28] INFO test_accuracy                 0.0974
2026-09-24 23:46:32,100 simple_logger.py log_once [line:28] INFO test_loss                     6.5067
2026-09-24 23:46:32,100 simple_logger.py log_once [line:28] INFO val_accuracy                  0.0972
2026-09-24 23:46:32,100 simple_logger.py log_once [line:28] INFO mean_val_accuracy             0.0962
2026-09-24 23:46:32,100 simple_logger.py log_once [line:28] INFO std_val_accuracy              0.2801
2026-09-24 23:46:32,100 simple_logger.py log_once [line:28] INFO val_loss                      6.4392
2026-09-24 23:46:32,100 simple_logger.py log_once [line:28] INFO mean_val_loss                 6.4543
2026-09-24 23:46:32,100 simple_logger.py log_once [line:28] INFO std_val_loss                  4.9364
2026-09-24 23:46:32,100 fedbase.py run [line:316] INFO Eval Time Cost:               1.4784s
2026-09-24 23:46:32,110 asyncbase.py iterate [line:68] INFO Select clients [np.int64(11), np.int64(1)] at time 47.
2026-09-24 23:46:32,731 asyncbase.py iterate [line:73] INFO Receive new models from clients [14, 11] at time 47
2026-09-24 23:46:32,782 fedbase.py run [line:311] INFO --------------Round 41--------------
2026-09-24 23:46:32,782 simple_logger.py log_once [line:14] INFO Current_time:47
2026-09-24 23:46:34,258 simple_logger.py log_once [line:28] INFO test_accuracy                 0.0980
2026-09-24 23:46:34,258 simple_logger.py log_once [line:28] INFO test_loss                     4.6834
2026-09-24 23:46:34,258 simple_logger.py log_once [line:28] INFO val_accuracy                  0.0990
2026-09-24 23:46:34,258 simple_logger.py log_once [line:28] INFO mean_val_accuracy             0.1000
2026-09-24 23:46:34,258 simple_logger.py log_once [line:28] INFO std_val_accuracy              0.2627
2026-09-24 23:46:34,258 simple_logger.py log_once [line:28] INFO val_loss                      4.6254
2026-09-24 23:46:34,258 simple_logger.py log_once [line:28] INFO mean_val_loss                 4.6315
2026-09-24 23:46:34,258 simple_logger.py log_once [line:28] INFO std_val_loss                  3.3810
2026-09-24 23:46:34,258 fedbase.py run [line:316] INFO Eval Time Cost:               1.4767s
2026-09-24 23:46:34,267 asyncbase.py iterate [line:68] INFO Select clients [np.int64(14)] at time 48.
2026-09-24 23:46:34,588 asyncbase.py iterate [line:73] INFO Receive new models from clients [4, 0] at time 48
2026-09-24 23:46:34,639 fedbase.py run [line:311] INFO --------------Round 42--------------
2026-09-24 23:46:34,639 simple_logger.py log_once [line:14] INFO Current_time:48
2026-09-24 23:46:36,118 simple_logger.py log_once [line:28] INFO test_accuracy                 0.0974
2026-09-24 23:46:36,118 simple_logger.py log_once [line:28] INFO test_loss                     3.7189
2026-09-24 23:46:36,118 simple_logger.py log_once [line:28] INFO val_accuracy                  0.0972
2026-09-24 23:46:36,118 simple_logger.py log_once [line:28] INFO mean_val_accuracy             0.0962
2026-09-24 23:46:36,118 simple_logger.py log_once [line:28] INFO std_val_accuracy              0.2801
2026-09-24 23:46:36,118 simple_logger.py log_once [line:28] INFO val_loss                      3.6862
2026-09-24 23:46:36,118 simple_logger.py log_once [line:28] INFO mean_val_loss                 3.6892
2026-09-24 23:46:36,118 simple_logger.py log_once [line:28] INFO std_val_loss                  2.1492
2026-09-24 23:46:36,119 fedbase.py run [line:316] INFO Eval Time Cost:               1.4794s
2026-09-24 23:46:36,128 asyncbase.py iterate [line:68] INFO Select clients [np.int64(9), np.int64(2), np.int64(19)] at time 49.
2026-09-24 23:46:37,057 asyncbase.py iterate [line:73] INFO Receive new models from clients [1, 8, 19, 9] at time 49
2026-09-24 23:46:37,123 fedbase.py run [line:311] INFO --------------Round 43--------------
2026-09-24 23:46:37,123 simple_logger.py log_once [line:14] INFO Current_time:49
2026-09-24 23:46:38,591 simple_logger.py log_once [line:28] INFO test_accuracy                 0.1028
2026-09-24 23:46:38,591 simple_logger.py log_once [line:28] INFO test_loss                     3.1601
2026-09-24 23:46:38,591 simple_logger.py log_once [line:28] INFO val_accuracy                  0.1043
2026-09-24 23:46:38,591 simple_logger.py log_once [line:28] INFO mean_val_accuracy             0.1043
2026-09-24 23:46:38,591 simple_logger.py log_once [line:28] INFO std_val_accuracy              0.2848
2026-09-24 23:46:38,591 simple_logger.py log_once [line:28] INFO val_loss                      3.1353
2026-09-24 23:46:38,591 simple_logger.py log_once [line:28] INFO mean_val_loss                 3.1359
2026-09-24 23:46:38,591 simple_logger.py log_once [line:28] INFO std_val_loss                  1.4929
2026-09-24 23:46:38,591 fedbase.py run [line:316] INFO Eval Time Cost:               1.4677s
2026-09-24 23:46:38,600 asyncbase.py iterate [line:68] INFO Select clients [np.int64(0), np.int64(12), np.int64(15), np.int64(4)] at time 50.
2026-09-24 23:46:39,846 asyncbase.py iterate [line:73] INFO Receive new models from clients [0, 4] at time 50
2026-09-24 23:46:39,899 fedbase.py run [line:311] INFO --------------Round 44--------------
2026-09-24 23:46:39,899 simple_logger.py log_once [line:14] INFO Current_time:50
2026-09-24 23:46:41,385 simple_logger.py log_once [line:28] INFO test_accuracy                 0.1032
2026-09-24 23:46:41,385 simple_logger.py log_once [line:28] INFO test_loss                     3.4475
2026-09-24 23:46:41,385 simple_logger.py log_once [line:28] INFO val_accuracy                  0.0983
2026-09-24 23:46:41,385 simple_logger.py log_once [line:28] INFO mean_val_accuracy             0.0993
2026-09-24 23:46:41,385 simple_logger.py log_once [line:28] INFO std_val_accuracy              0.2871
2026-09-24 23:46:41,385 simple_logger.py log_once [line:28] INFO val_loss                      3.4629
2026-09-24 23:46:41,385 simple_logger.py log_once [line:28] INFO mean_val_loss                 3.4575
2026-09-24 23:46:41,385 simple_logger.py log_once [line:28] INFO std_val_loss                  1.1267
2026-09-24 23:46:41,385 fedbase.py run [line:316] INFO Eval Time Cost:               1.4866s
2026-09-24 23:46:41,395 asyncbase.py iterate [line:68] INFO Select clients [np.int64(16), np.int64(10)] at time 51.
2026-09-24 23:46:42,025 asyncbase.py iterate [line:73] INFO Receive new models from clients [14, 10, 2] at time 51
2026-09-24 23:46:42,084 fedbase.py run [line:311] INFO --------------Round 45--------------
2026-09-24 23:46:42,084 simple_logger.py log_once [line:14] INFO Current_time:51
2026-09-24 23:46:43,574 simple_logger.py log_once [line:28] INFO test_accuracy                 0.0958
2026-09-24 23:46:43,574 simple_logger.py log_once [line:28] INFO test_loss                     2.6860
2026-09-24 23:46:43,574 simple_logger.py log_once [line:28] INFO val_accuracy                  0.0981
2026-09-24 23:46:43,574 simple_logger.py log_once [line:28] INFO mean_val_accuracy             0.0983
2026-09-24 23:46:43,574 simple_logger.py log_once [line:28] INFO std_val_accuracy              0.2826
2026-09-24 23:46:43,574 simple_logger.py log_once [line:28] INFO val_loss                      2.6888
2026-09-24 23:46:43,574 simple_logger.py log_once [line:28] INFO mean_val_loss                 2.6879
2026-09-24 23:46:43,574 simple_logger.py log_once [line:28] INFO std_val_loss                  0.8672
2026-09-24 23:46:43,574 fedbase.py run [line:316] INFO Eval Time Cost:               1.4906s
2026-09-24 23:46:43,585 asyncbase.py iterate [line:68] INFO Select clients [np.int64(0), np.int64(17), np.int64(19)] at time 52.
2026-09-24 23:46:44,512 asyncbase.py iterate [line:73] INFO Receive new models from clients [16, 12, 19, 0] at time 52
2026-09-24 23:46:44,585 fedbase.py run [line:311] INFO --------------Round 46--------------
2026-09-24 23:46:44,585 simple_logger.py log_once [line:14] INFO Current_time:52
2026-09-24 23:46:46,098 simple_logger.py log_once [line:28] INFO test_accuracy                 0.0958
2026-09-24 23:46:46,098 simple_logger.py log_once [line:28] INFO test_loss                     2.7091
2026-09-24 23:46:46,099 simple_logger.py log_once [line:28] INFO val_accuracy                  0.0981
2026-09-24 23:46:46,099 simple_logger.py log_once [line:28] INFO mean_val_accuracy             0.0983
2026-09-24 23:46:46,099 simple_logger.py log_once [line:28] INFO std_val_accuracy              0.2826
2026-09-24 23:46:46,099 simple_logger.py log_once [line:28] INFO val_loss                      2.6967
2026-09-24 23:46:46,099 simple_logger.py log_once [line:28] INFO mean_val_loss                 2.6984
2026-09-24 23:46:46,099 simple_logger.py log_once [line:28] INFO std_val_loss                  0.8814
2026-09-24 23:46:46,099 fedbase.py run [line:316] INFO Eval Time Cost:               1.5137s
2026-09-24 23:46:46,107 asyncbase.py iterate [line:68] INFO Select clients [np.int64(13), np.int64(3), np.int64(5)] at time 53.
2026-09-24 23:46:47,047 asyncbase.py iterate [line:73] INFO Receive new models from clients [17, 15] at time 53
2026-09-24 23:46:47,098 fedbase.py run [line:311] INFO --------------Round 47--------------
2026-09-24 23:46:47,099 simple_logger.py log_once [line:14] INFO Current_time:53
2026-09-24 23:46:48,582 simple_logger.py log_once [line:28] INFO test_accuracy                 0.0974
2026-09-24 23:46:48,583 simple_logger.py log_once [line:28] INFO test_loss                     3.2459
2026-09-24 23:46:48,583 simple_logger.py log_once [line:28] INFO val_accuracy                  0.0972
2026-09-24 23:46:48,583 simple_logger.py log_once [line:28] INFO mean_val_accuracy             0.0962
2026-09-24 23:46:48,583 simple_logger.py log_once [line:28] INFO std_val_accuracy              0.2801
2026-09-24 23:46:48,583 simple_logger.py log_once [line:28] INFO val_loss                      3.2325
2026-09-24 23:46:48,583 simple_logger.py log_once [line:28] INFO mean_val_loss                 3.2372
2026-09-24 23:46:48,583 simple_logger.py log_once [line:28] INFO std_val_loss                  1.4598
2026-09-24 23:46:48,583 fedbase.py run [line:316] INFO Eval Time Cost:               1.4842s
2026-09-24 23:46:48,593 asyncbase.py iterate [line:68] INFO Select clients [np.int64(0), np.int64(16), np.int64(2)] at time 54.
2026-09-24 23:46:49,522 asyncbase.py iterate [line:73] INFO Receive new models from clients [5, 13] at time 54
2026-09-24 23:46:49,575 fedbase.py run [line:311] INFO --------------Round 48--------------
2026-09-24 23:46:49,575 simple_logger.py log_once [line:14] INFO Current_time:54
2026-09-24 23:46:51,061 simple_logger.py log_once [line:28] INFO test_accuracy                 0.1010
2026-09-24 23:46:51,061 simple_logger.py log_once [line:28] INFO test_loss                     5.3635
2026-09-24 23:46:51,061 simple_logger.py log_once [line:28] INFO val_accuracy                  0.1020
2026-09-24 23:46:51,061 simple_logger.py log_once [line:28] INFO mean_val_accuracy             0.1016
2026-09-24 23:46:51,061 simple_logger.py log_once [line:28] INFO std_val_accuracy              0.2730
2026-09-24 23:46:51,061 simple_logger.py log_once [line:28] INFO val_loss                      5.3624
2026-09-24 23:46:51,061 simple_logger.py log_once [line:28] INFO mean_val_loss                 5.3661
2026-09-24 23:46:51,061 simple_logger.py log_once [line:28] INFO std_val_loss                  2.0742
2026-09-24 23:46:51,061 fedbase.py run [line:316] INFO Eval Time Cost:               1.4864s
2026-09-24 23:46:51,070 asyncbase.py iterate [line:68] INFO Select clients [np.int64(12), np.int64(6)] at time 55.
2026-09-24 23:46:51,686 asyncbase.py iterate [line:73] INFO Receive new models from clients [0] at time 55
2026-09-24 23:46:51,711 fedbase.py run [line:311] INFO --------------Round 49--------------
2026-09-24 23:46:51,712 simple_logger.py log_once [line:14] INFO Current_time:55
2026-09-24 23:46:53,202 simple_logger.py log_once [line:28] INFO test_accuracy                 0.1032
2026-09-24 23:46:53,202 simple_logger.py log_once [line:28] INFO test_loss                     7.8790
2026-09-24 23:46:53,202 simple_logger.py log_once [line:28] INFO val_accuracy                  0.0983
2026-09-24 23:46:53,202 simple_logger.py log_once [line:28] INFO mean_val_accuracy             0.0993
2026-09-24 23:46:53,202 simple_logger.py log_once [line:28] INFO std_val_accuracy              0.2871
2026-09-24 23:46:53,202 simple_logger.py log_once [line:28] INFO val_loss                      7.9250
2026-09-24 23:46:53,202 simple_logger.py log_once [line:28] INFO mean_val_loss                 7.9181
2026-09-24 23:46:53,202 simple_logger.py log_once [line:28] INFO std_val_loss                  2.9022
2026-09-24 23:46:53,202 fedbase.py run [line:316] INFO Eval Time Cost:               1.4909s
2026-09-24 23:46:53,211 asyncbase.py iterate [line:68] INFO Select clients [np.int64(5)] at time 56.
2026-09-24 23:46:53,523 asyncbase.py iterate [line:73] INFO Receive new models from clients [2, 3, 6] at time 56
2026-09-24 23:46:53,584 fedbase.py run [line:311] INFO --------------Round 50--------------
2026-09-24 23:46:53,584 simple_logger.py log_once [line:14] INFO Current_time:56
2026-09-24 23:46:55,078 simple_logger.py log_once [line:28] INFO test_accuracy                 0.1032
2026-09-24 23:46:55,078 simple_logger.py log_once [line:28] INFO test_loss                     7.7706
2026-09-24 23:46:55,078 simple_logger.py log_once [line:28] INFO val_accuracy                  0.0983
2026-09-24 23:46:55,078 simple_logger.py log_once [line:28] INFO mean_val_accuracy             0.0993
2026-09-24 23:46:55,078 simple_logger.py log_once [line:28] INFO std_val_accuracy              0.2871
2026-09-24 23:46:55,078 simple_logger.py log_once [line:28] INFO val_loss                      7.8149
2026-09-24 23:46:55,078 simple_logger.py log_once [line:28] INFO mean_val_loss                 7.8069
2026-09-24 23:46:55,078 simple_logger.py log_once [line:28] INFO std_val_loss                  2.6701
2026-09-24 23:46:55,078 fedbase.py run [line:316] INFO Eval Time Cost:               1.4945s
2026-09-24 23:46:55,087 asyncbase.py iterate [line:68] INFO Select clients [np.int64(3), np.int64(9), np.int64(4)] at time 57.
2026-09-24 23:46:56,012 asyncbase.py iterate [line:73] INFO Receive new models from clients [16] at time 57
2026-09-24 23:46:56,037 fedbase.py run [line:311] INFO --------------Round 51--------------
2026-09-24 23:46:56,037 simple_logger.py log_once [line:14] INFO Current_time:57
2026-09-24 23:46:57,523 simple_logger.py log_once [line:28] INFO test_accuracy                 0.1032
2026-09-24 23:46:57,523 simple_logger.py log_once [line:28] INFO test_loss                     7.5142
2026-09-24 23:46:57,523 simple_logger.py log_once [line:28] INFO val_accuracy                  0.0983
2026-09-24 23:46:57,523 simple_logger.py log_once [line:28] INFO mean_val_accuracy             0.0993
2026-09-24 23:46:57,523 simple_logger.py log_once [line:28] INFO std_val_accuracy              0.2871
2026-09-24 23:46:57,523 simple_logger.py log_once [line:28] INFO val_loss                      7.5630
2026-09-24 23:46:57,523 simple_logger.py log_once [line:28] INFO mean_val_loss                 7.5564
2026-09-24 23:46:57,523 simple_logger.py log_once [line:28] INFO std_val_loss                  3.1767
2026-09-24 23:46:57,523 fedbase.py run [line:316] INFO Eval Time Cost:               1.4855s
2026-09-24 23:46:57,532 asyncbase.py iterate [line:68] INFO Select clients [np.int64(11)] at time 58.
2026-09-24 23:46:57,839 asyncbase.py iterate [line:73] INFO Receive new models from clients [3, 12] at time 58
2026-09-24 23:46:57,887 fedbase.py run [line:311] INFO --------------Round 52--------------
2026-09-24 23:46:57,887 simple_logger.py log_once [line:14] INFO Current_time:58
2026-09-24 23:46:59,377 simple_logger.py log_once [line:28] INFO test_accuracy                 0.1009
2026-09-24 23:46:59,377 simple_logger.py log_once [line:28] INFO test_loss                     7.8536
2026-09-24 23:46:59,377 simple_logger.py log_once [line:28] INFO val_accuracy                  0.0999
2026-09-24 23:46:59,377 simple_logger.py log_once [line:28] INFO mean_val_accuracy             0.0994
2026-09-24 23:46:59,377 simple_logger.py log_once [line:28] INFO std_val_accuracy              0.2889
2026-09-24 23:46:59,377 simple_logger.py log_once [line:28] INFO val_loss                      7.8819
2026-09-24 23:46:59,377 simple_logger.py log_once [line:28] INFO mean_val_loss                 7.8779
2026-09-24 23:46:59,377 simple_logger.py log_once [line:28] INFO std_val_loss                  3.3584
2026-09-24 23:46:59,377 fedbase.py run [line:316] INFO Eval Time Cost:               1.4901s
2026-09-24 23:46:59,387 asyncbase.py iterate [line:68] INFO Select clients [np.int64(7), np.int64(16)] at time 59.
2026-09-24 23:47:00,014 asyncbase.py iterate [line:73] INFO Receive new models from clients [5, 16] at time 59
2026-09-24 23:47:00,067 fedbase.py run [line:311] INFO --------------Round 53--------------
2026-09-24 23:47:00,068 simple_logger.py log_once [line:14] INFO Current_time:59
2026-09-24 23:47:01,561 simple_logger.py log_once [line:28] INFO test_accuracy                 0.1009
2026-09-24 23:47:01,561 simple_logger.py log_once [line:28] INFO test_loss                     6.6394
2026-09-24 23:47:01,561 simple_logger.py log_once [line:28] INFO val_accuracy                  0.0999
2026-09-24 23:47:01,561 simple_logger.py log_once [line:28] INFO mean_val_accuracy             0.0994
2026-09-24 23:47:01,561 simple_logger.py log_once [line:28] INFO std_val_accuracy              0.2889
2026-09-24 23:47:01,561 simple_logger.py log_once [line:28] INFO val_loss                      6.6436
2026-09-24 23:47:01,561 simple_logger.py log_once [line:28] INFO mean_val_loss                 6.6441
2026-09-24 23:47:01,561 simple_logger.py log_once [line:28] INFO std_val_loss                  2.3330
2026-09-24 23:47:01,561 fedbase.py run [line:316] INFO Eval Time Cost:               1.4939s
2026-09-24 23:47:01,570 asyncbase.py iterate [line:68] INFO Select clients [np.int64(17), np.int64(2)] at time 60.
2026-09-24 23:47:02,186 asyncbase.py iterate [line:73] INFO Receive new models from clients [9, 7, 4] at time 60
2026-09-24 23:47:02,245 fedbase.py run [line:311] INFO --------------Round 54--------------
2026-09-24 23:47:02,245 simple_logger.py log_once [line:14] INFO Current_time:60
2026-09-24 23:47:03,730 simple_logger.py log_once [line:28] INFO test_accuracy                 0.1009
2026-09-24 23:47:03,731 simple_logger.py log_once [line:28] INFO test_loss                     3.8876
2026-09-24 23:47:03,731 simple_logger.py log_once [line:28] INFO val_accuracy                  0.0999
2026-09-24 23:47:03,731 simple_logger.py log_once [line:28] INFO mean_val_accuracy             0.0994
2026-09-24 23:47:03,731 simple_logger.py log_once [line:28] INFO std_val_accuracy              0.2889
2026-09-24 23:47:03,731 simple_logger.py log_once [line:28] INFO val_loss                      3.8892
2026-09-24 23:47:03,731 simple_logger.py log_once [line:28] INFO mean_val_loss                 3.8880
2026-09-24 23:47:03,731 simple_logger.py log_once [line:28] INFO std_val_loss                  1.3562
2026-09-24 23:47:03,731 fedbase.py run [line:316] INFO Eval Time Cost:               1.4854s
2026-09-24 23:47:03,739 asyncbase.py iterate [line:68] INFO Select clients [np.int64(19), np.int64(9), np.int64(7)] at time 61.
2026-09-24 23:47:04,661 asyncbase.py iterate [line:73] INFO Receive new models from clients [11, 9] at time 61
2026-09-24 23:47:04,709 fedbase.py run [line:311] INFO --------------Round 55--------------
2026-09-24 23:47:04,709 simple_logger.py log_once [line:14] INFO Current_time:61
2026-09-24 23:47:06,191 simple_logger.py log_once [line:28] INFO test_accuracy                 0.0980
2026-09-24 23:47:06,191 simple_logger.py log_once [line:28] INFO test_loss                     3.4667
2026-09-24 23:47:06,191 simple_logger.py log_once [line:28] INFO val_accuracy                  0.0990
2026-09-24 23:47:06,191 simple_logger.py log_once [line:28] INFO mean_val_accuracy             0.1000
2026-09-24 23:47:06,191 simple_logger.py log_once [line:28] INFO std_val_accuracy              0.2627
2026-09-24 23:47:06,191 simple_logger.py log_once [line:28] INFO val_loss                      3.4653
2026-09-24 23:47:06,191 simple_logger.py log_once [line:28] INFO mean_val_loss                 3.4598
2026-09-24 23:47:06,191 simple_logger.py log_once [line:28] INFO std_val_loss                  1.1801
2026-09-24 23:47:06,191 fedbase.py run [line:316] INFO Eval Time Cost:               1.4825s
2026-09-24 23:47:06,202 asyncbase.py iterate [line:68] INFO Select clients [np.int64(6)] at time 62.
2026-09-24 23:47:06,521 asyncbase.py iterate [line:73] INFO Receive new models from clients [19, 2] at time 62
2026-09-24 23:47:06,570 fedbase.py run [line:311] INFO --------------Round 56--------------
2026-09-24 23:47:06,570 simple_logger.py log_once [line:14] INFO Current_time:62
2026-09-24 23:47:08,082 simple_logger.py log_once [line:28] INFO test_accuracy                 0.0980
2026-09-24 23:47:08,082 simple_logger.py log_once [line:28] INFO test_loss                     3.9664
2026-09-24 23:47:08,082 simple_logger.py log_once [line:28] INFO val_accuracy                  0.0990
2026-09-24 23:47:08,082 simple_logger.py log_once [line:28] INFO mean_val_accuracy             0.1000
2026-09-24 23:47:08,082 simple_logger.py log_once [line:28] INFO std_val_accuracy              0.2627
2026-09-24 23:47:08,082 simple_logger.py log_once [line:28] INFO val_loss                      3.9666
2026-09-24 23:47:08,082 simple_logger.py log_once [line:28] INFO mean_val_loss                 3.9612
2026-09-24 23:47:08,082 simple_logger.py log_once [line:28] INFO std_val_loss                  1.6476
2026-09-24 23:47:08,083 fedbase.py run [line:316] INFO Eval Time Cost:               1.5121s
2026-09-24 23:47:08,091 asyncbase.py iterate [line:68] INFO Select clients [np.int64(10), np.int64(11)] at time 63.
2026-09-24 23:47:08,719 asyncbase.py iterate [line:73] INFO Receive new models from clients [17, 11] at time 63
2026-09-24 23:47:08,768 fedbase.py run [line:311] INFO --------------Round 57--------------
2026-09-24 23:47:08,768 simple_logger.py log_once [line:14] INFO Current_time:63
2026-09-24 23:47:10,249 simple_logger.py log_once [line:28] INFO test_accuracy                 0.0980
2026-09-24 23:47:10,249 simple_logger.py log_once [line:28] INFO test_loss                     3.7701
2026-09-24 23:47:10,249 simple_logger.py log_once [line:28] INFO val_accuracy                  0.0990
2026-09-24 23:47:10,249 simple_logger.py log_once [line:28] INFO mean_val_accuracy             0.1000
2026-09-24 23:47:10,249 simple_logger.py log_once [line:28] INFO std_val_accuracy              0.2627
2026-09-24 23:47:10,250 simple_logger.py log_once [line:28] INFO val_loss                      3.7650
2026-09-24 23:47:10,250 simple_logger.py log_once [line:28] INFO mean_val_loss                 3.7577
2026-09-24 23:47:10,250 simple_logger.py log_once [line:28] INFO std_val_loss                  1.6575
2026-09-24 23:47:10,250 fedbase.py run [line:316] INFO Eval Time Cost:               1.4813s
2026-09-24 23:47:10,260 asyncbase.py iterate [line:68] INFO Select clients [np.int64(17), np.int64(18)] at time 64.
2026-09-24 23:47:10,894 asyncbase.py iterate [line:73] INFO Receive new models from clients [7] at time 64
2026-09-24 23:47:10,920 fedbase.py run [line:311] INFO --------------Round 58--------------
2026-09-24 23:47:10,920 simple_logger.py log_once [line:14] INFO Current_time:64
2026-09-24 23:47:12,397 simple_logger.py log_once [line:28] INFO test_accuracy                 0.0982
2026-09-24 23:47:12,397 simple_logger.py log_once [line:28] INFO test_loss                     4.4846
2026-09-24 23:47:12,397 simple_logger.py log_once [line:28] INFO val_accuracy                  0.0989
2026-09-24 23:47:12,397 simple_logger.py log_once [line:28] INFO mean_val_accuracy             0.0993
2026-09-24 23:47:12,397 simple_logger.py log_once [line:28] INFO std_val_accuracy              0.2797
2026-09-24 23:47:12,397 simple_logger.py log_once [line:28] INFO val_loss                      4.4783
2026-09-24 23:47:12,397 simple_logger.py log_once [line:28] INFO mean_val_loss                 4.4701
2026-09-24 23:47:12,397 simple_logger.py log_once [line:28] INFO std_val_loss                  2.6505
2026-09-24 23:47:12,398 fedbase.py run [line:316] INFO Eval Time Cost:               1.4776s
2026-09-24 23:47:12,407 asyncbase.py iterate [line:68] INFO Select clients [np.int64(8), np.int64(0)] at time 65.
2026-09-24 23:47:13,058 asyncbase.py iterate [line:73] INFO Receive new models from clients [6] at time 65
2026-09-24 23:47:13,083 fedbase.py run [line:311] INFO --------------Round 59--------------
2026-09-24 23:47:13,083 simple_logger.py log_once [line:14] INFO Current_time:65
2026-09-24 23:47:14,596 simple_logger.py log_once [line:28] INFO test_accuracy                 0.1028
2026-09-24 23:47:14,596 simple_logger.py log_once [line:28] INFO test_loss                     5.6037
2026-09-24 23:47:14,596 simple_logger.py log_once [line:28] INFO val_accuracy                  0.1043
2026-09-24 23:47:14,596 simple_logger.py log_once [line:28] INFO mean_val_accuracy             0.1043
2026-09-24 23:47:14,596 simple_logger.py log_once [line:28] INFO std_val_accuracy              0.2848
2026-09-24 23:47:14,596 simple_logger.py log_once [line:28] INFO val_loss                      5.5896
2026-09-24 23:47:14,596 simple_logger.py log_once [line:28] INFO mean_val_loss                 5.5830
2026-09-24 23:47:14,596 simple_logger.py log_once [line:28] INFO std_val_loss                  3.9669
2026-09-24 23:47:14,596 fedbase.py run [line:316] INFO Eval Time Cost:               1.5136s
2026-09-24 23:47:14,606 asyncbase.py iterate [line:68] INFO Select clients [np.int64(2)] at time 66.
2026-09-24 23:47:14,967 asyncbase.py iterate [line:73] INFO Receive new models from clients [10, 8, 0] at time 66
2026-09-24 23:47:15,025 fedbase.py run [line:311] INFO --------------Round 60--------------
2026-09-24 23:47:15,025 simple_logger.py log_once [line:14] INFO Current_time:66
2026-09-24 23:47:16,621 simple_logger.py log_once [line:28] INFO test_accuracy                 0.1028
2026-09-24 23:47:16,621 simple_logger.py log_once [line:28] INFO test_loss                     5.0305
2026-09-24 23:47:16,621 simple_logger.py log_once [line:28] INFO val_accuracy                  0.1043
2026-09-24 23:47:16,621 simple_logger.py log_once [line:28] INFO mean_val_accuracy             0.1043
2026-09-24 23:47:16,621 simple_logger.py log_once [line:28] INFO std_val_accuracy              0.2848
2026-09-24 23:47:16,621 simple_logger.py log_once [line:28] INFO val_loss                      5.0242
2026-09-24 23:47:16,622 simple_logger.py log_once [line:28] INFO mean_val_loss                 5.0164
2026-09-24 23:47:16,622 simple_logger.py log_once [line:28] INFO std_val_loss                  3.3423
2026-09-24 23:47:16,622 fedbase.py run [line:316] INFO Eval Time Cost:               1.5968s
2026-09-24 23:47:16,632 asyncbase.py iterate [line:68] INFO Select clients [np.int64(0), np.int64(1)] at time 67.
2026-09-24 23:47:17,301 asyncbase.py iterate [line:73] INFO Receive new models from clients [17, 18] at time 67
2026-09-24 23:47:17,355 fedbase.py run [line:311] INFO --------------Round 61--------------
2026-09-24 23:47:17,355 simple_logger.py log_once [line:14] INFO Current_time:67
2026-09-24 23:47:18,849 simple_logger.py log_once [line:28] INFO test_accuracy                 0.0958
2026-09-24 23:47:18,849 simple_logger.py log_once [line:28] INFO test_loss                     4.8725
2026-09-24 23:47:18,849 simple_logger.py log_once [line:28] INFO val_accuracy                  0.0981
2026-09-24 23:47:18,849 simple_logger.py log_once [line:28] INFO mean_val_accuracy             0.0983
2026-09-24 23:47:18,849 simple_logger.py log_once [line:28] INFO std_val_accuracy              0.2826
2026-09-24 23:47:18,849 simple_logger.py log_once [line:28] INFO val_loss                      4.8711
2026-09-24 23:47:18,849 simple_logger.py log_once [line:28] INFO mean_val_loss                 4.8695
2026-09-24 23:47:18,849 simple_logger.py log_once [line:28] INFO std_val_loss                  3.6311
2026-09-24 23:47:18,849 fedbase.py run [line:316] INFO Eval Time Cost:               1.4939s
2026-09-24 23:47:18,857 asyncbase.py iterate [line:68] INFO Select clients [np.int64(3), np.int64(12), np.int64(6)] at time 68.
2026-09-24 23:47:19,816 asyncbase.py iterate [line:73] INFO Receive new models from clients [1, 2] at time 69
2026-09-24 23:47:19,866 fedbase.py run [line:311] INFO --------------Round 62--------------
2026-09-24 23:47:19,866 simple_logger.py log_once [line:14] INFO Current_time:69
2026-09-24 23:47:21,350 simple_logger.py log_once [line:28] INFO test_accuracy                 0.0958
2026-09-24 23:47:21,350 simple_logger.py log_once [line:28] INFO test_loss                     4.3091
2026-09-24 23:47:21,350 simple_logger.py log_once [line:28] INFO val_accuracy                  0.0981
2026-09-24 23:47:21,350 simple_logger.py log_once [line:28] INFO mean_val_accuracy             0.0983
2026-09-24 23:47:21,350 simple_logger.py log_once [line:28] INFO std_val_accuracy              0.2826
2026-09-24 23:47:21,350 simple_logger.py log_once [line:28] INFO val_loss                      4.3091
2026-09-24 23:47:21,351 simple_logger.py log_once [line:28] INFO mean_val_loss                 4.3067
2026-09-24 23:47:21,351 simple_logger.py log_once [line:28] INFO std_val_loss                  3.1378
2026-09-24 23:47:21,351 fedbase.py run [line:316] INFO Eval Time Cost:               1.4843s
2026-09-24 23:47:21,359 asyncbase.py iterate [line:68] INFO Select clients [np.int64(8)] at time 70.
2026-09-24 23:47:21,674 asyncbase.py iterate [line:73] INFO Receive new models from clients [0] at time 70
2026-09-24 23:47:21,702 fedbase.py run [line:311] INFO --------------Round 63--------------
2026-09-24 23:47:21,702 simple_logger.py log_once [line:14] INFO Current_time:70
2026-09-24 23:47:23,198 simple_logger.py log_once [line:28] INFO test_accuracy                 0.1032
2026-09-24 23:47:23,198 simple_logger.py log_once [line:28] INFO test_loss                     5.9376
2026-09-24 23:47:23,198 simple_logger.py log_once [line:28] INFO val_accuracy                  0.0983
2026-09-24 23:47:23,198 simple_logger.py log_once [line:28] INFO mean_val_accuracy             0.0993
2026-09-24 23:47:23,198 simple_logger.py log_once [line:28] INFO std_val_accuracy              0.2871
2026-09-24 23:47:23,198 simple_logger.py log_once [line:28] INFO val_loss                      5.9700
2026-09-24 23:47:23,198 simple_logger.py log_once [line:28] INFO mean_val_loss                 5.9634
2026-09-24 23:47:23,198 simple_logger.py log_once [line:28] INFO std_val_loss                  3.2959
2026-09-24 23:47:23,199 fedbase.py run [line:316] INFO Eval Time Cost:               1.4964s
2026-09-24 23:47:23,208 asyncbase.py iterate [line:68] INFO Select clients [np.int64(10), np.int64(14)] at time 71.
2026-09-24 23:47:23,845 asyncbase.py iterate [line:73] INFO Receive new models from clients [8, 3, 6, 12] at time 71
2026-09-24 23:47:23,912 fedbase.py run [line:311] INFO --------------Round 64--------------
2026-09-24 23:47:23,912 simple_logger.py log_once [line:14] INFO Current_time:71
2026-09-24 23:47:25,504 simple_logger.py log_once [line:28] INFO test_accuracy                 0.1032
2026-09-24 23:47:25,504 simple_logger.py log_once [line:28] INFO test_loss                     4.6293
2026-09-24 23:47:25,504 simple_logger.py log_once [line:28] INFO val_accuracy                  0.0983
2026-09-24 23:47:25,504 simple_logger.py log_once [line:28] INFO mean_val_accuracy             0.0993
2026-09-24 23:47:25,504 simple_logger.py log_once [line:28] INFO std_val_accuracy              0.2871
2026-09-24 23:47:25,504 simple_logger.py log_once [line:28] INFO val_loss                      4.6545
2026-09-24 23:47:25,504 simple_logger.py log_once [line:28] INFO mean_val_loss                 4.6464
2026-09-24 23:47:25,504 simple_logger.py log_once [line:28] INFO std_val_loss                  2.2572
2026-09-24 23:47:25,504 fedbase.py run [line:316] INFO Eval Time Cost:               1.5922s
2026-09-24 23:47:25,514 asyncbase.py iterate [line:68] INFO Select clients [np.int64(6), np.int64(2), np.int64(11), np.int64(15)] at time 72.
2026-09-24 23:47:26,764 asyncbase.py iterate [line:73] INFO Receive new models from clients [14, 10, 11] at time 72
2026-09-24 23:47:26,823 fedbase.py run [line:311] INFO --------------Round 65--------------
2026-09-24 23:47:26,823 simple_logger.py log_once [line:14] INFO Current_time:72
2026-09-24 23:47:28,317 simple_logger.py log_once [line:28] INFO test_accuracy                 0.0892
2026-09-24 23:47:28,317 simple_logger.py log_once [line:28] INFO test_loss                     4.9970
2026-09-24 23:47:28,317 simple_logger.py log_once [line:28] INFO val_accuracy                  0.0907
2026-09-24 23:47:28,317 simple_logger.py log_once [line:28] INFO mean_val_accuracy             0.0904
2026-09-24 23:47:28,317 simple_logger.py log_once [line:28] INFO std_val_accuracy              0.2536
2026-09-24 23:47:28,317 simple_logger.py log_once [line:28] INFO val_loss                      4.9948
2026-09-24 23:47:28,317 simple_logger.py log_once [line:28] INFO mean_val_loss                 4.9876
2026-09-24 23:47:28,317 simple_logger.py log_once [line:28] INFO std_val_loss                  2.4220
2026-09-24 23:47:28,317 fedbase.py run [line:316] INFO Eval Time Cost:               1.4935s
2026-09-24 23:47:28,327 asyncbase.py iterate [line:68] INFO Select clients [np.int64(8), np.int64(3)] at time 73.
2026-09-24 23:47:28,949 asyncbase.py iterate [line:73] INFO Receive new models from clients [2, 15, 3] at time 73
2026-09-24 23:47:29,007 fedbase.py run [line:311] INFO --------------Round 66--------------
2026-09-24 23:47:29,007 simple_logger.py log_once [line:14] INFO Current_time:73
2026-09-24 23:47:30,495 simple_logger.py log_once [line:28] INFO test_accuracy                 0.0980
2026-09-24 23:47:30,495 simple_logger.py log_once [line:28] INFO test_loss                     2.8007
2026-09-24 23:47:30,495 simple_logger.py log_once [line:28] INFO val_accuracy                  0.0990
2026-09-24 23:47:30,495 simple_logger.py log_once [line:28] INFO mean_val_accuracy             0.1000
2026-09-24 23:47:30,495 simple_logger.py log_once [line:28] INFO std_val_accuracy              0.2627
2026-09-24 23:47:30,495 simple_logger.py log_once [line:28] INFO val_loss                      2.8013
2026-09-24 23:47:30,495 simple_logger.py log_once [line:28] INFO mean_val_loss                 2.8025
2026-09-24 23:47:30,495 simple_logger.py log_once [line:28] INFO std_val_loss                  1.0550
2026-09-24 23:47:30,496 fedbase.py run [line:316] INFO Eval Time Cost:               1.4881s
2026-09-24 23:47:30,506 asyncbase.py iterate [line:68] INFO Select clients [np.int64(15), np.int64(9), np.int64(7), np.int64(11)] at time 74.
2026-09-24 23:47:31,762 asyncbase.py iterate [line:73] INFO Receive new models from clients [6] at time 74
2026-09-24 23:47:31,787 fedbase.py run [line:311] INFO --------------Round 67--------------
2026-09-24 23:47:31,788 simple_logger.py log_once [line:14] INFO Current_time:74
2026-09-24 23:47:33,278 simple_logger.py log_once [line:28] INFO test_accuracy                 0.0958
2026-09-24 23:47:33,278 simple_logger.py log_once [line:28] INFO test_loss                     5.5336
2026-09-24 23:47:33,278 simple_logger.py log_once [line:28] INFO val_accuracy                  0.0981
2026-09-24 23:47:33,278 simple_logger.py log_once [line:28] INFO mean_val_accuracy             0.0983
2026-09-24 23:47:33,278 simple_logger.py log_once [line:28] INFO std_val_accuracy              0.2826
2026-09-24 23:47:33,278 simple_logger.py log_once [line:28] INFO val_loss                      5.5083
2026-09-24 23:47:33,278 simple_logger.py log_once [line:28] INFO mean_val_loss                 5.5124
2026-09-24 23:47:33,278 simple_logger.py log_once [line:28] INFO std_val_loss                  2.6521
2026-09-24 23:47:33,278 fedbase.py run [line:316] INFO Eval Time Cost:               1.4903s
2026-09-24 23:47:33,288 asyncbase.py iterate [line:68] INFO Select clients [np.int64(3)] at time 75.
2026-09-24 23:47:33,600 asyncbase.py iterate [line:73] INFO Receive new models from clients [8] at time 75
2026-09-24 23:47:33,626 fedbase.py run [line:311] INFO --------------Round 68--------------
2026-09-24 23:47:33,626 simple_logger.py log_once [line:14] INFO Current_time:75
2026-09-24 23:47:35,117 simple_logger.py log_once [line:28] INFO test_accuracy                 0.0958
2026-09-24 23:47:35,117 simple_logger.py log_once [line:28] INFO test_loss                     5.5310
2026-09-24 23:47:35,117 simple_logger.py log_once [line:28] INFO val_accuracy                  0.0981
2026-09-24 23:47:35,117 simple_logger.py log_once [line:28] INFO mean_val_accuracy             0.0983
2026-09-24 23:47:35,117 simple_logger.py log_once [line:28] INFO std_val_accuracy              0.2826
2026-09-24 23:47:35,117 simple_logger.py log_once [line:28] INFO val_loss                      5.5075
2026-09-24 23:47:35,117 simple_logger.py log_once [line:28] INFO mean_val_loss                 5.5099
2026-09-24 23:47:35,117 simple_logger.py log_once [line:28] INFO std_val_loss                  3.0600
2026-09-24 23:47:35,117 fedbase.py run [line:316] INFO Eval Time Cost:               1.4908s
2026-09-24 23:47:35,128 asyncbase.py iterate [line:68] INFO Select clients [np.int64(17)] at time 76.
2026-09-24 23:47:35,447 asyncbase.py iterate [line:73] INFO Receive new models from clients [15] at time 76
2026-09-24 23:47:35,473 fedbase.py run [line:311] INFO --------------Round 69--------------
2026-09-24 23:47:35,473 simple_logger.py log_once [line:14] INFO Current_time:76
2026-09-24 23:47:36,948 simple_logger.py log_once [line:28] INFO test_accuracy                 0.0974
2026-09-24 23:47:36,948 simple_logger.py log_once [line:28] INFO test_loss                     9.1706
2026-09-24 23:47:36,948 simple_logger.py log_once [line:28] INFO val_accuracy                  0.0972
2026-09-24 23:47:36,948 simple_logger.py log_once [line:28] INFO mean_val_accuracy             0.0962
2026-09-24 23:47:36,948 simple_logger.py log_once [line:28] INFO std_val_accuracy              0.2801
2026-09-24 23:47:36,948 simple_logger.py log_once [line:28] INFO val_loss                      9.1537
2026-09-24 23:47:36,948 simple_logger.py log_once [line:28] INFO mean_val_loss                 9.1600
2026-09-24 23:47:36,948 simple_logger.py log_once [line:28] INFO std_val_loss                  5.0121
2026-09-24 23:47:36,948 fedbase.py run [line:316] INFO Eval Time Cost:               1.4755s
2026-09-24 23:47:36,959 asyncbase.py iterate [line:68] INFO Select clients [np.int64(19)] at time 77.
2026-09-24 23:47:37,274 asyncbase.py iterate [line:73] INFO Receive new models from clients [7, 9, 11] at time 77
2026-09-24 23:47:37,333 fedbase.py run [line:311] INFO --------------Round 70--------------
2026-09-24 23:47:37,333 simple_logger.py log_once [line:14] INFO Current_time:77
2026-09-24 23:47:38,818 simple_logger.py log_once [line:28] INFO test_accuracy                 0.0974
2026-09-24 23:47:38,818 simple_logger.py log_once [line:28] INFO test_loss                     8.7681
2026-09-24 23:47:38,818 simple_logger.py log_once [line:28] INFO val_accuracy                  0.0972
2026-09-24 23:47:38,818 simple_logger.py log_once [line:28] INFO mean_val_accuracy             0.0962
2026-09-24 23:47:38,818 simple_logger.py log_once [line:28] INFO std_val_accuracy              0.2801
2026-09-24 23:47:38,818 simple_logger.py log_once [line:28] INFO val_loss                      8.7618
2026-09-24 23:47:38,818 simple_logger.py log_once [line:28] INFO mean_val_loss                 8.7635
2026-09-24 23:47:38,818 simple_logger.py log_once [line:28] INFO std_val_loss                  5.0185
2026-09-24 23:47:38,818 fedbase.py run [line:316] INFO Eval Time Cost:               1.4852s
2026-09-24 23:47:38,828 asyncbase.py iterate [line:68] INFO Select clients [np.int64(6), np.int64(18), np.int64(10)] at time 78.
2026-09-24 23:47:39,765 asyncbase.py iterate [line:73] INFO Receive new models from clients [19, 3, 10] at time 78
2026-09-24 23:47:39,823 fedbase.py run [line:311] INFO --------------Round 71--------------
2026-09-24 23:47:39,823 simple_logger.py log_once [line:14] INFO Current_time:78
2026-09-24 23:47:41,306 simple_logger.py log_once [line:28] INFO test_accuracy                 0.1028
2026-09-24 23:47:41,307 simple_logger.py log_once [line:28] INFO test_loss                     3.4650
2026-09-24 23:47:41,307 simple_logger.py log_once [line:28] INFO val_accuracy                  0.1043
2026-09-24 23:47:41,307 simple_logger.py log_once [line:28] INFO mean_val_accuracy             0.1043
2026-09-24 23:47:41,307 simple_logger.py log_once [line:28] INFO std_val_accuracy              0.2848
2026-09-24 23:47:41,307 simple_logger.py log_once [line:28] INFO val_loss                      3.4477
2026-09-24 23:47:41,307 simple_logger.py log_once [line:28] INFO mean_val_loss                 3.4491
2026-09-24 23:47:41,307 simple_logger.py log_once [line:28] INFO std_val_loss                  1.6204
2026-09-24 23:47:41,307 fedbase.py run [line:316] INFO Eval Time Cost:               1.4839s
2026-09-24 23:47:41,317 asyncbase.py iterate [line:68] INFO Select clients [np.int64(13), np.int64(19), np.int64(4)] at time 79.
2026-09-24 23:47:42,261 asyncbase.py iterate [line:73] INFO Receive new models from clients [6, 17, 19] at time 79
2026-09-24 23:47:42,321 fedbase.py run [line:311] INFO --------------Round 72--------------
2026-09-24 23:47:42,321 simple_logger.py log_once [line:14] INFO Current_time:79
2026-09-24 23:47:43,802 simple_logger.py log_once [line:28] INFO test_accuracy                 0.1028
2026-09-24 23:47:43,802 simple_logger.py log_once [line:28] INFO test_loss                     4.8171
2026-09-24 23:47:43,802 simple_logger.py log_once [line:28] INFO val_accuracy                  0.1043
2026-09-24 23:47:43,802 simple_logger.py log_once [line:28] INFO mean_val_accuracy             0.1043
2026-09-24 23:47:43,802 simple_logger.py log_once [line:28] INFO std_val_accuracy              0.2848
2026-09-24 23:47:43,802 simple_logger.py log_once [line:28] INFO val_loss                      4.7930
2026-09-24 23:47:43,802 simple_logger.py log_once [line:28] INFO mean_val_loss                 4.7931
2026-09-24 23:47:43,802 simple_logger.py log_once [line:28] INFO std_val_loss                  1.9087
2026-09-24 23:47:43,802 fedbase.py run [line:316] INFO Eval Time Cost:               1.4810s
2026-09-24 23:47:43,812 asyncbase.py iterate [line:68] INFO Select clients [np.int64(19), np.int64(1)] at time 80.
2026-09-24 23:47:44,444 asyncbase.py iterate [line:73] INFO Receive new models from clients [18] at time 80
2026-09-24 23:47:44,472 fedbase.py run [line:311] INFO --------------Round 73--------------
2026-09-24 23:47:44,472 simple_logger.py log_once [line:14] INFO Current_time:80
2026-09-24 23:47:46,007 simple_logger.py log_once [line:28] INFO test_accuracy                 0.1135
2026-09-24 23:47:46,007 simple_logger.py log_once [line:28] INFO test_loss                     6.4112
2026-09-24 23:47:46,007 simple_logger.py log_once [line:28] INFO val_accuracy                  0.1119
2026-09-24 23:47:46,007 simple_logger.py log_once [line:28] INFO mean_val_accuracy             0.1111
2026-09-24 23:47:46,007 simple_logger.py log_once [line:28] INFO std_val_accuracy              0.2974
2026-09-24 23:47:46,007 simple_logger.py log_once [line:28] INFO val_loss                      6.4044
2026-09-24 23:47:46,007 simple_logger.py log_once [line:28] INFO mean_val_loss                 6.4098
2026-09-24 23:47:46,007 simple_logger.py log_once [line:28] INFO std_val_loss                  3.2553
2026-09-24 23:47:46,007 fedbase.py run [line:316] INFO Eval Time Cost:               1.5356s
2026-09-24 23:47:46,018 asyncbase.py iterate [line:73] INFO Receive new models from clients [4] at time 81
2026-09-24 23:47:46,043 fedbase.py run [line:311] INFO --------------Round 74--------------
2026-09-24 23:47:46,043 simple_logger.py log_once [line:14] INFO Current_time:81
2026-09-24 23:47:47,549 simple_logger.py log_once [line:28] INFO test_accuracy                 0.1135
2026-09-24 23:47:47,549 simple_logger.py log_once [line:28] INFO test_loss                     6.1776
2026-09-24 23:47:47,549 simple_logger.py log_once [line:28] INFO val_accuracy                  0.1119
2026-09-24 23:47:47,549 simple_logger.py log_once [line:28] INFO mean_val_accuracy             0.1111
2026-09-24 23:47:47,549 simple_logger.py log_once [line:28] INFO std_val_accuracy              0.2974
2026-09-24 23:47:47,549 simple_logger.py log_once [line:28] INFO val_loss                      6.1735
2026-09-24 23:47:47,549 simple_logger.py log_once [line:28] INFO mean_val_loss                 6.1776
2026-09-24 23:47:47,549 simple_logger.py log_once [line:28] INFO std_val_loss                  2.9982
2026-09-24 23:47:47,549 fedbase.py run [line:316] INFO Eval Time Cost:               1.5067s
2026-09-24 23:47:47,560 asyncbase.py iterate [line:68] INFO Select clients [np.int64(18), np.int64(17)] at time 82.
2026-09-24 23:47:48,179 asyncbase.py iterate [line:73] INFO Receive new models from clients [1, 19, 17, 13] at time 82
2026-09-24 23:47:48,248 fedbase.py run [line:311] INFO --------------Round 75--------------
2026-09-24 23:47:48,248 simple_logger.py log_once [line:14] INFO Current_time:82
2026-09-24 23:47:49,736 simple_logger.py log_once [line:28] INFO test_accuracy                 0.1135
2026-09-24 23:47:49,736 simple_logger.py log_once [line:28] INFO test_loss                     4.4177
2026-09-24 23:47:49,736 simple_logger.py log_once [line:28] INFO val_accuracy                  0.1119
2026-09-24 23:47:49,736 simple_logger.py log_once [line:28] INFO mean_val_accuracy             0.1111
2026-09-24 23:47:49,736 simple_logger.py log_once [line:28] INFO std_val_accuracy              0.2974
2026-09-24 23:47:49,736 simple_logger.py log_once [line:28] INFO val_loss                      4.4046
2026-09-24 23:47:49,736 simple_logger.py log_once [line:28] INFO mean_val_loss                 4.4081
2026-09-24 23:47:49,736 simple_logger.py log_once [line:28] INFO std_val_loss                  2.3199
2026-09-24 23:47:49,736 fedbase.py run [line:316] INFO Eval Time Cost:               1.4885s
2026-09-24 23:47:49,745 asyncbase.py iterate [line:68] INFO Select clients [np.int64(7), np.int64(2), np.int64(13), np.int64(6), np.int64(4)] at time 83.
2026-09-24 23:47:51,309 asyncbase.py iterate [line:73] INFO Receive new models from clients [2, 4] at time 83
2026-09-24 23:47:51,360 fedbase.py run [line:311] INFO --------------Round 76--------------
2026-09-24 23:47:51,360 simple_logger.py log_once [line:14] INFO Current_time:83
2026-09-24 23:47:52,847 simple_logger.py log_once [line:28] INFO test_accuracy                 0.1135
2026-09-24 23:47:52,847 simple_logger.py log_once [line:28] INFO test_loss                     7.4763
2026-09-24 23:47:52,847 simple_logger.py log_once [line:28] INFO val_accuracy                  0.1119
2026-09-24 23:47:52,847 simple_logger.py log_once [line:28] INFO mean_val_accuracy             0.1111
2026-09-24 23:47:52,847 simple_logger.py log_once [line:28] INFO std_val_accuracy              0.2974
2026-09-24 23:47:52,847 simple_logger.py log_once [line:28] INFO val_loss                      7.4733
2026-09-24 23:47:52,847 simple_logger.py log_once [line:28] INFO mean_val_loss                 7.4795
2026-09-24 23:47:52,847 simple_logger.py log_once [line:28] INFO std_val_loss                  3.2271
2026-09-24 23:47:52,848 fedbase.py run [line:316] INFO Eval Time Cost:               1.4879s
2026-09-24 23:47:52,857 asyncbase.py iterate [line:68] INFO Select clients [np.int64(12), np.int64(10)] at time 84.
2026-09-24 23:47:53,482 asyncbase.py iterate [line:73] INFO Receive new models from clients [6, 7, 18] at time 84
2026-09-24 23:47:53,542 fedbase.py run [line:311] INFO --------------Round 77--------------
2026-09-24 23:47:53,542 simple_logger.py log_once [line:14] INFO Current_time:84
2026-09-24 23:47:55,024 simple_logger.py log_once [line:28] INFO test_accuracy                 0.1135
2026-09-24 23:47:55,024 simple_logger.py log_once [line:28] INFO test_loss                     6.2363
2026-09-24 23:47:55,024 simple_logger.py log_once [line:28] INFO val_accuracy                  0.1119
2026-09-24 23:47:55,024 simple_logger.py log_once [line:28] INFO mean_val_accuracy             0.1111
2026-09-24 23:47:55,024 simple_logger.py log_once [line:28] INFO std_val_accuracy              0.2974
2026-09-24 23:47:55,024 simple_logger.py log_once [line:28] INFO val_loss                      6.2301
2026-09-24 23:47:55,024 simple_logger.py log_once [line:28] INFO mean_val_loss                 6.2346
2026-09-24 23:47:55,024 simple_logger.py log_once [line:28] INFO std_val_loss                  2.7398
2026-09-24 23:47:55,025 fedbase.py run [line:316] INFO Eval Time Cost:               1.4825s
2026-09-24 23:47:55,034 asyncbase.py iterate [line:68] INFO Select clients [np.int64(3), np.int64(8)] at time 85.
2026-09-24 23:47:55,658 asyncbase.py iterate [line:73] INFO Receive new models from clients [13] at time 85
2026-09-24 23:47:55,684 fedbase.py run [line:311] INFO --------------Round 78--------------
2026-09-24 23:47:55,684 simple_logger.py log_once [line:14] INFO Current_time:85
2026-09-24 23:47:57,169 simple_logger.py log_once [line:28] INFO test_accuracy                 0.1010
2026-09-24 23:47:57,169 simple_logger.py log_once [line:28] INFO test_loss                     5.3581
2026-09-24 23:47:57,169 simple_logger.py log_once [line:28] INFO val_accuracy                  0.1020
2026-09-24 23:47:57,169 simple_logger.py log_once [line:28] INFO mean_val_accuracy             0.1016
2026-09-24 23:47:57,169 simple_logger.py log_once [line:28] INFO std_val_accuracy              0.2730
2026-09-24 23:47:57,169 simple_logger.py log_once [line:28] INFO val_loss                      5.3431
2026-09-24 23:47:57,169 simple_logger.py log_once [line:28] INFO mean_val_loss                 5.3474
2026-09-24 23:47:57,169 simple_logger.py log_once [line:28] INFO std_val_loss                  2.6823
2026-09-24 23:47:57,169 fedbase.py run [line:316] INFO Eval Time Cost:               1.4852s
2026-09-24 23:47:57,180 asyncbase.py iterate [line:68] INFO Select clients [np.int64(6), np.int64(13)] at time 86.
2026-09-24 23:47:57,800 asyncbase.py iterate [line:73] INFO Receive new models from clients [8] at time 86
2026-09-24 23:47:57,824 fedbase.py run [line:311] INFO --------------Round 79--------------
2026-09-24 23:47:57,824 simple_logger.py log_once [line:14] INFO Current_time:86
2026-09-24 23:47:59,310 simple_logger.py log_once [line:28] INFO test_accuracy                 0.0980
2026-09-24 23:47:59,310 simple_logger.py log_once [line:28] INFO test_loss                     6.3582
2026-09-24 23:47:59,311 simple_logger.py log_once [line:28] INFO val_accuracy                  0.0990
2026-09-24 23:47:59,311 simple_logger.py log_once [line:28] INFO mean_val_accuracy             0.1000
2026-09-24 23:47:59,311 simple_logger.py log_once [line:28] INFO std_val_accuracy              0.2627
2026-09-24 23:47:59,311 simple_logger.py log_once [line:28] INFO val_loss                      6.3323
2026-09-24 23:47:59,311 simple_logger.py log_once [line:28] INFO mean_val_loss                 6.3266
2026-09-24 23:47:59,311 simple_logger.py log_once [line:28] INFO std_val_loss                  2.9415
2026-09-24 23:47:59,311 fedbase.py run [line:316] INFO Eval Time Cost:               1.4863s
2026-09-24 23:47:59,321 asyncbase.py iterate [line:68] INFO Select clients [np.int64(14)] at time 87.
2026-09-24 23:47:59,639 asyncbase.py iterate [line:73] INFO Receive new models from clients [6, 14, 12, 10] at time 87
2026-09-24 23:47:59,708 fedbase.py run [line:311] INFO --------------Round 80--------------
2026-09-24 23:47:59,708 simple_logger.py log_once [line:14] INFO Current_time:87
2026-09-24 23:48:01,197 simple_logger.py log_once [line:28] INFO test_accuracy                 0.0980
2026-09-24 23:48:01,197 simple_logger.py log_once [line:28] INFO test_loss                     7.1602
2026-09-24 23:48:01,197 simple_logger.py log_once [line:28] INFO val_accuracy                  0.0990
2026-09-24 23:48:01,197 simple_logger.py log_once [line:28] INFO mean_val_accuracy             0.1000
2026-09-24 23:48:01,197 simple_logger.py log_once [line:28] INFO std_val_accuracy              0.2627
2026-09-24 23:48:01,197 simple_logger.py log_once [line:28] INFO val_loss                      7.1163
2026-09-24 23:48:01,197 simple_logger.py log_once [line:28] INFO mean_val_loss                 7.1055
2026-09-24 23:48:01,197 simple_logger.py log_once [line:28] INFO std_val_loss                  3.3594
2026-09-24 23:48:01,197 fedbase.py run [line:316] INFO Eval Time Cost:               1.4892s
2026-09-24 23:48:01,206 asyncbase.py iterate [line:68] INFO Select clients [np.int64(1), np.int64(5), np.int64(14), np.int64(10)] at time 88.
2026-09-24 23:48:02,474 asyncbase.py iterate [line:73] INFO Receive new models from clients [3, 10, 14] at time 88
2026-09-24 23:48:02,533 fedbase.py run [line:311] INFO --------------Round 81--------------
2026-09-24 23:48:02,533 simple_logger.py log_once [line:14] INFO Current_time:88
2026-09-24 23:48:04,026 simple_logger.py log_once [line:28] INFO test_accuracy                 0.0892
2026-09-24 23:48:04,026 simple_logger.py log_once [line:28] INFO test_loss                     5.6636
2026-09-24 23:48:04,026 simple_logger.py log_once [line:28] INFO val_accuracy                  0.0907
2026-09-24 23:48:04,026 simple_logger.py log_once [line:28] INFO mean_val_accuracy             0.0904
2026-09-24 23:48:04,026 simple_logger.py log_once [line:28] INFO std_val_accuracy              0.2536
2026-09-24 23:48:04,026 simple_logger.py log_once [line:28] INFO val_loss                      5.6187
2026-09-24 23:48:04,026 simple_logger.py log_once [line:28] INFO mean_val_loss                 5.6113
2026-09-24 23:48:04,026 simple_logger.py log_once [line:28] INFO std_val_loss                  3.4927
2026-09-24 23:48:04,026 fedbase.py run [line:316] INFO Eval Time Cost:               1.4933s
2026-09-24 23:48:04,035 asyncbase.py iterate [line:68] INFO Select clients [np.int64(9), np.int64(8), np.int64(2)] at time 89.
2026-09-24 23:48:04,958 asyncbase.py iterate [line:73] INFO Receive new models from clients [13, 9] at time 89
2026-09-24 23:48:05,012 fedbase.py run [line:311] INFO --------------Round 82--------------
2026-09-24 23:48:05,012 simple_logger.py log_once [line:14] INFO Current_time:89
2026-09-24 23:48:06,496 simple_logger.py log_once [line:28] INFO test_accuracy                 0.0980
2026-09-24 23:48:06,496 simple_logger.py log_once [line:28] INFO test_loss                     5.6288
2026-09-24 23:48:06,496 simple_logger.py log_once [line:28] INFO val_accuracy                  0.0990
2026-09-24 23:48:06,496 simple_logger.py log_once [line:28] INFO mean_val_accuracy             0.1000
2026-09-24 23:48:06,496 simple_logger.py log_once [line:28] INFO std_val_accuracy              0.2627
2026-09-24 23:48:06,496 simple_logger.py log_once [line:28] INFO val_loss                      5.5935
2026-09-24 23:48:06,496 simple_logger.py log_once [line:28] INFO mean_val_loss                 5.5837
2026-09-24 23:48:06,496 simple_logger.py log_once [line:28] INFO std_val_loss                  3.4793
2026-09-24 23:48:06,497 fedbase.py run [line:316] INFO Eval Time Cost:               1.4841s
2026-09-24 23:48:06,507 asyncbase.py iterate [line:68] INFO Select clients [np.int64(10), np.int64(13)] at time 90.
2026-09-24 23:48:07,129 asyncbase.py iterate [line:73] INFO Receive new models from clients [1, 2, 5] at time 90
2026-09-24 23:48:07,187 fedbase.py run [line:311] INFO --------------Round 83--------------
2026-09-24 23:48:07,187 simple_logger.py log_once [line:14] INFO Current_time:90
2026-09-24 23:48:08,680 simple_logger.py log_once [line:28] INFO test_accuracy                 0.0980
2026-09-24 23:48:08,680 simple_logger.py log_once [line:28] INFO test_loss                     5.3937
2026-09-24 23:48:08,680 simple_logger.py log_once [line:28] INFO val_accuracy                  0.0990
2026-09-24 23:48:08,680 simple_logger.py log_once [line:28] INFO mean_val_accuracy             0.1000
2026-09-24 23:48:08,680 simple_logger.py log_once [line:28] INFO std_val_accuracy              0.2627
2026-09-24 23:48:08,680 simple_logger.py log_once [line:28] INFO val_loss                      5.3584
2026-09-24 23:48:08,680 simple_logger.py log_once [line:28] INFO mean_val_loss                 5.3479
2026-09-24 23:48:08,680 simple_logger.py log_once [line:28] INFO std_val_loss                  3.3934
2026-09-24 23:48:08,681 fedbase.py run [line:316] INFO Eval Time Cost:               1.4933s
2026-09-24 23:48:08,691 asyncbase.py iterate [line:68] INFO Select clients [np.int64(12), np.int64(14), np.int64(15)] at time 91.
2026-09-24 23:48:09,624 asyncbase.py iterate [line:73] INFO Receive new models from clients [13, 12] at time 91
2026-09-24 23:48:09,677 fedbase.py run [line:311] INFO --------------Round 84--------------
2026-09-24 23:48:09,677 simple_logger.py log_once [line:14] INFO Current_time:91
2026-09-24 23:48:11,171 simple_logger.py log_once [line:28] INFO test_accuracy                 0.1010
2026-09-24 23:48:11,171 simple_logger.py log_once [line:28] INFO test_loss                     5.4321
2026-09-24 23:48:11,171 simple_logger.py log_once [line:28] INFO val_accuracy                  0.1020
2026-09-24 23:48:11,171 simple_logger.py log_once [line:28] INFO mean_val_accuracy             0.1016
2026-09-24 23:48:11,171 simple_logger.py log_once [line:28] INFO std_val_accuracy              0.2730
2026-09-24 23:48:11,171 simple_logger.py log_once [line:28] INFO val_loss                      5.3937
2026-09-24 23:48:11,171 simple_logger.py log_once [line:28] INFO mean_val_loss                 5.3850
2026-09-24 23:48:11,171 simple_logger.py log_once [line:28] INFO std_val_loss                  3.5769
2026-09-24 23:48:11,171 fedbase.py run [line:316] INFO Eval Time Cost:               1.4943s
2026-09-24 23:48:11,180 asyncbase.py iterate [line:68] INFO Select clients [np.int64(17)] at time 92.
2026-09-24 23:48:11,494 asyncbase.py iterate [line:73] INFO Receive new models from clients [14, 10, 8] at time 92
2026-09-24 23:48:11,554 fedbase.py run [line:311] INFO --------------Round 85--------------
2026-09-24 23:48:11,554 simple_logger.py log_once [line:14] INFO Current_time:92
2026-09-24 23:48:13,048 simple_logger.py log_once [line:28] INFO test_accuracy                 0.1010
2026-09-24 23:48:13,048 simple_logger.py log_once [line:28] INFO test_loss                     5.5397
2026-09-24 23:48:13,048 simple_logger.py log_once [line:28] INFO val_accuracy                  0.1020
2026-09-24 23:48:13,048 simple_logger.py log_once [line:28] INFO mean_val_accuracy             0.1016
2026-09-24 23:48:13,048 simple_logger.py log_once [line:28] INFO std_val_accuracy              0.2730
2026-09-24 23:48:13,048 simple_logger.py log_once [line:28] INFO val_loss                      5.5004
2026-09-24 23:48:13,048 simple_logger.py log_once [line:28] INFO mean_val_loss                 5.4897
2026-09-24 23:48:13,048 simple_logger.py log_once [line:28] INFO std_val_loss                  3.6961
2026-09-24 23:48:13,048 fedbase.py run [line:316] INFO Eval Time Cost:               1.4941s
2026-09-24 23:48:13,060 asyncbase.py iterate [line:68] INFO Select clients [np.int64(7), np.int64(14), np.int64(13), np.int64(12)] at time 93.
2026-09-24 23:48:14,321 asyncbase.py iterate [line:73] INFO Receive new models from clients [15, 17] at time 93
2026-09-24 23:48:14,374 fedbase.py run [line:311] INFO --------------Round 86--------------
2026-09-24 23:48:14,374 simple_logger.py log_once [line:14] INFO Current_time:93
2026-09-24 23:48:15,868 simple_logger.py log_once [line:28] INFO test_accuracy                 0.1010
2026-09-24 23:48:15,868 simple_logger.py log_once [line:28] INFO test_loss                     5.0913
2026-09-24 23:48:15,869 simple_logger.py log_once [line:28] INFO val_accuracy                  0.1020
2026-09-24 23:48:15,869 simple_logger.py log_once [line:28] INFO mean_val_accuracy             0.1016
2026-09-24 23:48:15,869 simple_logger.py log_once [line:28] INFO std_val_accuracy              0.2730
2026-09-24 23:48:15,869 simple_logger.py log_once [line:28] INFO val_loss                      5.0462
2026-09-24 23:48:15,869 simple_logger.py log_once [line:28] INFO mean_val_loss                 5.0414
2026-09-24 23:48:15,869 simple_logger.py log_once [line:28] INFO std_val_loss                  3.2738
2026-09-24 23:48:15,869 fedbase.py run [line:316] INFO Eval Time Cost:               1.4949s
2026-09-24 23:48:15,879 asyncbase.py iterate [line:68] INFO Select clients [np.int64(16), np.int64(8)] at time 94.
2026-09-24 23:48:16,495 asyncbase.py iterate [line:73] INFO Receive new models from clients [16] at time 94
2026-09-24 23:48:16,520 fedbase.py run [line:311] INFO --------------Round 87--------------
2026-09-24 23:48:16,520 simple_logger.py log_once [line:14] INFO Current_time:94
2026-09-24 23:48:18,005 simple_logger.py log_once [line:28] INFO test_accuracy                 0.1009
2026-09-24 23:48:18,005 simple_logger.py log_once [line:28] INFO test_loss                     6.2573
2026-09-24 23:48:18,005 simple_logger.py log_once [line:28] INFO val_accuracy                  0.0999
2026-09-24 23:48:18,005 simple_logger.py log_once [line:28] INFO mean_val_accuracy             0.0994
2026-09-24 23:48:18,005 simple_logger.py log_once [line:28] INFO std_val_accuracy              0.2889
2026-09-24 23:48:18,005 simple_logger.py log_once [line:28] INFO val_loss                      6.2222
2026-09-24 23:48:18,005 simple_logger.py log_once [line:28] INFO mean_val_loss                 6.2202
2026-09-24 23:48:18,005 simple_logger.py log_once [line:28] INFO std_val_loss                  3.4731
2026-09-24 23:48:18,005 fedbase.py run [line:316] INFO Eval Time Cost:               1.4849s
2026-09-24 23:48:18,015 asyncbase.py iterate [line:68] INFO Select clients [np.int64(16)] at time 95.
2026-09-24 23:48:18,328 asyncbase.py iterate [line:73] INFO Receive new models from clients [8, 13, 12, 7, 14] at time 95
2026-09-24 23:48:18,403 fedbase.py run [line:311] INFO --------------Round 88--------------
2026-09-24 23:48:18,403 simple_logger.py log_once [line:14] INFO Current_time:95
2026-09-24 23:48:19,888 simple_logger.py log_once [line:28] INFO test_accuracy                 0.1009
2026-09-24 23:48:19,888 simple_logger.py log_once [line:28] INFO test_loss                     6.1446
2026-09-24 23:48:19,888 simple_logger.py log_once [line:28] INFO val_accuracy                  0.0999
2026-09-24 23:48:19,888 simple_logger.py log_once [line:28] INFO mean_val_accuracy             0.0994
2026-09-24 23:48:19,888 simple_logger.py log_once [line:28] INFO std_val_accuracy              0.2889
2026-09-24 23:48:19,888 simple_logger.py log_once [line:28] INFO val_loss                      6.1102
2026-09-24 23:48:19,888 simple_logger.py log_once [line:28] INFO mean_val_loss                 6.1063
2026-09-24 23:48:19,888 simple_logger.py log_once [line:28] INFO std_val_loss                  3.3883
2026-09-24 23:48:19,889 fedbase.py run [line:316] INFO Eval Time Cost:               1.4854s
2026-09-24 23:48:19,898 asyncbase.py iterate [line:68] INFO Select clients [np.int64(14), np.int64(9), np.int64(7), np.int64(18), np.int64(13)] at time 96.
2026-09-24 23:48:21,464 asyncbase.py iterate [line:73] INFO Receive new models from clients [7] at time 96
2026-09-24 23:48:21,491 fedbase.py run [line:311] INFO --------------Round 89--------------
2026-09-24 23:48:21,492 simple_logger.py log_once [line:14] INFO Current_time:96
2026-09-24 23:48:22,982 simple_logger.py log_once [line:28] INFO test_accuracy                 0.0982
2026-09-24 23:48:22,983 simple_logger.py log_once [line:28] INFO test_loss                     5.8805
2026-09-24 23:48:22,983 simple_logger.py log_once [line:28] INFO val_accuracy                  0.0989
2026-09-24 23:48:22,983 simple_logger.py log_once [line:28] INFO mean_val_accuracy             0.0993
2026-09-24 23:48:22,983 simple_logger.py log_once [line:28] INFO std_val_accuracy              0.2797
2026-09-24 23:48:22,983 simple_logger.py log_once [line:28] INFO val_loss                      5.8479
2026-09-24 23:48:22,983 simple_logger.py log_once [line:28] INFO mean_val_loss                 5.8426
2026-09-24 23:48:22,983 simple_logger.py log_once [line:28] INFO std_val_loss                  2.8774
2026-09-24 23:48:22,983 fedbase.py run [line:316] INFO Eval Time Cost:               1.4912s
2026-09-24 23:48:22,994 asyncbase.py iterate [line:73] INFO Receive new models from clients [9, 13] at time 97
2026-09-24 23:48:23,043 fedbase.py run [line:311] INFO --------------Round 90--------------
2026-09-24 23:48:23,043 simple_logger.py log_once [line:14] INFO Current_time:97
2026-09-24 23:48:24,526 simple_logger.py log_once [line:28] INFO test_accuracy                 0.0982
2026-09-24 23:48:24,527 simple_logger.py log_once [line:28] INFO test_loss                     5.4525
2026-09-24 23:48:24,527 simple_logger.py log_once [line:28] INFO val_accuracy                  0.0989
2026-09-24 23:48:24,527 simple_logger.py log_once [line:28] INFO mean_val_accuracy             0.0993
2026-09-24 23:48:24,527 simple_logger.py log_once [line:28] INFO std_val_accuracy              0.2797
2026-09-24 23:48:24,527 simple_logger.py log_once [line:28] INFO val_loss                      5.4430
2026-09-24 23:48:24,527 simple_logger.py log_once [line:28] INFO mean_val_loss                 5.4339
2026-09-24 23:48:24,527 simple_logger.py log_once [line:28] INFO std_val_loss                  2.7530
2026-09-24 23:48:24,527 fedbase.py run [line:316] INFO Eval Time Cost:               1.4837s
2026-09-24 23:48:24,535 asyncbase.py iterate [line:68] INFO Select clients [np.int64(1), np.int64(4)] at time 98.
2026-09-24 23:48:25,161 asyncbase.py iterate [line:73] INFO Receive new models from clients [18, 16, 4, 14, 1] at time 98
2026-09-24 23:48:25,237 fedbase.py run [line:311] INFO --------------Round 91--------------
2026-09-24 23:48:25,237 simple_logger.py log_once [line:14] INFO Current_time:98
2026-09-24 23:48:26,720 simple_logger.py log_once [line:28] INFO test_accuracy                 0.0982
2026-09-24 23:48:26,720 simple_logger.py log_once [line:28] INFO test_loss                     5.0262
2026-09-24 23:48:26,720 simple_logger.py log_once [line:28] INFO val_accuracy                  0.0989
2026-09-24 23:48:26,720 simple_logger.py log_once [line:28] INFO mean_val_accuracy             0.0993
2026-09-24 23:48:26,720 simple_logger.py log_once [line:28] INFO std_val_accuracy              0.2797
2026-09-24 23:48:26,720 simple_logger.py log_once [line:28] INFO val_loss                      5.0235
2026-09-24 23:48:26,720 simple_logger.py log_once [line:28] INFO mean_val_loss                 5.0169
2026-09-24 23:48:26,720 simple_logger.py log_once [line:28] INFO std_val_loss                  2.1768
2026-09-24 23:48:26,720 fedbase.py run [line:316] INFO Eval Time Cost:               1.4831s
2026-09-24 23:48:26,729 asyncbase.py iterate [line:68] INFO Select clients [np.int64(0), np.int64(6), np.int64(11), np.int64(10), np.int64(4), np.int64(12)] at time 99.
2026-09-24 23:48:28,598 asyncbase.py iterate [line:73] INFO Receive new models from clients [4] at time 99
2026-09-24 23:48:28,624 fedbase.py run [line:311] INFO --------------Round 92--------------
2026-09-24 23:48:28,624 simple_logger.py log_once [line:14] INFO Current_time:99
2026-09-24 23:48:30,112 simple_logger.py log_once [line:28] INFO test_accuracy                 0.0958
2026-09-24 23:48:30,112 simple_logger.py log_once [line:28] INFO test_loss                     5029.9178
2026-09-24 23:48:30,112 simple_logger.py log_once [line:28] INFO val_accuracy                  0.0981
2026-09-24 23:48:30,112 simple_logger.py log_once [line:28] INFO mean_val_accuracy             0.0983
2026-09-24 23:48:30,112 simple_logger.py log_once [line:28] INFO std_val_accuracy              0.2826
2026-09-24 23:48:30,112 simple_logger.py log_once [line:28] INFO val_loss                      4981.1073
2026-09-24 23:48:30,112 simple_logger.py log_once [line:28] INFO mean_val_loss                 4984.5096
2026-09-24 23:48:30,112 simple_logger.py log_once [line:28] INFO std_val_loss                  3066.2066
2026-09-24 23:48:30,112 fedbase.py run [line:316] INFO Eval Time Cost:               1.4878s
2026-09-24 23:48:30,120 asyncbase.py iterate [line:68] INFO Select clients [np.int64(2)] at time 100.
2026-09-24 23:48:30,429 asyncbase.py iterate [line:73] INFO Receive new models from clients [12] at time 100
2026-09-24 23:48:30,454 fedbase.py run [line:311] INFO --------------Round 93--------------
2026-09-24 23:48:30,454 simple_logger.py log_once [line:14] INFO Current_time:100
2026-09-24 23:48:31,964 simple_logger.py log_once [line:28] INFO test_accuracy                 0.0982
2026-09-24 23:48:31,964 simple_logger.py log_once [line:28] INFO test_loss                     4.6636
2026-09-24 23:48:31,964 simple_logger.py log_once [line:28] INFO val_accuracy                  0.0989
2026-09-24 23:48:31,964 simple_logger.py log_once [line:28] INFO mean_val_accuracy             0.0993
2026-09-24 23:48:31,964 simple_logger.py log_once [line:28] INFO std_val_accuracy              0.2797
2026-09-24 23:48:31,964 simple_logger.py log_once [line:28] INFO val_loss                      4.6501
2026-09-24 23:48:31,964 simple_logger.py log_once [line:28] INFO mean_val_loss                 4.6436
2026-09-24 23:48:31,964 simple_logger.py log_once [line:28] INFO std_val_loss                  2.2090
2026-09-24 23:48:31,964 fedbase.py run [line:316] INFO Eval Time Cost:               1.5094s
2026-09-24 23:48:31,972 asyncbase.py iterate [line:68] INFO Select clients [np.int64(14)] at time 101.
2026-09-24 23:48:32,288 asyncbase.py iterate [line:73] INFO Receive new models from clients [11] at time 101
2026-09-24 23:48:32,315 fedbase.py run [line:311] INFO --------------Round 94--------------
2026-09-24 23:48:32,315 simple_logger.py log_once [line:14] INFO Current_time:101
2026-09-24 23:48:33,798 simple_logger.py log_once [line:28] INFO test_accuracy                 0.0980
2026-09-24 23:48:33,798 simple_logger.py log_once [line:28] INFO test_loss                     7.0597
2026-09-24 23:48:33,798 simple_logger.py log_once [line:28] INFO val_accuracy                  0.0990
2026-09-24 23:48:33,798 simple_logger.py log_once [line:28] INFO mean_val_accuracy             0.1000
2026-09-24 23:48:33,798 simple_logger.py log_once [line:28] INFO std_val_accuracy              0.2627
2026-09-24 23:48:33,798 simple_logger.py log_once [line:28] INFO val_loss                      7.0459
2026-09-24 23:48:33,798 simple_logger.py log_once [line:28] INFO mean_val_loss                 7.0355
2026-09-24 23:48:33,798 simple_logger.py log_once [line:28] INFO std_val_loss                  2.7315
2026-09-24 23:48:33,798 fedbase.py run [line:316] INFO Eval Time Cost:               1.4829s
2026-09-24 23:48:33,807 asyncbase.py iterate [line:68] INFO Select clients [np.int64(13)] at time 102.
2026-09-24 23:48:34,127 asyncbase.py iterate [line:73] INFO Receive new models from clients [10, 6, 0] at time 102
2026-09-24 23:48:34,186 fedbase.py run [line:311] INFO --------------Round 95--------------
2026-09-24 23:48:34,186 simple_logger.py log_once [line:14] INFO Current_time:102
2026-09-24 23:48:35,662 simple_logger.py log_once [line:28] INFO test_accuracy                 0.0980
2026-09-24 23:48:35,662 simple_logger.py log_once [line:28] INFO test_loss                     6.6582
2026-09-24 23:48:35,662 simple_logger.py log_once [line:28] INFO val_accuracy                  0.0990
2026-09-24 23:48:35,662 simple_logger.py log_once [line:28] INFO mean_val_accuracy             0.1000
2026-09-24 23:48:35,662 simple_logger.py log_once [line:28] INFO std_val_accuracy              0.2627
2026-09-24 23:48:35,662 simple_logger.py log_once [line:28] INFO val_loss                      6.6444
2026-09-24 23:48:35,662 simple_logger.py log_once [line:28] INFO mean_val_loss                 6.6349
2026-09-24 23:48:35,662 simple_logger.py log_once [line:28] INFO std_val_loss                  2.7519
2026-09-24 23:48:35,662 fedbase.py run [line:316] INFO Eval Time Cost:               1.4760s
2026-09-24 23:48:35,671 asyncbase.py iterate [line:68] INFO Select clients [np.int64(6), np.int64(9)] at time 103.
2026-09-24 23:48:36,301 asyncbase.py iterate [line:73] INFO Receive new models from clients [13, 2] at time 103
2026-09-24 23:48:36,353 fedbase.py run [line:311] INFO --------------Round 96--------------
2026-09-24 23:48:36,353 simple_logger.py log_once [line:14] INFO Current_time:103
2026-09-24 23:48:37,831 simple_logger.py log_once [line:28] INFO test_accuracy                 0.0980
2026-09-24 23:48:37,831 simple_logger.py log_once [line:28] INFO test_loss                     5.6233
2026-09-24 23:48:37,831 simple_logger.py log_once [line:28] INFO val_accuracy                  0.0990
2026-09-24 23:48:37,831 simple_logger.py log_once [line:28] INFO mean_val_accuracy             0.1000
2026-09-24 23:48:37,831 simple_logger.py log_once [line:28] INFO std_val_accuracy              0.2627
2026-09-24 23:48:37,831 simple_logger.py log_once [line:28] INFO val_loss                      5.6076
2026-09-24 23:48:37,831 simple_logger.py log_once [line:28] INFO mean_val_loss                 5.6009
2026-09-24 23:48:37,831 simple_logger.py log_once [line:28] INFO std_val_loss                  2.8697
2026-09-24 23:48:37,831 fedbase.py run [line:316] INFO Eval Time Cost:               1.4781s
2026-09-24 23:48:37,841 asyncbase.py iterate [line:68] INFO Select clients [np.int64(17), np.int64(19), np.int64(3)] at time 104.
2026-09-24 23:48:38,780 asyncbase.py iterate [line:73] INFO Receive new models from clients [6, 14] at time 104
2026-09-24 23:48:38,829 fedbase.py run [line:311] INFO --------------Round 97--------------
2026-09-24 23:48:38,829 simple_logger.py log_once [line:14] INFO Current_time:104
2026-09-24 23:48:40,338 simple_logger.py log_once [line:28] INFO test_accuracy                 0.0958
2026-09-24 23:48:40,338 simple_logger.py log_once [line:28] INFO test_loss                     3.9288
2026-09-24 23:48:40,338 simple_logger.py log_once [line:28] INFO val_accuracy                  0.0981
2026-09-24 23:48:40,338 simple_logger.py log_once [line:28] INFO mean_val_accuracy             0.0983
2026-09-24 23:48:40,338 simple_logger.py log_once [line:28] INFO std_val_accuracy              0.2826
2026-09-24 23:48:40,338 simple_logger.py log_once [line:28] INFO val_loss                      3.9178
2026-09-24 23:48:40,338 simple_logger.py log_once [line:28] INFO mean_val_loss                 3.9128
2026-09-24 23:48:40,338 simple_logger.py log_once [line:28] INFO std_val_loss                  1.9630
2026-09-24 23:48:40,338 fedbase.py run [line:316] INFO Eval Time Cost:               1.5095s
2026-09-24 23:48:40,347 asyncbase.py iterate [line:73] INFO Receive new models from clients [19, 9] at time 105
2026-09-24 23:48:40,396 fedbase.py run [line:311] INFO --------------Round 98--------------
2026-09-24 23:48:40,396 simple_logger.py log_once [line:14] INFO Current_time:105
2026-09-24 23:48:41,888 simple_logger.py log_once [line:28] INFO test_accuracy                 0.1028
2026-09-24 23:48:41,888 simple_logger.py log_once [line:28] INFO test_loss                     4.6930
2026-09-24 23:48:41,889 simple_logger.py log_once [line:28] INFO val_accuracy                  0.1043
2026-09-24 23:48:41,889 simple_logger.py log_once [line:28] INFO mean_val_accuracy             0.1043
2026-09-24 23:48:41,889 simple_logger.py log_once [line:28] INFO std_val_accuracy              0.2848
2026-09-24 23:48:41,889 simple_logger.py log_once [line:28] INFO val_loss                      4.6984
2026-09-24 23:48:41,889 simple_logger.py log_once [line:28] INFO mean_val_loss                 4.6936
2026-09-24 23:48:41,889 simple_logger.py log_once [line:28] INFO std_val_loss                  2.3960
2026-09-24 23:48:41,889 fedbase.py run [line:316] INFO Eval Time Cost:               1.4931s
2026-09-24 23:48:41,899 asyncbase.py iterate [line:68] INFO Select clients [np.int64(10), np.int64(0), np.int64(5)] at time 106.
2026-09-24 23:48:42,837 asyncbase.py iterate [line:73] INFO Receive new models from clients [3, 0] at time 106
2026-09-24 23:48:42,889 fedbase.py run [line:311] INFO --------------Round 99--------------
2026-09-24 23:48:42,889 simple_logger.py log_once [line:14] INFO Current_time:106
2026-09-24 23:48:44,380 simple_logger.py log_once [line:28] INFO test_accuracy                 0.1032
2026-09-24 23:48:44,380 simple_logger.py log_once [line:28] INFO test_loss                     4.7521
2026-09-24 23:48:44,380 simple_logger.py log_once [line:28] INFO val_accuracy                  0.0983
2026-09-24 23:48:44,380 simple_logger.py log_once [line:28] INFO mean_val_accuracy             0.0993
2026-09-24 23:48:44,380 simple_logger.py log_once [line:28] INFO std_val_accuracy              0.2871
2026-09-24 23:48:44,380 simple_logger.py log_once [line:28] INFO val_loss                      4.7698
2026-09-24 23:48:44,380 simple_logger.py log_once [line:28] INFO mean_val_loss                 4.7662
2026-09-24 23:48:44,380 simple_logger.py log_once [line:28] INFO std_val_loss                  2.2983
2026-09-24 23:48:44,380 fedbase.py run [line:316] INFO Eval Time Cost:               1.4915s
2026-09-24 23:48:44,388 asyncbase.py iterate [line:68] INFO Select clients [np.int64(19), np.int64(13), np.int64(8)] at time 107.
2026-09-24 23:48:45,319 asyncbase.py iterate [line:73] INFO Receive new models from clients [17, 10, 5] at time 107
2026-09-24 23:48:45,377 fedbase.py run [line:311] INFO --------------Round 100--------------
2026-09-24 23:48:45,377 simple_logger.py log_once [line:14] INFO Current_time:107
2026-09-24 23:48:46,890 simple_logger.py log_once [line:28] INFO test_accuracy                 0.1028
2026-09-24 23:48:46,890 simple_logger.py log_once [line:28] INFO test_loss                     4.6193
2026-09-24 23:48:46,890 simple_logger.py log_once [line:28] INFO val_accuracy                  0.1043
2026-09-24 23:48:46,890 simple_logger.py log_once [line:28] INFO mean_val_accuracy             0.1043
2026-09-24 23:48:46,890 simple_logger.py log_once [line:28] INFO std_val_accuracy              0.2848
2026-09-24 23:48:46,890 simple_logger.py log_once [line:28] INFO val_loss                      4.6340
2026-09-24 23:48:46,890 simple_logger.py log_once [line:28] INFO mean_val_loss                 4.6314
2026-09-24 23:48:46,890 simple_logger.py log_once [line:28] INFO std_val_loss                  2.5305
2026-09-24 23:48:46,890 fedbase.py run [line:316] INFO Eval Time Cost:               1.5129s
2026-09-24 23:48:46,890 fedbase.py run [line:324] INFO =================End==================
2026-09-24 23:48:46,890 fedbase.py run [line:325] INFO Total Time Cost:              231.2946s
