E:\fl-experiment\.venv\Lib\site-packages\torch\cuda\__init__.py:61: FutureWarning: The pynvml package is deprecated. Please install nvidia-ml-py instead. If you did not install pynvml directly, please report this to the maintainers of the package that installed pynvml for you.
  import pynvml  # type: ignore[import]
2026-09-24 23:53:10,876 fflow.py init [line:848] INFO PROCESS ID:	46020
2026-09-24 23:53:10,876 fflow.py init [line:849] INFO Initializing devices: cuda:0 will be used for this running.
2026-09-24 23:53:10,876 fflow.py init [line:852] INFO BENCHMARK:	flgo.benchmark.mnist_classification
2026-09-24 23:53:10,876 fflow.py init [line:853] INFO TASK:			E:\Federated Machine Learning\FL-Byzantine-Library\mnist_dir20
2026-09-24 23:53:10,885 fflow.py init [line:854] INFO MODEL:		flgo.benchmark.mnist_classification.model.cnn
2026-09-24 23:53:10,885 fflow.py init [line:855] INFO ALGORITHM:	research_algorithm
2026-09-24 23:53:12,030 fflow.py init [line:901] INFO SCENE:		horizontal FL with 1 <class 'flgo_byzantine.research_algorithm.Server'>, 20 <class 'flgo_byzantine.research_algorithm.Client'>
2026-09-24 23:53:12,117 fflow.py init [line:918] INFO SIMULATOR:	<class 'flgo.simulator.default_simulator.Simulator'>
2026-09-24 23:53:16,607 fflow.py init [line:931] INFO Ready to start.
2026-09-24 23:53:16,607 fedbase.py run [line:300] INFO --------------Initial Evaluation--------------
2026-09-24 23:53:16,607 simple_logger.py log_once [line:14] INFO Current_time:0
2026-09-24 23:53:18,232 simple_logger.py log_once [line:28] INFO test_accuracy                 0.0875
2026-09-24 23:53:18,232 simple_logger.py log_once [line:28] INFO test_loss                     2.3101
2026-09-24 23:53:18,232 simple_logger.py log_once [line:28] INFO val_accuracy                  0.0866
2026-09-24 23:53:18,232 simple_logger.py log_once [line:28] INFO mean_val_accuracy             0.0874
2026-09-24 23:53:18,232 simple_logger.py log_once [line:28] INFO std_val_accuracy              0.2312
2026-09-24 23:53:18,232 simple_logger.py log_once [line:28] INFO val_loss                      2.3109
2026-09-24 23:53:18,232 simple_logger.py log_once [line:28] INFO mean_val_loss                 2.3111
2026-09-24 23:53:18,232 simple_logger.py log_once [line:28] INFO std_val_loss                  0.0785
2026-09-24 23:53:18,232 fedbase.py run [line:303] INFO Eval Time Cost:               1.6249s
2026-09-24 23:53:18,243 asyncbase.py iterate [line:68] INFO Select clients [np.int64(5), np.int64(16), np.int64(0), np.int64(4), np.int64(9), np.int64(11)] at time 1.
2026-09-24 23:53:20,170 asyncbase.py iterate [line:73] INFO Receive new models from clients [11] at time 1
2026-09-24 23:53:20,209 fedbase.py run [line:311] INFO --------------Round 1--------------
2026-09-24 23:53:20,209 simple_logger.py log_once [line:14] INFO Current_time:1
2026-09-24 23:53:21,716 simple_logger.py log_once [line:28] INFO test_accuracy                 0.2847
2026-09-24 23:53:21,717 simple_logger.py log_once [line:28] INFO test_loss                     5.9875
2026-09-24 23:53:21,717 simple_logger.py log_once [line:28] INFO val_accuracy                  0.2772
2026-09-24 23:53:21,717 simple_logger.py log_once [line:28] INFO mean_val_accuracy             0.2788
2026-09-24 23:53:21,717 simple_logger.py log_once [line:28] INFO std_val_accuracy              0.3988
2026-09-24 23:53:21,717 simple_logger.py log_once [line:28] INFO val_loss                      5.9379
2026-09-24 23:53:21,717 simple_logger.py log_once [line:28] INFO mean_val_loss                 5.9252
2026-09-24 23:53:21,717 simple_logger.py log_once [line:28] INFO std_val_loss                  3.6280
2026-09-24 23:53:21,717 fedbase.py run [line:316] INFO Eval Time Cost:               1.5076s
2026-09-24 23:53:21,725 asyncbase.py iterate [line:73] INFO Receive new models from clients [9, 0] at time 2
2026-09-24 23:53:21,773 fedbase.py run [line:311] INFO --------------Round 2--------------
2026-09-24 23:53:21,773 simple_logger.py log_once [line:14] INFO Current_time:2
2026-09-24 23:53:23,256 simple_logger.py log_once [line:28] INFO test_accuracy                 0.1216
2026-09-24 23:53:23,256 simple_logger.py log_once [line:28] INFO test_loss                     12.8595
2026-09-24 23:53:23,256 simple_logger.py log_once [line:28] INFO val_accuracy                  0.1163
2026-09-24 23:53:23,256 simple_logger.py log_once [line:28] INFO mean_val_accuracy             0.1175
2026-09-24 23:53:23,256 simple_logger.py log_once [line:28] INFO std_val_accuracy              0.2864
2026-09-24 23:53:23,256 simple_logger.py log_once [line:28] INFO val_loss                      12.8729
2026-09-24 23:53:23,256 simple_logger.py log_once [line:28] INFO mean_val_loss                 12.8461
2026-09-24 23:53:23,256 simple_logger.py log_once [line:28] INFO std_val_loss                  6.6838
2026-09-24 23:53:23,256 fedbase.py run [line:316] INFO Eval Time Cost:               1.4835s
2026-09-24 23:53:23,266 asyncbase.py iterate [line:68] INFO Select clients [np.int64(3), np.int64(8), np.int64(18)] at time 3.
2026-09-24 23:53:24,220 asyncbase.py iterate [line:73] INFO Receive new models from clients [16, 5] at time 3
2026-09-24 23:53:24,255 fedbase.py run [line:311] INFO --------------Round 3--------------
2026-09-24 23:53:24,255 simple_logger.py log_once [line:14] INFO Current_time:3
2026-09-24 23:53:25,746 simple_logger.py log_once [line:28] INFO test_accuracy                 0.2039
2026-09-24 23:53:25,746 simple_logger.py log_once [line:28] INFO test_loss                     14.2795
2026-09-24 23:53:25,746 simple_logger.py log_once [line:28] INFO val_accuracy                  0.1918
2026-09-24 23:53:25,746 simple_logger.py log_once [line:28] INFO mean_val_accuracy             0.1925
2026-09-24 23:53:25,746 simple_logger.py log_once [line:28] INFO std_val_accuracy              0.3044
2026-09-24 23:53:25,746 simple_logger.py log_once [line:28] INFO val_loss                      14.2618
2026-09-24 23:53:25,746 simple_logger.py log_once [line:28] INFO mean_val_loss                 14.2357
2026-09-24 23:53:25,746 simple_logger.py log_once [line:28] INFO std_val_loss                  9.9578
2026-09-24 23:53:25,746 fedbase.py run [line:316] INFO Eval Time Cost:               1.4912s
2026-09-24 23:53:25,755 asyncbase.py iterate [line:68] INFO Select clients [np.int64(2), np.int64(10)] at time 4.
2026-09-24 23:53:26,382 asyncbase.py iterate [line:73] INFO Receive new models from clients [8, 4, 18] at time 4
2026-09-24 23:53:26,432 fedbase.py run [line:311] INFO --------------Round 4--------------
2026-09-24 23:53:26,432 simple_logger.py log_once [line:14] INFO Current_time:4
2026-09-24 23:53:27,924 simple_logger.py log_once [line:28] INFO test_accuracy                 0.2106
2026-09-24 23:53:27,924 simple_logger.py log_once [line:28] INFO test_loss                     2.7186
2026-09-24 23:53:27,924 simple_logger.py log_once [line:28] INFO val_accuracy                  0.2094
2026-09-24 23:53:27,924 simple_logger.py log_once [line:28] INFO mean_val_accuracy             0.2096
2026-09-24 23:53:27,924 simple_logger.py log_once [line:28] INFO std_val_accuracy              0.3693
2026-09-24 23:53:27,924 simple_logger.py log_once [line:28] INFO val_loss                      2.7057
2026-09-24 23:53:27,924 simple_logger.py log_once [line:28] INFO mean_val_loss                 2.7067
2026-09-24 23:53:27,924 simple_logger.py log_once [line:28] INFO std_val_loss                  1.1965
2026-09-24 23:53:27,924 fedbase.py run [line:316] INFO Eval Time Cost:               1.4926s
2026-09-24 23:53:27,933 asyncbase.py iterate [line:68] INFO Select clients [np.int64(8), np.int64(1), np.int64(4)] at time 5.
2026-09-24 23:53:28,959 asyncbase.py iterate [line:73] INFO Receive new models from clients [10] at time 5
2026-09-24 23:53:28,985 fedbase.py run [line:311] INFO --------------Round 5--------------
2026-09-24 23:53:28,985 simple_logger.py log_once [line:14] INFO Current_time:5
2026-09-24 23:53:30,479 simple_logger.py log_once [line:28] INFO test_accuracy                 0.0892
2026-09-24 23:53:30,479 simple_logger.py log_once [line:28] INFO test_loss                     7.9085
2026-09-24 23:53:30,479 simple_logger.py log_once [line:28] INFO val_accuracy                  0.0907
2026-09-24 23:53:30,479 simple_logger.py log_once [line:28] INFO mean_val_accuracy             0.0904
2026-09-24 23:53:30,479 simple_logger.py log_once [line:28] INFO std_val_accuracy              0.2536
2026-09-24 23:53:30,479 simple_logger.py log_once [line:28] INFO val_loss                      7.8630
2026-09-24 23:53:30,479 simple_logger.py log_once [line:28] INFO mean_val_loss                 7.8695
2026-09-24 23:53:30,479 simple_logger.py log_once [line:28] INFO std_val_loss                  3.7394
2026-09-24 23:53:30,479 fedbase.py run [line:316] INFO Eval Time Cost:               1.4945s
2026-09-24 23:53:30,488 asyncbase.py iterate [line:68] INFO Select clients [np.int64(6)] at time 6.
2026-09-24 23:53:30,812 asyncbase.py iterate [line:73] INFO Receive new models from clients [2, 8, 3] at time 6
2026-09-24 23:53:30,864 fedbase.py run [line:311] INFO --------------Round 6--------------
2026-09-24 23:53:30,864 simple_logger.py log_once [line:14] INFO Current_time:6
2026-09-24 23:53:32,351 simple_logger.py log_once [line:28] INFO test_accuracy                 0.0892
2026-09-24 23:53:32,351 simple_logger.py log_once [line:28] INFO test_loss                     9.8851
2026-09-24 23:53:32,351 simple_logger.py log_once [line:28] INFO val_accuracy                  0.0907
2026-09-24 23:53:32,351 simple_logger.py log_once [line:28] INFO mean_val_accuracy             0.0904
2026-09-24 23:53:32,351 simple_logger.py log_once [line:28] INFO std_val_accuracy              0.2536
2026-09-24 23:53:32,351 simple_logger.py log_once [line:28] INFO val_loss                      9.8221
2026-09-24 23:53:32,351 simple_logger.py log_once [line:28] INFO mean_val_loss                 9.8334
2026-09-24 23:53:32,352 simple_logger.py log_once [line:28] INFO std_val_loss                  5.0203
2026-09-24 23:53:32,352 fedbase.py run [line:316] INFO Eval Time Cost:               1.4875s
2026-09-24 23:53:32,360 asyncbase.py iterate [line:68] INFO Select clients [np.int64(14), np.int64(15), np.int64(2)] at time 7.
2026-09-24 23:53:33,298 asyncbase.py iterate [line:73] INFO Receive new models from clients [14, 2] at time 7
2026-09-24 23:53:33,349 fedbase.py run [line:311] INFO --------------Round 7--------------
2026-09-24 23:53:33,349 simple_logger.py log_once [line:14] INFO Current_time:7
2026-09-24 23:53:34,841 simple_logger.py log_once [line:28] INFO test_accuracy                 0.0892
2026-09-24 23:53:34,841 simple_logger.py log_once [line:28] INFO test_loss                     1987.6924
2026-09-24 23:53:34,841 simple_logger.py log_once [line:28] INFO val_accuracy                  0.0907
2026-09-24 23:53:34,841 simple_logger.py log_once [line:28] INFO mean_val_accuracy             0.0904
2026-09-24 23:53:34,841 simple_logger.py log_once [line:28] INFO std_val_accuracy              0.2536
2026-09-24 23:53:34,841 simple_logger.py log_once [line:28] INFO val_loss                      1982.2807
2026-09-24 23:53:34,842 simple_logger.py log_once [line:28] INFO mean_val_loss                 1982.4283
2026-09-24 23:53:34,842 simple_logger.py log_once [line:28] INFO std_val_loss                  767.7646
2026-09-24 23:53:34,842 fedbase.py run [line:316] INFO Eval Time Cost:               1.4927s
2026-09-24 23:53:34,852 asyncbase.py iterate [line:68] INFO Select clients [np.int64(3), np.int64(0)] at time 8.
2026-09-24 23:53:35,478 asyncbase.py iterate [line:73] INFO Receive new models from clients [1, 6, 3, 4] at time 8
2026-09-24 23:53:35,536 fedbase.py run [line:311] INFO --------------Round 8--------------
2026-09-24 23:53:35,537 simple_logger.py log_once [line:14] INFO Current_time:8
2026-09-24 23:53:37,100 simple_logger.py log_once [line:28] INFO test_accuracy                 0.0892
2026-09-24 23:53:37,100 simple_logger.py log_once [line:28] INFO test_loss                     1739.9216
2026-09-24 23:53:37,100 simple_logger.py log_once [line:28] INFO val_accuracy                  0.0907
2026-09-24 23:53:37,100 simple_logger.py log_once [line:28] INFO mean_val_accuracy             0.0904
2026-09-24 23:53:37,100 simple_logger.py log_once [line:28] INFO std_val_accuracy              0.2536
2026-09-24 23:53:37,100 simple_logger.py log_once [line:28] INFO val_loss                      1735.1824
2026-09-24 23:53:37,100 simple_logger.py log_once [line:28] INFO mean_val_loss                 1735.2126
2026-09-24 23:53:37,100 simple_logger.py log_once [line:28] INFO std_val_loss                  682.1962
2026-09-24 23:53:37,100 fedbase.py run [line:316] INFO Eval Time Cost:               1.5635s
2026-09-24 23:53:37,108 asyncbase.py iterate [line:68] INFO Select clients [np.int64(7), np.int64(19), np.int64(5), np.int64(11)] at time 9.
2026-09-24 23:53:38,352 asyncbase.py iterate [line:73] INFO Receive new models from clients [0, 15] at time 10
2026-09-24 23:53:38,383 fedbase.py run [line:311] INFO --------------Round 9--------------
2026-09-24 23:53:38,383 simple_logger.py log_once [line:14] INFO Current_time:10
2026-09-24 23:53:39,872 simple_logger.py log_once [line:28] INFO test_accuracy                 0.0892
2026-09-24 23:53:39,872 simple_logger.py log_once [line:28] INFO test_loss                     8.7080
2026-09-24 23:53:39,872 simple_logger.py log_once [line:28] INFO val_accuracy                  0.0907
2026-09-24 23:53:39,872 simple_logger.py log_once [line:28] INFO mean_val_accuracy             0.0904
2026-09-24 23:53:39,872 simple_logger.py log_once [line:28] INFO std_val_accuracy              0.2536
2026-09-24 23:53:39,872 simple_logger.py log_once [line:28] INFO val_loss                      8.6477
2026-09-24 23:53:39,872 simple_logger.py log_once [line:28] INFO mean_val_loss                 8.6575
2026-09-24 23:53:39,872 simple_logger.py log_once [line:28] INFO std_val_loss                  4.5121
2026-09-24 23:53:39,872 fedbase.py run [line:316] INFO Eval Time Cost:               1.4894s
2026-09-24 23:53:39,881 asyncbase.py iterate [line:68] INFO Select clients [np.int64(4)] at time 11.
2026-09-24 23:53:40,195 asyncbase.py iterate [line:73] INFO Receive new models from clients [7] at time 11
2026-09-24 23:53:40,220 fedbase.py run [line:311] INFO --------------Round 10--------------
2026-09-24 23:53:40,220 simple_logger.py log_once [line:14] INFO Current_time:11
2026-09-24 23:53:41,707 simple_logger.py log_once [line:28] INFO test_accuracy                 0.1203
2026-09-24 23:53:41,707 simple_logger.py log_once [line:28] INFO test_loss                     5.4426
2026-09-24 23:53:41,707 simple_logger.py log_once [line:28] INFO val_accuracy                  0.1251
2026-09-24 23:53:41,707 simple_logger.py log_once [line:28] INFO mean_val_accuracy             0.1252
2026-09-24 23:53:41,707 simple_logger.py log_once [line:28] INFO std_val_accuracy              0.2845
2026-09-24 23:53:41,707 simple_logger.py log_once [line:28] INFO val_loss                      5.4850
2026-09-24 23:53:41,707 simple_logger.py log_once [line:28] INFO mean_val_loss                 5.4830
2026-09-24 23:53:41,707 simple_logger.py log_once [line:28] INFO std_val_loss                  2.6135
2026-09-24 23:53:41,707 fedbase.py run [line:316] INFO Eval Time Cost:               1.4870s
2026-09-24 23:53:41,717 asyncbase.py iterate [line:68] INFO Select clients [np.int64(9)] at time 12.
2026-09-24 23:53:42,021 asyncbase.py iterate [line:73] INFO Receive new models from clients [4, 5, 11, 19] at time 12
2026-09-24 23:53:42,088 fedbase.py run [line:311] INFO --------------Round 11--------------
2026-09-24 23:53:42,088 simple_logger.py log_once [line:14] INFO Current_time:12
2026-09-24 23:53:43,580 simple_logger.py log_once [line:28] INFO test_accuracy                 0.1224
2026-09-24 23:53:43,580 simple_logger.py log_once [line:28] INFO test_loss                     4.6319
2026-09-24 23:53:43,580 simple_logger.py log_once [line:28] INFO val_accuracy                  0.1234
2026-09-24 23:53:43,580 simple_logger.py log_once [line:28] INFO mean_val_accuracy             0.1236
2026-09-24 23:53:43,580 simple_logger.py log_once [line:28] INFO std_val_accuracy              0.2823
2026-09-24 23:53:43,580 simple_logger.py log_once [line:28] INFO val_loss                      4.7044
2026-09-24 23:53:43,580 simple_logger.py log_once [line:28] INFO mean_val_loss                 4.7017
2026-09-24 23:53:43,580 simple_logger.py log_once [line:28] INFO std_val_loss                  2.2947
2026-09-24 23:53:43,580 fedbase.py run [line:316] INFO Eval Time Cost:               1.4927s
2026-09-24 23:53:43,590 asyncbase.py iterate [line:68] INFO Select clients [np.int64(7), np.int64(13), np.int64(1), np.int64(18)] at time 13.
2026-09-24 23:53:44,834 asyncbase.py iterate [line:68] INFO Select clients [np.int64(19)] at time 14.
2026-09-24 23:53:45,146 asyncbase.py iterate [line:73] INFO Receive new models from clients [18] at time 14
2026-09-24 23:53:45,171 fedbase.py run [line:311] INFO --------------Round 12--------------
2026-09-24 23:53:45,171 simple_logger.py log_once [line:14] INFO Current_time:14
2026-09-24 23:53:46,642 simple_logger.py log_once [line:28] INFO test_accuracy                 0.1135
2026-09-24 23:53:46,642 simple_logger.py log_once [line:28] INFO test_loss                     138.5009
2026-09-24 23:53:46,642 simple_logger.py log_once [line:28] INFO val_accuracy                  0.1119
2026-09-24 23:53:46,642 simple_logger.py log_once [line:28] INFO mean_val_accuracy             0.1111
2026-09-24 23:53:46,642 simple_logger.py log_once [line:28] INFO std_val_accuracy              0.2974
2026-09-24 23:53:46,642 simple_logger.py log_once [line:28] INFO val_loss                      138.3454
2026-09-24 23:53:46,642 simple_logger.py log_once [line:28] INFO mean_val_loss                 138.4886
2026-09-24 23:53:46,642 simple_logger.py log_once [line:28] INFO std_val_loss                  67.2147
2026-09-24 23:53:46,642 fedbase.py run [line:316] INFO Eval Time Cost:               1.4716s
2026-09-24 23:53:46,650 asyncbase.py iterate [line:68] INFO Select clients [np.int64(11)] at time 15.
2026-09-24 23:53:46,957 asyncbase.py iterate [line:73] INFO Receive new models from clients [13, 9, 19] at time 15
2026-09-24 23:53:47,013 fedbase.py run [line:311] INFO --------------Round 13--------------
2026-09-24 23:53:47,013 simple_logger.py log_once [line:14] INFO Current_time:15
2026-09-24 23:53:48,498 simple_logger.py log_once [line:28] INFO test_accuracy                 0.1135
2026-09-24 23:53:48,498 simple_logger.py log_once [line:28] INFO test_loss                     190.9163
2026-09-24 23:53:48,498 simple_logger.py log_once [line:28] INFO val_accuracy                  0.1119
2026-09-24 23:53:48,499 simple_logger.py log_once [line:28] INFO mean_val_accuracy             0.1111
2026-09-24 23:53:48,499 simple_logger.py log_once [line:28] INFO std_val_accuracy              0.2974
2026-09-24 23:53:48,499 simple_logger.py log_once [line:28] INFO val_loss                      190.6656
2026-09-24 23:53:48,499 simple_logger.py log_once [line:28] INFO mean_val_loss                 190.8401
2026-09-24 23:53:48,499 simple_logger.py log_once [line:28] INFO std_val_loss                  97.9179
2026-09-24 23:53:48,499 fedbase.py run [line:316] INFO Eval Time Cost:               1.4853s
2026-09-24 23:53:48,508 asyncbase.py iterate [line:68] INFO Select clients [np.int64(9), np.int64(3)] at time 16.
2026-09-24 23:53:49,119 asyncbase.py iterate [line:73] INFO Receive new models from clients [1, 7] at time 16
2026-09-24 23:53:49,151 fedbase.py run [line:311] INFO --------------Round 14--------------
2026-09-24 23:53:49,151 simple_logger.py log_once [line:14] INFO Current_time:16
2026-09-24 23:53:50,641 simple_logger.py log_once [line:28] INFO test_accuracy                 0.1135
2026-09-24 23:53:50,641 simple_logger.py log_once [line:28] INFO test_loss                     210.9971
2026-09-24 23:53:50,641 simple_logger.py log_once [line:28] INFO val_accuracy                  0.1119
2026-09-24 23:53:50,641 simple_logger.py log_once [line:28] INFO mean_val_accuracy             0.1111
2026-09-24 23:53:50,641 simple_logger.py log_once [line:28] INFO std_val_accuracy              0.2974
2026-09-24 23:53:50,641 simple_logger.py log_once [line:28] INFO val_loss                      210.8606
2026-09-24 23:53:50,641 simple_logger.py log_once [line:28] INFO mean_val_loss                 211.0719
2026-09-24 23:53:50,641 simple_logger.py log_once [line:28] INFO std_val_loss                  108.7430
2026-09-24 23:53:50,641 fedbase.py run [line:316] INFO Eval Time Cost:               1.4897s
2026-09-24 23:53:50,651 asyncbase.py iterate [line:68] INFO Select clients [np.int64(1), np.int64(4)] at time 17.
2026-09-24 23:53:51,270 asyncbase.py iterate [line:73] INFO Receive new models from clients [3, 1] at time 17
2026-09-24 23:53:51,317 fedbase.py run [line:311] INFO --------------Round 15--------------
2026-09-24 23:53:51,317 simple_logger.py log_once [line:14] INFO Current_time:17
2026-09-24 23:53:52,796 simple_logger.py log_once [line:28] INFO test_accuracy                 0.1024
2026-09-24 23:53:52,796 simple_logger.py log_once [line:28] INFO test_loss                     7.1303
2026-09-24 23:53:52,796 simple_logger.py log_once [line:28] INFO val_accuracy                  0.1024
2026-09-24 23:53:52,796 simple_logger.py log_once [line:28] INFO mean_val_accuracy             0.1019
2026-09-24 23:53:52,796 simple_logger.py log_once [line:28] INFO std_val_accuracy              0.2865
2026-09-24 23:53:52,796 simple_logger.py log_once [line:28] INFO val_loss                      7.5908
2026-09-24 23:53:52,796 simple_logger.py log_once [line:28] INFO mean_val_loss                 7.6025
2026-09-24 23:53:52,796 simple_logger.py log_once [line:28] INFO std_val_loss                  6.1030
2026-09-24 23:53:52,796 fedbase.py run [line:316] INFO Eval Time Cost:               1.4790s
2026-09-24 23:53:52,806 asyncbase.py iterate [line:68] INFO Select clients [np.int64(6), np.int64(17), np.int64(7)] at time 18.
2026-09-24 23:53:53,736 asyncbase.py iterate [line:73] INFO Receive new models from clients [11, 9, 7, 17, 4] at time 18
2026-09-24 23:53:53,811 fedbase.py run [line:311] INFO --------------Round 16--------------
2026-09-24 23:53:53,812 simple_logger.py log_once [line:14] INFO Current_time:18
2026-09-24 23:53:55,308 simple_logger.py log_once [line:28] INFO test_accuracy                 0.1299
2026-09-24 23:53:55,308 simple_logger.py log_once [line:28] INFO test_loss                     2.3003
2026-09-24 23:53:55,308 simple_logger.py log_once [line:28] INFO val_accuracy                  0.1242
2026-09-24 23:53:55,308 simple_logger.py log_once [line:28] INFO mean_val_accuracy             0.1245
2026-09-24 23:53:55,308 simple_logger.py log_once [line:28] INFO std_val_accuracy              0.2289
2026-09-24 23:53:55,308 simple_logger.py log_once [line:28] INFO val_loss                      2.3082
2026-09-24 23:53:55,308 simple_logger.py log_once [line:28] INFO mean_val_loss                 2.3073
2026-09-24 23:53:55,308 simple_logger.py log_once [line:28] INFO std_val_loss                  0.2561
2026-09-24 23:53:55,309 fedbase.py run [line:316] INFO Eval Time Cost:               1.4970s
2026-09-24 23:53:55,317 asyncbase.py iterate [line:68] INFO Select clients [np.int64(10), np.int64(8), np.int64(18), np.int64(5), np.int64(15)] at time 19.
2026-09-24 23:53:56,878 asyncbase.py iterate [line:73] INFO Receive new models from clients [15] at time 19
2026-09-24 23:53:56,901 fedbase.py run [line:311] INFO --------------Round 17--------------
2026-09-24 23:53:56,901 simple_logger.py log_once [line:14] INFO Current_time:19
2026-09-24 23:53:58,391 simple_logger.py log_once [line:28] INFO test_accuracy                 0.0974
2026-09-24 23:53:58,391 simple_logger.py log_once [line:28] INFO test_loss                     21.1985
2026-09-24 23:53:58,391 simple_logger.py log_once [line:28] INFO val_accuracy                  0.0972
2026-09-24 23:53:58,391 simple_logger.py log_once [line:28] INFO mean_val_accuracy             0.0962
2026-09-24 23:53:58,391 simple_logger.py log_once [line:28] INFO std_val_accuracy              0.2801
2026-09-24 23:53:58,391 simple_logger.py log_once [line:28] INFO val_loss                      21.1774
2026-09-24 23:53:58,391 simple_logger.py log_once [line:28] INFO mean_val_loss                 21.1825
2026-09-24 23:53:58,391 simple_logger.py log_once [line:28] INFO std_val_loss                  7.4290
2026-09-24 23:53:58,391 fedbase.py run [line:316] INFO Eval Time Cost:               1.4899s
2026-09-24 23:53:58,400 asyncbase.py iterate [line:68] INFO Select clients [np.int64(12)] at time 20.
2026-09-24 23:53:58,713 asyncbase.py iterate [line:73] INFO Receive new models from clients [10, 12, 5, 6] at time 20
2026-09-24 23:53:58,782 fedbase.py run [line:311] INFO --------------Round 18--------------
2026-09-24 23:53:58,782 simple_logger.py log_once [line:14] INFO Current_time:20
2026-09-24 23:54:00,262 simple_logger.py log_once [line:28] INFO test_accuracy                 0.0894
2026-09-24 23:54:00,262 simple_logger.py log_once [line:28] INFO test_loss                     2.3522
2026-09-24 23:54:00,262 simple_logger.py log_once [line:28] INFO val_accuracy                  0.0908
2026-09-24 23:54:00,262 simple_logger.py log_once [line:28] INFO mean_val_accuracy             0.0906
2026-09-24 23:54:00,262 simple_logger.py log_once [line:28] INFO std_val_accuracy              0.2529
2026-09-24 23:54:00,262 simple_logger.py log_once [line:28] INFO val_loss                      2.3502
2026-09-24 23:54:00,262 simple_logger.py log_once [line:28] INFO mean_val_loss                 2.3499
2026-09-24 23:54:00,262 simple_logger.py log_once [line:28] INFO std_val_loss                  0.2788
2026-09-24 23:54:00,262 fedbase.py run [line:316] INFO Eval Time Cost:               1.4795s
2026-09-24 23:54:00,270 asyncbase.py iterate [line:68] INFO Select clients [np.int64(15), np.int64(10), np.int64(14), np.int64(12)] at time 21.
2026-09-24 23:54:01,553 asyncbase.py iterate [line:73] INFO Receive new models from clients [18, 12] at time 21
2026-09-24 23:54:01,603 fedbase.py run [line:311] INFO --------------Round 19--------------
2026-09-24 23:54:01,603 simple_logger.py log_once [line:14] INFO Current_time:21
2026-09-24 23:54:03,096 simple_logger.py log_once [line:28] INFO test_accuracy                 0.0894
2026-09-24 23:54:03,096 simple_logger.py log_once [line:28] INFO test_loss                     2.3941
2026-09-24 23:54:03,096 simple_logger.py log_once [line:28] INFO val_accuracy                  0.0907
2026-09-24 23:54:03,096 simple_logger.py log_once [line:28] INFO mean_val_accuracy             0.0904
2026-09-24 23:54:03,096 simple_logger.py log_once [line:28] INFO std_val_accuracy              0.2530
2026-09-24 23:54:03,096 simple_logger.py log_once [line:28] INFO val_loss                      2.3938
2026-09-24 23:54:03,096 simple_logger.py log_once [line:28] INFO mean_val_loss                 2.3933
2026-09-24 23:54:03,096 simple_logger.py log_once [line:28] INFO std_val_loss                  0.3511
2026-09-24 23:54:03,096 fedbase.py run [line:316] INFO Eval Time Cost:               1.4933s
2026-09-24 23:54:03,105 asyncbase.py iterate [line:68] INFO Select clients [np.int64(6), np.int64(0)] at time 22.
2026-09-24 23:54:03,723 asyncbase.py iterate [line:73] INFO Receive new models from clients [8] at time 22
2026-09-24 23:54:03,747 fedbase.py run [line:311] INFO --------------Round 20--------------
2026-09-24 23:54:03,748 simple_logger.py log_once [line:14] INFO Current_time:22
2026-09-24 23:54:05,246 simple_logger.py log_once [line:28] INFO test_accuracy                 0.0981
2026-09-24 23:54:05,247 simple_logger.py log_once [line:28] INFO test_loss                     3.3275
2026-09-24 23:54:05,247 simple_logger.py log_once [line:28] INFO val_accuracy                  0.0995
2026-09-24 23:54:05,247 simple_logger.py log_once [line:28] INFO mean_val_accuracy             0.1005
2026-09-24 23:54:05,247 simple_logger.py log_once [line:28] INFO std_val_accuracy              0.2628
2026-09-24 23:54:05,247 simple_logger.py log_once [line:28] INFO val_loss                      3.3051
2026-09-24 23:54:05,247 simple_logger.py log_once [line:28] INFO mean_val_loss                 3.3029
2026-09-24 23:54:05,247 simple_logger.py log_once [line:28] INFO std_val_loss                  1.2074
2026-09-24 23:54:05,247 fedbase.py run [line:316] INFO Eval Time Cost:               1.4994s
2026-09-24 23:54:05,255 asyncbase.py iterate [line:73] INFO Receive new models from clients [15, 10, 0] at time 23
2026-09-24 23:54:05,314 fedbase.py run [line:311] INFO --------------Round 21--------------
2026-09-24 23:54:05,314 simple_logger.py log_once [line:14] INFO Current_time:23
2026-09-24 23:54:06,794 simple_logger.py log_once [line:28] INFO test_accuracy                 0.1082
2026-09-24 23:54:06,794 simple_logger.py log_once [line:28] INFO test_loss                     3.4810
2026-09-24 23:54:06,794 simple_logger.py log_once [line:28] INFO val_accuracy                  0.1080
2026-09-24 23:54:06,794 simple_logger.py log_once [line:28] INFO mean_val_accuracy             0.1090
2026-09-24 23:54:06,794 simple_logger.py log_once [line:28] INFO std_val_accuracy              0.2582
2026-09-24 23:54:06,794 simple_logger.py log_once [line:28] INFO val_loss                      3.4659
2026-09-24 23:54:06,794 simple_logger.py log_once [line:28] INFO mean_val_loss                 3.4631
2026-09-24 23:54:06,794 simple_logger.py log_once [line:28] INFO std_val_loss                  1.3052
2026-09-24 23:54:06,794 fedbase.py run [line:316] INFO Eval Time Cost:               1.4799s
2026-09-24 23:54:06,803 asyncbase.py iterate [line:68] INFO Select clients [np.int64(0), np.int64(9), np.int64(16)] at time 24.
2026-09-24 23:54:07,740 asyncbase.py iterate [line:73] INFO Receive new models from clients [14, 0, 6] at time 24
2026-09-24 23:54:07,796 fedbase.py run [line:311] INFO --------------Round 22--------------
2026-09-24 23:54:07,796 simple_logger.py log_once [line:14] INFO Current_time:24
2026-09-24 23:54:09,354 simple_logger.py log_once [line:28] INFO test_accuracy                 0.1032
2026-09-24 23:54:09,354 simple_logger.py log_once [line:28] INFO test_loss                     2.5330
2026-09-24 23:54:09,354 simple_logger.py log_once [line:28] INFO val_accuracy                  0.0980
2026-09-24 23:54:09,354 simple_logger.py log_once [line:28] INFO mean_val_accuracy             0.0990
2026-09-24 23:54:09,354 simple_logger.py log_once [line:28] INFO std_val_accuracy              0.2861
2026-09-24 23:54:09,354 simple_logger.py log_once [line:28] INFO val_loss                      2.5361
2026-09-24 23:54:09,354 simple_logger.py log_once [line:28] INFO mean_val_loss                 2.5333
2026-09-24 23:54:09,354 simple_logger.py log_once [line:28] INFO std_val_loss                  0.5724
2026-09-24 23:54:09,354 fedbase.py run [line:316] INFO Eval Time Cost:               1.5582s
2026-09-24 23:54:09,362 asyncbase.py iterate [line:68] INFO Select clients [np.int64(15), np.int64(1), np.int64(14), np.int64(10)] at time 25.
2026-09-24 23:54:10,609 asyncbase.py iterate [line:73] INFO Receive new models from clients [16, 14] at time 25
2026-09-24 23:54:10,658 fedbase.py run [line:311] INFO --------------Round 23--------------
2026-09-24 23:54:10,658 simple_logger.py log_once [line:14] INFO Current_time:25
2026-09-24 23:54:12,138 simple_logger.py log_once [line:28] INFO test_accuracy                 0.1033
2026-09-24 23:54:12,138 simple_logger.py log_once [line:28] INFO test_loss                     5.0459
2026-09-24 23:54:12,138 simple_logger.py log_once [line:28] INFO val_accuracy                  0.0983
2026-09-24 23:54:12,138 simple_logger.py log_once [line:28] INFO mean_val_accuracy             0.0993
2026-09-24 23:54:12,138 simple_logger.py log_once [line:28] INFO std_val_accuracy              0.2871
2026-09-24 23:54:12,138 simple_logger.py log_once [line:28] INFO val_loss                      5.0556
2026-09-24 23:54:12,138 simple_logger.py log_once [line:28] INFO mean_val_loss                 5.0460
2026-09-24 23:54:12,138 simple_logger.py log_once [line:28] INFO std_val_loss                  2.1817
2026-09-24 23:54:12,138 fedbase.py run [line:316] INFO Eval Time Cost:               1.4802s
2026-09-24 23:54:12,148 asyncbase.py iterate [line:68] INFO Select clients [np.int64(8)] at time 26.
2026-09-24 23:54:12,447 asyncbase.py iterate [line:73] INFO Receive new models from clients [1, 9, 8] at time 26
2026-09-24 23:54:12,507 fedbase.py run [line:311] INFO --------------Round 24--------------
2026-09-24 23:54:12,507 simple_logger.py log_once [line:14] INFO Current_time:26
2026-09-24 23:54:14,000 simple_logger.py log_once [line:28] INFO test_accuracy                 0.1033
2026-09-24 23:54:14,000 simple_logger.py log_once [line:28] INFO test_loss                     2.6933
2026-09-24 23:54:14,000 simple_logger.py log_once [line:28] INFO val_accuracy                  0.0983
2026-09-24 23:54:14,000 simple_logger.py log_once [line:28] INFO mean_val_accuracy             0.0993
2026-09-24 23:54:14,000 simple_logger.py log_once [line:28] INFO std_val_accuracy              0.2871
2026-09-24 23:54:14,000 simple_logger.py log_once [line:28] INFO val_loss                      2.7038
2026-09-24 23:54:14,000 simple_logger.py log_once [line:28] INFO mean_val_loss                 2.6996
2026-09-24 23:54:14,000 simple_logger.py log_once [line:28] INFO std_val_loss                  0.7585
2026-09-24 23:54:14,000 fedbase.py run [line:316] INFO Eval Time Cost:               1.4936s
2026-09-24 23:54:14,011 asyncbase.py iterate [line:68] INFO Select clients [np.int64(6), np.int64(18), np.int64(7)] at time 27.
2026-09-24 23:54:14,946 asyncbase.py iterate [line:73] INFO Receive new models from clients [15] at time 27
2026-09-24 23:54:14,970 fedbase.py run [line:311] INFO --------------Round 25--------------
2026-09-24 23:54:14,970 simple_logger.py log_once [line:14] INFO Current_time:27
2026-09-24 23:54:16,453 simple_logger.py log_once [line:28] INFO test_accuracy                 0.0976
2026-09-24 23:54:16,453 simple_logger.py log_once [line:28] INFO test_loss                     8.3288
2026-09-24 23:54:16,453 simple_logger.py log_once [line:28] INFO val_accuracy                  0.0975
2026-09-24 23:54:16,453 simple_logger.py log_once [line:28] INFO mean_val_accuracy             0.0966
2026-09-24 23:54:16,453 simple_logger.py log_once [line:28] INFO std_val_accuracy              0.2800
2026-09-24 23:54:16,453 simple_logger.py log_once [line:28] INFO val_loss                      8.3387
2026-09-24 23:54:16,454 simple_logger.py log_once [line:28] INFO mean_val_loss                 8.3377
2026-09-24 23:54:16,454 simple_logger.py log_once [line:28] INFO std_val_loss                  3.0239
2026-09-24 23:54:16,454 fedbase.py run [line:316] INFO Eval Time Cost:               1.4838s
2026-09-24 23:54:16,463 asyncbase.py iterate [line:68] INFO Select clients [np.int64(17), np.int64(11)] at time 28.
2026-09-24 23:54:17,074 asyncbase.py iterate [line:73] INFO Receive new models from clients [10] at time 28
2026-09-24 23:54:17,100 fedbase.py run [line:311] INFO --------------Round 26--------------
2026-09-24 23:54:17,100 simple_logger.py log_once [line:14] INFO Current_time:28
2026-09-24 23:54:18,588 simple_logger.py log_once [line:28] INFO test_accuracy                 0.0975
2026-09-24 23:54:18,588 simple_logger.py log_once [line:28] INFO test_loss                     7.7053
2026-09-24 23:54:18,588 simple_logger.py log_once [line:28] INFO val_accuracy                  0.0972
2026-09-24 23:54:18,588 simple_logger.py log_once [line:28] INFO mean_val_accuracy             0.0962
2026-09-24 23:54:18,588 simple_logger.py log_once [line:28] INFO std_val_accuracy              0.2795
2026-09-24 23:54:18,589 simple_logger.py log_once [line:28] INFO val_loss                      7.6959
2026-09-24 23:54:18,589 simple_logger.py log_once [line:28] INFO mean_val_loss                 7.6974
2026-09-24 23:54:18,589 simple_logger.py log_once [line:28] INFO std_val_loss                  2.9236
2026-09-24 23:54:18,589 fedbase.py run [line:316] INFO Eval Time Cost:               1.4888s
2026-09-24 23:54:18,606 asyncbase.py iterate [line:73] INFO Receive new models from clients [17, 7, 11, 6, 18] at time 30
2026-09-24 23:54:18,684 fedbase.py run [line:311] INFO --------------Round 27--------------
2026-09-24 23:54:18,684 simple_logger.py log_once [line:14] INFO Current_time:30
2026-09-24 23:54:20,184 simple_logger.py log_once [line:28] INFO test_accuracy                 0.1039
2026-09-24 23:54:20,184 simple_logger.py log_once [line:28] INFO test_loss                     4.9724
2026-09-24 23:54:20,184 simple_logger.py log_once [line:28] INFO val_accuracy                  0.1000
2026-09-24 23:54:20,184 simple_logger.py log_once [line:28] INFO mean_val_accuracy             0.0998
2026-09-24 23:54:20,184 simple_logger.py log_once [line:28] INFO std_val_accuracy              0.2490
2026-09-24 23:54:20,184 simple_logger.py log_once [line:28] INFO val_loss                      5.0084
2026-09-24 23:54:20,184 simple_logger.py log_once [line:28] INFO mean_val_loss                 5.0062
2026-09-24 23:54:20,184 simple_logger.py log_once [line:28] INFO std_val_loss                  1.7170
2026-09-24 23:54:20,184 fedbase.py run [line:316] INFO Eval Time Cost:               1.5001s
2026-09-24 23:54:20,194 asyncbase.py iterate [line:68] INFO Select clients [np.int64(4), np.int64(2), np.int64(16), np.int64(17), np.int64(6), np.int64(0)] at time 31.
2026-09-24 23:54:22,092 asyncbase.py iterate [line:73] INFO Receive new models from clients [17] at time 31
2026-09-24 23:54:22,116 fedbase.py run [line:311] INFO --------------Round 28--------------
2026-09-24 23:54:22,116 simple_logger.py log_once [line:14] INFO Current_time:31
2026-09-24 23:54:23,600 simple_logger.py log_once [line:28] INFO test_accuracy                 0.1169
2026-09-24 23:54:23,600 simple_logger.py log_once [line:28] INFO test_loss                     21.4671
2026-09-24 23:54:23,600 simple_logger.py log_once [line:28] INFO val_accuracy                  0.1150
2026-09-24 23:54:23,600 simple_logger.py log_once [line:28] INFO mean_val_accuracy             0.1147
2026-09-24 23:54:23,600 simple_logger.py log_once [line:28] INFO std_val_accuracy              0.2562
2026-09-24 23:54:23,600 simple_logger.py log_once [line:28] INFO val_loss                      21.3267
2026-09-24 23:54:23,600 simple_logger.py log_once [line:28] INFO mean_val_loss                 21.3443
2026-09-24 23:54:23,600 simple_logger.py log_once [line:28] INFO std_val_loss                  11.6343
2026-09-24 23:54:23,600 fedbase.py run [line:316] INFO Eval Time Cost:               1.4841s
2026-09-24 23:54:23,609 asyncbase.py iterate [line:73] INFO Receive new models from clients [2] at time 32
2026-09-24 23:54:23,635 fedbase.py run [line:311] INFO --------------Round 29--------------
2026-09-24 23:54:23,635 simple_logger.py log_once [line:14] INFO Current_time:32
2026-09-24 23:54:25,125 simple_logger.py log_once [line:28] INFO test_accuracy                 0.1547
2026-09-24 23:54:25,125 simple_logger.py log_once [line:28] INFO test_loss                     132.9099
2026-09-24 23:54:25,125 simple_logger.py log_once [line:28] INFO val_accuracy                  0.1586
2026-09-24 23:54:25,125 simple_logger.py log_once [line:28] INFO mean_val_accuracy             0.1587
2026-09-24 23:54:25,126 simple_logger.py log_once [line:28] INFO std_val_accuracy              0.2980
2026-09-24 23:54:25,126 simple_logger.py log_once [line:28] INFO val_loss                      132.0589
2026-09-24 23:54:25,126 simple_logger.py log_once [line:28] INFO mean_val_loss                 131.9102
2026-09-24 23:54:25,126 simple_logger.py log_once [line:28] INFO std_val_loss                  70.0937
2026-09-24 23:54:25,126 fedbase.py run [line:316] INFO Eval Time Cost:               1.4904s
2026-09-24 23:54:25,134 asyncbase.py iterate [line:68] INFO Select clients [np.int64(12)] at time 33.
2026-09-24 23:54:25,443 asyncbase.py iterate [line:73] INFO Receive new models from clients [4, 0, 12] at time 33
2026-09-24 23:54:25,501 fedbase.py run [line:311] INFO --------------Round 30--------------
2026-09-24 23:54:25,501 simple_logger.py log_once [line:14] INFO Current_time:33
2026-09-24 23:54:27,032 simple_logger.py log_once [line:28] INFO test_accuracy                 0.1410
2026-09-24 23:54:27,032 simple_logger.py log_once [line:28] INFO test_loss                     336.1187
2026-09-24 23:54:27,032 simple_logger.py log_once [line:28] INFO val_accuracy                  0.1434
2026-09-24 23:54:27,032 simple_logger.py log_once [line:28] INFO mean_val_accuracy             0.1436
2026-09-24 23:54:27,032 simple_logger.py log_once [line:28] INFO std_val_accuracy              0.2790
2026-09-24 23:54:27,032 simple_logger.py log_once [line:28] INFO val_loss                      333.9226
2026-09-24 23:54:27,032 simple_logger.py log_once [line:28] INFO mean_val_loss                 333.4986
2026-09-24 23:54:27,032 simple_logger.py log_once [line:28] INFO std_val_loss                  196.4195
2026-09-24 23:54:27,032 fedbase.py run [line:316] INFO Eval Time Cost:               1.5309s
2026-09-24 23:54:27,042 asyncbase.py iterate [line:68] INFO Select clients [np.int64(3), np.int64(19), np.int64(7)] at time 34.
2026-09-24 23:54:27,974 asyncbase.py iterate [line:73] INFO Receive new models from clients [6, 3, 16] at time 34
2026-09-24 23:54:28,037 fedbase.py run [line:311] INFO --------------Round 31--------------
2026-09-24 23:54:28,037 simple_logger.py log_once [line:14] INFO Current_time:34
2026-09-24 23:54:29,528 simple_logger.py log_once [line:28] INFO test_accuracy                 0.0892
2026-09-24 23:54:29,528 simple_logger.py log_once [line:28] INFO test_loss                     13.0748
2026-09-24 23:54:29,528 simple_logger.py log_once [line:28] INFO val_accuracy                  0.0907
2026-09-24 23:54:29,528 simple_logger.py log_once [line:28] INFO mean_val_accuracy             0.0904
2026-09-24 23:54:29,528 simple_logger.py log_once [line:28] INFO std_val_accuracy              0.2536
2026-09-24 23:54:29,528 simple_logger.py log_once [line:28] INFO val_loss                      13.1246
2026-09-24 23:54:29,528 simple_logger.py log_once [line:28] INFO mean_val_loss                 13.1378
2026-09-24 23:54:29,528 simple_logger.py log_once [line:28] INFO std_val_loss                  7.3806
2026-09-24 23:54:29,528 fedbase.py run [line:316] INFO Eval Time Cost:               1.4913s
2026-09-24 23:54:29,536 asyncbase.py iterate [line:68] INFO Select clients [np.int64(12), np.int64(9), np.int64(8)] at time 35.
2026-09-24 23:54:30,467 asyncbase.py iterate [line:73] INFO Receive new models from clients [19, 9, 8] at time 35
2026-09-24 23:54:30,524 fedbase.py run [line:311] INFO --------------Round 32--------------
2026-09-24 23:54:30,524 simple_logger.py log_once [line:14] INFO Current_time:35
2026-09-24 23:54:32,013 simple_logger.py log_once [line:28] INFO test_accuracy                 0.0626
2026-09-24 23:54:32,013 simple_logger.py log_once [line:28] INFO test_loss                     2.8473
2026-09-24 23:54:32,013 simple_logger.py log_once [line:28] INFO val_accuracy                  0.0608
2026-09-24 23:54:32,013 simple_logger.py log_once [line:28] INFO mean_val_accuracy             0.0609
2026-09-24 23:54:32,013 simple_logger.py log_once [line:28] INFO std_val_accuracy              0.0928
2026-09-24 23:54:32,013 simple_logger.py log_once [line:28] INFO val_loss                      2.8561
2026-09-24 23:54:32,013 simple_logger.py log_once [line:28] INFO mean_val_loss                 2.8548
2026-09-24 23:54:32,013 simple_logger.py log_once [line:28] INFO std_val_loss                  0.7905
2026-09-24 23:54:32,013 fedbase.py run [line:316] INFO Eval Time Cost:               1.4892s
2026-09-24 23:54:32,023 asyncbase.py iterate [line:68] INFO Select clients [np.int64(0), np.int64(9), np.int64(5), np.int64(14)] at time 36.
2026-09-24 23:54:33,268 asyncbase.py iterate [line:73] INFO Receive new models from clients [7, 5] at time 36
2026-09-24 23:54:33,318 fedbase.py run [line:311] INFO --------------Round 33--------------
2026-09-24 23:54:33,318 simple_logger.py log_once [line:14] INFO Current_time:36
2026-09-24 23:54:34,802 simple_logger.py log_once [line:28] INFO test_accuracy                 0.1009
2026-09-24 23:54:34,802 simple_logger.py log_once [line:28] INFO test_loss                     22.7370
2026-09-24 23:54:34,802 simple_logger.py log_once [line:28] INFO val_accuracy                  0.0999
2026-09-24 23:54:34,802 simple_logger.py log_once [line:28] INFO mean_val_accuracy             0.0994
2026-09-24 23:54:34,802 simple_logger.py log_once [line:28] INFO std_val_accuracy              0.2889
2026-09-24 23:54:34,802 simple_logger.py log_once [line:28] INFO val_loss                      22.4312
2026-09-24 23:54:34,802 simple_logger.py log_once [line:28] INFO mean_val_loss                 22.4606
2026-09-24 23:54:34,802 simple_logger.py log_once [line:28] INFO std_val_loss                  9.1257
2026-09-24 23:54:34,802 fedbase.py run [line:316] INFO Eval Time Cost:               1.4840s
2026-09-24 23:54:34,811 asyncbase.py iterate [line:68] INFO Select clients [np.int64(3), np.int64(2)] at time 37.
2026-09-24 23:54:35,456 asyncbase.py iterate [line:73] INFO Receive new models from clients [0, 12] at time 38
2026-09-24 23:54:35,505 fedbase.py run [line:311] INFO --------------Round 34--------------
2026-09-24 23:54:35,505 simple_logger.py log_once [line:14] INFO Current_time:38
2026-09-24 23:54:36,993 simple_logger.py log_once [line:28] INFO test_accuracy                 0.1009
2026-09-24 23:54:36,993 simple_logger.py log_once [line:28] INFO test_loss                     22.0559
2026-09-24 23:54:36,993 simple_logger.py log_once [line:28] INFO val_accuracy                  0.1001
2026-09-24 23:54:36,993 simple_logger.py log_once [line:28] INFO mean_val_accuracy             0.0995
2026-09-24 23:54:36,993 simple_logger.py log_once [line:28] INFO std_val_accuracy              0.2889
2026-09-24 23:54:36,993 simple_logger.py log_once [line:28] INFO val_loss                      21.7595
2026-09-24 23:54:36,993 simple_logger.py log_once [line:28] INFO mean_val_loss                 21.7934
2026-09-24 23:54:36,993 simple_logger.py log_once [line:28] INFO std_val_loss                  9.5888
2026-09-24 23:54:36,993 fedbase.py run [line:316] INFO Eval Time Cost:               1.4877s
2026-09-24 23:54:37,002 asyncbase.py iterate [line:68] INFO Select clients [np.int64(16), np.int64(7)] at time 39.
2026-09-24 23:54:37,626 asyncbase.py iterate [line:73] INFO Receive new models from clients [2, 9, 7, 3, 14] at time 39
2026-09-24 23:54:37,701 fedbase.py run [line:311] INFO --------------Round 35--------------
2026-09-24 23:54:37,701 simple_logger.py log_once [line:14] INFO Current_time:39
2026-09-24 23:54:39,196 simple_logger.py log_once [line:28] INFO test_accuracy                 0.0990
2026-09-24 23:54:39,196 simple_logger.py log_once [line:28] INFO test_loss                     2.8832
2026-09-24 23:54:39,196 simple_logger.py log_once [line:28] INFO val_accuracy                  0.0962
2026-09-24 23:54:39,196 simple_logger.py log_once [line:28] INFO mean_val_accuracy             0.0960
2026-09-24 23:54:39,196 simple_logger.py log_once [line:28] INFO std_val_accuracy              0.2494
2026-09-24 23:54:39,196 simple_logger.py log_once [line:28] INFO val_loss                      2.8929
2026-09-24 23:54:39,196 simple_logger.py log_once [line:28] INFO mean_val_loss                 2.8920
2026-09-24 23:54:39,196 simple_logger.py log_once [line:28] INFO std_val_loss                  0.8648
2026-09-24 23:54:39,196 fedbase.py run [line:316] INFO Eval Time Cost:               1.4952s
2026-09-24 23:54:39,205 asyncbase.py iterate [line:68] INFO Select clients [np.int64(15), np.int64(10), np.int64(3), np.int64(13), np.int64(11)] at time 40.
2026-09-24 23:54:40,766 asyncbase.py iterate [line:73] INFO Receive new models from clients [15] at time 40
2026-09-24 23:54:40,791 fedbase.py run [line:311] INFO --------------Round 36--------------
2026-09-24 23:54:40,791 simple_logger.py log_once [line:14] INFO Current_time:40
2026-09-24 23:54:42,279 simple_logger.py log_once [line:28] INFO test_accuracy                 0.0973
2026-09-24 23:54:42,279 simple_logger.py log_once [line:28] INFO test_loss                     16.2878
2026-09-24 23:54:42,279 simple_logger.py log_once [line:28] INFO val_accuracy                  0.0972
2026-09-24 23:54:42,279 simple_logger.py log_once [line:28] INFO mean_val_accuracy             0.0962
2026-09-24 23:54:42,279 simple_logger.py log_once [line:28] INFO std_val_accuracy              0.2801
2026-09-24 23:54:42,279 simple_logger.py log_once [line:28] INFO val_loss                      16.2988
2026-09-24 23:54:42,279 simple_logger.py log_once [line:28] INFO mean_val_loss                 16.2975
2026-09-24 23:54:42,279 simple_logger.py log_once [line:28] INFO std_val_loss                  6.1909
2026-09-24 23:54:42,279 fedbase.py run [line:316] INFO Eval Time Cost:               1.4886s
2026-09-24 23:54:42,288 asyncbase.py iterate [line:68] INFO Select clients [np.int64(14)] at time 41.
2026-09-24 23:54:42,604 asyncbase.py iterate [line:73] INFO Receive new models from clients [16, 14, 11] at time 41
2026-09-24 23:54:42,663 fedbase.py run [line:311] INFO --------------Round 37--------------
2026-09-24 23:54:42,663 simple_logger.py log_once [line:14] INFO Current_time:41
2026-09-24 23:54:44,143 simple_logger.py log_once [line:28] INFO test_accuracy                 0.1350
2026-09-24 23:54:44,143 simple_logger.py log_once [line:28] INFO test_loss                     4.0067
2026-09-24 23:54:44,143 simple_logger.py log_once [line:28] INFO val_accuracy                  0.1344
2026-09-24 23:54:44,143 simple_logger.py log_once [line:28] INFO mean_val_accuracy             0.1341
2026-09-24 23:54:44,143 simple_logger.py log_once [line:28] INFO std_val_accuracy              0.2299
2026-09-24 23:54:44,143 simple_logger.py log_once [line:28] INFO val_loss                      3.9981
2026-09-24 23:54:44,143 simple_logger.py log_once [line:28] INFO mean_val_loss                 3.9956
2026-09-24 23:54:44,144 simple_logger.py log_once [line:28] INFO std_val_loss                  1.7811
2026-09-24 23:54:44,144 fedbase.py run [line:316] INFO Eval Time Cost:               1.4807s
2026-09-24 23:54:44,153 asyncbase.py iterate [line:68] INFO Select clients [np.int64(8), np.int64(0), np.int64(2)] at time 42.
2026-09-24 23:54:45,079 asyncbase.py iterate [line:73] INFO Receive new models from clients [13] at time 42
2026-09-24 23:54:45,103 fedbase.py run [line:311] INFO --------------Round 38--------------
2026-09-24 23:54:45,103 simple_logger.py log_once [line:14] INFO Current_time:42
2026-09-24 23:54:46,640 simple_logger.py log_once [line:28] INFO test_accuracy                 0.1010
2026-09-24 23:54:46,640 simple_logger.py log_once [line:28] INFO test_loss                     19.5941
2026-09-24 23:54:46,641 simple_logger.py log_once [line:28] INFO val_accuracy                  0.1020
2026-09-24 23:54:46,641 simple_logger.py log_once [line:28] INFO mean_val_accuracy             0.1016
2026-09-24 23:54:46,641 simple_logger.py log_once [line:28] INFO std_val_accuracy              0.2730
2026-09-24 23:54:46,641 simple_logger.py log_once [line:28] INFO val_loss                      19.5602
2026-09-24 23:54:46,641 simple_logger.py log_once [line:28] INFO mean_val_loss                 19.5545
2026-09-24 23:54:46,641 simple_logger.py log_once [line:28] INFO std_val_loss                  9.9166
2026-09-24 23:54:46,641 fedbase.py run [line:316] INFO Eval Time Cost:               1.5373s
2026-09-24 23:54:46,652 asyncbase.py iterate [line:73] INFO Receive new models from clients [2, 10, 3] at time 43
2026-09-24 23:54:46,714 fedbase.py run [line:311] INFO --------------Round 39--------------
2026-09-24 23:54:46,714 simple_logger.py log_once [line:14] INFO Current_time:43
2026-09-24 23:54:48,194 simple_logger.py log_once [line:28] INFO test_accuracy                 0.1010
2026-09-24 23:54:48,194 simple_logger.py log_once [line:28] INFO test_loss                     18.5752
2026-09-24 23:54:48,194 simple_logger.py log_once [line:28] INFO val_accuracy                  0.1020
2026-09-24 23:54:48,194 simple_logger.py log_once [line:28] INFO mean_val_accuracy             0.1016
2026-09-24 23:54:48,194 simple_logger.py log_once [line:28] INFO std_val_accuracy              0.2730
2026-09-24 23:54:48,194 simple_logger.py log_once [line:28] INFO val_loss                      18.5176
2026-09-24 23:54:48,194 simple_logger.py log_once [line:28] INFO mean_val_loss                 18.5107
2026-09-24 23:54:48,194 simple_logger.py log_once [line:28] INFO std_val_loss                  8.8757
2026-09-24 23:54:48,194 fedbase.py run [line:316] INFO Eval Time Cost:               1.4805s
2026-09-24 23:54:48,205 asyncbase.py iterate [line:68] INFO Select clients [np.int64(11), np.int64(1), np.int64(3), np.int64(18)] at time 44.
2026-09-24 23:54:49,450 asyncbase.py iterate [line:73] INFO Receive new models from clients [0, 3] at time 44
2026-09-24 23:54:49,500 fedbase.py run [line:311] INFO --------------Round 40--------------
2026-09-24 23:54:49,501 simple_logger.py log_once [line:14] INFO Current_time:44
2026-09-24 23:54:51,000 simple_logger.py log_once [line:28] INFO test_accuracy                 0.1532
2026-09-24 23:54:51,000 simple_logger.py log_once [line:28] INFO test_loss                     2.5955
2026-09-24 23:54:51,000 simple_logger.py log_once [line:28] INFO val_accuracy                  0.1496
2026-09-24 23:54:51,000 simple_logger.py log_once [line:28] INFO mean_val_accuracy             0.1490
2026-09-24 23:54:51,000 simple_logger.py log_once [line:28] INFO std_val_accuracy              0.2910
2026-09-24 23:54:51,000 simple_logger.py log_once [line:28] INFO val_loss                      2.5993
2026-09-24 23:54:51,000 simple_logger.py log_once [line:28] INFO mean_val_loss                 2.6006
2026-09-24 23:54:51,000 simple_logger.py log_once [line:28] INFO std_val_loss                  0.9762
2026-09-24 23:54:51,000 fedbase.py run [line:316] INFO Eval Time Cost:               1.4994s
2026-09-24 23:54:51,009 asyncbase.py iterate [line:68] INFO Select clients [np.int64(14)] at time 45.
2026-09-24 23:54:51,323 asyncbase.py iterate [line:73] INFO Receive new models from clients [8, 14] at time 45
2026-09-24 23:54:51,373 fedbase.py run [line:311] INFO --------------Round 41--------------
2026-09-24 23:54:51,374 simple_logger.py log_once [line:14] INFO Current_time:45
2026-09-24 23:54:52,872 simple_logger.py log_once [line:28] INFO test_accuracy                 0.0983
2026-09-24 23:54:52,873 simple_logger.py log_once [line:28] INFO test_loss                     5.9370
2026-09-24 23:54:52,873 simple_logger.py log_once [line:28] INFO val_accuracy                  0.0993
2026-09-24 23:54:52,873 simple_logger.py log_once [line:28] INFO mean_val_accuracy             0.1004
2026-09-24 23:54:52,873 simple_logger.py log_once [line:28] INFO std_val_accuracy              0.2626
2026-09-24 23:54:52,873 simple_logger.py log_once [line:28] INFO val_loss                      5.8724
2026-09-24 23:54:52,873 simple_logger.py log_once [line:28] INFO mean_val_loss                 5.8733
2026-09-24 23:54:52,873 simple_logger.py log_once [line:28] INFO std_val_loss                  2.6825
2026-09-24 23:54:52,873 fedbase.py run [line:316] INFO Eval Time Cost:               1.4992s
2026-09-24 23:54:52,882 asyncbase.py iterate [line:68] INFO Select clients [np.int64(9), np.int64(2), np.int64(19)] at time 46.
2026-09-24 23:54:53,812 asyncbase.py iterate [line:73] INFO Receive new models from clients [18, 2] at time 46
2026-09-24 23:54:53,861 fedbase.py run [line:311] INFO --------------Round 42--------------
2026-09-24 23:54:53,861 simple_logger.py log_once [line:14] INFO Current_time:46
2026-09-24 23:54:55,347 simple_logger.py log_once [line:28] INFO test_accuracy                 0.0980
2026-09-24 23:54:55,348 simple_logger.py log_once [line:28] INFO test_loss                     43.3328
2026-09-24 23:54:55,348 simple_logger.py log_once [line:28] INFO val_accuracy                  0.0990
2026-09-24 23:54:55,348 simple_logger.py log_once [line:28] INFO mean_val_accuracy             0.1000
2026-09-24 23:54:55,348 simple_logger.py log_once [line:28] INFO std_val_accuracy              0.2627
2026-09-24 23:54:55,348 simple_logger.py log_once [line:28] INFO val_loss                      43.1499
2026-09-24 23:54:55,348 simple_logger.py log_once [line:28] INFO mean_val_loss                 43.1272
2026-09-24 23:54:55,348 simple_logger.py log_once [line:28] INFO std_val_loss                  15.6953
2026-09-24 23:54:55,348 fedbase.py run [line:316] INFO Eval Time Cost:               1.4870s
2026-09-24 23:54:55,356 asyncbase.py iterate [line:68] INFO Select clients [np.int64(0), np.int64(12)] at time 47.
2026-09-24 23:54:55,971 asyncbase.py iterate [line:73] INFO Receive new models from clients [11, 12, 1] at time 47
2026-09-24 23:54:56,028 fedbase.py run [line:311] INFO --------------Round 43--------------
2026-09-24 23:54:56,028 simple_logger.py log_once [line:14] INFO Current_time:47
2026-09-24 23:54:57,512 simple_logger.py log_once [line:28] INFO test_accuracy                 0.1128
2026-09-24 23:54:57,512 simple_logger.py log_once [line:28] INFO test_loss                     2.6870
2026-09-24 23:54:57,512 simple_logger.py log_once [line:28] INFO val_accuracy                  0.1090
2026-09-24 23:54:57,512 simple_logger.py log_once [line:28] INFO mean_val_accuracy             0.1091
2026-09-24 23:54:57,512 simple_logger.py log_once [line:28] INFO std_val_accuracy              0.2351
2026-09-24 23:54:57,512 simple_logger.py log_once [line:28] INFO val_loss                      2.7048
2026-09-24 23:54:57,512 simple_logger.py log_once [line:28] INFO mean_val_loss                 2.7062
2026-09-24 23:54:57,512 simple_logger.py log_once [line:28] INFO std_val_loss                  0.6430
2026-09-24 23:54:57,512 fedbase.py run [line:316] INFO Eval Time Cost:               1.4843s
2026-09-24 23:54:57,522 asyncbase.py iterate [line:68] INFO Select clients [np.int64(16), np.int64(10), np.int64(2)] at time 48.
2026-09-24 23:54:58,451 asyncbase.py iterate [line:73] INFO Receive new models from clients [2] at time 48
2026-09-24 23:54:58,475 fedbase.py run [line:311] INFO --------------Round 44--------------
2026-09-24 23:54:58,475 simple_logger.py log_once [line:14] INFO Current_time:48
2026-09-24 23:54:59,986 simple_logger.py log_once [line:28] INFO test_accuracy                 0.0924
2026-09-24 23:54:59,986 simple_logger.py log_once [line:28] INFO test_loss                     9.6158
2026-09-24 23:54:59,986 simple_logger.py log_once [line:28] INFO val_accuracy                  0.0929
2026-09-24 23:54:59,986 simple_logger.py log_once [line:28] INFO mean_val_accuracy             0.0931
2026-09-24 23:54:59,986 simple_logger.py log_once [line:28] INFO std_val_accuracy              0.2664
2026-09-24 23:54:59,986 simple_logger.py log_once [line:28] INFO val_loss                      9.6521
2026-09-24 23:54:59,986 simple_logger.py log_once [line:28] INFO mean_val_loss                 9.6658
2026-09-24 23:54:59,986 simple_logger.py log_once [line:28] INFO std_val_loss                  6.0525
2026-09-24 23:54:59,987 fedbase.py run [line:316] INFO Eval Time Cost:               1.5116s
2026-09-24 23:54:59,995 asyncbase.py iterate [line:73] INFO Receive new models from clients [19, 0, 9] at time 49
2026-09-24 23:55:00,053 fedbase.py run [line:311] INFO --------------Round 45--------------
2026-09-24 23:55:00,053 simple_logger.py log_once [line:14] INFO Current_time:49
2026-09-24 23:55:01,546 simple_logger.py log_once [line:28] INFO test_accuracy                 0.0974
2026-09-24 23:55:01,547 simple_logger.py log_once [line:28] INFO test_loss                     9.1523
2026-09-24 23:55:01,547 simple_logger.py log_once [line:28] INFO val_accuracy                  0.1017
2026-09-24 23:55:01,547 simple_logger.py log_once [line:28] INFO mean_val_accuracy             0.1021
2026-09-24 23:55:01,547 simple_logger.py log_once [line:28] INFO std_val_accuracy              0.2546
2026-09-24 23:55:01,547 simple_logger.py log_once [line:28] INFO val_loss                      9.1764
2026-09-24 23:55:01,547 simple_logger.py log_once [line:28] INFO mean_val_loss                 9.1863
2026-09-24 23:55:01,547 simple_logger.py log_once [line:28] INFO std_val_loss                  5.6952
2026-09-24 23:55:01,547 fedbase.py run [line:316] INFO Eval Time Cost:               1.4936s
2026-09-24 23:55:01,555 asyncbase.py iterate [line:68] INFO Select clients [np.int64(13), np.int64(3), np.int64(15), np.int64(5)] at time 50.
2026-09-24 23:55:02,796 asyncbase.py iterate [line:73] INFO Receive new models from clients [16, 3, 15] at time 50
2026-09-24 23:55:02,854 fedbase.py run [line:311] INFO --------------Round 46--------------
2026-09-24 23:55:02,854 simple_logger.py log_once [line:14] INFO Current_time:50
2026-09-24 23:55:04,342 simple_logger.py log_once [line:28] INFO test_accuracy                 0.1031
2026-09-24 23:55:04,342 simple_logger.py log_once [line:28] INFO test_loss                     2.4233
2026-09-24 23:55:04,342 simple_logger.py log_once [line:28] INFO val_accuracy                  0.0981
2026-09-24 23:55:04,342 simple_logger.py log_once [line:28] INFO mean_val_accuracy             0.0992
2026-09-24 23:55:04,342 simple_logger.py log_once [line:28] INFO std_val_accuracy              0.2861
2026-09-24 23:55:04,342 simple_logger.py log_once [line:28] INFO val_loss                      2.4292
2026-09-24 23:55:04,342 simple_logger.py log_once [line:28] INFO mean_val_loss                 2.4293
2026-09-24 23:55:04,342 simple_logger.py log_once [line:28] INFO std_val_loss                  0.4853
2026-09-24 23:55:04,342 fedbase.py run [line:316] INFO Eval Time Cost:               1.4884s
2026-09-24 23:55:04,351 asyncbase.py iterate [line:68] INFO Select clients [np.int64(0), np.int64(16), np.int64(2)] at time 51.
2026-09-24 23:55:05,284 asyncbase.py iterate [line:73] INFO Receive new models from clients [10, 16] at time 51
2026-09-24 23:55:05,334 fedbase.py run [line:311] INFO --------------Round 47--------------
2026-09-24 23:55:05,334 simple_logger.py log_once [line:14] INFO Current_time:51
2026-09-24 23:55:06,833 simple_logger.py log_once [line:28] INFO test_accuracy                 0.1009
2026-09-24 23:55:06,833 simple_logger.py log_once [line:28] INFO test_loss                     2.5436
2026-09-24 23:55:06,833 simple_logger.py log_once [line:28] INFO val_accuracy                  0.0999
2026-09-24 23:55:06,833 simple_logger.py log_once [line:28] INFO mean_val_accuracy             0.0994
2026-09-24 23:55:06,833 simple_logger.py log_once [line:28] INFO std_val_accuracy              0.2889
2026-09-24 23:55:06,833 simple_logger.py log_once [line:28] INFO val_loss                      2.5486
2026-09-24 23:55:06,833 simple_logger.py log_once [line:28] INFO mean_val_loss                 2.5496
2026-09-24 23:55:06,833 simple_logger.py log_once [line:28] INFO std_val_loss                  0.6293
2026-09-24 23:55:06,833 fedbase.py run [line:316] INFO Eval Time Cost:               1.4996s
2026-09-24 23:55:06,842 asyncbase.py iterate [line:68] INFO Select clients [np.int64(12), np.int64(6)] at time 52.
2026-09-24 23:55:07,456 asyncbase.py iterate [line:73] INFO Receive new models from clients [2, 6, 13, 5, 12] at time 52
2026-09-24 23:55:07,529 fedbase.py run [line:311] INFO --------------Round 48--------------
2026-09-24 23:55:07,529 simple_logger.py log_once [line:14] INFO Current_time:52
2026-09-24 23:55:09,016 simple_logger.py log_once [line:28] INFO test_accuracy                 0.1009
2026-09-24 23:55:09,016 simple_logger.py log_once [line:28] INFO test_loss                     2.4362
2026-09-24 23:55:09,016 simple_logger.py log_once [line:28] INFO val_accuracy                  0.1001
2026-09-24 23:55:09,016 simple_logger.py log_once [line:28] INFO mean_val_accuracy             0.0995
2026-09-24 23:55:09,016 simple_logger.py log_once [line:28] INFO std_val_accuracy              0.2889
2026-09-24 23:55:09,016 simple_logger.py log_once [line:28] INFO val_loss                      2.4371
2026-09-24 23:55:09,016 simple_logger.py log_once [line:28] INFO mean_val_loss                 2.4375
2026-09-24 23:55:09,016 simple_logger.py log_once [line:28] INFO std_val_loss                  0.4984
2026-09-24 23:55:09,016 fedbase.py run [line:316] INFO Eval Time Cost:               1.4874s
2026-09-24 23:55:09,025 asyncbase.py iterate [line:68] INFO Select clients [np.int64(5), np.int64(3), np.int64(17), np.int64(11)] at time 53.
2026-09-24 23:55:10,283 asyncbase.py iterate [line:73] INFO Receive new models from clients [3] at time 53
2026-09-24 23:55:10,309 fedbase.py run [line:311] INFO --------------Round 49--------------
2026-09-24 23:55:10,309 simple_logger.py log_once [line:14] INFO Current_time:53
2026-09-24 23:55:11,852 simple_logger.py log_once [line:28] INFO test_accuracy                 0.1009
2026-09-24 23:55:11,852 simple_logger.py log_once [line:28] INFO test_loss                     4.9814
2026-09-24 23:55:11,852 simple_logger.py log_once [line:28] INFO val_accuracy                  0.0999
2026-09-24 23:55:11,852 simple_logger.py log_once [line:28] INFO mean_val_accuracy             0.0994
2026-09-24 23:55:11,852 simple_logger.py log_once [line:28] INFO std_val_accuracy              0.2889
2026-09-24 23:55:11,852 simple_logger.py log_once [line:28] INFO val_loss                      4.9725
2026-09-24 23:55:11,852 simple_logger.py log_once [line:28] INFO mean_val_loss                 4.9784
2026-09-24 23:55:11,852 simple_logger.py log_once [line:28] INFO std_val_loss                  2.0456
2026-09-24 23:55:11,853 fedbase.py run [line:316] INFO Eval Time Cost:               1.5437s
2026-09-24 23:55:11,864 asyncbase.py iterate [line:68] INFO Select clients [np.int64(3), np.int64(9)] at time 54.
2026-09-24 23:55:12,488 asyncbase.py iterate [line:73] INFO Receive new models from clients [5, 17, 0] at time 54
2026-09-24 23:55:12,547 fedbase.py run [line:311] INFO --------------Round 50--------------
2026-09-24 23:55:12,547 simple_logger.py log_once [line:14] INFO Current_time:54
2026-09-24 23:55:14,037 simple_logger.py log_once [line:28] INFO test_accuracy                 0.1126
2026-09-24 23:55:14,037 simple_logger.py log_once [line:28] INFO test_loss                     3.1146
2026-09-24 23:55:14,037 simple_logger.py log_once [line:28] INFO val_accuracy                  0.1141
2026-09-24 23:55:14,037 simple_logger.py log_once [line:28] INFO mean_val_accuracy             0.1138
2026-09-24 23:55:14,037 simple_logger.py log_once [line:28] INFO std_val_accuracy              0.2772
2026-09-24 23:55:14,037 simple_logger.py log_once [line:28] INFO val_loss                      3.1104
2026-09-24 23:55:14,037 simple_logger.py log_once [line:28] INFO mean_val_loss                 3.1155
2026-09-24 23:55:14,037 simple_logger.py log_once [line:28] INFO std_val_loss                  1.3340
2026-09-24 23:55:14,037 fedbase.py run [line:316] INFO Eval Time Cost:               1.4902s
2026-09-24 23:55:14,047 asyncbase.py iterate [line:68] INFO Select clients [np.int64(8), np.int64(6)] at time 55.
2026-09-24 23:55:14,664 asyncbase.py iterate [line:73] INFO Receive new models from clients [3, 9] at time 55
2026-09-24 23:55:14,714 fedbase.py run [line:311] INFO --------------Round 51--------------
2026-09-24 23:55:14,714 simple_logger.py log_once [line:14] INFO Current_time:55
2026-09-24 23:55:16,221 simple_logger.py log_once [line:28] INFO test_accuracy                 0.1205
2026-09-24 23:55:16,221 simple_logger.py log_once [line:28] INFO test_loss                     2.7266
2026-09-24 23:55:16,221 simple_logger.py log_once [line:28] INFO val_accuracy                  0.1135
2026-09-24 23:55:16,222 simple_logger.py log_once [line:28] INFO mean_val_accuracy             0.1137
2026-09-24 23:55:16,222 simple_logger.py log_once [line:28] INFO std_val_accuracy              0.2254
2026-09-24 23:55:16,222 simple_logger.py log_once [line:28] INFO val_loss                      2.7304
2026-09-24 23:55:16,222 simple_logger.py log_once [line:28] INFO mean_val_loss                 2.7326
2026-09-24 23:55:16,222 simple_logger.py log_once [line:28] INFO std_val_loss                  0.8898
2026-09-24 23:55:16,222 fedbase.py run [line:316] INFO Eval Time Cost:               1.5073s
2026-09-24 23:55:16,230 asyncbase.py iterate [line:68] INFO Select clients [np.int64(7), np.int64(16), np.int64(14)] at time 56.
2026-09-24 23:55:17,175 asyncbase.py iterate [line:73] INFO Receive new models from clients [11] at time 56
2026-09-24 23:55:17,201 fedbase.py run [line:311] INFO --------------Round 52--------------
2026-09-24 23:55:17,201 simple_logger.py log_once [line:14] INFO Current_time:56
2026-09-24 23:55:18,687 simple_logger.py log_once [line:28] INFO test_accuracy                 0.0980
2026-09-24 23:55:18,687 simple_logger.py log_once [line:28] INFO test_loss                     2.6169
2026-09-24 23:55:18,687 simple_logger.py log_once [line:28] INFO val_accuracy                  0.0990
2026-09-24 23:55:18,687 simple_logger.py log_once [line:28] INFO mean_val_accuracy             0.1000
2026-09-24 23:55:18,687 simple_logger.py log_once [line:28] INFO std_val_accuracy              0.2627
2026-09-24 23:55:18,687 simple_logger.py log_once [line:28] INFO val_loss                      2.6202
2026-09-24 23:55:18,687 simple_logger.py log_once [line:28] INFO mean_val_loss                 2.6177
2026-09-24 23:55:18,687 simple_logger.py log_once [line:28] INFO std_val_loss                  0.7151
2026-09-24 23:55:18,687 fedbase.py run [line:316] INFO Eval Time Cost:               1.4858s
2026-09-24 23:55:18,696 asyncbase.py iterate [line:68] INFO Select clients [np.int64(17)] at time 57.
2026-09-24 23:55:19,017 asyncbase.py iterate [line:73] INFO Receive new models from clients [16, 6] at time 57
2026-09-24 23:55:19,066 fedbase.py run [line:311] INFO --------------Round 53--------------
2026-09-24 23:55:19,066 simple_logger.py log_once [line:14] INFO Current_time:57
2026-09-24 23:55:20,549 simple_logger.py log_once [line:28] INFO test_accuracy                 0.1665
2026-09-24 23:55:20,549 simple_logger.py log_once [line:28] INFO test_loss                     2.6006
2026-09-24 23:55:20,549 simple_logger.py log_once [line:28] INFO val_accuracy                  0.1653
2026-09-24 23:55:20,549 simple_logger.py log_once [line:28] INFO mean_val_accuracy             0.1660
2026-09-24 23:55:20,549 simple_logger.py log_once [line:28] INFO std_val_accuracy              0.3041
2026-09-24 23:55:20,549 simple_logger.py log_once [line:28] INFO val_loss                      2.6010
2026-09-24 23:55:20,549 simple_logger.py log_once [line:28] INFO mean_val_loss                 2.5991
2026-09-24 23:55:20,549 simple_logger.py log_once [line:28] INFO std_val_loss                  0.8454
2026-09-24 23:55:20,549 fedbase.py run [line:316] INFO Eval Time Cost:               1.4834s
2026-09-24 23:55:20,560 asyncbase.py iterate [line:68] INFO Select clients [np.int64(19), np.int64(9)] at time 58.
2026-09-24 23:55:21,197 asyncbase.py iterate [line:73] INFO Receive new models from clients [8, 17] at time 58
2026-09-24 23:55:21,246 fedbase.py run [line:311] INFO --------------Round 54--------------
2026-09-24 23:55:21,246 simple_logger.py log_once [line:14] INFO Current_time:58
2026-09-24 23:55:22,744 simple_logger.py log_once [line:28] INFO test_accuracy                 0.0980
2026-09-24 23:55:22,744 simple_logger.py log_once [line:28] INFO test_loss                     2.9776
2026-09-24 23:55:22,744 simple_logger.py log_once [line:28] INFO val_accuracy                  0.0990
2026-09-24 23:55:22,744 simple_logger.py log_once [line:28] INFO mean_val_accuracy             0.1000
2026-09-24 23:55:22,744 simple_logger.py log_once [line:28] INFO std_val_accuracy              0.2627
2026-09-24 23:55:22,744 simple_logger.py log_once [line:28] INFO val_loss                      2.9739
2026-09-24 23:55:22,744 simple_logger.py log_once [line:28] INFO mean_val_loss                 2.9706
2026-09-24 23:55:22,744 simple_logger.py log_once [line:28] INFO std_val_loss                  0.9274
2026-09-24 23:55:22,744 fedbase.py run [line:316] INFO Eval Time Cost:               1.4980s
2026-09-24 23:55:22,753 asyncbase.py iterate [line:68] INFO Select clients [np.int64(6)] at time 59.
2026-09-24 23:55:23,064 asyncbase.py iterate [line:73] INFO Receive new models from clients [7, 14] at time 59
2026-09-24 23:55:23,113 fedbase.py run [line:311] INFO --------------Round 55--------------
2026-09-24 23:55:23,113 simple_logger.py log_once [line:14] INFO Current_time:59
2026-09-24 23:55:24,675 simple_logger.py log_once [line:28] INFO test_accuracy                 0.1191
2026-09-24 23:55:24,675 simple_logger.py log_once [line:28] INFO test_loss                     3.0422
2026-09-24 23:55:24,675 simple_logger.py log_once [line:28] INFO val_accuracy                  0.1167
2026-09-24 23:55:24,675 simple_logger.py log_once [line:28] INFO mean_val_accuracy             0.1178
2026-09-24 23:55:24,675 simple_logger.py log_once [line:28] INFO std_val_accuracy              0.2466
2026-09-24 23:55:24,675 simple_logger.py log_once [line:28] INFO val_loss                      3.0786
2026-09-24 23:55:24,675 simple_logger.py log_once [line:28] INFO mean_val_loss                 3.0745
2026-09-24 23:55:24,675 simple_logger.py log_once [line:28] INFO std_val_loss                  0.9237
2026-09-24 23:55:24,675 fedbase.py run [line:316] INFO Eval Time Cost:               1.5628s
2026-09-24 23:55:24,684 asyncbase.py iterate [line:68] INFO Select clients [np.int64(10), np.int64(11), np.int64(17)] at time 60.
2026-09-24 23:55:25,691 asyncbase.py iterate [line:73] INFO Receive new models from clients [11] at time 60
2026-09-24 23:55:25,715 fedbase.py run [line:311] INFO --------------Round 56--------------
2026-09-24 23:55:25,715 simple_logger.py log_once [line:14] INFO Current_time:60
2026-09-24 23:55:27,312 simple_logger.py log_once [line:28] INFO test_accuracy                 0.0987
2026-09-24 23:55:27,312 simple_logger.py log_once [line:28] INFO test_loss                     3.2890
2026-09-24 23:55:27,312 simple_logger.py log_once [line:28] INFO val_accuracy                  0.0995
2026-09-24 23:55:27,312 simple_logger.py log_once [line:28] INFO mean_val_accuracy             0.1005
2026-09-24 23:55:27,312 simple_logger.py log_once [line:28] INFO std_val_accuracy              0.2625
2026-09-24 23:55:27,312 simple_logger.py log_once [line:28] INFO val_loss                      3.2897
2026-09-24 23:55:27,312 simple_logger.py log_once [line:28] INFO mean_val_loss                 3.2855
2026-09-24 23:55:27,312 simple_logger.py log_once [line:28] INFO std_val_loss                  1.0673
2026-09-24 23:55:27,312 fedbase.py run [line:316] INFO Eval Time Cost:               1.5968s
2026-09-24 23:55:27,322 asyncbase.py iterate [line:73] INFO Receive new models from clients [9, 10, 19] at time 61
2026-09-24 23:55:27,381 fedbase.py run [line:311] INFO --------------Round 57--------------
2026-09-24 23:55:27,381 simple_logger.py log_once [line:14] INFO Current_time:61
2026-09-24 23:55:28,870 simple_logger.py log_once [line:28] INFO test_accuracy                 0.0980
2026-09-24 23:55:28,870 simple_logger.py log_once [line:28] INFO test_loss                     2.8048
2026-09-24 23:55:28,870 simple_logger.py log_once [line:28] INFO val_accuracy                  0.0990
2026-09-24 23:55:28,870 simple_logger.py log_once [line:28] INFO mean_val_accuracy             0.1000
2026-09-24 23:55:28,870 simple_logger.py log_once [line:28] INFO std_val_accuracy              0.2627
2026-09-24 23:55:28,870 simple_logger.py log_once [line:28] INFO val_loss                      2.8034
2026-09-24 23:55:28,870 simple_logger.py log_once [line:28] INFO mean_val_loss                 2.7994
2026-09-24 23:55:28,870 simple_logger.py log_once [line:28] INFO std_val_loss                  0.8771
2026-09-24 23:55:28,870 fedbase.py run [line:316] INFO Eval Time Cost:               1.4894s
2026-09-24 23:55:28,881 asyncbase.py iterate [line:68] INFO Select clients [np.int64(8), np.int64(0), np.int64(15), np.int64(11)] at time 62.
2026-09-24 23:55:30,134 asyncbase.py iterate [line:73] INFO Receive new models from clients [6, 15] at time 62
2026-09-24 23:55:30,186 fedbase.py run [line:311] INFO --------------Round 58--------------
2026-09-24 23:55:30,187 simple_logger.py log_once [line:14] INFO Current_time:62
2026-09-24 23:55:31,680 simple_logger.py log_once [line:28] INFO test_accuracy                 0.0959
2026-09-24 23:55:31,680 simple_logger.py log_once [line:28] INFO test_loss                     2.5501
2026-09-24 23:55:31,680 simple_logger.py log_once [line:28] INFO val_accuracy                  0.0981
2026-09-24 23:55:31,680 simple_logger.py log_once [line:28] INFO mean_val_accuracy             0.0983
2026-09-24 23:55:31,680 simple_logger.py log_once [line:28] INFO std_val_accuracy              0.2826
2026-09-24 23:55:31,680 simple_logger.py log_once [line:28] INFO val_loss                      2.5471
2026-09-24 23:55:31,680 simple_logger.py log_once [line:28] INFO mean_val_loss                 2.5456
2026-09-24 23:55:31,680 simple_logger.py log_once [line:28] INFO std_val_loss                  0.7022
2026-09-24 23:55:31,680 fedbase.py run [line:316] INFO Eval Time Cost:               1.4937s
2026-09-24 23:55:31,689 asyncbase.py iterate [line:68] INFO Select clients [np.int64(2), np.int64(4)] at time 63.
2026-09-24 23:55:32,318 asyncbase.py iterate [line:73] INFO Receive new models from clients [0, 17] at time 63
2026-09-24 23:55:32,366 fedbase.py run [line:311] INFO --------------Round 59--------------
2026-09-24 23:55:32,366 simple_logger.py log_once [line:14] INFO Current_time:63
2026-09-24 23:55:33,854 simple_logger.py log_once [line:28] INFO test_accuracy                 0.1034
2026-09-24 23:55:33,854 simple_logger.py log_once [line:28] INFO test_loss                     2.6573
2026-09-24 23:55:33,854 simple_logger.py log_once [line:28] INFO val_accuracy                  0.0981
2026-09-24 23:55:33,854 simple_logger.py log_once [line:28] INFO mean_val_accuracy             0.0992
2026-09-24 23:55:33,854 simple_logger.py log_once [line:28] INFO std_val_accuracy              0.2866
2026-09-24 23:55:33,854 simple_logger.py log_once [line:28] INFO val_loss                      2.6606
2026-09-24 23:55:33,854 simple_logger.py log_once [line:28] INFO mean_val_loss                 2.6592
2026-09-24 23:55:33,854 simple_logger.py log_once [line:28] INFO std_val_loss                  0.8002
2026-09-24 23:55:33,855 fedbase.py run [line:316] INFO Eval Time Cost:               1.4882s
2026-09-24 23:55:33,864 asyncbase.py iterate [line:68] INFO Select clients [np.int64(0), np.int64(1)] at time 64.
2026-09-24 23:55:34,511 asyncbase.py iterate [line:73] INFO Receive new models from clients [8, 0] at time 64
2026-09-24 23:55:34,564 fedbase.py run [line:311] INFO --------------Round 60--------------
2026-09-24 23:55:34,564 simple_logger.py log_once [line:14] INFO Current_time:64
2026-09-24 23:55:36,111 simple_logger.py log_once [line:28] INFO test_accuracy                 0.1033
2026-09-24 23:55:36,111 simple_logger.py log_once [line:28] INFO test_loss                     2.8375
2026-09-24 23:55:36,111 simple_logger.py log_once [line:28] INFO val_accuracy                  0.0983
2026-09-24 23:55:36,111 simple_logger.py log_once [line:28] INFO mean_val_accuracy             0.0993
2026-09-24 23:55:36,111 simple_logger.py log_once [line:28] INFO std_val_accuracy              0.2871
2026-09-24 23:55:36,111 simple_logger.py log_once [line:28] INFO val_loss                      2.8453
2026-09-24 23:55:36,111 simple_logger.py log_once [line:28] INFO mean_val_loss                 2.8423
2026-09-24 23:55:36,111 simple_logger.py log_once [line:28] INFO std_val_loss                  0.9009
2026-09-24 23:55:36,111 fedbase.py run [line:316] INFO Eval Time Cost:               1.5472s
2026-09-24 23:55:36,121 asyncbase.py iterate [line:68] INFO Select clients [np.int64(3), np.int64(12)] at time 65.
2026-09-24 23:55:36,804 asyncbase.py iterate [line:73] INFO Receive new models from clients [11] at time 65
2026-09-24 23:55:36,830 fedbase.py run [line:311] INFO --------------Round 61--------------
2026-09-24 23:55:36,830 simple_logger.py log_once [line:14] INFO Current_time:65
2026-09-24 23:55:38,315 simple_logger.py log_once [line:28] INFO test_accuracy                 0.1033
2026-09-24 23:55:38,316 simple_logger.py log_once [line:28] INFO test_loss                     2.8763
2026-09-24 23:55:38,316 simple_logger.py log_once [line:28] INFO val_accuracy                  0.0983
2026-09-24 23:55:38,316 simple_logger.py log_once [line:28] INFO mean_val_accuracy             0.0993
2026-09-24 23:55:38,316 simple_logger.py log_once [line:28] INFO std_val_accuracy              0.2871
2026-09-24 23:55:38,316 simple_logger.py log_once [line:28] INFO val_loss                      2.8835
2026-09-24 23:55:38,316 simple_logger.py log_once [line:28] INFO mean_val_loss                 2.8796
2026-09-24 23:55:38,316 simple_logger.py log_once [line:28] INFO std_val_loss                  0.9787
2026-09-24 23:55:38,316 fedbase.py run [line:316] INFO Eval Time Cost:               1.4860s
2026-09-24 23:55:38,325 asyncbase.py iterate [line:68] INFO Select clients [np.int64(8)] at time 66.
2026-09-24 23:55:38,637 asyncbase.py iterate [line:73] INFO Receive new models from clients [2, 4, 12] at time 66
2026-09-24 23:55:38,696 fedbase.py run [line:311] INFO --------------Round 62--------------
2026-09-24 23:55:38,696 simple_logger.py log_once [line:14] INFO Current_time:66
2026-09-24 23:55:40,175 simple_logger.py log_once [line:28] INFO test_accuracy                 0.0982
2026-09-24 23:55:40,175 simple_logger.py log_once [line:28] INFO test_loss                     3.0584
2026-09-24 23:55:40,175 simple_logger.py log_once [line:28] INFO val_accuracy                  0.0993
2026-09-24 23:55:40,175 simple_logger.py log_once [line:28] INFO mean_val_accuracy             0.1004
2026-09-24 23:55:40,175 simple_logger.py log_once [line:28] INFO std_val_accuracy              0.2626
2026-09-24 23:55:40,175 simple_logger.py log_once [line:28] INFO val_loss                      3.0638
2026-09-24 23:55:40,175 simple_logger.py log_once [line:28] INFO mean_val_loss                 3.0585
2026-09-24 23:55:40,175 simple_logger.py log_once [line:28] INFO std_val_loss                  1.1246
2026-09-24 23:55:40,175 fedbase.py run [line:316] INFO Eval Time Cost:               1.4789s
2026-09-24 23:55:40,184 asyncbase.py iterate [line:68] INFO Select clients [np.int64(10), np.int64(14), np.int64(7)] at time 67.
2026-09-24 23:55:41,125 asyncbase.py iterate [line:73] INFO Receive new models from clients [8, 1] at time 67
2026-09-24 23:55:41,175 fedbase.py run [line:311] INFO --------------Round 63--------------
2026-09-24 23:55:41,175 simple_logger.py log_once [line:14] INFO Current_time:67
2026-09-24 23:55:42,812 simple_logger.py log_once [line:28] INFO test_accuracy                 0.0981
2026-09-24 23:55:42,812 simple_logger.py log_once [line:28] INFO test_loss                     3.4036
2026-09-24 23:55:42,813 simple_logger.py log_once [line:28] INFO val_accuracy                  0.0990
2026-09-24 23:55:42,813 simple_logger.py log_once [line:28] INFO mean_val_accuracy             0.1000
2026-09-24 23:55:42,813 simple_logger.py log_once [line:28] INFO std_val_accuracy              0.2627
2026-09-24 23:55:42,813 simple_logger.py log_once [line:28] INFO val_loss                      3.4026
2026-09-24 23:55:42,813 simple_logger.py log_once [line:28] INFO mean_val_loss                 3.3964
2026-09-24 23:55:42,813 simple_logger.py log_once [line:28] INFO std_val_loss                  1.1995
2026-09-24 23:55:42,813 fedbase.py run [line:316] INFO Eval Time Cost:               1.6373s
2026-09-24 23:55:42,823 asyncbase.py iterate [line:68] INFO Select clients [np.int64(6), np.int64(2)] at time 68.
2026-09-24 23:55:43,489 asyncbase.py iterate [line:73] INFO Receive new models from clients [3] at time 68
2026-09-24 23:55:43,515 fedbase.py run [line:311] INFO --------------Round 64--------------
2026-09-24 23:55:43,515 simple_logger.py log_once [line:14] INFO Current_time:68
2026-09-24 23:55:45,039 simple_logger.py log_once [line:28] INFO test_accuracy                 0.0981
2026-09-24 23:55:45,039 simple_logger.py log_once [line:28] INFO test_loss                     3.3646
2026-09-24 23:55:45,039 simple_logger.py log_once [line:28] INFO val_accuracy                  0.0990
2026-09-24 23:55:45,039 simple_logger.py log_once [line:28] INFO mean_val_accuracy             0.1000
2026-09-24 23:55:45,039 simple_logger.py log_once [line:28] INFO std_val_accuracy              0.2627
2026-09-24 23:55:45,039 simple_logger.py log_once [line:28] INFO val_loss                      3.3628
2026-09-24 23:55:45,039 simple_logger.py log_once [line:28] INFO mean_val_loss                 3.3596
2026-09-24 23:55:45,039 simple_logger.py log_once [line:28] INFO std_val_loss                  1.2563
2026-09-24 23:55:45,039 fedbase.py run [line:316] INFO Eval Time Cost:               1.5244s
2026-09-24 23:55:45,049 asyncbase.py iterate [line:68] INFO Select clients [np.int64(8)] at time 69.
2026-09-24 23:55:45,364 asyncbase.py iterate [line:73] INFO Receive new models from clients [7] at time 69
2026-09-24 23:55:45,392 fedbase.py run [line:311] INFO --------------Round 65--------------
2026-09-24 23:55:45,392 simple_logger.py log_once [line:14] INFO Current_time:69
2026-09-24 23:55:46,862 simple_logger.py log_once [line:28] INFO test_accuracy                 0.1034
2026-09-24 23:55:46,862 simple_logger.py log_once [line:28] INFO test_loss                     19.1542
2026-09-24 23:55:46,862 simple_logger.py log_once [line:28] INFO val_accuracy                  0.1032
2026-09-24 23:55:46,862 simple_logger.py log_once [line:28] INFO mean_val_accuracy             0.1037
2026-09-24 23:55:46,862 simple_logger.py log_once [line:28] INFO std_val_accuracy              0.2784
2026-09-24 23:55:46,862 simple_logger.py log_once [line:28] INFO val_loss                      19.2087
2026-09-24 23:55:46,862 simple_logger.py log_once [line:28] INFO mean_val_loss                 19.1901
2026-09-24 23:55:46,862 simple_logger.py log_once [line:28] INFO std_val_loss                  12.4361
2026-09-24 23:55:46,862 fedbase.py run [line:316] INFO Eval Time Cost:               1.4707s
2026-09-24 23:55:46,871 asyncbase.py iterate [line:68] INFO Select clients [np.int64(15)] at time 70.
2026-09-24 23:55:47,188 asyncbase.py iterate [line:73] INFO Receive new models from clients [10, 14] at time 70
2026-09-24 23:55:47,239 fedbase.py run [line:311] INFO --------------Round 66--------------
2026-09-24 23:55:47,239 simple_logger.py log_once [line:14] INFO Current_time:70
2026-09-24 23:55:48,722 simple_logger.py log_once [line:28] INFO test_accuracy                 0.1058
2026-09-24 23:55:48,722 simple_logger.py log_once [line:28] INFO test_loss                     19.1140
2026-09-24 23:55:48,722 simple_logger.py log_once [line:28] INFO val_accuracy                  0.1054
2026-09-24 23:55:48,722 simple_logger.py log_once [line:28] INFO mean_val_accuracy             0.1058
2026-09-24 23:55:48,722 simple_logger.py log_once [line:28] INFO std_val_accuracy              0.2780
2026-09-24 23:55:48,722 simple_logger.py log_once [line:28] INFO val_loss                      19.1617
2026-09-24 23:55:48,722 simple_logger.py log_once [line:28] INFO mean_val_loss                 19.1453
2026-09-24 23:55:48,722 simple_logger.py log_once [line:28] INFO std_val_loss                  11.9316
2026-09-24 23:55:48,722 fedbase.py run [line:316] INFO Eval Time Cost:               1.4827s
2026-09-24 23:55:48,731 asyncbase.py iterate [line:68] INFO Select clients [np.int64(3), np.int64(17)] at time 71.
2026-09-24 23:55:49,364 asyncbase.py iterate [line:73] INFO Receive new models from clients [15, 2, 6] at time 71
2026-09-24 23:55:49,423 fedbase.py run [line:311] INFO --------------Round 67--------------
2026-09-24 23:55:49,423 simple_logger.py log_once [line:14] INFO Current_time:71
2026-09-24 23:55:50,907 simple_logger.py log_once [line:28] INFO test_accuracy                 0.0923
2026-09-24 23:55:50,907 simple_logger.py log_once [line:28] INFO test_loss                     21.3522
2026-09-24 23:55:50,907 simple_logger.py log_once [line:28] INFO val_accuracy                  0.0925
2026-09-24 23:55:50,907 simple_logger.py log_once [line:28] INFO mean_val_accuracy             0.0916
2026-09-24 23:55:50,907 simple_logger.py log_once [line:28] INFO std_val_accuracy              0.2625
2026-09-24 23:55:50,907 simple_logger.py log_once [line:28] INFO val_loss                      21.3729
2026-09-24 23:55:50,907 simple_logger.py log_once [line:28] INFO mean_val_loss                 21.3599
2026-09-24 23:55:50,907 simple_logger.py log_once [line:28] INFO std_val_loss                  13.4720
2026-09-24 23:55:50,908 fedbase.py run [line:316] INFO Eval Time Cost:               1.4844s
2026-09-24 23:55:50,916 asyncbase.py iterate [line:68] INFO Select clients [np.int64(6), np.int64(10)] at time 72.
2026-09-24 23:55:51,563 asyncbase.py iterate [line:73] INFO Receive new models from clients [17, 8, 3] at time 72
2026-09-24 23:55:51,621 fedbase.py run [line:311] INFO --------------Round 68--------------
2026-09-24 23:55:51,621 simple_logger.py log_once [line:14] INFO Current_time:72
2026-09-24 23:55:53,104 simple_logger.py log_once [line:28] INFO test_accuracy                 0.1010
2026-09-24 23:55:53,104 simple_logger.py log_once [line:28] INFO test_loss                     3.1080
2026-09-24 23:55:53,104 simple_logger.py log_once [line:28] INFO val_accuracy                  0.0999
2026-09-24 23:55:53,104 simple_logger.py log_once [line:28] INFO mean_val_accuracy             0.0994
2026-09-24 23:55:53,104 simple_logger.py log_once [line:28] INFO std_val_accuracy              0.2889
2026-09-24 23:55:53,104 simple_logger.py log_once [line:28] INFO val_loss                      3.0983
2026-09-24 23:55:53,104 simple_logger.py log_once [line:28] INFO mean_val_loss                 3.0980
2026-09-24 23:55:53,104 simple_logger.py log_once [line:28] INFO std_val_loss                  1.1824
2026-09-24 23:55:53,104 fedbase.py run [line:316] INFO Eval Time Cost:               1.4835s
2026-09-24 23:55:53,113 asyncbase.py iterate [line:68] INFO Select clients [np.int64(19), np.int64(15), np.int64(3)] at time 73.
2026-09-24 23:55:54,064 asyncbase.py iterate [line:73] INFO Receive new models from clients [10, 19] at time 73
2026-09-24 23:55:54,115 fedbase.py run [line:311] INFO --------------Round 69--------------
2026-09-24 23:55:54,115 simple_logger.py log_once [line:14] INFO Current_time:73
2026-09-24 23:55:55,612 simple_logger.py log_once [line:28] INFO test_accuracy                 0.1010
2026-09-24 23:55:55,612 simple_logger.py log_once [line:28] INFO test_loss                     2.8667
2026-09-24 23:55:55,612 simple_logger.py log_once [line:28] INFO val_accuracy                  0.0999
2026-09-24 23:55:55,612 simple_logger.py log_once [line:28] INFO mean_val_accuracy             0.0994
2026-09-24 23:55:55,612 simple_logger.py log_once [line:28] INFO std_val_accuracy              0.2889
2026-09-24 23:55:55,612 simple_logger.py log_once [line:28] INFO val_loss                      2.8569
2026-09-24 23:55:55,612 simple_logger.py log_once [line:28] INFO mean_val_loss                 2.8560
2026-09-24 23:55:55,612 simple_logger.py log_once [line:28] INFO std_val_loss                  1.0242
2026-09-24 23:55:55,612 fedbase.py run [line:316] INFO Eval Time Cost:               1.4973s
2026-09-24 23:55:55,621 asyncbase.py iterate [line:68] INFO Select clients [np.int64(18), np.int64(10)] at time 74.
2026-09-24 23:55:56,288 asyncbase.py iterate [line:73] INFO Receive new models from clients [15, 6, 18] at time 74
2026-09-24 23:55:56,348 fedbase.py run [line:311] INFO --------------Round 70--------------
2026-09-24 23:55:56,348 simple_logger.py log_once [line:14] INFO Current_time:74
2026-09-24 23:55:57,822 simple_logger.py log_once [line:28] INFO test_accuracy                 0.0960
2026-09-24 23:55:57,822 simple_logger.py log_once [line:28] INFO test_loss                     2.4802
2026-09-24 23:55:57,822 simple_logger.py log_once [line:28] INFO val_accuracy                  0.0982
2026-09-24 23:55:57,823 simple_logger.py log_once [line:28] INFO mean_val_accuracy             0.0985
2026-09-24 23:55:57,823 simple_logger.py log_once [line:28] INFO std_val_accuracy              0.2826
2026-09-24 23:55:57,823 simple_logger.py log_once [line:28] INFO val_loss                      2.4719
2026-09-24 23:55:57,823 simple_logger.py log_once [line:28] INFO mean_val_loss                 2.4727
2026-09-24 23:55:57,823 simple_logger.py log_once [line:28] INFO std_val_loss                  0.5987
2026-09-24 23:55:57,823 fedbase.py run [line:316] INFO Eval Time Cost:               1.4742s
2026-09-24 23:55:57,832 asyncbase.py iterate [line:68] INFO Select clients [np.int64(13), np.int64(19), np.int64(4), np.int64(2)] at time 75.
2026-09-24 23:55:59,078 asyncbase.py iterate [line:73] INFO Receive new models from clients [3] at time 75
2026-09-24 23:55:59,103 fedbase.py run [line:311] INFO --------------Round 71--------------
2026-09-24 23:55:59,103 simple_logger.py log_once [line:14] INFO Current_time:75
2026-09-24 23:56:00,597 simple_logger.py log_once [line:28] INFO test_accuracy                 0.1010
2026-09-24 23:56:00,597 simple_logger.py log_once [line:28] INFO test_loss                     2.8281
2026-09-24 23:56:00,597 simple_logger.py log_once [line:28] INFO val_accuracy                  0.0999
2026-09-24 23:56:00,597 simple_logger.py log_once [line:28] INFO mean_val_accuracy             0.0994
2026-09-24 23:56:00,597 simple_logger.py log_once [line:28] INFO std_val_accuracy              0.2889
2026-09-24 23:56:00,597 simple_logger.py log_once [line:28] INFO val_loss                      2.8231
2026-09-24 23:56:00,597 simple_logger.py log_once [line:28] INFO mean_val_loss                 2.8251
2026-09-24 23:56:00,597 simple_logger.py log_once [line:28] INFO std_val_loss                  0.8495
2026-09-24 23:56:00,597 fedbase.py run [line:316] INFO Eval Time Cost:               1.4943s
2026-09-24 23:56:00,607 asyncbase.py iterate [line:73] INFO Receive new models from clients [10] at time 76
2026-09-24 23:56:00,634 fedbase.py run [line:311] INFO --------------Round 72--------------
2026-09-24 23:56:00,634 simple_logger.py log_once [line:14] INFO Current_time:76
2026-09-24 23:56:02,123 simple_logger.py log_once [line:28] INFO test_accuracy                 0.0893
2026-09-24 23:56:02,123 simple_logger.py log_once [line:28] INFO test_loss                     2.7848
2026-09-24 23:56:02,123 simple_logger.py log_once [line:28] INFO val_accuracy                  0.0905
2026-09-24 23:56:02,123 simple_logger.py log_once [line:28] INFO mean_val_accuracy             0.0903
2026-09-24 23:56:02,123 simple_logger.py log_once [line:28] INFO std_val_accuracy              0.2531
2026-09-24 23:56:02,123 simple_logger.py log_once [line:28] INFO val_loss                      2.7769
2026-09-24 23:56:02,123 simple_logger.py log_once [line:28] INFO mean_val_loss                 2.7795
2026-09-24 23:56:02,123 simple_logger.py log_once [line:28] INFO std_val_loss                  0.8474
2026-09-24 23:56:02,123 fedbase.py run [line:316] INFO Eval Time Cost:               1.4894s
2026-09-24 23:56:02,140 asyncbase.py iterate [line:68] INFO Select clients [np.int64(18)] at time 78.
2026-09-24 23:56:02,454 asyncbase.py iterate [line:73] INFO Receive new models from clients [19, 2, 13, 4] at time 78
2026-09-24 23:56:02,523 fedbase.py run [line:311] INFO --------------Round 73--------------
2026-09-24 23:56:02,523 simple_logger.py log_once [line:14] INFO Current_time:78
2026-09-24 23:56:04,000 simple_logger.py log_once [line:28] INFO test_accuracy                 0.0893
2026-09-24 23:56:04,000 simple_logger.py log_once [line:28] INFO test_loss                     2.8715
2026-09-24 23:56:04,000 simple_logger.py log_once [line:28] INFO val_accuracy                  0.0907
2026-09-24 23:56:04,000 simple_logger.py log_once [line:28] INFO mean_val_accuracy             0.0904
2026-09-24 23:56:04,000 simple_logger.py log_once [line:28] INFO std_val_accuracy              0.2536
2026-09-24 23:56:04,000 simple_logger.py log_once [line:28] INFO val_loss                      2.8632
2026-09-24 23:56:04,001 simple_logger.py log_once [line:28] INFO mean_val_loss                 2.8659
2026-09-24 23:56:04,001 simple_logger.py log_once [line:28] INFO std_val_loss                  0.8939
2026-09-24 23:56:04,001 fedbase.py run [line:316] INFO Eval Time Cost:               1.4774s
2026-09-24 23:56:04,011 asyncbase.py iterate [line:68] INFO Select clients [np.int64(7), np.int64(2), np.int64(13), np.int64(6), np.int64(4)] at time 79.
2026-09-24 23:56:05,564 asyncbase.py iterate [line:73] INFO Receive new models from clients [6] at time 79
2026-09-24 23:56:05,590 fedbase.py run [line:311] INFO --------------Round 74--------------
2026-09-24 23:56:05,590 simple_logger.py log_once [line:14] INFO Current_time:79
2026-09-24 23:56:07,162 simple_logger.py log_once [line:28] INFO test_accuracy                 0.0959
2026-09-24 23:56:07,162 simple_logger.py log_once [line:28] INFO test_loss                     3.2730
2026-09-24 23:56:07,162 simple_logger.py log_once [line:28] INFO val_accuracy                  0.0981
2026-09-24 23:56:07,162 simple_logger.py log_once [line:28] INFO mean_val_accuracy             0.0983
2026-09-24 23:56:07,162 simple_logger.py log_once [line:28] INFO std_val_accuracy              0.2826
2026-09-24 23:56:07,162 simple_logger.py log_once [line:28] INFO val_loss                      3.2601
2026-09-24 23:56:07,162 simple_logger.py log_once [line:28] INFO mean_val_loss                 3.2616
2026-09-24 23:56:07,162 simple_logger.py log_once [line:28] INFO std_val_loss                  1.1149
2026-09-24 23:56:07,163 fedbase.py run [line:316] INFO Eval Time Cost:               1.5725s
2026-09-24 23:56:07,172 asyncbase.py iterate [line:68] INFO Select clients [np.int64(12)] at time 80.
2026-09-24 23:56:07,485 asyncbase.py iterate [line:73] INFO Receive new models from clients [7, 12, 2] at time 80
2026-09-24 23:56:07,544 fedbase.py run [line:311] INFO --------------Round 75--------------
2026-09-24 23:56:07,544 simple_logger.py log_once [line:14] INFO Current_time:80
2026-09-24 23:56:09,033 simple_logger.py log_once [line:28] INFO test_accuracy                 0.0964
2026-09-24 23:56:09,033 simple_logger.py log_once [line:28] INFO test_loss                     3.1076
2026-09-24 23:56:09,033 simple_logger.py log_once [line:28] INFO val_accuracy                  0.0986
2026-09-24 23:56:09,033 simple_logger.py log_once [line:28] INFO mean_val_accuracy             0.0988
2026-09-24 23:56:09,033 simple_logger.py log_once [line:28] INFO std_val_accuracy              0.2825
2026-09-24 23:56:09,033 simple_logger.py log_once [line:28] INFO val_loss                      3.0968
2026-09-24 23:56:09,033 simple_logger.py log_once [line:28] INFO mean_val_loss                 3.0977
2026-09-24 23:56:09,033 simple_logger.py log_once [line:28] INFO std_val_loss                  1.0247
2026-09-24 23:56:09,033 fedbase.py run [line:316] INFO Eval Time Cost:               1.4888s
2026-09-24 23:56:09,044 asyncbase.py iterate [line:68] INFO Select clients [np.int64(3), np.int64(8)] at time 81.
2026-09-24 23:56:09,673 asyncbase.py iterate [line:73] INFO Receive new models from clients [13, 18] at time 81
2026-09-24 23:56:09,724 fedbase.py run [line:311] INFO --------------Round 76--------------
2026-09-24 23:56:09,724 simple_logger.py log_once [line:14] INFO Current_time:81
2026-09-24 23:56:11,206 simple_logger.py log_once [line:28] INFO test_accuracy                 0.1007
2026-09-24 23:56:11,206 simple_logger.py log_once [line:28] INFO test_loss                     2.8732
2026-09-24 23:56:11,206 simple_logger.py log_once [line:28] INFO val_accuracy                  0.1037
2026-09-24 23:56:11,206 simple_logger.py log_once [line:28] INFO mean_val_accuracy             0.1040
2026-09-24 23:56:11,206 simple_logger.py log_once [line:28] INFO std_val_accuracy              0.2810
2026-09-24 23:56:11,206 simple_logger.py log_once [line:28] INFO val_loss                      2.8656
2026-09-24 23:56:11,206 simple_logger.py log_once [line:28] INFO mean_val_loss                 2.8676
2026-09-24 23:56:11,206 simple_logger.py log_once [line:28] INFO std_val_loss                  0.9224
2026-09-24 23:56:11,206 fedbase.py run [line:316] INFO Eval Time Cost:               1.4822s
2026-09-24 23:56:11,216 asyncbase.py iterate [line:68] INFO Select clients [np.int64(6), np.int64(13), np.int64(18)] at time 82.
2026-09-24 23:56:12,153 asyncbase.py iterate [line:73] INFO Receive new models from clients [4, 18] at time 82
2026-09-24 23:56:12,204 fedbase.py run [line:311] INFO --------------Round 77--------------
2026-09-24 23:56:12,204 simple_logger.py log_once [line:14] INFO Current_time:82
2026-09-24 23:56:13,762 simple_logger.py log_once [line:28] INFO test_accuracy                 0.1136
2026-09-24 23:56:13,763 simple_logger.py log_once [line:28] INFO test_loss                     2.8985
2026-09-24 23:56:13,763 simple_logger.py log_once [line:28] INFO val_accuracy                  0.1119
2026-09-24 23:56:13,763 simple_logger.py log_once [line:28] INFO mean_val_accuracy             0.1111
2026-09-24 23:56:13,763 simple_logger.py log_once [line:28] INFO std_val_accuracy              0.2974
2026-09-24 23:56:13,763 simple_logger.py log_once [line:28] INFO val_loss                      2.8924
2026-09-24 23:56:13,763 simple_logger.py log_once [line:28] INFO mean_val_loss                 2.8959
2026-09-24 23:56:13,763 simple_logger.py log_once [line:28] INFO std_val_loss                  0.9881
2026-09-24 23:56:13,763 fedbase.py run [line:316] INFO Eval Time Cost:               1.5585s
2026-09-24 23:56:13,772 asyncbase.py iterate [line:68] INFO Select clients [np.int64(14), np.int64(5)] at time 83.
2026-09-24 23:56:14,499 asyncbase.py iterate [line:73] INFO Receive new models from clients [8, 5, 3] at time 83
2026-09-24 23:56:14,561 fedbase.py run [line:311] INFO --------------Round 78--------------
2026-09-24 23:56:14,561 simple_logger.py log_once [line:14] INFO Current_time:83
2026-09-24 23:56:16,080 simple_logger.py log_once [line:28] INFO test_accuracy                 0.1136
2026-09-24 23:56:16,080 simple_logger.py log_once [line:28] INFO test_loss                     2.8143
2026-09-24 23:56:16,080 simple_logger.py log_once [line:28] INFO val_accuracy                  0.1119
2026-09-24 23:56:16,080 simple_logger.py log_once [line:28] INFO mean_val_accuracy             0.1111
2026-09-24 23:56:16,080 simple_logger.py log_once [line:28] INFO std_val_accuracy              0.2974
2026-09-24 23:56:16,080 simple_logger.py log_once [line:28] INFO val_loss                      2.8103
2026-09-24 23:56:16,081 simple_logger.py log_once [line:28] INFO mean_val_loss                 2.8130
2026-09-24 23:56:16,081 simple_logger.py log_once [line:28] INFO std_val_loss                  0.9426
2026-09-24 23:56:16,081 fedbase.py run [line:316] INFO Eval Time Cost:               1.5193s
2026-09-24 23:56:16,091 asyncbase.py iterate [line:68] INFO Select clients [np.int64(1), np.int64(5)] at time 84.
2026-09-24 23:56:16,715 asyncbase.py iterate [line:73] INFO Receive new models from clients [6, 13, 14] at time 84
2026-09-24 23:56:16,776 fedbase.py run [line:311] INFO --------------Round 79--------------
2026-09-24 23:56:16,776 simple_logger.py log_once [line:14] INFO Current_time:84
2026-09-24 23:56:18,253 simple_logger.py log_once [line:28] INFO test_accuracy                 0.1353
2026-09-24 23:56:18,253 simple_logger.py log_once [line:28] INFO test_loss                     2.5794
2026-09-24 23:56:18,253 simple_logger.py log_once [line:28] INFO val_accuracy                  0.1321
2026-09-24 23:56:18,254 simple_logger.py log_once [line:28] INFO mean_val_accuracy             0.1312
2026-09-24 23:56:18,254 simple_logger.py log_once [line:28] INFO std_val_accuracy              0.2937
2026-09-24 23:56:18,254 simple_logger.py log_once [line:28] INFO val_loss                      2.5746
2026-09-24 23:56:18,254 simple_logger.py log_once [line:28] INFO mean_val_loss                 2.5768
2026-09-24 23:56:18,254 simple_logger.py log_once [line:28] INFO std_val_loss                  0.8320
2026-09-24 23:56:18,254 fedbase.py run [line:316] INFO Eval Time Cost:               1.4778s
2026-09-24 23:56:18,264 asyncbase.py iterate [line:68] INFO Select clients [np.int64(9), np.int64(8), np.int64(2), np.int64(16)] at time 85.
2026-09-24 23:56:19,525 asyncbase.py iterate [line:73] INFO Receive new models from clients [5, 9] at time 85
2026-09-24 23:56:19,578 fedbase.py run [line:311] INFO --------------Round 80--------------
2026-09-24 23:56:19,578 simple_logger.py log_once [line:14] INFO Current_time:85
2026-09-24 23:56:21,070 simple_logger.py log_once [line:28] INFO test_accuracy                 0.1151
2026-09-24 23:56:21,070 simple_logger.py log_once [line:28] INFO test_loss                     2.5586
2026-09-24 23:56:21,070 simple_logger.py log_once [line:28] INFO val_accuracy                  0.1149
2026-09-24 23:56:21,070 simple_logger.py log_once [line:28] INFO mean_val_accuracy             0.1141
2026-09-24 23:56:21,070 simple_logger.py log_once [line:28] INFO std_val_accuracy              0.2965
2026-09-24 23:56:21,070 simple_logger.py log_once [line:28] INFO val_loss                      2.5632
2026-09-24 23:56:21,070 simple_logger.py log_once [line:28] INFO mean_val_loss                 2.5638
2026-09-24 23:56:21,070 simple_logger.py log_once [line:28] INFO std_val_loss                  0.6987
2026-09-24 23:56:21,070 fedbase.py run [line:316] INFO Eval Time Cost:               1.4926s
2026-09-24 23:56:21,079 asyncbase.py iterate [line:68] INFO Select clients [np.int64(10), np.int64(13)] at time 86.
2026-09-24 23:56:21,720 asyncbase.py iterate [line:73] INFO Receive new models from clients [1] at time 86
2026-09-24 23:56:21,747 fedbase.py run [line:311] INFO --------------Round 81--------------
2026-09-24 23:56:21,747 simple_logger.py log_once [line:14] INFO Current_time:86
2026-09-24 23:56:23,339 simple_logger.py log_once [line:28] INFO test_accuracy                 0.0973
2026-09-24 23:56:23,340 simple_logger.py log_once [line:28] INFO test_loss                     2.6160
2026-09-24 23:56:23,340 simple_logger.py log_once [line:28] INFO val_accuracy                  0.1006
2026-09-24 23:56:23,340 simple_logger.py log_once [line:28] INFO mean_val_accuracy             0.1008
2026-09-24 23:56:23,340 simple_logger.py log_once [line:28] INFO std_val_accuracy              0.2819
2026-09-24 23:56:23,340 simple_logger.py log_once [line:28] INFO val_loss                      2.6130
2026-09-24 23:56:23,340 simple_logger.py log_once [line:28] INFO mean_val_loss                 2.6121
2026-09-24 23:56:23,340 simple_logger.py log_once [line:28] INFO std_val_loss                  0.6601
2026-09-24 23:56:23,340 fedbase.py run [line:316] INFO Eval Time Cost:               1.5933s
2026-09-24 23:56:23,348 asyncbase.py iterate [line:68] INFO Select clients [np.int64(12)] at time 87.
2026-09-24 23:56:23,664 asyncbase.py iterate [line:73] INFO Receive new models from clients [10, 13] at time 87
2026-09-24 23:56:23,714 fedbase.py run [line:311] INFO --------------Round 82--------------
2026-09-24 23:56:23,714 simple_logger.py log_once [line:14] INFO Current_time:87
2026-09-24 23:56:25,203 simple_logger.py log_once [line:28] INFO test_accuracy                 0.1081
2026-09-24 23:56:25,203 simple_logger.py log_once [line:28] INFO test_loss                     4.4116
2026-09-24 23:56:25,203 simple_logger.py log_once [line:28] INFO val_accuracy                  0.1078
2026-09-24 23:56:25,203 simple_logger.py log_once [line:28] INFO mean_val_accuracy             0.1075
2026-09-24 23:56:25,203 simple_logger.py log_once [line:28] INFO std_val_accuracy              0.2503
2026-09-24 23:56:25,203 simple_logger.py log_once [line:28] INFO val_loss                      4.3529
2026-09-24 23:56:25,203 simple_logger.py log_once [line:28] INFO mean_val_loss                 4.3544
2026-09-24 23:56:25,203 simple_logger.py log_once [line:28] INFO std_val_loss                  1.5666
2026-09-24 23:56:25,204 fedbase.py run [line:316] INFO Eval Time Cost:               1.4899s
2026-09-24 23:56:25,213 asyncbase.py iterate [line:68] INFO Select clients [np.int64(15), np.int64(17)] at time 88.
2026-09-24 23:56:25,838 asyncbase.py iterate [line:73] INFO Receive new models from clients [8, 16, 15, 2] at time 88
2026-09-24 23:56:25,905 fedbase.py run [line:311] INFO --------------Round 83--------------
2026-09-24 23:56:25,905 simple_logger.py log_once [line:14] INFO Current_time:88
2026-09-24 23:56:27,382 simple_logger.py log_once [line:28] INFO test_accuracy                 0.0959
2026-09-24 23:56:27,382 simple_logger.py log_once [line:28] INFO test_loss                     2.5785
2026-09-24 23:56:27,382 simple_logger.py log_once [line:28] INFO val_accuracy                  0.0981
2026-09-24 23:56:27,382 simple_logger.py log_once [line:28] INFO mean_val_accuracy             0.0983
2026-09-24 23:56:27,382 simple_logger.py log_once [line:28] INFO std_val_accuracy              0.2826
2026-09-24 23:56:27,382 simple_logger.py log_once [line:28] INFO val_loss                      2.5747
2026-09-24 23:56:27,382 simple_logger.py log_once [line:28] INFO mean_val_loss                 2.5747
2026-09-24 23:56:27,382 simple_logger.py log_once [line:28] INFO std_val_loss                  0.6329
2026-09-24 23:56:27,382 fedbase.py run [line:316] INFO Eval Time Cost:               1.4772s
2026-09-24 23:56:27,390 asyncbase.py iterate [line:68] INFO Select clients [np.int64(7), np.int64(14), np.int64(13)] at time 89.
2026-09-24 23:56:28,318 asyncbase.py iterate [line:73] INFO Receive new models from clients [14, 13] at time 89
2026-09-24 23:56:28,366 fedbase.py run [line:311] INFO --------------Round 84--------------
2026-09-24 23:56:28,366 simple_logger.py log_once [line:14] INFO Current_time:89
2026-09-24 23:56:29,855 simple_logger.py log_once [line:28] INFO test_accuracy                 0.0953
2026-09-24 23:56:29,855 simple_logger.py log_once [line:28] INFO test_loss                     2.6492
2026-09-24 23:56:29,855 simple_logger.py log_once [line:28] INFO val_accuracy                  0.0977
2026-09-24 23:56:29,855 simple_logger.py log_once [line:28] INFO mean_val_accuracy             0.0980
2026-09-24 23:56:29,855 simple_logger.py log_once [line:28] INFO std_val_accuracy              0.2816
2026-09-24 23:56:29,855 simple_logger.py log_once [line:28] INFO val_loss                      2.6454
2026-09-24 23:56:29,855 simple_logger.py log_once [line:28] INFO mean_val_loss                 2.6460
2026-09-24 23:56:29,855 simple_logger.py log_once [line:28] INFO std_val_loss                  0.7645
2026-09-24 23:56:29,855 fedbase.py run [line:316] INFO Eval Time Cost:               1.4893s
2026-09-24 23:56:29,865 asyncbase.py iterate [line:68] INFO Select clients [np.int64(16), np.int64(8), np.int64(9)] at time 90.
2026-09-24 23:56:30,807 asyncbase.py iterate [line:73] INFO Receive new models from clients [12, 17, 16] at time 90
2026-09-24 23:56:30,864 fedbase.py run [line:311] INFO --------------Round 85--------------
2026-09-24 23:56:30,864 simple_logger.py log_once [line:14] INFO Current_time:90
2026-09-24 23:56:32,342 simple_logger.py log_once [line:28] INFO test_accuracy                 0.0909
2026-09-24 23:56:32,342 simple_logger.py log_once [line:28] INFO test_loss                     2.5969
2026-09-24 23:56:32,342 simple_logger.py log_once [line:28] INFO val_accuracy                  0.0933
2026-09-24 23:56:32,342 simple_logger.py log_once [line:28] INFO mean_val_accuracy             0.0931
2026-09-24 23:56:32,342 simple_logger.py log_once [line:28] INFO std_val_accuracy              0.2510
2026-09-24 23:56:32,342 simple_logger.py log_once [line:28] INFO val_loss                      2.5929
2026-09-24 23:56:32,342 simple_logger.py log_once [line:28] INFO mean_val_loss                 2.5939
2026-09-24 23:56:32,342 simple_logger.py log_once [line:28] INFO std_val_loss                  0.7488
2026-09-24 23:56:32,342 fedbase.py run [line:316] INFO Eval Time Cost:               1.4779s
2026-09-24 23:56:32,351 asyncbase.py iterate [line:68] INFO Select clients [np.int64(16), np.int64(18)] at time 91.
2026-09-24 23:56:32,979 asyncbase.py iterate [line:73] INFO Receive new models from clients [7, 9] at time 91
2026-09-24 23:56:33,029 fedbase.py run [line:311] INFO --------------Round 86--------------
2026-09-24 23:56:33,029 simple_logger.py log_once [line:14] INFO Current_time:91
2026-09-24 23:56:34,509 simple_logger.py log_once [line:28] INFO test_accuracy                 0.0980
2026-09-24 23:56:34,509 simple_logger.py log_once [line:28] INFO test_loss                     2.5203
2026-09-24 23:56:34,509 simple_logger.py log_once [line:28] INFO val_accuracy                  0.0977
2026-09-24 23:56:34,509 simple_logger.py log_once [line:28] INFO mean_val_accuracy             0.0974
2026-09-24 23:56:34,509 simple_logger.py log_once [line:28] INFO std_val_accuracy              0.2272
2026-09-24 23:56:34,509 simple_logger.py log_once [line:28] INFO val_loss                      2.5183
2026-09-24 23:56:34,509 simple_logger.py log_once [line:28] INFO mean_val_loss                 2.5192
2026-09-24 23:56:34,509 simple_logger.py log_once [line:28] INFO std_val_loss                  0.5140
2026-09-24 23:56:34,510 fedbase.py run [line:316] INFO Eval Time Cost:               1.4801s
2026-09-24 23:56:34,518 asyncbase.py iterate [line:68] INFO Select clients [np.int64(14), np.int64(9), np.int64(7)] at time 92.
2026-09-24 23:56:35,452 asyncbase.py iterate [line:73] INFO Receive new models from clients [18, 14] at time 92
2026-09-24 23:56:35,502 fedbase.py run [line:311] INFO --------------Round 87--------------
2026-09-24 23:56:35,502 simple_logger.py log_once [line:14] INFO Current_time:92
2026-09-24 23:56:36,990 simple_logger.py log_once [line:28] INFO test_accuracy                 0.1002
2026-09-24 23:56:36,990 simple_logger.py log_once [line:28] INFO test_loss                     6.3104
2026-09-24 23:56:36,990 simple_logger.py log_once [line:28] INFO val_accuracy                  0.1018
2026-09-24 23:56:36,990 simple_logger.py log_once [line:28] INFO mean_val_accuracy             0.1009
2026-09-24 23:56:36,990 simple_logger.py log_once [line:28] INFO std_val_accuracy              0.2767
2026-09-24 23:56:36,991 simple_logger.py log_once [line:28] INFO val_loss                      6.3422
2026-09-24 23:56:36,991 simple_logger.py log_once [line:28] INFO mean_val_loss                 6.3512
2026-09-24 23:56:36,991 simple_logger.py log_once [line:28] INFO std_val_loss                  2.9193
2026-09-24 23:56:36,991 fedbase.py run [line:316] INFO Eval Time Cost:               1.4885s
2026-09-24 23:56:37,001 asyncbase.py iterate [line:68] INFO Select clients [np.int64(12)] at time 93.
2026-09-24 23:56:37,316 asyncbase.py iterate [line:73] INFO Receive new models from clients [9, 8, 16] at time 93
2026-09-24 23:56:37,375 fedbase.py run [line:311] INFO --------------Round 88--------------
2026-09-24 23:56:37,375 simple_logger.py log_once [line:14] INFO Current_time:93
2026-09-24 23:56:38,865 simple_logger.py log_once [line:28] INFO test_accuracy                 0.0959
2026-09-24 23:56:38,865 simple_logger.py log_once [line:28] INFO test_loss                     7.3984
2026-09-24 23:56:38,865 simple_logger.py log_once [line:28] INFO val_accuracy                  0.0960
2026-09-24 23:56:38,865 simple_logger.py log_once [line:28] INFO mean_val_accuracy             0.0951
2026-09-24 23:56:38,865 simple_logger.py log_once [line:28] INFO std_val_accuracy              0.2759
2026-09-24 23:56:38,865 simple_logger.py log_once [line:28] INFO val_loss                      7.4530
2026-09-24 23:56:38,865 simple_logger.py log_once [line:28] INFO mean_val_loss                 7.4652
2026-09-24 23:56:38,865 simple_logger.py log_once [line:28] INFO std_val_loss                  4.2202
2026-09-24 23:56:38,865 fedbase.py run [line:316] INFO Eval Time Cost:               1.4900s
2026-09-24 23:56:38,875 asyncbase.py iterate [line:68] INFO Select clients [np.int64(1), np.int64(18), np.int64(4), np.int64(10)] at time 94.
2026-09-24 23:56:40,120 asyncbase.py iterate [line:73] INFO Receive new models from clients [7, 12] at time 94
2026-09-24 23:56:40,171 fedbase.py run [line:311] INFO --------------Round 89--------------
2026-09-24 23:56:40,171 simple_logger.py log_once [line:14] INFO Current_time:94
2026-09-24 23:56:41,660 simple_logger.py log_once [line:28] INFO test_accuracy                 0.0922
2026-09-24 23:56:41,660 simple_logger.py log_once [line:28] INFO test_loss                     2.5829
2026-09-24 23:56:41,660 simple_logger.py log_once [line:28] INFO val_accuracy                  0.0960
2026-09-24 23:56:41,660 simple_logger.py log_once [line:28] INFO mean_val_accuracy             0.0957
2026-09-24 23:56:41,660 simple_logger.py log_once [line:28] INFO std_val_accuracy              0.2464
2026-09-24 23:56:41,660 simple_logger.py log_once [line:28] INFO val_loss                      2.5784
2026-09-24 23:56:41,660 simple_logger.py log_once [line:28] INFO mean_val_loss                 2.5772
2026-09-24 23:56:41,660 simple_logger.py log_once [line:28] INFO std_val_loss                  0.6180
2026-09-24 23:56:41,660 fedbase.py run [line:316] INFO Eval Time Cost:               1.4898s
2026-09-24 23:56:41,669 asyncbase.py iterate [line:68] INFO Select clients [np.int64(0), np.int64(6)] at time 95.
2026-09-24 23:56:42,291 asyncbase.py iterate [line:73] INFO Receive new models from clients [0] at time 95
2026-09-24 23:56:42,316 fedbase.py run [line:311] INFO --------------Round 90--------------
2026-09-24 23:56:42,316 simple_logger.py log_once [line:14] INFO Current_time:95
2026-09-24 23:56:43,799 simple_logger.py log_once [line:28] INFO test_accuracy                 0.1061
2026-09-24 23:56:43,799 simple_logger.py log_once [line:28] INFO test_loss                     17.2856
2026-09-24 23:56:43,799 simple_logger.py log_once [line:28] INFO val_accuracy                  0.1001
2026-09-24 23:56:43,799 simple_logger.py log_once [line:28] INFO mean_val_accuracy             0.1012
2026-09-24 23:56:43,799 simple_logger.py log_once [line:28] INFO std_val_accuracy              0.2855
2026-09-24 23:56:43,799 simple_logger.py log_once [line:28] INFO val_loss                      17.1370
2026-09-24 23:56:43,799 simple_logger.py log_once [line:28] INFO mean_val_loss                 17.1348
2026-09-24 23:56:43,799 simple_logger.py log_once [line:28] INFO std_val_loss                  7.3030
2026-09-24 23:56:43,799 fedbase.py run [line:316] INFO Eval Time Cost:               1.4827s
2026-09-24 23:56:43,808 asyncbase.py iterate [line:68] INFO Select clients [np.int64(2)] at time 96.
2026-09-24 23:56:44,127 asyncbase.py iterate [line:73] INFO Receive new models from clients [6, 4, 10, 1, 18] at time 96
2026-09-24 23:56:44,203 fedbase.py run [line:311] INFO --------------Round 91--------------
2026-09-24 23:56:44,203 simple_logger.py log_once [line:14] INFO Current_time:96
2026-09-24 23:56:45,681 simple_logger.py log_once [line:28] INFO test_accuracy                 0.1152
2026-09-24 23:56:45,681 simple_logger.py log_once [line:28] INFO test_loss                     9.1075
2026-09-24 23:56:45,681 simple_logger.py log_once [line:28] INFO val_accuracy                  0.1063
2026-09-24 23:56:45,681 simple_logger.py log_once [line:28] INFO mean_val_accuracy             0.1073
2026-09-24 23:56:45,681 simple_logger.py log_once [line:28] INFO std_val_accuracy              0.2811
2026-09-24 23:56:45,681 simple_logger.py log_once [line:28] INFO val_loss                      8.9248
2026-09-24 23:56:45,681 simple_logger.py log_once [line:28] INFO mean_val_loss                 8.9282
2026-09-24 23:56:45,681 simple_logger.py log_once [line:28] INFO std_val_loss                  4.6162
2026-09-24 23:56:45,681 fedbase.py run [line:316] INFO Eval Time Cost:               1.4783s
2026-09-24 23:56:45,689 asyncbase.py iterate [line:68] INFO Select clients [np.int64(14), np.int64(7), np.int64(18), np.int64(11), np.int64(12)] at time 97.
2026-09-24 23:56:47,250 asyncbase.py iterate [line:73] INFO Receive new models from clients [18] at time 97
2026-09-24 23:56:47,277 fedbase.py run [line:311] INFO --------------Round 92--------------
2026-09-24 23:56:47,277 simple_logger.py log_once [line:14] INFO Current_time:97
2026-09-24 23:56:48,768 simple_logger.py log_once [line:28] INFO test_accuracy                 0.1136
2026-09-24 23:56:48,768 simple_logger.py log_once [line:28] INFO test_loss                     20.9212
2026-09-24 23:56:48,768 simple_logger.py log_once [line:28] INFO val_accuracy                  0.1119
2026-09-24 23:56:48,768 simple_logger.py log_once [line:28] INFO mean_val_accuracy             0.1111
2026-09-24 23:56:48,768 simple_logger.py log_once [line:28] INFO std_val_accuracy              0.2974
2026-09-24 23:56:48,768 simple_logger.py log_once [line:28] INFO val_loss                      21.0536
2026-09-24 23:56:48,768 simple_logger.py log_once [line:28] INFO mean_val_loss                 21.0588
2026-09-24 23:56:48,768 simple_logger.py log_once [line:28] INFO std_val_loss                  8.2931
2026-09-24 23:56:48,768 fedbase.py run [line:316] INFO Eval Time Cost:               1.4910s
2026-09-24 23:56:48,777 asyncbase.py iterate [line:68] INFO Select clients [np.int64(13)] at time 98.
2026-09-24 23:56:49,090 asyncbase.py iterate [line:73] INFO Receive new models from clients [7, 13, 12] at time 98
2026-09-24 23:56:49,151 fedbase.py run [line:311] INFO --------------Round 93--------------
2026-09-24 23:56:49,151 simple_logger.py log_once [line:14] INFO Current_time:98
2026-09-24 23:56:50,643 simple_logger.py log_once [line:28] INFO test_accuracy                 0.0898
2026-09-24 23:56:50,643 simple_logger.py log_once [line:28] INFO test_loss                     2.6125
2026-09-24 23:56:50,643 simple_logger.py log_once [line:28] INFO val_accuracy                  0.0912
2026-09-24 23:56:50,643 simple_logger.py log_once [line:28] INFO mean_val_accuracy             0.0909
2026-09-24 23:56:50,643 simple_logger.py log_once [line:28] INFO std_val_accuracy              0.2528
2026-09-24 23:56:50,643 simple_logger.py log_once [line:28] INFO val_loss                      2.5871
2026-09-24 23:56:50,643 simple_logger.py log_once [line:28] INFO mean_val_loss                 2.5864
2026-09-24 23:56:50,643 simple_logger.py log_once [line:28] INFO std_val_loss                  0.5879
2026-09-24 23:56:50,643 fedbase.py run [line:316] INFO Eval Time Cost:               1.4927s
2026-09-24 23:56:50,652 asyncbase.py iterate [line:68] INFO Select clients [np.int64(6), np.int64(9)] at time 99.
2026-09-24 23:56:51,271 asyncbase.py iterate [line:73] INFO Receive new models from clients [11, 2, 14, 6] at time 99
2026-09-24 23:56:51,339 fedbase.py run [line:311] INFO --------------Round 94--------------
2026-09-24 23:56:51,339 simple_logger.py log_once [line:14] INFO Current_time:99
2026-09-24 23:56:52,826 simple_logger.py log_once [line:28] INFO test_accuracy                 0.0982
2026-09-24 23:56:52,827 simple_logger.py log_once [line:28] INFO test_loss                     2.5030
2026-09-24 23:56:52,827 simple_logger.py log_once [line:28] INFO val_accuracy                  0.0993
2026-09-24 23:56:52,827 simple_logger.py log_once [line:28] INFO mean_val_accuracy             0.1004
2026-09-24 23:56:52,827 simple_logger.py log_once [line:28] INFO std_val_accuracy              0.2625
2026-09-24 23:56:52,827 simple_logger.py log_once [line:28] INFO val_loss                      2.4974
2026-09-24 23:56:52,827 simple_logger.py log_once [line:28] INFO mean_val_loss                 2.4964
2026-09-24 23:56:52,827 simple_logger.py log_once [line:28] INFO std_val_loss                  0.6055
2026-09-24 23:56:52,827 fedbase.py run [line:316] INFO Eval Time Cost:               1.4879s
2026-09-24 23:56:52,838 asyncbase.py iterate [line:68] INFO Select clients [np.int64(17), np.int64(19), np.int64(3), np.int64(6), np.int64(2)] at time 100.
2026-09-24 23:56:54,427 asyncbase.py iterate [line:73] INFO Receive new models from clients [6] at time 100
2026-09-24 23:56:54,451 fedbase.py run [line:311] INFO --------------Round 95--------------
2026-09-24 23:56:54,451 simple_logger.py log_once [line:14] INFO Current_time:100
2026-09-24 23:56:55,943 simple_logger.py log_once [line:28] INFO test_accuracy                 0.0959
2026-09-24 23:56:55,943 simple_logger.py log_once [line:28] INFO test_loss                     3.1068
2026-09-24 23:56:55,943 simple_logger.py log_once [line:28] INFO val_accuracy                  0.0981
2026-09-24 23:56:55,943 simple_logger.py log_once [line:28] INFO mean_val_accuracy             0.0983
2026-09-24 23:56:55,943 simple_logger.py log_once [line:28] INFO std_val_accuracy              0.2826
2026-09-24 23:56:55,944 simple_logger.py log_once [line:28] INFO val_loss                      3.0966
2026-09-24 23:56:55,944 simple_logger.py log_once [line:28] INFO mean_val_loss                 3.0953
2026-09-24 23:56:55,944 simple_logger.py log_once [line:28] INFO std_val_loss                  0.9318
2026-09-24 23:56:55,944 fedbase.py run [line:316] INFO Eval Time Cost:               1.4929s
2026-09-24 23:56:55,954 asyncbase.py iterate [line:73] INFO Receive new models from clients [2] at time 101
2026-09-24 23:56:55,981 fedbase.py run [line:311] INFO --------------Round 96--------------
2026-09-24 23:56:55,981 simple_logger.py log_once [line:14] INFO Current_time:101
2026-09-24 23:56:57,468 simple_logger.py log_once [line:28] INFO test_accuracy                 0.0959
2026-09-24 23:56:57,468 simple_logger.py log_once [line:28] INFO test_loss                     3.7393
2026-09-24 23:56:57,468 simple_logger.py log_once [line:28] INFO val_accuracy                  0.0977
2026-09-24 23:56:57,468 simple_logger.py log_once [line:28] INFO mean_val_accuracy             0.0980
2026-09-24 23:56:57,468 simple_logger.py log_once [line:28] INFO std_val_accuracy              0.2811
2026-09-24 23:56:57,468 simple_logger.py log_once [line:28] INFO val_loss                      3.6481
2026-09-24 23:56:57,468 simple_logger.py log_once [line:28] INFO mean_val_loss                 3.6424
2026-09-24 23:56:57,468 simple_logger.py log_once [line:28] INFO std_val_loss                  1.6505
2026-09-24 23:56:57,468 fedbase.py run [line:316] INFO Eval Time Cost:               1.4869s
2026-09-24 23:56:57,478 asyncbase.py iterate [line:68] INFO Select clients [np.int64(10), np.int64(0)] at time 102.
2026-09-24 23:56:58,098 asyncbase.py iterate [line:73] INFO Receive new models from clients [9, 19] at time 102
2026-09-24 23:56:58,148 fedbase.py run [line:311] INFO --------------Round 97--------------
2026-09-24 23:56:58,148 simple_logger.py log_once [line:14] INFO Current_time:102
2026-09-24 23:56:59,642 simple_logger.py log_once [line:28] INFO test_accuracy                 0.0952
2026-09-24 23:56:59,643 simple_logger.py log_once [line:28] INFO test_loss                     3.2092
2026-09-24 23:56:59,643 simple_logger.py log_once [line:28] INFO val_accuracy                  0.0976
2026-09-24 23:56:59,643 simple_logger.py log_once [line:28] INFO mean_val_accuracy             0.0978
2026-09-24 23:56:59,643 simple_logger.py log_once [line:28] INFO std_val_accuracy              0.2805
2026-09-24 23:56:59,643 simple_logger.py log_once [line:28] INFO val_loss                      3.1571
2026-09-24 23:56:59,643 simple_logger.py log_once [line:28] INFO mean_val_loss                 3.1514
2026-09-24 23:56:59,643 simple_logger.py log_once [line:28] INFO std_val_loss                  1.1622
2026-09-24 23:56:59,643 fedbase.py run [line:316] INFO Eval Time Cost:               1.4947s
2026-09-24 23:56:59,652 asyncbase.py iterate [line:68] INFO Select clients [np.int64(19), np.int64(13)] at time 103.
2026-09-24 23:57:00,280 asyncbase.py iterate [line:73] INFO Receive new models from clients [3, 17] at time 103
2026-09-24 23:57:00,330 fedbase.py run [line:311] INFO --------------Round 98--------------
2026-09-24 23:57:00,330 simple_logger.py log_once [line:14] INFO Current_time:103
2026-09-24 23:57:01,844 simple_logger.py log_once [line:28] INFO test_accuracy                 0.0959
2026-09-24 23:57:01,845 simple_logger.py log_once [line:28] INFO test_loss                     2.5951
2026-09-24 23:57:01,845 simple_logger.py log_once [line:28] INFO val_accuracy                  0.0981
2026-09-24 23:57:01,845 simple_logger.py log_once [line:28] INFO mean_val_accuracy             0.0983
2026-09-24 23:57:01,845 simple_logger.py log_once [line:28] INFO std_val_accuracy              0.2826
2026-09-24 23:57:01,845 simple_logger.py log_once [line:28] INFO val_loss                      2.5943
2026-09-24 23:57:01,845 simple_logger.py log_once [line:28] INFO mean_val_loss                 2.5922
2026-09-24 23:57:01,845 simple_logger.py log_once [line:28] INFO std_val_loss                  0.6541
2026-09-24 23:57:01,845 fedbase.py run [line:316] INFO Eval Time Cost:               1.5151s
2026-09-24 23:57:01,855 asyncbase.py iterate [line:68] INFO Select clients [np.int64(7)] at time 104.
2026-09-24 23:57:02,204 asyncbase.py iterate [line:73] INFO Receive new models from clients [19, 13] at time 104
2026-09-24 23:57:02,260 fedbase.py run [line:311] INFO --------------Round 99--------------
2026-09-24 23:57:02,260 simple_logger.py log_once [line:14] INFO Current_time:104
2026-09-24 23:57:03,833 simple_logger.py log_once [line:28] INFO test_accuracy                 0.1152
2026-09-24 23:57:03,833 simple_logger.py log_once [line:28] INFO test_loss                     8.2134
2026-09-24 23:57:03,833 simple_logger.py log_once [line:28] INFO val_accuracy                  0.1139
2026-09-24 23:57:03,833 simple_logger.py log_once [line:28] INFO mean_val_accuracy             0.1140
2026-09-24 23:57:03,833 simple_logger.py log_once [line:28] INFO std_val_accuracy              0.2466
2026-09-24 23:57:03,833 simple_logger.py log_once [line:28] INFO val_loss                      8.0739
2026-09-24 23:57:03,833 simple_logger.py log_once [line:28] INFO mean_val_loss                 8.0369
2026-09-24 23:57:03,833 simple_logger.py log_once [line:28] INFO std_val_loss                  13.2925
2026-09-24 23:57:03,833 fedbase.py run [line:316] INFO Eval Time Cost:               1.5735s
2026-09-24 23:57:03,842 asyncbase.py iterate [line:68] INFO Select clients [np.int64(15), np.int64(11), np.int64(16)] at time 105.
2026-09-24 23:57:04,853 asyncbase.py iterate [line:73] INFO Receive new models from clients [0, 10] at time 105
2026-09-24 23:57:04,902 fedbase.py run [line:311] INFO --------------Round 100--------------
2026-09-24 23:57:04,902 simple_logger.py log_once [line:14] INFO Current_time:105
2026-09-24 23:57:06,386 simple_logger.py log_once [line:28] INFO test_accuracy                 0.1031
2026-09-24 23:57:06,386 simple_logger.py log_once [line:28] INFO test_loss                     3.3524
2026-09-24 23:57:06,386 simple_logger.py log_once [line:28] INFO val_accuracy                  0.0981
2026-09-24 23:57:06,386 simple_logger.py log_once [line:28] INFO mean_val_accuracy             0.0992
2026-09-24 23:57:06,386 simple_logger.py log_once [line:28] INFO std_val_accuracy              0.2866
2026-09-24 23:57:06,386 simple_logger.py log_once [line:28] INFO val_loss                      3.3686
2026-09-24 23:57:06,386 simple_logger.py log_once [line:28] INFO mean_val_loss                 3.3656
2026-09-24 23:57:06,386 simple_logger.py log_once [line:28] INFO std_val_loss                  1.1365
2026-09-24 23:57:06,386 fedbase.py run [line:316] INFO Eval Time Cost:               1.4840s
2026-09-24 23:57:06,386 fedbase.py run [line:324] INFO =================End==================
2026-09-24 23:57:06,386 fedbase.py run [line:325] INFO Total Time Cost:              229.7791s
