E:\fl-experiment\.venv\Lib\site-packages\torch\cuda\__init__.py:61: FutureWarning: The pynvml package is deprecated. Please install nvidia-ml-py instead. If you did not install pynvml directly, please report this to the maintainers of the package that installed pynvml for you.
  import pynvml  # type: ignore[import]
2026-09-24 23:35:00,869 fflow.py init [line:848] INFO PROCESS ID:	39540
2026-09-24 23:35:00,869 fflow.py init [line:849] INFO Initializing devices: cuda:0 will be used for this running.
2026-09-24 23:35:00,869 fflow.py init [line:852] INFO BENCHMARK:	flgo.benchmark.mnist_classification
2026-09-24 23:35:00,869 fflow.py init [line:853] INFO TASK:			E:\Federated Machine Learning\FL-Byzantine-Library\mnist_dir20
2026-09-24 23:35:00,878 fflow.py init [line:854] INFO MODEL:		flgo.benchmark.mnist_classification.model.cnn
2026-09-24 23:35:00,878 fflow.py init [line:855] INFO ALGORITHM:	research_algorithm
2026-09-24 23:35:01,909 fflow.py init [line:901] INFO SCENE:		horizontal FL with 1 <class 'flgo_byzantine.research_algorithm.Server'>, 20 <class 'flgo_byzantine.research_algorithm.Client'>
2026-09-24 23:35:02,001 fflow.py init [line:918] INFO SIMULATOR:	<class 'flgo.simulator.default_simulator.Simulator'>
2026-09-24 23:35:06,506 fflow.py init [line:931] INFO Ready to start.
2026-09-24 23:35:06,506 fedbase.py run [line:300] INFO --------------Initial Evaluation--------------
2026-09-24 23:35:06,506 simple_logger.py log_once [line:14] INFO Current_time:0
2026-09-24 23:35:08,159 simple_logger.py log_once [line:28] INFO test_accuracy                 0.0875
2026-09-24 23:35:08,159 simple_logger.py log_once [line:28] INFO test_loss                     2.3101
2026-09-24 23:35:08,159 simple_logger.py log_once [line:28] INFO val_accuracy                  0.0866
2026-09-24 23:35:08,159 simple_logger.py log_once [line:28] INFO mean_val_accuracy             0.0874
2026-09-24 23:35:08,159 simple_logger.py log_once [line:28] INFO std_val_accuracy              0.2312
2026-09-24 23:35:08,159 simple_logger.py log_once [line:28] INFO val_loss                      2.3109
2026-09-24 23:35:08,159 simple_logger.py log_once [line:28] INFO mean_val_loss                 2.3111
2026-09-24 23:35:08,159 simple_logger.py log_once [line:28] INFO std_val_loss                  0.0785
2026-09-24 23:35:08,159 fedbase.py run [line:303] INFO Eval Time Cost:               1.6533s
2026-09-24 23:35:08,170 asyncbase.py iterate [line:68] INFO Select clients [np.int64(11), np.int64(3), np.int64(19), np.int64(4), np.int64(10), np.int64(9)] at time 1.
2026-09-24 23:35:10,121 asyncbase.py iterate [line:73] INFO Receive new models from clients [3, 9] at time 1
2026-09-24 23:35:10,176 fedbase.py run [line:311] INFO --------------Round 1--------------
2026-09-24 23:35:10,176 simple_logger.py log_once [line:14] INFO Current_time:1
2026-09-24 23:35:11,690 simple_logger.py log_once [line:28] INFO test_accuracy                 0.1009
2026-09-24 23:35:11,690 simple_logger.py log_once [line:28] INFO test_loss                     3.0764
2026-09-24 23:35:11,690 simple_logger.py log_once [line:28] INFO val_accuracy                  0.0999
2026-09-24 23:35:11,690 simple_logger.py log_once [line:28] INFO mean_val_accuracy             0.0994
2026-09-24 23:35:11,690 simple_logger.py log_once [line:28] INFO std_val_accuracy              0.2889
2026-09-24 23:35:11,690 simple_logger.py log_once [line:28] INFO val_loss                      3.0707
2026-09-24 23:35:11,690 simple_logger.py log_once [line:28] INFO mean_val_loss                 3.0745
2026-09-24 23:35:11,690 simple_logger.py log_once [line:28] INFO std_val_loss                  0.9787
2026-09-24 23:35:11,690 fedbase.py run [line:316] INFO Eval Time Cost:               1.5139s
2026-09-24 23:35:11,700 asyncbase.py iterate [line:68] INFO Select clients [np.int64(0)] at time 2.
2026-09-24 23:35:12,007 asyncbase.py iterate [line:73] INFO Receive new models from clients [19] at time 2
2026-09-24 23:35:12,031 fedbase.py run [line:311] INFO --------------Round 2--------------
2026-09-24 23:35:12,032 simple_logger.py log_once [line:14] INFO Current_time:2
2026-09-24 23:35:13,508 simple_logger.py log_once [line:28] INFO test_accuracy                 0.1009
2026-09-24 23:35:13,508 simple_logger.py log_once [line:28] INFO test_loss                     3.4764
2026-09-24 23:35:13,508 simple_logger.py log_once [line:28] INFO val_accuracy                  0.0999
2026-09-24 23:35:13,508 simple_logger.py log_once [line:28] INFO mean_val_accuracy             0.0994
2026-09-24 23:35:13,508 simple_logger.py log_once [line:28] INFO std_val_accuracy              0.2889
2026-09-24 23:35:13,508 simple_logger.py log_once [line:28] INFO val_loss                      3.4801
2026-09-24 23:35:13,508 simple_logger.py log_once [line:28] INFO mean_val_loss                 3.4878
2026-09-24 23:35:13,508 simple_logger.py log_once [line:28] INFO std_val_loss                  1.8212
2026-09-24 23:35:13,508 fedbase.py run [line:316] INFO Eval Time Cost:               1.4764s
2026-09-24 23:35:13,518 asyncbase.py iterate [line:68] INFO Select clients [np.int64(7), np.int64(13)] at time 3.
2026-09-24 23:35:14,138 asyncbase.py iterate [line:73] INFO Receive new models from clients [4, 13, 0, 11] at time 3
2026-09-24 23:35:14,197 fedbase.py run [line:311] INFO --------------Round 3--------------
2026-09-24 23:35:14,197 simple_logger.py log_once [line:14] INFO Current_time:3
2026-09-24 23:35:15,708 simple_logger.py log_once [line:28] INFO test_accuracy                 0.1010
2026-09-24 23:35:15,708 simple_logger.py log_once [line:28] INFO test_loss                     4.0323
2026-09-24 23:35:15,708 simple_logger.py log_once [line:28] INFO val_accuracy                  0.1020
2026-09-24 23:35:15,708 simple_logger.py log_once [line:28] INFO mean_val_accuracy             0.1016
2026-09-24 23:35:15,708 simple_logger.py log_once [line:28] INFO std_val_accuracy              0.2730
2026-09-24 23:35:15,708 simple_logger.py log_once [line:28] INFO val_loss                      4.0252
2026-09-24 23:35:15,708 simple_logger.py log_once [line:28] INFO mean_val_loss                 4.0248
2026-09-24 23:35:15,708 simple_logger.py log_once [line:28] INFO std_val_loss                  1.5754
2026-09-24 23:35:15,708 fedbase.py run [line:316] INFO Eval Time Cost:               1.5107s
2026-09-24 23:35:15,716 asyncbase.py iterate [line:68] INFO Select clients [np.int64(15), np.int64(1), np.int64(16)] at time 4.
2026-09-24 23:35:16,659 asyncbase.py iterate [line:73] INFO Receive new models from clients [10, 15] at time 4
2026-09-24 23:35:16,697 fedbase.py run [line:311] INFO --------------Round 4--------------
2026-09-24 23:35:16,697 simple_logger.py log_once [line:14] INFO Current_time:4
2026-09-24 23:35:18,188 simple_logger.py log_once [line:28] INFO test_accuracy                 0.0974
2026-09-24 23:35:18,188 simple_logger.py log_once [line:28] INFO test_loss                     2.5681
2026-09-24 23:35:18,188 simple_logger.py log_once [line:28] INFO val_accuracy                  0.0972
2026-09-24 23:35:18,188 simple_logger.py log_once [line:28] INFO mean_val_accuracy             0.0962
2026-09-24 23:35:18,188 simple_logger.py log_once [line:28] INFO std_val_accuracy              0.2801
2026-09-24 23:35:18,188 simple_logger.py log_once [line:28] INFO val_loss                      2.5691
2026-09-24 23:35:18,188 simple_logger.py log_once [line:28] INFO mean_val_loss                 2.5707
2026-09-24 23:35:18,188 simple_logger.py log_once [line:28] INFO std_val_loss                  0.6092
2026-09-24 23:35:18,188 fedbase.py run [line:316] INFO Eval Time Cost:               1.4910s
2026-09-24 23:35:18,198 asyncbase.py iterate [line:68] INFO Select clients [np.int64(10), np.int64(4), np.int64(2)] at time 5.
2026-09-24 23:35:19,137 asyncbase.py iterate [line:73] INFO Receive new models from clients [7] at time 5
2026-09-24 23:35:19,161 fedbase.py run [line:311] INFO --------------Round 5--------------
2026-09-24 23:35:19,161 simple_logger.py log_once [line:14] INFO Current_time:5
2026-09-24 23:35:20,718 simple_logger.py log_once [line:28] INFO test_accuracy                 0.0974
2026-09-24 23:35:20,718 simple_logger.py log_once [line:28] INFO test_loss                     2.5993
2026-09-24 23:35:20,718 simple_logger.py log_once [line:28] INFO val_accuracy                  0.0972
2026-09-24 23:35:20,718 simple_logger.py log_once [line:28] INFO mean_val_accuracy             0.0962
2026-09-24 23:35:20,718 simple_logger.py log_once [line:28] INFO std_val_accuracy              0.2801
2026-09-24 23:35:20,718 simple_logger.py log_once [line:28] INFO val_loss                      2.6004
2026-09-24 23:35:20,718 simple_logger.py log_once [line:28] INFO mean_val_loss                 2.6009
2026-09-24 23:35:20,718 simple_logger.py log_once [line:28] INFO std_val_loss                  0.7178
2026-09-24 23:35:20,718 fedbase.py run [line:316] INFO Eval Time Cost:               1.5570s
2026-09-24 23:35:20,729 asyncbase.py iterate [line:73] INFO Receive new models from clients [1] at time 6
2026-09-24 23:35:20,751 fedbase.py run [line:311] INFO --------------Round 6--------------
2026-09-24 23:35:20,751 simple_logger.py log_once [line:14] INFO Current_time:6
2026-09-24 23:35:22,327 simple_logger.py log_once [line:28] INFO test_accuracy                 0.0958
2026-09-24 23:35:22,327 simple_logger.py log_once [line:28] INFO test_loss                     5.3559
2026-09-24 23:35:22,327 simple_logger.py log_once [line:28] INFO val_accuracy                  0.0981
2026-09-24 23:35:22,327 simple_logger.py log_once [line:28] INFO mean_val_accuracy             0.0983
2026-09-24 23:35:22,327 simple_logger.py log_once [line:28] INFO std_val_accuracy              0.2826
2026-09-24 23:35:22,327 simple_logger.py log_once [line:28] INFO val_loss                      5.3394
2026-09-24 23:35:22,327 simple_logger.py log_once [line:28] INFO mean_val_loss                 5.3382
2026-09-24 23:35:22,327 simple_logger.py log_once [line:28] INFO std_val_loss                  2.7564
2026-09-24 23:35:22,328 fedbase.py run [line:316] INFO Eval Time Cost:               1.5764s
2026-09-24 23:35:22,337 asyncbase.py iterate [line:68] INFO Select clients [np.int64(3), np.int64(11)] at time 7.
2026-09-24 23:35:22,959 asyncbase.py iterate [line:73] INFO Receive new models from clients [10, 11, 16] at time 7
2026-09-24 23:35:23,010 fedbase.py run [line:311] INFO --------------Round 7--------------
2026-09-24 23:35:23,010 simple_logger.py log_once [line:14] INFO Current_time:7
2026-09-24 23:35:24,506 simple_logger.py log_once [line:28] INFO test_accuracy                 0.0958
2026-09-24 23:35:24,506 simple_logger.py log_once [line:28] INFO test_loss                     6.9849
2026-09-24 23:35:24,506 simple_logger.py log_once [line:28] INFO val_accuracy                  0.0981
2026-09-24 23:35:24,506 simple_logger.py log_once [line:28] INFO mean_val_accuracy             0.0983
2026-09-24 23:35:24,506 simple_logger.py log_once [line:28] INFO std_val_accuracy              0.2826
2026-09-24 23:35:24,506 simple_logger.py log_once [line:28] INFO val_loss                      6.9688
2026-09-24 23:35:24,506 simple_logger.py log_once [line:28] INFO mean_val_loss                 6.9681
2026-09-24 23:35:24,506 simple_logger.py log_once [line:28] INFO std_val_loss                  2.9544
2026-09-24 23:35:24,506 fedbase.py run [line:316] INFO Eval Time Cost:               1.4965s
2026-09-24 23:35:24,516 asyncbase.py iterate [line:68] INFO Select clients [np.int64(11), np.int64(9), np.int64(10)] at time 8.
2026-09-24 23:35:25,469 asyncbase.py iterate [line:73] INFO Receive new models from clients [4, 2, 3, 11] at time 8
2026-09-24 23:35:25,529 fedbase.py run [line:311] INFO --------------Round 8--------------
2026-09-24 23:35:25,529 simple_logger.py log_once [line:14] INFO Current_time:8
2026-09-24 23:35:27,012 simple_logger.py log_once [line:28] INFO test_accuracy                 0.1378
2026-09-24 23:35:27,012 simple_logger.py log_once [line:28] INFO test_loss                     2.5436
2026-09-24 23:35:27,012 simple_logger.py log_once [line:28] INFO val_accuracy                  0.1306
2026-09-24 23:35:27,012 simple_logger.py log_once [line:28] INFO mean_val_accuracy             0.1301
2026-09-24 23:35:27,012 simple_logger.py log_once [line:28] INFO std_val_accuracy              0.2927
2026-09-24 23:35:27,012 simple_logger.py log_once [line:28] INFO val_loss                      2.5384
2026-09-24 23:35:27,012 simple_logger.py log_once [line:28] INFO mean_val_loss                 2.5396
2026-09-24 23:35:27,012 simple_logger.py log_once [line:28] INFO std_val_loss                  0.7466
2026-09-24 23:35:27,013 fedbase.py run [line:316] INFO Eval Time Cost:               1.4837s
2026-09-24 23:35:27,022 asyncbase.py iterate [line:68] INFO Select clients [np.int64(6), np.int64(12), np.int64(15), np.int64(4)] at time 9.
2026-09-24 23:35:28,275 asyncbase.py iterate [line:73] INFO Receive new models from clients [10, 6, 9] at time 9
2026-09-24 23:35:28,328 fedbase.py run [line:311] INFO --------------Round 9--------------
2026-09-24 23:35:28,328 simple_logger.py log_once [line:14] INFO Current_time:9
2026-09-24 23:35:29,903 simple_logger.py log_once [line:28] INFO test_accuracy                 0.2545
2026-09-24 23:35:29,903 simple_logger.py log_once [line:28] INFO test_loss                     2.3688
2026-09-24 23:35:29,903 simple_logger.py log_once [line:28] INFO val_accuracy                  0.2569
2026-09-24 23:35:29,903 simple_logger.py log_once [line:28] INFO mean_val_accuracy             0.2571
2026-09-24 23:35:29,903 simple_logger.py log_once [line:28] INFO std_val_accuracy              0.3905
2026-09-24 23:35:29,903 simple_logger.py log_once [line:28] INFO val_loss                      2.3634
2026-09-24 23:35:29,904 simple_logger.py log_once [line:28] INFO mean_val_loss                 2.3640
2026-09-24 23:35:29,904 simple_logger.py log_once [line:28] INFO std_val_loss                  0.6513
2026-09-24 23:35:29,904 fedbase.py run [line:316] INFO Eval Time Cost:               1.5758s
2026-09-24 23:35:29,915 asyncbase.py iterate [line:68] INFO Select clients [np.int64(6), np.int64(3), np.int64(19)] at time 10.
2026-09-24 23:35:30,875 asyncbase.py iterate [line:73] INFO Receive new models from clients [15] at time 10
2026-09-24 23:35:30,901 fedbase.py run [line:311] INFO --------------Round 10--------------
2026-09-24 23:35:30,901 simple_logger.py log_once [line:14] INFO Current_time:10
2026-09-24 23:35:32,402 simple_logger.py log_once [line:28] INFO test_accuracy                 0.0974
2026-09-24 23:35:32,402 simple_logger.py log_once [line:28] INFO test_loss                     8.9888
2026-09-24 23:35:32,402 simple_logger.py log_once [line:28] INFO val_accuracy                  0.0972
2026-09-24 23:35:32,402 simple_logger.py log_once [line:28] INFO mean_val_accuracy             0.0962
2026-09-24 23:35:32,402 simple_logger.py log_once [line:28] INFO std_val_accuracy              0.2801
2026-09-24 23:35:32,402 simple_logger.py log_once [line:28] INFO val_loss                      9.0281
2026-09-24 23:35:32,402 simple_logger.py log_once [line:28] INFO mean_val_loss                 9.0375
2026-09-24 23:35:32,402 simple_logger.py log_once [line:28] INFO std_val_loss                  2.9948
2026-09-24 23:35:32,402 fedbase.py run [line:316] INFO Eval Time Cost:               1.5013s
2026-09-24 23:35:32,411 asyncbase.py iterate [line:68] INFO Select clients [np.int64(7)] at time 11.
2026-09-24 23:35:32,724 asyncbase.py iterate [line:73] INFO Receive new models from clients [3, 12] at time 11
2026-09-24 23:35:32,768 fedbase.py run [line:311] INFO --------------Round 11--------------
2026-09-24 23:35:32,769 simple_logger.py log_once [line:14] INFO Current_time:11
2026-09-24 23:35:34,257 simple_logger.py log_once [line:28] INFO test_accuracy                 0.0974
2026-09-24 23:35:34,257 simple_logger.py log_once [line:28] INFO test_loss                     7.6752
2026-09-24 23:35:34,257 simple_logger.py log_once [line:28] INFO val_accuracy                  0.0972
2026-09-24 23:35:34,257 simple_logger.py log_once [line:28] INFO mean_val_accuracy             0.0962
2026-09-24 23:35:34,257 simple_logger.py log_once [line:28] INFO std_val_accuracy              0.2801
2026-09-24 23:35:34,257 simple_logger.py log_once [line:28] INFO val_loss                      7.7112
2026-09-24 23:35:34,257 simple_logger.py log_once [line:28] INFO mean_val_loss                 7.7200
2026-09-24 23:35:34,257 simple_logger.py log_once [line:28] INFO std_val_loss                  2.6437
2026-09-24 23:35:34,257 fedbase.py run [line:316] INFO Eval Time Cost:               1.4886s
2026-09-24 23:35:34,267 asyncbase.py iterate [line:68] INFO Select clients [np.int64(10), np.int64(3)] at time 12.
2026-09-24 23:35:34,884 asyncbase.py iterate [line:73] INFO Receive new models from clients [7, 3, 4, 19, 10] at time 12
2026-09-24 23:35:34,961 fedbase.py run [line:311] INFO --------------Round 12--------------
2026-09-24 23:35:34,961 simple_logger.py log_once [line:14] INFO Current_time:12
2026-09-24 23:35:36,446 simple_logger.py log_once [line:28] INFO test_accuracy                 0.1264
2026-09-24 23:35:36,446 simple_logger.py log_once [line:28] INFO test_loss                     2.2673
2026-09-24 23:35:36,446 simple_logger.py log_once [line:28] INFO val_accuracy                  0.1297
2026-09-24 23:35:36,446 simple_logger.py log_once [line:28] INFO mean_val_accuracy             0.1297
2026-09-24 23:35:36,446 simple_logger.py log_once [line:28] INFO std_val_accuracy              0.2640
2026-09-24 23:35:36,446 simple_logger.py log_once [line:28] INFO val_loss                      2.2718
2026-09-24 23:35:36,446 simple_logger.py log_once [line:28] INFO mean_val_loss                 2.2718
2026-09-24 23:35:36,446 simple_logger.py log_once [line:28] INFO std_val_loss                  0.6253
2026-09-24 23:35:36,446 fedbase.py run [line:316] INFO Eval Time Cost:               1.4852s
2026-09-24 23:35:36,457 asyncbase.py iterate [line:68] INFO Select clients [np.int64(4), np.int64(15), np.int64(9), np.int64(13), np.int64(1)] at time 13.
2026-09-24 23:35:38,033 asyncbase.py iterate [line:73] INFO Receive new models from clients [6] at time 13
2026-09-24 23:35:38,060 fedbase.py run [line:311] INFO --------------Round 13--------------
2026-09-24 23:35:38,060 simple_logger.py log_once [line:14] INFO Current_time:13
2026-09-24 23:35:39,556 simple_logger.py log_once [line:28] INFO test_accuracy                 0.2518
2026-09-24 23:35:39,556 simple_logger.py log_once [line:28] INFO test_loss                     2.5511
2026-09-24 23:35:39,556 simple_logger.py log_once [line:28] INFO val_accuracy                  0.2529
2026-09-24 23:35:39,556 simple_logger.py log_once [line:28] INFO mean_val_accuracy             0.2531
2026-09-24 23:35:39,556 simple_logger.py log_once [line:28] INFO std_val_accuracy              0.3445
2026-09-24 23:35:39,556 simple_logger.py log_once [line:28] INFO val_loss                      2.5607
2026-09-24 23:35:39,556 simple_logger.py log_once [line:28] INFO mean_val_loss                 2.5607
2026-09-24 23:35:39,556 simple_logger.py log_once [line:28] INFO std_val_loss                  1.5679
2026-09-24 23:35:39,557 fedbase.py run [line:316] INFO Eval Time Cost:               1.4968s
2026-09-24 23:35:39,567 asyncbase.py iterate [line:68] INFO Select clients [np.int64(16)] at time 14.
2026-09-24 23:35:39,877 asyncbase.py iterate [line:73] INFO Receive new models from clients [9] at time 14
2026-09-24 23:35:39,903 fedbase.py run [line:311] INFO --------------Round 14--------------
2026-09-24 23:35:39,903 simple_logger.py log_once [line:14] INFO Current_time:14
2026-09-24 23:35:41,385 simple_logger.py log_once [line:28] INFO test_accuracy                 0.1405
2026-09-24 23:35:41,385 simple_logger.py log_once [line:28] INFO test_loss                     3.0184
2026-09-24 23:35:41,385 simple_logger.py log_once [line:28] INFO val_accuracy                  0.1369
2026-09-24 23:35:41,385 simple_logger.py log_once [line:28] INFO mean_val_accuracy             0.1367
2026-09-24 23:35:41,385 simple_logger.py log_once [line:28] INFO std_val_accuracy              0.2756
2026-09-24 23:35:41,385 simple_logger.py log_once [line:28] INFO val_loss                      3.0349
2026-09-24 23:35:41,385 simple_logger.py log_once [line:28] INFO mean_val_loss                 3.0336
2026-09-24 23:35:41,385 simple_logger.py log_once [line:28] INFO std_val_loss                  1.3764
2026-09-24 23:35:41,385 fedbase.py run [line:316] INFO Eval Time Cost:               1.4819s
2026-09-24 23:35:41,395 asyncbase.py iterate [line:68] INFO Select clients [np.int64(11)] at time 15.
2026-09-24 23:35:41,704 asyncbase.py iterate [line:73] INFO Receive new models from clients [4, 11, 15] at time 15
2026-09-24 23:35:41,763 fedbase.py run [line:311] INFO --------------Round 15--------------
2026-09-24 23:35:41,763 simple_logger.py log_once [line:14] INFO Current_time:15
2026-09-24 23:35:43,250 simple_logger.py log_once [line:28] INFO test_accuracy                 0.3237
2026-09-24 23:35:43,250 simple_logger.py log_once [line:28] INFO test_loss                     2.0299
2026-09-24 23:35:43,250 simple_logger.py log_once [line:28] INFO val_accuracy                  0.3293
2026-09-24 23:35:43,250 simple_logger.py log_once [line:28] INFO mean_val_accuracy             0.3308
2026-09-24 23:35:43,250 simple_logger.py log_once [line:28] INFO std_val_accuracy              0.3762
2026-09-24 23:35:43,250 simple_logger.py log_once [line:28] INFO val_loss                      2.0324
2026-09-24 23:35:43,250 simple_logger.py log_once [line:28] INFO mean_val_loss                 2.0301
2026-09-24 23:35:43,250 simple_logger.py log_once [line:28] INFO std_val_loss                  0.9050
2026-09-24 23:35:43,250 fedbase.py run [line:316] INFO Eval Time Cost:               1.4867s
2026-09-24 23:35:43,260 asyncbase.py iterate [line:68] INFO Select clients [np.int64(19), np.int64(17), np.int64(3)] at time 16.
2026-09-24 23:35:44,201 asyncbase.py iterate [line:73] INFO Receive new models from clients [16, 13, 1, 19] at time 16
2026-09-24 23:35:44,266 fedbase.py run [line:311] INFO --------------Round 16--------------
2026-09-24 23:35:44,266 simple_logger.py log_once [line:14] INFO Current_time:16
2026-09-24 23:35:45,747 simple_logger.py log_once [line:28] INFO test_accuracy                 0.3023
2026-09-24 23:35:45,747 simple_logger.py log_once [line:28] INFO test_loss                     1.9062
2026-09-24 23:35:45,747 simple_logger.py log_once [line:28] INFO val_accuracy                  0.3064
2026-09-24 23:35:45,747 simple_logger.py log_once [line:28] INFO mean_val_accuracy             0.3065
2026-09-24 23:35:45,747 simple_logger.py log_once [line:28] INFO std_val_accuracy              0.3781
2026-09-24 23:35:45,747 simple_logger.py log_once [line:28] INFO val_loss                      1.9061
2026-09-24 23:35:45,747 simple_logger.py log_once [line:28] INFO mean_val_loss                 1.9064
2026-09-24 23:35:45,747 simple_logger.py log_once [line:28] INFO std_val_loss                  0.9606
2026-09-24 23:35:45,747 fedbase.py run [line:316] INFO Eval Time Cost:               1.4808s
2026-09-24 23:35:45,756 asyncbase.py iterate [line:68] INFO Select clients [np.int64(13), np.int64(10), np.int64(1), np.int64(18)] at time 17.
2026-09-24 23:35:47,006 asyncbase.py iterate [line:73] INFO Receive new models from clients [3, 18, 10] at time 17
2026-09-24 23:35:47,065 fedbase.py run [line:311] INFO --------------Round 17--------------
2026-09-24 23:35:47,065 simple_logger.py log_once [line:14] INFO Current_time:17
2026-09-24 23:35:48,555 simple_logger.py log_once [line:28] INFO test_accuracy                 0.2436
2026-09-24 23:35:48,555 simple_logger.py log_once [line:28] INFO test_loss                     3.9248
2026-09-24 23:35:48,555 simple_logger.py log_once [line:28] INFO val_accuracy                  0.2353
2026-09-24 23:35:48,555 simple_logger.py log_once [line:28] INFO mean_val_accuracy             0.2341
2026-09-24 23:35:48,555 simple_logger.py log_once [line:28] INFO std_val_accuracy              0.3734
2026-09-24 23:35:48,555 simple_logger.py log_once [line:28] INFO val_loss                      3.9406
2026-09-24 23:35:48,555 simple_logger.py log_once [line:28] INFO mean_val_loss                 3.9488
2026-09-24 23:35:48,555 simple_logger.py log_once [line:28] INFO std_val_loss                  2.3782
2026-09-24 23:35:48,555 fedbase.py run [line:316] INFO Eval Time Cost:               1.4903s
2026-09-24 23:35:48,564 asyncbase.py iterate [line:68] INFO Select clients [np.int64(5), np.int64(19), np.int64(6)] at time 18.
2026-09-24 23:35:49,508 asyncbase.py iterate [line:73] INFO Receive new models from clients [1, 17] at time 18
2026-09-24 23:35:49,556 fedbase.py run [line:311] INFO --------------Round 18--------------
2026-09-24 23:35:49,557 simple_logger.py log_once [line:14] INFO Current_time:18
2026-09-24 23:35:51,054 simple_logger.py log_once [line:28] INFO test_accuracy                 0.3436
2026-09-24 23:35:51,054 simple_logger.py log_once [line:28] INFO test_loss                     2.8195
2026-09-24 23:35:51,054 simple_logger.py log_once [line:28] INFO val_accuracy                  0.3391
2026-09-24 23:35:51,054 simple_logger.py log_once [line:28] INFO mean_val_accuracy             0.3381
2026-09-24 23:35:51,054 simple_logger.py log_once [line:28] INFO std_val_accuracy              0.4089
2026-09-24 23:35:51,054 simple_logger.py log_once [line:28] INFO val_loss                      2.7893
2026-09-24 23:35:51,054 simple_logger.py log_once [line:28] INFO mean_val_loss                 2.7982
2026-09-24 23:35:51,054 simple_logger.py log_once [line:28] INFO std_val_loss                  2.0910
2026-09-24 23:35:51,055 fedbase.py run [line:316] INFO Eval Time Cost:               1.4980s
2026-09-24 23:35:51,064 asyncbase.py iterate [line:68] INFO Select clients [np.int64(0), np.int64(3)] at time 19.
2026-09-24 23:35:51,698 asyncbase.py iterate [line:73] INFO Receive new models from clients [19, 6] at time 19
2026-09-24 23:35:51,745 fedbase.py run [line:311] INFO --------------Round 19--------------
2026-09-24 23:35:51,745 simple_logger.py log_once [line:14] INFO Current_time:19
2026-09-24 23:35:53,235 simple_logger.py log_once [line:28] INFO test_accuracy                 0.3125
2026-09-24 23:35:53,235 simple_logger.py log_once [line:28] INFO test_loss                     3.8213
2026-09-24 23:35:53,235 simple_logger.py log_once [line:28] INFO val_accuracy                  0.3209
2026-09-24 23:35:53,235 simple_logger.py log_once [line:28] INFO mean_val_accuracy             0.3206
2026-09-24 23:35:53,235 simple_logger.py log_once [line:28] INFO std_val_accuracy              0.4015
2026-09-24 23:35:53,235 simple_logger.py log_once [line:28] INFO val_loss                      3.7282
2026-09-24 23:35:53,235 simple_logger.py log_once [line:28] INFO mean_val_loss                 3.7409
2026-09-24 23:35:53,236 simple_logger.py log_once [line:28] INFO std_val_loss                  2.9679
2026-09-24 23:35:53,236 fedbase.py run [line:316] INFO Eval Time Cost:               1.4903s
2026-09-24 23:35:53,244 asyncbase.py iterate [line:68] INFO Select clients [np.int64(14), np.int64(18)] at time 20.
2026-09-24 23:35:53,893 asyncbase.py iterate [line:73] INFO Receive new models from clients [13, 14] at time 20
2026-09-24 23:35:53,942 fedbase.py run [line:311] INFO --------------Round 20--------------
2026-09-24 23:35:53,942 simple_logger.py log_once [line:14] INFO Current_time:20
2026-09-24 23:35:55,407 simple_logger.py log_once [line:28] INFO test_accuracy                 0.1732
2026-09-24 23:35:55,407 simple_logger.py log_once [line:28] INFO test_loss                     10.3702
2026-09-24 23:35:55,407 simple_logger.py log_once [line:28] INFO val_accuracy                  0.1832
2026-09-24 23:35:55,407 simple_logger.py log_once [line:28] INFO mean_val_accuracy             0.1833
2026-09-24 23:35:55,407 simple_logger.py log_once [line:28] INFO std_val_accuracy              0.2981
2026-09-24 23:35:55,407 simple_logger.py log_once [line:28] INFO val_loss                      10.1113
2026-09-24 23:35:55,407 simple_logger.py log_once [line:28] INFO mean_val_loss                 10.1343
2026-09-24 23:35:55,407 simple_logger.py log_once [line:28] INFO std_val_loss                  7.1067
2026-09-24 23:35:55,407 fedbase.py run [line:316] INFO Eval Time Cost:               1.4653s
2026-09-24 23:35:55,417 asyncbase.py iterate [line:68] INFO Select clients [np.int64(2), np.int64(11)] at time 21.
2026-09-24 23:35:56,039 asyncbase.py iterate [line:73] INFO Receive new models from clients [5, 11, 2] at time 21
2026-09-24 23:35:56,096 fedbase.py run [line:311] INFO --------------Round 21--------------
2026-09-24 23:35:56,096 simple_logger.py log_once [line:14] INFO Current_time:21
2026-09-24 23:35:57,580 simple_logger.py log_once [line:28] INFO test_accuracy                 0.1976
2026-09-24 23:35:57,580 simple_logger.py log_once [line:28] INFO test_loss                     2.2286
2026-09-24 23:35:57,580 simple_logger.py log_once [line:28] INFO val_accuracy                  0.1929
2026-09-24 23:35:57,580 simple_logger.py log_once [line:28] INFO mean_val_accuracy             0.1933
2026-09-24 23:35:57,580 simple_logger.py log_once [line:28] INFO std_val_accuracy              0.2965
2026-09-24 23:35:57,580 simple_logger.py log_once [line:28] INFO val_loss                      2.2369
2026-09-24 23:35:57,580 simple_logger.py log_once [line:28] INFO mean_val_loss                 2.2363
2026-09-24 23:35:57,580 simple_logger.py log_once [line:28] INFO std_val_loss                  0.8231
2026-09-24 23:35:57,580 fedbase.py run [line:316] INFO Eval Time Cost:               1.4848s
2026-09-24 23:35:57,590 asyncbase.py iterate [line:68] INFO Select clients [np.int64(9), np.int64(14), np.int64(4)] at time 22.
2026-09-24 23:35:58,528 asyncbase.py iterate [line:73] INFO Receive new models from clients [3, 18, 0, 14] at time 22
2026-09-24 23:35:58,600 fedbase.py run [line:311] INFO --------------Round 22--------------
2026-09-24 23:35:58,600 simple_logger.py log_once [line:14] INFO Current_time:22
2026-09-24 23:36:00,081 simple_logger.py log_once [line:28] INFO test_accuracy                 0.2155
2026-09-24 23:36:00,081 simple_logger.py log_once [line:28] INFO test_loss                     2.1641
2026-09-24 23:36:00,081 simple_logger.py log_once [line:28] INFO val_accuracy                  0.2129
2026-09-24 23:36:00,081 simple_logger.py log_once [line:28] INFO mean_val_accuracy             0.2135
2026-09-24 23:36:00,081 simple_logger.py log_once [line:28] INFO std_val_accuracy              0.2981
2026-09-24 23:36:00,081 simple_logger.py log_once [line:28] INFO val_loss                      2.1709
2026-09-24 23:36:00,081 simple_logger.py log_once [line:28] INFO mean_val_loss                 2.1706
2026-09-24 23:36:00,081 simple_logger.py log_once [line:28] INFO std_val_loss                  0.7066
2026-09-24 23:36:00,081 fedbase.py run [line:316] INFO Eval Time Cost:               1.4810s
2026-09-24 23:36:00,089 asyncbase.py iterate [line:68] INFO Select clients [np.int64(7), np.int64(15), np.int64(18), np.int64(17)] at time 23.
2026-09-24 23:36:01,338 asyncbase.py iterate [line:73] INFO Receive new models from clients [4] at time 23
2026-09-24 23:36:01,367 fedbase.py run [line:311] INFO --------------Round 23--------------
2026-09-24 23:36:01,367 simple_logger.py log_once [line:14] INFO Current_time:23
2026-09-24 23:36:02,877 simple_logger.py log_once [line:28] INFO test_accuracy                 0.3051
2026-09-24 23:36:02,878 simple_logger.py log_once [line:28] INFO test_loss                     2.8957
2026-09-24 23:36:02,878 simple_logger.py log_once [line:28] INFO val_accuracy                  0.3048
2026-09-24 23:36:02,878 simple_logger.py log_once [line:28] INFO mean_val_accuracy             0.3045
2026-09-24 23:36:02,878 simple_logger.py log_once [line:28] INFO std_val_accuracy              0.4208
2026-09-24 23:36:02,878 simple_logger.py log_once [line:28] INFO val_loss                      2.8876
2026-09-24 23:36:02,878 simple_logger.py log_once [line:28] INFO mean_val_loss                 2.8846
2026-09-24 23:36:02,878 simple_logger.py log_once [line:28] INFO std_val_loss                  1.8982
2026-09-24 23:36:02,878 fedbase.py run [line:316] INFO Eval Time Cost:               1.5104s
2026-09-24 23:36:02,887 asyncbase.py iterate [line:73] INFO Receive new models from clients [9, 7] at time 24
2026-09-24 23:36:02,932 fedbase.py run [line:311] INFO --------------Round 24--------------
2026-09-24 23:36:02,932 simple_logger.py log_once [line:14] INFO Current_time:24
2026-09-24 23:36:04,421 simple_logger.py log_once [line:28] INFO test_accuracy                 0.0982
2026-09-24 23:36:04,421 simple_logger.py log_once [line:28] INFO test_loss                     15.5723
2026-09-24 23:36:04,421 simple_logger.py log_once [line:28] INFO val_accuracy                  0.0989
2026-09-24 23:36:04,421 simple_logger.py log_once [line:28] INFO mean_val_accuracy             0.0993
2026-09-24 23:36:04,421 simple_logger.py log_once [line:28] INFO std_val_accuracy              0.2797
2026-09-24 23:36:04,421 simple_logger.py log_once [line:28] INFO val_loss                      15.3318
2026-09-24 23:36:04,421 simple_logger.py log_once [line:28] INFO mean_val_loss                 15.3344
2026-09-24 23:36:04,421 simple_logger.py log_once [line:28] INFO std_val_loss                  7.1492
2026-09-24 23:36:04,421 fedbase.py run [line:316] INFO Eval Time Cost:               1.4892s
2026-09-24 23:36:04,431 asyncbase.py iterate [line:68] INFO Select clients [np.int64(14)] at time 25.
2026-09-24 23:36:04,754 asyncbase.py iterate [line:73] INFO Receive new models from clients [15, 18, 14] at time 25
2026-09-24 23:36:04,815 fedbase.py run [line:311] INFO --------------Round 25--------------
2026-09-24 23:36:04,815 simple_logger.py log_once [line:14] INFO Current_time:25
2026-09-24 23:36:06,287 simple_logger.py log_once [line:28] INFO test_accuracy                 0.0982
2026-09-24 23:36:06,287 simple_logger.py log_once [line:28] INFO test_loss                     17.3496
2026-09-24 23:36:06,287 simple_logger.py log_once [line:28] INFO val_accuracy                  0.0989
2026-09-24 23:36:06,287 simple_logger.py log_once [line:28] INFO mean_val_accuracy             0.0993
2026-09-24 23:36:06,287 simple_logger.py log_once [line:28] INFO std_val_accuracy              0.2797
2026-09-24 23:36:06,287 simple_logger.py log_once [line:28] INFO val_loss                      17.0692
2026-09-24 23:36:06,287 simple_logger.py log_once [line:28] INFO mean_val_loss                 17.0766
2026-09-24 23:36:06,287 simple_logger.py log_once [line:28] INFO std_val_loss                  8.4535
2026-09-24 23:36:06,287 fedbase.py run [line:316] INFO Eval Time Cost:               1.4726s
2026-09-24 23:36:06,297 asyncbase.py iterate [line:68] INFO Select clients [np.int64(8), np.int64(9), np.int64(4), np.int64(2), np.int64(15)] at time 26.
2026-09-24 23:36:07,850 asyncbase.py iterate [line:73] INFO Receive new models from clients [17, 8, 2] at time 26
2026-09-24 23:36:07,906 fedbase.py run [line:311] INFO --------------Round 26--------------
2026-09-24 23:36:07,906 simple_logger.py log_once [line:14] INFO Current_time:26
2026-09-24 23:36:09,399 simple_logger.py log_once [line:28] INFO test_accuracy                 0.2171
2026-09-24 23:36:09,399 simple_logger.py log_once [line:28] INFO test_loss                     6.4916
2026-09-24 23:36:09,399 simple_logger.py log_once [line:28] INFO val_accuracy                  0.2193
2026-09-24 23:36:09,399 simple_logger.py log_once [line:28] INFO mean_val_accuracy             0.2191
2026-09-24 23:36:09,399 simple_logger.py log_once [line:28] INFO std_val_accuracy              0.3356
2026-09-24 23:36:09,399 simple_logger.py log_once [line:28] INFO val_loss                      6.4583
2026-09-24 23:36:09,399 simple_logger.py log_once [line:28] INFO mean_val_loss                 6.4587
2026-09-24 23:36:09,399 simple_logger.py log_once [line:28] INFO std_val_loss                  4.5267
2026-09-24 23:36:09,400 fedbase.py run [line:316] INFO Eval Time Cost:               1.4937s
2026-09-24 23:36:09,410 asyncbase.py iterate [line:68] INFO Select clients [np.int64(0), np.int64(12), np.int64(8)] at time 27.
2026-09-24 23:36:10,366 asyncbase.py iterate [line:73] INFO Receive new models from clients [4, 9, 8, 15, 0] at time 27
2026-09-24 23:36:10,447 fedbase.py run [line:311] INFO --------------Round 27--------------
2026-09-24 23:36:10,447 simple_logger.py log_once [line:14] INFO Current_time:27
2026-09-24 23:36:12,010 simple_logger.py log_once [line:28] INFO test_accuracy                 0.3788
2026-09-24 23:36:12,010 simple_logger.py log_once [line:28] INFO test_loss                     4.1385
2026-09-24 23:36:12,010 simple_logger.py log_once [line:28] INFO val_accuracy                  0.3735
2026-09-24 23:36:12,010 simple_logger.py log_once [line:28] INFO mean_val_accuracy             0.3731
2026-09-24 23:36:12,010 simple_logger.py log_once [line:28] INFO std_val_accuracy              0.4274
2026-09-24 23:36:12,010 simple_logger.py log_once [line:28] INFO val_loss                      4.1069
2026-09-24 23:36:12,010 simple_logger.py log_once [line:28] INFO mean_val_loss                 4.1109
2026-09-24 23:36:12,010 simple_logger.py log_once [line:28] INFO std_val_loss                  3.3219
2026-09-24 23:36:12,010 fedbase.py run [line:316] INFO Eval Time Cost:               1.5631s
2026-09-24 23:36:12,020 asyncbase.py iterate [line:68] INFO Select clients [np.int64(11), np.int64(7), np.int64(5), np.int64(18), np.int64(0)] at time 28.
2026-09-24 23:36:13,640 asyncbase.py iterate [line:73] INFO Receive new models from clients [18] at time 28
2026-09-24 23:36:13,668 fedbase.py run [line:311] INFO --------------Round 28--------------
2026-09-24 23:36:13,669 simple_logger.py log_once [line:14] INFO Current_time:28
2026-09-24 23:36:15,165 simple_logger.py log_once [line:28] INFO test_accuracy                 0.3028
2026-09-24 23:36:15,165 simple_logger.py log_once [line:28] INFO test_loss                     8.5621
2026-09-24 23:36:15,165 simple_logger.py log_once [line:28] INFO val_accuracy                  0.3043
2026-09-24 23:36:15,165 simple_logger.py log_once [line:28] INFO mean_val_accuracy             0.3040
2026-09-24 23:36:15,165 simple_logger.py log_once [line:28] INFO std_val_accuracy              0.4255
2026-09-24 23:36:15,165 simple_logger.py log_once [line:28] INFO val_loss                      8.5364
2026-09-24 23:36:15,165 simple_logger.py log_once [line:28] INFO mean_val_loss                 8.5403
2026-09-24 23:36:15,165 simple_logger.py log_once [line:28] INFO std_val_loss                  7.2004
2026-09-24 23:36:15,165 fedbase.py run [line:316] INFO Eval Time Cost:               1.4965s
2026-09-24 23:36:15,175 asyncbase.py iterate [line:68] INFO Select clients [np.int64(10)] at time 29.
2026-09-24 23:36:15,486 asyncbase.py iterate [line:73] INFO Receive new models from clients [12, 0] at time 29
2026-09-24 23:36:15,531 fedbase.py run [line:311] INFO --------------Round 29--------------
2026-09-24 23:36:15,531 simple_logger.py log_once [line:14] INFO Current_time:29
2026-09-24 23:36:17,027 simple_logger.py log_once [line:28] INFO test_accuracy                 0.1897
2026-09-24 23:36:17,027 simple_logger.py log_once [line:28] INFO test_loss                     3.9417
2026-09-24 23:36:17,027 simple_logger.py log_once [line:28] INFO val_accuracy                  0.1883
2026-09-24 23:36:17,027 simple_logger.py log_once [line:28] INFO mean_val_accuracy             0.1894
2026-09-24 23:36:17,027 simple_logger.py log_once [line:28] INFO std_val_accuracy              0.3368
2026-09-24 23:36:17,027 simple_logger.py log_once [line:28] INFO val_loss                      3.9438
2026-09-24 23:36:17,027 simple_logger.py log_once [line:28] INFO mean_val_loss                 3.9397
2026-09-24 23:36:17,027 simple_logger.py log_once [line:28] INFO std_val_loss                  3.0388
2026-09-24 23:36:17,027 fedbase.py run [line:316] INFO Eval Time Cost:               1.4957s
2026-09-24 23:36:17,036 asyncbase.py iterate [line:68] INFO Select clients [np.int64(16)] at time 30.
2026-09-24 23:36:17,351 asyncbase.py iterate [line:73] INFO Receive new models from clients [10, 11, 5, 7] at time 30
2026-09-24 23:36:17,423 fedbase.py run [line:311] INFO --------------Round 30--------------
2026-09-24 23:36:17,423 simple_logger.py log_once [line:14] INFO Current_time:30
2026-09-24 23:36:18,908 simple_logger.py log_once [line:28] INFO test_accuracy                 0.3194
2026-09-24 23:36:18,909 simple_logger.py log_once [line:28] INFO test_loss                     2.2754
2026-09-24 23:36:18,909 simple_logger.py log_once [line:28] INFO val_accuracy                  0.3134
2026-09-24 23:36:18,909 simple_logger.py log_once [line:28] INFO mean_val_accuracy             0.3138
2026-09-24 23:36:18,909 simple_logger.py log_once [line:28] INFO std_val_accuracy              0.3740
2026-09-24 23:36:18,909 simple_logger.py log_once [line:28] INFO val_loss                      2.2840
2026-09-24 23:36:18,909 simple_logger.py log_once [line:28] INFO mean_val_loss                 2.2809
2026-09-24 23:36:18,909 simple_logger.py log_once [line:28] INFO std_val_loss                  1.3310
2026-09-24 23:36:18,909 fedbase.py run [line:316] INFO Eval Time Cost:               1.4860s
2026-09-24 23:36:18,919 asyncbase.py iterate [line:68] INFO Select clients [np.int64(19), np.int64(9), np.int64(6), np.int64(5)] at time 31.
2026-09-24 23:36:20,171 asyncbase.py iterate [line:73] INFO Receive new models from clients [9] at time 31
2026-09-24 23:36:20,196 fedbase.py run [line:311] INFO --------------Round 31--------------
2026-09-24 23:36:20,196 simple_logger.py log_once [line:14] INFO Current_time:31
2026-09-24 23:36:21,688 simple_logger.py log_once [line:28] INFO test_accuracy                 0.1487
2026-09-24 23:36:21,689 simple_logger.py log_once [line:28] INFO test_loss                     2.2639
2026-09-24 23:36:21,689 simple_logger.py log_once [line:28] INFO val_accuracy                  0.1462
2026-09-24 23:36:21,689 simple_logger.py log_once [line:28] INFO mean_val_accuracy             0.1472
2026-09-24 23:36:21,689 simple_logger.py log_once [line:28] INFO std_val_accuracy              0.2780
2026-09-24 23:36:21,689 simple_logger.py log_once [line:28] INFO val_loss                      2.2735
2026-09-24 23:36:21,689 simple_logger.py log_once [line:28] INFO mean_val_loss                 2.2714
2026-09-24 23:36:21,689 simple_logger.py log_once [line:28] INFO std_val_loss                  0.7394
2026-09-24 23:36:21,689 fedbase.py run [line:316] INFO Eval Time Cost:               1.4923s
2026-09-24 23:36:21,700 asyncbase.py iterate [line:68] INFO Select clients [np.int64(8), np.int64(11)] at time 32.
2026-09-24 23:36:22,341 asyncbase.py iterate [line:73] INFO Receive new models from clients [19, 11, 6, 16] at time 32
2026-09-24 23:36:22,408 fedbase.py run [line:311] INFO --------------Round 32--------------
2026-09-24 23:36:22,408 simple_logger.py log_once [line:14] INFO Current_time:32
2026-09-24 23:36:23,913 simple_logger.py log_once [line:28] INFO test_accuracy                 0.3232
2026-09-24 23:36:23,913 simple_logger.py log_once [line:28] INFO test_loss                     2.0057
2026-09-24 23:36:23,914 simple_logger.py log_once [line:28] INFO val_accuracy                  0.3165
2026-09-24 23:36:23,914 simple_logger.py log_once [line:28] INFO mean_val_accuracy             0.3179
2026-09-24 23:36:23,914 simple_logger.py log_once [line:28] INFO std_val_accuracy              0.3886
2026-09-24 23:36:23,914 simple_logger.py log_once [line:28] INFO val_loss                      2.0129
2026-09-24 23:36:23,914 simple_logger.py log_once [line:28] INFO mean_val_loss                 2.0110
2026-09-24 23:36:23,914 simple_logger.py log_once [line:28] INFO std_val_loss                  0.5051
2026-09-24 23:36:23,914 fedbase.py run [line:316] INFO Eval Time Cost:               1.5052s
2026-09-24 23:36:23,923 asyncbase.py iterate [line:68] INFO Select clients [np.int64(3), np.int64(10), np.int64(4)] at time 33.
2026-09-24 23:36:24,872 asyncbase.py iterate [line:73] INFO Receive new models from clients [8, 5] at time 34
2026-09-24 23:36:24,921 fedbase.py run [line:311] INFO --------------Round 33--------------
2026-09-24 23:36:24,921 simple_logger.py log_once [line:14] INFO Current_time:34
2026-09-24 23:36:26,407 simple_logger.py log_once [line:28] INFO test_accuracy                 0.2936
2026-09-24 23:36:26,407 simple_logger.py log_once [line:28] INFO test_loss                     2.1484
2026-09-24 23:36:26,407 simple_logger.py log_once [line:28] INFO val_accuracy                  0.2902
2026-09-24 23:36:26,407 simple_logger.py log_once [line:28] INFO mean_val_accuracy             0.2902
2026-09-24 23:36:26,407 simple_logger.py log_once [line:28] INFO std_val_accuracy              0.3653
2026-09-24 23:36:26,407 simple_logger.py log_once [line:28] INFO val_loss                      2.1572
2026-09-24 23:36:26,407 simple_logger.py log_once [line:28] INFO mean_val_loss                 2.1563
2026-09-24 23:36:26,407 simple_logger.py log_once [line:28] INFO std_val_loss                  0.5721
2026-09-24 23:36:26,407 fedbase.py run [line:316] INFO Eval Time Cost:               1.4858s
2026-09-24 23:36:26,416 asyncbase.py iterate [line:68] INFO Select clients [np.int64(15)] at time 35.
2026-09-24 23:36:26,737 asyncbase.py iterate [line:73] INFO Receive new models from clients [15] at time 35
2026-09-24 23:36:26,763 fedbase.py run [line:311] INFO --------------Round 34--------------
2026-09-24 23:36:26,763 simple_logger.py log_once [line:14] INFO Current_time:35
2026-09-24 23:36:28,251 simple_logger.py log_once [line:28] INFO test_accuracy                 0.0974
2026-09-24 23:36:28,251 simple_logger.py log_once [line:28] INFO test_loss                     8.5264
2026-09-24 23:36:28,251 simple_logger.py log_once [line:28] INFO val_accuracy                  0.0972
2026-09-24 23:36:28,251 simple_logger.py log_once [line:28] INFO mean_val_accuracy             0.0962
2026-09-24 23:36:28,251 simple_logger.py log_once [line:28] INFO std_val_accuracy              0.2801
2026-09-24 23:36:28,251 simple_logger.py log_once [line:28] INFO val_loss                      8.5496
2026-09-24 23:36:28,251 simple_logger.py log_once [line:28] INFO mean_val_loss                 8.5552
2026-09-24 23:36:28,251 simple_logger.py log_once [line:28] INFO std_val_loss                  3.4780
2026-09-24 23:36:28,252 fedbase.py run [line:316] INFO Eval Time Cost:               1.4882s
2026-09-24 23:36:28,260 asyncbase.py iterate [line:68] INFO Select clients [np.int64(8), np.int64(16), np.int64(7)] at time 36.
2026-09-24 23:36:29,194 asyncbase.py iterate [line:73] INFO Receive new models from clients [4, 3, 10] at time 36
2026-09-24 23:36:29,255 fedbase.py run [line:311] INFO --------------Round 35--------------
2026-09-24 23:36:29,255 simple_logger.py log_once [line:14] INFO Current_time:36
2026-09-24 23:36:30,751 simple_logger.py log_once [line:28] INFO test_accuracy                 0.0974
2026-09-24 23:36:30,751 simple_logger.py log_once [line:28] INFO test_loss                     18.0747
2026-09-24 23:36:30,751 simple_logger.py log_once [line:28] INFO val_accuracy                  0.0972
2026-09-24 23:36:30,751 simple_logger.py log_once [line:28] INFO mean_val_accuracy             0.0962
2026-09-24 23:36:30,751 simple_logger.py log_once [line:28] INFO std_val_accuracy              0.2801
2026-09-24 23:36:30,752 simple_logger.py log_once [line:28] INFO val_loss                      18.1026
2026-09-24 23:36:30,752 simple_logger.py log_once [line:28] INFO mean_val_loss                 18.1211
2026-09-24 23:36:30,752 simple_logger.py log_once [line:28] INFO std_val_loss                  8.1448
2026-09-24 23:36:30,752 fedbase.py run [line:316] INFO Eval Time Cost:               1.4969s
2026-09-24 23:36:30,760 asyncbase.py iterate [line:68] INFO Select clients [np.int64(5), np.int64(12)] at time 37.
2026-09-24 23:36:31,391 asyncbase.py iterate [line:73] INFO Receive new models from clients [8] at time 37
2026-09-24 23:36:31,419 fedbase.py run [line:311] INFO --------------Round 36--------------
2026-09-24 23:36:31,419 simple_logger.py log_once [line:14] INFO Current_time:37
2026-09-24 23:36:32,923 simple_logger.py log_once [line:28] INFO test_accuracy                 0.0974
2026-09-24 23:36:32,923 simple_logger.py log_once [line:28] INFO test_loss                     731.1739
2026-09-24 23:36:32,923 simple_logger.py log_once [line:28] INFO val_accuracy                  0.0972
2026-09-24 23:36:32,923 simple_logger.py log_once [line:28] INFO mean_val_accuracy             0.0962
2026-09-24 23:36:32,923 simple_logger.py log_once [line:28] INFO std_val_accuracy              0.2801
2026-09-24 23:36:32,923 simple_logger.py log_once [line:28] INFO val_loss                      733.0236
2026-09-24 23:36:32,923 simple_logger.py log_once [line:28] INFO mean_val_loss                 733.4387
2026-09-24 23:36:32,923 simple_logger.py log_once [line:28] INFO std_val_loss                  270.4870
2026-09-24 23:36:32,923 fedbase.py run [line:316] INFO Eval Time Cost:               1.5044s
2026-09-24 23:36:32,932 asyncbase.py iterate [line:68] INFO Select clients [np.int64(8)] at time 38.
2026-09-24 23:36:33,247 asyncbase.py iterate [line:73] INFO Receive new models from clients [8] at time 38
2026-09-24 23:36:33,272 fedbase.py run [line:311] INFO --------------Round 37--------------
2026-09-24 23:36:33,272 simple_logger.py log_once [line:14] INFO Current_time:38
2026-09-24 23:36:34,757 simple_logger.py log_once [line:28] INFO test_accuracy                 0.0974
2026-09-24 23:36:34,757 simple_logger.py log_once [line:28] INFO test_loss                     18.0747
2026-09-24 23:36:34,757 simple_logger.py log_once [line:28] INFO val_accuracy                  0.0972
2026-09-24 23:36:34,757 simple_logger.py log_once [line:28] INFO mean_val_accuracy             0.0962
2026-09-24 23:36:34,757 simple_logger.py log_once [line:28] INFO std_val_accuracy              0.2801
2026-09-24 23:36:34,757 simple_logger.py log_once [line:28] INFO val_loss                      18.1026
2026-09-24 23:36:34,757 simple_logger.py log_once [line:28] INFO mean_val_loss                 18.1211
2026-09-24 23:36:34,757 simple_logger.py log_once [line:28] INFO std_val_loss                  8.1447
2026-09-24 23:36:34,757 fedbase.py run [line:316] INFO Eval Time Cost:               1.4850s
2026-09-24 23:36:34,766 asyncbase.py iterate [line:68] INFO Select clients [np.int64(8)] at time 39.
2026-09-24 23:36:35,075 asyncbase.py iterate [line:73] INFO Receive new models from clients [16, 7] at time 39
2026-09-24 23:36:35,122 fedbase.py run [line:311] INFO --------------Round 38--------------
2026-09-24 23:36:35,122 simple_logger.py log_once [line:14] INFO Current_time:39
2026-09-24 23:36:36,606 simple_logger.py log_once [line:28] INFO test_accuracy                 0.1853
2026-09-24 23:36:36,606 simple_logger.py log_once [line:28] INFO test_loss                     3.6866
2026-09-24 23:36:36,606 simple_logger.py log_once [line:28] INFO val_accuracy                  0.1860
2026-09-24 23:36:36,606 simple_logger.py log_once [line:28] INFO mean_val_accuracy             0.1861
2026-09-24 23:36:36,606 simple_logger.py log_once [line:28] INFO std_val_accuracy              0.3200
2026-09-24 23:36:36,606 simple_logger.py log_once [line:28] INFO val_loss                      3.7914
2026-09-24 23:36:36,606 simple_logger.py log_once [line:28] INFO mean_val_loss                 3.7929
2026-09-24 23:36:36,606 simple_logger.py log_once [line:28] INFO std_val_loss                  1.9458
2026-09-24 23:36:36,606 fedbase.py run [line:316] INFO Eval Time Cost:               1.4841s
2026-09-24 23:36:36,616 asyncbase.py iterate [line:68] INFO Select clients [np.int64(16), np.int64(1), np.int64(11)] at time 40.
2026-09-24 23:36:37,545 asyncbase.py iterate [line:73] INFO Receive new models from clients [5, 12, 11] at time 40
2026-09-24 23:36:37,602 fedbase.py run [line:311] INFO --------------Round 39--------------
2026-09-24 23:36:37,602 simple_logger.py log_once [line:14] INFO Current_time:40
2026-09-24 23:36:39,121 simple_logger.py log_once [line:28] INFO test_accuracy                 0.3290
2026-09-24 23:36:39,121 simple_logger.py log_once [line:28] INFO test_loss                     2.0407
2026-09-24 23:36:39,121 simple_logger.py log_once [line:28] INFO val_accuracy                  0.3364
2026-09-24 23:36:39,121 simple_logger.py log_once [line:28] INFO mean_val_accuracy             0.3378
2026-09-24 23:36:39,121 simple_logger.py log_once [line:28] INFO std_val_accuracy              0.3606
2026-09-24 23:36:39,121 simple_logger.py log_once [line:28] INFO val_loss                      2.0404
2026-09-24 23:36:39,121 simple_logger.py log_once [line:28] INFO mean_val_loss                 2.0346
2026-09-24 23:36:39,121 simple_logger.py log_once [line:28] INFO std_val_loss                  1.4804
2026-09-24 23:36:39,121 fedbase.py run [line:316] INFO Eval Time Cost:               1.5190s
2026-09-24 23:36:39,131 asyncbase.py iterate [line:68] INFO Select clients [np.int64(17), np.int64(0), np.int64(19)] at time 41.
2026-09-24 23:36:40,058 asyncbase.py iterate [line:73] INFO Receive new models from clients [1, 17, 0] at time 41
2026-09-24 23:36:40,116 fedbase.py run [line:311] INFO --------------Round 40--------------
2026-09-24 23:36:40,116 simple_logger.py log_once [line:14] INFO Current_time:41
2026-09-24 23:36:41,622 simple_logger.py log_once [line:28] INFO test_accuracy                 0.2681
2026-09-24 23:36:41,622 simple_logger.py log_once [line:28] INFO test_loss                     2.2447
2026-09-24 23:36:41,622 simple_logger.py log_once [line:28] INFO val_accuracy                  0.2724
2026-09-24 23:36:41,622 simple_logger.py log_once [line:28] INFO mean_val_accuracy             0.2735
2026-09-24 23:36:41,622 simple_logger.py log_once [line:28] INFO std_val_accuracy              0.3276
2026-09-24 23:36:41,622 simple_logger.py log_once [line:28] INFO val_loss                      2.2420
2026-09-24 23:36:41,622 simple_logger.py log_once [line:28] INFO mean_val_loss                 2.2384
2026-09-24 23:36:41,622 simple_logger.py log_once [line:28] INFO std_val_loss                  1.2229
2026-09-24 23:36:41,623 fedbase.py run [line:316] INFO Eval Time Cost:               1.5064s
2026-09-24 23:36:41,632 asyncbase.py iterate [line:68] INFO Select clients [np.int64(5), np.int64(1), np.int64(12)] at time 42.
2026-09-24 23:36:42,566 asyncbase.py iterate [line:73] INFO Receive new models from clients [8] at time 42
2026-09-24 23:36:42,593 fedbase.py run [line:311] INFO --------------Round 41--------------
2026-09-24 23:36:42,593 simple_logger.py log_once [line:14] INFO Current_time:42
2026-09-24 23:36:44,094 simple_logger.py log_once [line:28] INFO test_accuracy                 0.3317
2026-09-24 23:36:44,094 simple_logger.py log_once [line:28] INFO test_loss                     1.8926
2026-09-24 23:36:44,094 simple_logger.py log_once [line:28] INFO val_accuracy                  0.3317
2026-09-24 23:36:44,094 simple_logger.py log_once [line:28] INFO mean_val_accuracy             0.3315
2026-09-24 23:36:44,094 simple_logger.py log_once [line:28] INFO std_val_accuracy              0.3822
2026-09-24 23:36:44,094 simple_logger.py log_once [line:28] INFO val_loss                      1.9014
2026-09-24 23:36:44,094 simple_logger.py log_once [line:28] INFO mean_val_loss                 1.8998
2026-09-24 23:36:44,094 simple_logger.py log_once [line:28] INFO std_val_loss                  0.7931
2026-09-24 23:36:44,094 fedbase.py run [line:316] INFO Eval Time Cost:               1.5015s
2026-09-24 23:36:44,104 asyncbase.py iterate [line:73] INFO Receive new models from clients [19, 1, 16] at time 43
2026-09-24 23:36:44,161 fedbase.py run [line:311] INFO --------------Round 42--------------
2026-09-24 23:36:44,161 simple_logger.py log_once [line:14] INFO Current_time:43
2026-09-24 23:36:45,660 simple_logger.py log_once [line:28] INFO test_accuracy                 0.1978
2026-09-24 23:36:45,660 simple_logger.py log_once [line:28] INFO test_loss                     3.3131
2026-09-24 23:36:45,660 simple_logger.py log_once [line:28] INFO val_accuracy                  0.2040
2026-09-24 23:36:45,660 simple_logger.py log_once [line:28] INFO mean_val_accuracy             0.2043
2026-09-24 23:36:45,660 simple_logger.py log_once [line:28] INFO std_val_accuracy              0.3785
2026-09-24 23:36:45,660 simple_logger.py log_once [line:28] INFO val_loss                      3.2647
2026-09-24 23:36:45,660 simple_logger.py log_once [line:28] INFO mean_val_loss                 3.2688
2026-09-24 23:36:45,660 simple_logger.py log_once [line:28] INFO std_val_loss                  1.8029
2026-09-24 23:36:45,661 fedbase.py run [line:316] INFO Eval Time Cost:               1.4992s
2026-09-24 23:36:45,671 asyncbase.py iterate [line:68] INFO Select clients [np.int64(17), np.int64(3), np.int64(19), np.int64(0)] at time 44.
2026-09-24 23:36:46,926 asyncbase.py iterate [line:73] INFO Receive new models from clients [5] at time 44
2026-09-24 23:36:46,952 fedbase.py run [line:311] INFO --------------Round 43--------------
2026-09-24 23:36:46,952 simple_logger.py log_once [line:14] INFO Current_time:44
2026-09-24 23:36:48,447 simple_logger.py log_once [line:28] INFO test_accuracy                 0.2696
2026-09-24 23:36:48,447 simple_logger.py log_once [line:28] INFO test_loss                     3.7533
2026-09-24 23:36:48,447 simple_logger.py log_once [line:28] INFO val_accuracy                  0.2753
2026-09-24 23:36:48,447 simple_logger.py log_once [line:28] INFO mean_val_accuracy             0.2750
2026-09-24 23:36:48,447 simple_logger.py log_once [line:28] INFO std_val_accuracy              0.3861
2026-09-24 23:36:48,447 simple_logger.py log_once [line:28] INFO val_loss                      3.7011
2026-09-24 23:36:48,447 simple_logger.py log_once [line:28] INFO mean_val_loss                 3.7060
2026-09-24 23:36:48,447 simple_logger.py log_once [line:28] INFO std_val_loss                  2.4004
2026-09-24 23:36:48,447 fedbase.py run [line:316] INFO Eval Time Cost:               1.4951s
2026-09-24 23:36:48,458 asyncbase.py iterate [line:68] INFO Select clients [np.int64(9)] at time 45.
2026-09-24 23:36:48,769 asyncbase.py iterate [line:73] INFO Receive new models from clients [12, 17] at time 45
2026-09-24 23:36:48,818 fedbase.py run [line:311] INFO --------------Round 44--------------
2026-09-24 23:36:48,818 simple_logger.py log_once [line:14] INFO Current_time:45
2026-09-24 23:36:50,310 simple_logger.py log_once [line:28] INFO test_accuracy                 0.4932
2026-09-24 23:36:50,310 simple_logger.py log_once [line:28] INFO test_loss                     2.0633
2026-09-24 23:36:50,310 simple_logger.py log_once [line:28] INFO val_accuracy                  0.4895
2026-09-24 23:36:50,310 simple_logger.py log_once [line:28] INFO mean_val_accuracy             0.4886
2026-09-24 23:36:50,310 simple_logger.py log_once [line:28] INFO std_val_accuracy              0.3923
2026-09-24 23:36:50,310 simple_logger.py log_once [line:28] INFO val_loss                      2.0782
2026-09-24 23:36:50,310 simple_logger.py log_once [line:28] INFO mean_val_loss                 2.0745
2026-09-24 23:36:50,310 simple_logger.py log_once [line:28] INFO std_val_loss                  2.2033
2026-09-24 23:36:50,310 fedbase.py run [line:316] INFO Eval Time Cost:               1.4921s
2026-09-24 23:36:50,319 asyncbase.py iterate [line:68] INFO Select clients [np.int64(17)] at time 46.
2026-09-24 23:36:50,638 asyncbase.py iterate [line:73] INFO Receive new models from clients [9, 19, 0] at time 46
2026-09-24 23:36:50,695 fedbase.py run [line:311] INFO --------------Round 45--------------
2026-09-24 23:36:50,695 simple_logger.py log_once [line:14] INFO Current_time:46
2026-09-24 23:36:52,192 simple_logger.py log_once [line:28] INFO test_accuracy                 0.5017
2026-09-24 23:36:52,192 simple_logger.py log_once [line:28] INFO test_loss                     1.8821
2026-09-24 23:36:52,192 simple_logger.py log_once [line:28] INFO val_accuracy                  0.4877
2026-09-24 23:36:52,192 simple_logger.py log_once [line:28] INFO mean_val_accuracy             0.4877
2026-09-24 23:36:52,192 simple_logger.py log_once [line:28] INFO std_val_accuracy              0.3869
2026-09-24 23:36:52,192 simple_logger.py log_once [line:28] INFO val_loss                      1.8988
2026-09-24 23:36:52,192 simple_logger.py log_once [line:28] INFO mean_val_loss                 1.8952
2026-09-24 23:36:52,192 simple_logger.py log_once [line:28] INFO std_val_loss                  1.5337
2026-09-24 23:36:52,192 fedbase.py run [line:316] INFO Eval Time Cost:               1.4969s
2026-09-24 23:36:52,201 asyncbase.py iterate [line:68] INFO Select clients [np.int64(13), np.int64(18), np.int64(2), np.int64(12)] at time 47.
2026-09-24 23:36:53,458 asyncbase.py iterate [line:73] INFO Receive new models from clients [3] at time 47
2026-09-24 23:36:53,494 fedbase.py run [line:311] INFO --------------Round 46--------------
2026-09-24 23:36:53,494 simple_logger.py log_once [line:14] INFO Current_time:47
2026-09-24 23:36:54,989 simple_logger.py log_once [line:28] INFO test_accuracy                 0.2247
2026-09-24 23:36:54,989 simple_logger.py log_once [line:28] INFO test_loss                     3.9287
2026-09-24 23:36:54,989 simple_logger.py log_once [line:28] INFO val_accuracy                  0.2196
2026-09-24 23:36:54,989 simple_logger.py log_once [line:28] INFO mean_val_accuracy             0.2196
2026-09-24 23:36:54,989 simple_logger.py log_once [line:28] INFO std_val_accuracy              0.3447
2026-09-24 23:36:54,989 simple_logger.py log_once [line:28] INFO val_loss                      4.0006
2026-09-24 23:36:54,989 simple_logger.py log_once [line:28] INFO mean_val_loss                 3.9997
2026-09-24 23:36:54,989 simple_logger.py log_once [line:28] INFO std_val_loss                  2.7386
2026-09-24 23:36:54,989 fedbase.py run [line:316] INFO Eval Time Cost:               1.4948s
2026-09-24 23:36:54,998 asyncbase.py iterate [line:73] INFO Receive new models from clients [18, 12] at time 48
2026-09-24 23:36:55,047 fedbase.py run [line:311] INFO --------------Round 47--------------
2026-09-24 23:36:55,047 simple_logger.py log_once [line:14] INFO Current_time:48
2026-09-24 23:36:56,533 simple_logger.py log_once [line:28] INFO test_accuracy                 0.3737
2026-09-24 23:36:56,534 simple_logger.py log_once [line:28] INFO test_loss                     4.3754
2026-09-24 23:36:56,534 simple_logger.py log_once [line:28] INFO val_accuracy                  0.3685
2026-09-24 23:36:56,534 simple_logger.py log_once [line:28] INFO mean_val_accuracy             0.3683
2026-09-24 23:36:56,534 simple_logger.py log_once [line:28] INFO std_val_accuracy              0.3812
2026-09-24 23:36:56,534 simple_logger.py log_once [line:28] INFO val_loss                      4.4485
2026-09-24 23:36:56,534 simple_logger.py log_once [line:28] INFO mean_val_loss                 4.4454
2026-09-24 23:36:56,534 simple_logger.py log_once [line:28] INFO std_val_loss                  4.0377
2026-09-24 23:36:56,534 fedbase.py run [line:316] INFO Eval Time Cost:               1.4867s
2026-09-24 23:36:56,544 asyncbase.py iterate [line:68] INFO Select clients [np.int64(9), np.int64(14), np.int64(8)] at time 49.
2026-09-24 23:36:57,479 asyncbase.py iterate [line:73] INFO Receive new models from clients [17, 13, 14] at time 49
2026-09-24 23:36:57,538 fedbase.py run [line:311] INFO --------------Round 48--------------
2026-09-24 23:36:57,541 simple_logger.py log_once [line:14] INFO Current_time:49
2026-09-24 23:36:59,032 simple_logger.py log_once [line:28] INFO test_accuracy                 0.2951
2026-09-24 23:36:59,032 simple_logger.py log_once [line:28] INFO test_loss                     5.1927
2026-09-24 23:36:59,032 simple_logger.py log_once [line:28] INFO val_accuracy                  0.2895
2026-09-24 23:36:59,032 simple_logger.py log_once [line:28] INFO mean_val_accuracy             0.2887
2026-09-24 23:36:59,032 simple_logger.py log_once [line:28] INFO std_val_accuracy              0.3457
2026-09-24 23:36:59,032 simple_logger.py log_once [line:28] INFO val_loss                      5.2620
2026-09-24 23:36:59,032 simple_logger.py log_once [line:28] INFO mean_val_loss                 5.2634
2026-09-24 23:36:59,032 simple_logger.py log_once [line:28] INFO std_val_loss                  3.9100
2026-09-24 23:36:59,032 fedbase.py run [line:316] INFO Eval Time Cost:               1.4913s
2026-09-24 23:36:59,042 asyncbase.py iterate [line:68] INFO Select clients [np.int64(0), np.int64(7), np.int64(12)] at time 50.
2026-09-24 23:36:59,976 asyncbase.py iterate [line:73] INFO Receive new models from clients [2, 8, 7] at time 50
2026-09-24 23:37:00,036 fedbase.py run [line:311] INFO --------------Round 49--------------
2026-09-24 23:37:00,036 simple_logger.py log_once [line:14] INFO Current_time:50
2026-09-24 23:37:01,529 simple_logger.py log_once [line:28] INFO test_accuracy                 0.3663
2026-09-24 23:37:01,529 simple_logger.py log_once [line:28] INFO test_loss                     3.1602
2026-09-24 23:37:01,529 simple_logger.py log_once [line:28] INFO val_accuracy                  0.3570
2026-09-24 23:37:01,529 simple_logger.py log_once [line:28] INFO mean_val_accuracy             0.3558
2026-09-24 23:37:01,529 simple_logger.py log_once [line:28] INFO std_val_accuracy              0.3680
2026-09-24 23:37:01,529 simple_logger.py log_once [line:28] INFO val_loss                      3.1915
2026-09-24 23:37:01,529 simple_logger.py log_once [line:28] INFO mean_val_loss                 3.1921
2026-09-24 23:37:01,529 simple_logger.py log_once [line:28] INFO std_val_loss                  2.5717
2026-09-24 23:37:01,529 fedbase.py run [line:316] INFO Eval Time Cost:               1.4928s
2026-09-24 23:37:01,539 asyncbase.py iterate [line:68] INFO Select clients [np.int64(5), np.int64(3), np.int64(16)] at time 51.
2026-09-24 23:37:02,469 asyncbase.py iterate [line:73] INFO Receive new models from clients [9, 3] at time 51
2026-09-24 23:37:02,519 fedbase.py run [line:311] INFO --------------Round 50--------------
2026-09-24 23:37:02,519 simple_logger.py log_once [line:14] INFO Current_time:51
2026-09-24 23:37:04,016 simple_logger.py log_once [line:28] INFO test_accuracy                 0.2400
2026-09-24 23:37:04,016 simple_logger.py log_once [line:28] INFO test_loss                     3.1339
2026-09-24 23:37:04,016 simple_logger.py log_once [line:28] INFO val_accuracy                  0.2361
2026-09-24 23:37:04,016 simple_logger.py log_once [line:28] INFO mean_val_accuracy             0.2354
2026-09-24 23:37:04,016 simple_logger.py log_once [line:28] INFO std_val_accuracy              0.3375
2026-09-24 23:37:04,016 simple_logger.py log_once [line:28] INFO val_loss                      3.1855
2026-09-24 23:37:04,016 simple_logger.py log_once [line:28] INFO mean_val_loss                 3.1890
2026-09-24 23:37:04,016 simple_logger.py log_once [line:28] INFO std_val_loss                  2.1828
2026-09-24 23:37:04,016 fedbase.py run [line:316] INFO Eval Time Cost:               1.4974s
2026-09-24 23:37:04,025 asyncbase.py iterate [line:68] INFO Select clients [np.int64(2), np.int64(18)] at time 52.
2026-09-24 23:37:04,644 asyncbase.py iterate [line:73] INFO Receive new models from clients [2] at time 52
2026-09-24 23:37:04,671 fedbase.py run [line:311] INFO --------------Round 51--------------
2026-09-24 23:37:04,671 simple_logger.py log_once [line:14] INFO Current_time:52
2026-09-24 23:37:06,181 simple_logger.py log_once [line:28] INFO test_accuracy                 0.3504
2026-09-24 23:37:06,181 simple_logger.py log_once [line:28] INFO test_loss                     5.0857
2026-09-24 23:37:06,181 simple_logger.py log_once [line:28] INFO val_accuracy                  0.3473
2026-09-24 23:37:06,181 simple_logger.py log_once [line:28] INFO mean_val_accuracy             0.3470
2026-09-24 23:37:06,181 simple_logger.py log_once [line:28] INFO std_val_accuracy              0.4138
2026-09-24 23:37:06,181 simple_logger.py log_once [line:28] INFO val_loss                      5.1796
2026-09-24 23:37:06,181 simple_logger.py log_once [line:28] INFO mean_val_loss                 5.1711
2026-09-24 23:37:06,182 simple_logger.py log_once [line:28] INFO std_val_loss                  4.5808
2026-09-24 23:37:06,182 fedbase.py run [line:316] INFO Eval Time Cost:               1.5109s
2026-09-24 23:37:06,190 asyncbase.py iterate [line:68] INFO Select clients [np.int64(10)] at time 53.
2026-09-24 23:37:06,503 asyncbase.py iterate [line:73] INFO Receive new models from clients [0, 10, 12] at time 53
2026-09-24 23:37:06,561 fedbase.py run [line:311] INFO --------------Round 52--------------
2026-09-24 23:37:06,561 simple_logger.py log_once [line:14] INFO Current_time:53
2026-09-24 23:37:08,060 simple_logger.py log_once [line:28] INFO test_accuracy                 0.2782
2026-09-24 23:37:08,060 simple_logger.py log_once [line:28] INFO test_loss                     3.7595
2026-09-24 23:37:08,060 simple_logger.py log_once [line:28] INFO val_accuracy                  0.2718
2026-09-24 23:37:08,060 simple_logger.py log_once [line:28] INFO mean_val_accuracy             0.2714
2026-09-24 23:37:08,060 simple_logger.py log_once [line:28] INFO std_val_accuracy              0.3373
2026-09-24 23:37:08,060 simple_logger.py log_once [line:28] INFO val_loss                      3.7505
2026-09-24 23:37:08,060 simple_logger.py log_once [line:28] INFO mean_val_loss                 3.7431
2026-09-24 23:37:08,060 simple_logger.py log_once [line:28] INFO std_val_loss                  2.7274
2026-09-24 23:37:08,060 fedbase.py run [line:316] INFO Eval Time Cost:               1.4995s
2026-09-24 23:37:08,068 asyncbase.py iterate [line:68] INFO Select clients [np.int64(0), np.int64(13)] at time 54.
2026-09-24 23:37:08,684 asyncbase.py iterate [line:73] INFO Receive new models from clients [5, 16] at time 54
2026-09-24 23:37:08,732 fedbase.py run [line:311] INFO --------------Round 53--------------
2026-09-24 23:37:08,732 simple_logger.py log_once [line:14] INFO Current_time:54
2026-09-24 23:37:10,235 simple_logger.py log_once [line:28] INFO test_accuracy                 0.2283
2026-09-24 23:37:10,235 simple_logger.py log_once [line:28] INFO test_loss                     5.9847
2026-09-24 23:37:10,235 simple_logger.py log_once [line:28] INFO val_accuracy                  0.2212
2026-09-24 23:37:10,235 simple_logger.py log_once [line:28] INFO mean_val_accuracy             0.2204
2026-09-24 23:37:10,235 simple_logger.py log_once [line:28] INFO std_val_accuracy              0.3421
2026-09-24 23:37:10,235 simple_logger.py log_once [line:28] INFO val_loss                      5.9664
2026-09-24 23:37:10,235 simple_logger.py log_once [line:28] INFO mean_val_loss                 5.9567
2026-09-24 23:37:10,236 simple_logger.py log_once [line:28] INFO std_val_loss                  4.3922
2026-09-24 23:37:10,236 fedbase.py run [line:316] INFO Eval Time Cost:               1.5031s
2026-09-24 23:37:10,245 asyncbase.py iterate [line:68] INFO Select clients [np.int64(7), np.int64(6), np.int64(3)] at time 55.
2026-09-24 23:37:11,175 asyncbase.py iterate [line:73] INFO Receive new models from clients [18] at time 55
2026-09-24 23:37:11,199 fedbase.py run [line:311] INFO --------------Round 54--------------
2026-09-24 23:37:11,199 simple_logger.py log_once [line:14] INFO Current_time:55
2026-09-24 23:37:12,749 simple_logger.py log_once [line:28] INFO test_accuracy                 0.1148
2026-09-24 23:37:12,750 simple_logger.py log_once [line:28] INFO test_loss                     15.7833
2026-09-24 23:37:12,750 simple_logger.py log_once [line:28] INFO val_accuracy                  0.1134
2026-09-24 23:37:12,750 simple_logger.py log_once [line:28] INFO mean_val_accuracy             0.1126
2026-09-24 23:37:12,750 simple_logger.py log_once [line:28] INFO std_val_accuracy              0.2968
2026-09-24 23:37:12,750 simple_logger.py log_once [line:28] INFO val_loss                      15.7127
2026-09-24 23:37:12,750 simple_logger.py log_once [line:28] INFO mean_val_loss                 15.7011
2026-09-24 23:37:12,750 simple_logger.py log_once [line:28] INFO std_val_loss                  9.0183
2026-09-24 23:37:12,750 fedbase.py run [line:316] INFO Eval Time Cost:               1.5508s
2026-09-24 23:37:12,760 asyncbase.py iterate [line:73] INFO Receive new models from clients [7, 13] at time 56
2026-09-24 23:37:12,807 fedbase.py run [line:311] INFO --------------Round 55--------------
2026-09-24 23:37:12,807 simple_logger.py log_once [line:14] INFO Current_time:56
2026-09-24 23:37:14,529 simple_logger.py log_once [line:28] INFO test_accuracy                 0.5340
2026-09-24 23:37:14,529 simple_logger.py log_once [line:28] INFO test_loss                     1.7616
2026-09-24 23:37:14,529 simple_logger.py log_once [line:28] INFO val_accuracy                  0.5206
2026-09-24 23:37:14,529 simple_logger.py log_once [line:28] INFO mean_val_accuracy             0.5209
2026-09-24 23:37:14,529 simple_logger.py log_once [line:28] INFO std_val_accuracy              0.3670
2026-09-24 23:37:14,529 simple_logger.py log_once [line:28] INFO val_loss                      1.7843
2026-09-24 23:37:14,529 simple_logger.py log_once [line:28] INFO mean_val_loss                 1.7814
2026-09-24 23:37:14,529 simple_logger.py log_once [line:28] INFO std_val_loss                  1.2421
2026-09-24 23:37:14,529 fedbase.py run [line:316] INFO Eval Time Cost:               1.7224s
2026-09-24 23:37:14,540 asyncbase.py iterate [line:68] INFO Select clients [np.int64(16), np.int64(18), np.int64(7)] at time 57.
2026-09-24 23:37:15,609 asyncbase.py iterate [line:73] INFO Receive new models from clients [0, 6] at time 57
2026-09-24 23:37:15,656 fedbase.py run [line:311] INFO --------------Round 56--------------
2026-09-24 23:37:15,656 simple_logger.py log_once [line:14] INFO Current_time:57
2026-09-24 23:37:17,169 simple_logger.py log_once [line:28] INFO test_accuracy                 0.3779
2026-09-24 23:37:17,169 simple_logger.py log_once [line:28] INFO test_loss                     2.7552
2026-09-24 23:37:17,169 simple_logger.py log_once [line:28] INFO val_accuracy                  0.3769
2026-09-24 23:37:17,169 simple_logger.py log_once [line:28] INFO mean_val_accuracy             0.3784
2026-09-24 23:37:17,169 simple_logger.py log_once [line:28] INFO std_val_accuracy              0.3857
2026-09-24 23:37:17,169 simple_logger.py log_once [line:28] INFO val_loss                      2.7567
2026-09-24 23:37:17,169 simple_logger.py log_once [line:28] INFO mean_val_loss                 2.7532
2026-09-24 23:37:17,169 simple_logger.py log_once [line:28] INFO std_val_loss                  2.3570
2026-09-24 23:37:17,170 fedbase.py run [line:316] INFO Eval Time Cost:               1.5131s
2026-09-24 23:37:17,180 asyncbase.py iterate [line:68] INFO Select clients [np.int64(9), np.int64(10)] at time 58.
2026-09-24 23:37:17,816 asyncbase.py iterate [line:73] INFO Receive new models from clients [18, 3, 9, 7] at time 58
2026-09-24 23:37:17,883 fedbase.py run [line:311] INFO --------------Round 57--------------
2026-09-24 23:37:17,883 simple_logger.py log_once [line:14] INFO Current_time:58
2026-09-24 23:37:19,382 simple_logger.py log_once [line:28] INFO test_accuracy                 0.3127
2026-09-24 23:37:19,382 simple_logger.py log_once [line:28] INFO test_loss                     6.1762
2026-09-24 23:37:19,382 simple_logger.py log_once [line:28] INFO val_accuracy                  0.3158
2026-09-24 23:37:19,382 simple_logger.py log_once [line:28] INFO mean_val_accuracy             0.3174
2026-09-24 23:37:19,382 simple_logger.py log_once [line:28] INFO std_val_accuracy              0.3720
2026-09-24 23:37:19,382 simple_logger.py log_once [line:28] INFO val_loss                      6.1972
2026-09-24 23:37:19,382 simple_logger.py log_once [line:28] INFO mean_val_loss                 6.1925
2026-09-24 23:37:19,382 simple_logger.py log_once [line:28] INFO std_val_loss                  5.9804
2026-09-24 23:37:19,382 fedbase.py run [line:316] INFO Eval Time Cost:               1.4990s
2026-09-24 23:37:19,391 asyncbase.py iterate [line:68] INFO Select clients [np.int64(1), np.int64(19), np.int64(9), np.int64(14)] at time 59.
2026-09-24 23:37:20,658 asyncbase.py iterate [line:73] INFO Receive new models from clients [1, 16, 19] at time 60
2026-09-24 23:37:20,715 fedbase.py run [line:311] INFO --------------Round 58--------------
2026-09-24 23:37:20,739 simple_logger.py log_once [line:14] INFO Current_time:60
2026-09-24 23:37:22,370 simple_logger.py log_once [line:28] INFO test_accuracy                 0.2362
2026-09-24 23:37:22,370 simple_logger.py log_once [line:28] INFO test_loss                     11.8664
2026-09-24 23:37:22,370 simple_logger.py log_once [line:28] INFO val_accuracy                  0.2355
2026-09-24 23:37:22,370 simple_logger.py log_once [line:28] INFO mean_val_accuracy             0.2353
2026-09-24 23:37:22,370 simple_logger.py log_once [line:28] INFO std_val_accuracy              0.3425
2026-09-24 23:37:22,371 simple_logger.py log_once [line:28] INFO val_loss                      12.0405
2026-09-24 23:37:22,371 simple_logger.py log_once [line:28] INFO mean_val_loss                 12.0428
2026-09-24 23:37:22,371 simple_logger.py log_once [line:28] INFO std_val_loss                  9.0309
2026-09-24 23:37:22,371 fedbase.py run [line:316] INFO Eval Time Cost:               1.6315s
2026-09-24 23:37:22,381 asyncbase.py iterate [line:68] INFO Select clients [np.int64(19), np.int64(11), np.int64(15)] at time 61.
2026-09-24 23:37:23,328 asyncbase.py iterate [line:73] INFO Receive new models from clients [10, 11] at time 61
2026-09-24 23:37:23,380 fedbase.py run [line:311] INFO --------------Round 59--------------
2026-09-24 23:37:23,380 simple_logger.py log_once [line:14] INFO Current_time:61
2026-09-24 23:37:24,890 simple_logger.py log_once [line:28] INFO test_accuracy                 0.4355
2026-09-24 23:37:24,890 simple_logger.py log_once [line:28] INFO test_loss                     2.9682
2026-09-24 23:37:24,890 simple_logger.py log_once [line:28] INFO val_accuracy                  0.4249
2026-09-24 23:37:24,890 simple_logger.py log_once [line:28] INFO mean_val_accuracy             0.4261
2026-09-24 23:37:24,890 simple_logger.py log_once [line:28] INFO std_val_accuracy              0.3912
2026-09-24 23:37:24,890 simple_logger.py log_once [line:28] INFO val_loss                      2.9890
2026-09-24 23:37:24,890 simple_logger.py log_once [line:28] INFO mean_val_loss                 2.9860
2026-09-24 23:37:24,890 simple_logger.py log_once [line:28] INFO std_val_loss                  2.9101
2026-09-24 23:37:24,890 fedbase.py run [line:316] INFO Eval Time Cost:               1.5102s
2026-09-24 23:37:24,898 asyncbase.py iterate [line:68] INFO Select clients [np.int64(7), np.int64(0)] at time 62.
2026-09-24 23:37:25,523 asyncbase.py iterate [line:73] INFO Receive new models from clients [15, 19, 14, 9] at time 62
2026-09-24 23:37:25,592 fedbase.py run [line:311] INFO --------------Round 60--------------
2026-09-24 23:37:25,592 simple_logger.py log_once [line:14] INFO Current_time:62
2026-09-24 23:37:27,086 simple_logger.py log_once [line:28] INFO test_accuracy                 0.1032
2026-09-24 23:37:27,086 simple_logger.py log_once [line:28] INFO test_loss                     18.9876
2026-09-24 23:37:27,086 simple_logger.py log_once [line:28] INFO val_accuracy                  0.0983
2026-09-24 23:37:27,086 simple_logger.py log_once [line:28] INFO mean_val_accuracy             0.0993
2026-09-24 23:37:27,086 simple_logger.py log_once [line:28] INFO std_val_accuracy              0.2871
2026-09-24 23:37:27,086 simple_logger.py log_once [line:28] INFO val_loss                      19.0663
2026-09-24 23:37:27,086 simple_logger.py log_once [line:28] INFO mean_val_loss                 19.0623
2026-09-24 23:37:27,086 simple_logger.py log_once [line:28] INFO std_val_loss                  12.3527
2026-09-24 23:37:27,086 fedbase.py run [line:316] INFO Eval Time Cost:               1.4940s
2026-09-24 23:37:27,097 asyncbase.py iterate [line:68] INFO Select clients [np.int64(14), np.int64(16), np.int64(9)] at time 63.
2026-09-24 23:37:28,036 asyncbase.py iterate [line:73] INFO Receive new models from clients [7] at time 63
2026-09-24 23:37:28,061 fedbase.py run [line:311] INFO --------------Round 61--------------
2026-09-24 23:37:28,061 simple_logger.py log_once [line:14] INFO Current_time:63
2026-09-24 23:37:29,567 simple_logger.py log_once [line:28] INFO test_accuracy                 0.1902
2026-09-24 23:37:29,567 simple_logger.py log_once [line:28] INFO test_loss                     12.2676
2026-09-24 23:37:29,567 simple_logger.py log_once [line:28] INFO val_accuracy                  0.1865
2026-09-24 23:37:29,567 simple_logger.py log_once [line:28] INFO mean_val_accuracy             0.1877
2026-09-24 23:37:29,567 simple_logger.py log_once [line:28] INFO std_val_accuracy              0.3295
2026-09-24 23:37:29,567 simple_logger.py log_once [line:28] INFO val_loss                      12.2839
2026-09-24 23:37:29,567 simple_logger.py log_once [line:28] INFO mean_val_loss                 12.2838
2026-09-24 23:37:29,567 simple_logger.py log_once [line:28] INFO std_val_loss                  9.8777
2026-09-24 23:37:29,567 fedbase.py run [line:316] INFO Eval Time Cost:               1.5060s
2026-09-24 23:37:29,579 asyncbase.py iterate [line:68] INFO Select clients [np.int64(17)] at time 64.
2026-09-24 23:37:29,899 asyncbase.py iterate [line:73] INFO Receive new models from clients [0, 17] at time 64
2026-09-24 23:37:29,949 fedbase.py run [line:311] INFO --------------Round 62--------------
2026-09-24 23:37:29,949 simple_logger.py log_once [line:14] INFO Current_time:64
2026-09-24 23:37:31,452 simple_logger.py log_once [line:28] INFO test_accuracy                 0.1767
2026-09-24 23:37:31,452 simple_logger.py log_once [line:28] INFO test_loss                     2.2505
2026-09-24 23:37:31,453 simple_logger.py log_once [line:28] INFO val_accuracy                  0.1732
2026-09-24 23:37:31,453 simple_logger.py log_once [line:28] INFO mean_val_accuracy             0.1735
2026-09-24 23:37:31,453 simple_logger.py log_once [line:28] INFO std_val_accuracy              0.2925
2026-09-24 23:37:31,453 simple_logger.py log_once [line:28] INFO val_loss                      2.2506
2026-09-24 23:37:31,453 simple_logger.py log_once [line:28] INFO mean_val_loss                 2.2521
2026-09-24 23:37:31,453 simple_logger.py log_once [line:28] INFO std_val_loss                  0.7921
2026-09-24 23:37:31,453 fedbase.py run [line:316] INFO Eval Time Cost:               1.5039s
2026-09-24 23:37:31,461 asyncbase.py iterate [line:68] INFO Select clients [np.int64(1), np.int64(12), np.int64(5)] at time 65.
2026-09-24 23:37:32,398 asyncbase.py iterate [line:73] INFO Receive new models from clients [16, 9, 14, 1, 12] at time 65
2026-09-24 23:37:32,477 fedbase.py run [line:311] INFO --------------Round 63--------------
2026-09-24 23:37:32,477 simple_logger.py log_once [line:14] INFO Current_time:65
2026-09-24 23:37:33,963 simple_logger.py log_once [line:28] INFO test_accuracy                 0.1010
2026-09-24 23:37:33,963 simple_logger.py log_once [line:28] INFO test_loss                     29.8334
2026-09-24 23:37:33,963 simple_logger.py log_once [line:28] INFO val_accuracy                  0.1020
2026-09-24 23:37:33,963 simple_logger.py log_once [line:28] INFO mean_val_accuracy             0.1016
2026-09-24 23:37:33,963 simple_logger.py log_once [line:28] INFO std_val_accuracy              0.2730
2026-09-24 23:37:33,963 simple_logger.py log_once [line:28] INFO val_loss                      29.7851
2026-09-24 23:37:33,963 simple_logger.py log_once [line:28] INFO mean_val_loss                 29.7827
2026-09-24 23:37:33,963 simple_logger.py log_once [line:28] INFO std_val_loss                  18.6821
2026-09-24 23:37:33,963 fedbase.py run [line:316] INFO Eval Time Cost:               1.4862s
2026-09-24 23:37:33,972 asyncbase.py iterate [line:68] INFO Select clients [np.int64(4), np.int64(11), np.int64(14), np.int64(1), np.int64(18)] at time 66.
2026-09-24 23:37:35,527 asyncbase.py iterate [line:73] INFO Receive new models from clients [5, 18, 1] at time 66
2026-09-24 23:37:35,591 fedbase.py run [line:311] INFO --------------Round 64--------------
2026-09-24 23:37:35,591 simple_logger.py log_once [line:14] INFO Current_time:66
2026-09-24 23:37:37,095 simple_logger.py log_once [line:28] INFO test_accuracy                 0.3997
2026-09-24 23:37:37,096 simple_logger.py log_once [line:28] INFO test_loss                     2.4049
2026-09-24 23:37:37,096 simple_logger.py log_once [line:28] INFO val_accuracy                  0.3989
2026-09-24 23:37:37,096 simple_logger.py log_once [line:28] INFO mean_val_accuracy             0.3988
2026-09-24 23:37:37,096 simple_logger.py log_once [line:28] INFO std_val_accuracy              0.3571
2026-09-24 23:37:37,096 simple_logger.py log_once [line:28] INFO val_loss                      2.3925
2026-09-24 23:37:37,096 simple_logger.py log_once [line:28] INFO mean_val_loss                 2.3914
2026-09-24 23:37:37,096 simple_logger.py log_once [line:28] INFO std_val_loss                  2.0115
2026-09-24 23:37:37,096 fedbase.py run [line:316] INFO Eval Time Cost:               1.5048s
2026-09-24 23:37:37,104 asyncbase.py iterate [line:68] INFO Select clients [np.int64(16), np.int64(0), np.int64(7)] at time 67.
2026-09-24 23:37:38,035 asyncbase.py iterate [line:73] INFO Receive new models from clients [4, 14, 7, 16] at time 67
2026-09-24 23:37:38,105 fedbase.py run [line:311] INFO --------------Round 65--------------
2026-09-24 23:37:38,105 simple_logger.py log_once [line:14] INFO Current_time:67
2026-09-24 23:37:39,605 simple_logger.py log_once [line:28] INFO test_accuracy                 0.4397
2026-09-24 23:37:39,605 simple_logger.py log_once [line:28] INFO test_loss                     1.6568
2026-09-24 23:37:39,606 simple_logger.py log_once [line:28] INFO val_accuracy                  0.4340
2026-09-24 23:37:39,606 simple_logger.py log_once [line:28] INFO mean_val_accuracy             0.4331
2026-09-24 23:37:39,606 simple_logger.py log_once [line:28] INFO std_val_accuracy              0.3741
2026-09-24 23:37:39,606 simple_logger.py log_once [line:28] INFO val_loss                      1.6550
2026-09-24 23:37:39,606 simple_logger.py log_once [line:28] INFO mean_val_loss                 1.6567
2026-09-24 23:37:39,606 simple_logger.py log_once [line:28] INFO std_val_loss                  0.7740
2026-09-24 23:37:39,606 fedbase.py run [line:316] INFO Eval Time Cost:               1.5009s
2026-09-24 23:37:39,617 asyncbase.py iterate [line:68] INFO Select clients [np.int64(8), np.int64(3), np.int64(12), np.int64(6)] at time 68.
2026-09-24 23:37:40,887 asyncbase.py iterate [line:73] INFO Receive new models from clients [11, 12] at time 68
2026-09-24 23:37:40,938 fedbase.py run [line:311] INFO --------------Round 66--------------
2026-09-24 23:37:40,939 simple_logger.py log_once [line:14] INFO Current_time:68
2026-09-24 23:37:42,422 simple_logger.py log_once [line:28] INFO test_accuracy                 0.3207
2026-09-24 23:37:42,422 simple_logger.py log_once [line:28] INFO test_loss                     1.7297
2026-09-24 23:37:42,422 simple_logger.py log_once [line:28] INFO val_accuracy                  0.3211
2026-09-24 23:37:42,422 simple_logger.py log_once [line:28] INFO mean_val_accuracy             0.3222
2026-09-24 23:37:42,422 simple_logger.py log_once [line:28] INFO std_val_accuracy              0.3698
2026-09-24 23:37:42,422 simple_logger.py log_once [line:28] INFO val_loss                      1.7324
2026-09-24 23:37:42,422 simple_logger.py log_once [line:28] INFO mean_val_loss                 1.7302
2026-09-24 23:37:42,422 simple_logger.py log_once [line:28] INFO std_val_loss                  0.8000
2026-09-24 23:37:42,422 fedbase.py run [line:316] INFO Eval Time Cost:               1.4839s
2026-09-24 23:37:42,431 asyncbase.py iterate [line:68] INFO Select clients [np.int64(12)] at time 69.
2026-09-24 23:37:42,750 asyncbase.py iterate [line:73] INFO Receive new models from clients [0, 8] at time 69
2026-09-24 23:37:42,801 fedbase.py run [line:311] INFO --------------Round 67--------------
2026-09-24 23:37:42,801 simple_logger.py log_once [line:14] INFO Current_time:69
2026-09-24 23:37:44,312 simple_logger.py log_once [line:28] INFO test_accuracy                 0.3908
2026-09-24 23:37:44,312 simple_logger.py log_once [line:28] INFO test_loss                     1.8077
2026-09-24 23:37:44,312 simple_logger.py log_once [line:28] INFO val_accuracy                  0.3847
2026-09-24 23:37:44,312 simple_logger.py log_once [line:28] INFO mean_val_accuracy             0.3854
2026-09-24 23:37:44,312 simple_logger.py log_once [line:28] INFO std_val_accuracy              0.3804
2026-09-24 23:37:44,312 simple_logger.py log_once [line:28] INFO val_loss                      1.8132
2026-09-24 23:37:44,312 simple_logger.py log_once [line:28] INFO mean_val_loss                 1.8111
2026-09-24 23:37:44,312 simple_logger.py log_once [line:28] INFO std_val_loss                  0.6564
2026-09-24 23:37:44,313 fedbase.py run [line:316] INFO Eval Time Cost:               1.5116s
2026-09-24 23:37:44,323 asyncbase.py iterate [line:68] INFO Select clients [np.int64(14), np.int64(9), np.int64(10)] at time 70.
2026-09-24 23:37:45,274 asyncbase.py iterate [line:73] INFO Receive new models from clients [3] at time 70
2026-09-24 23:37:45,301 fedbase.py run [line:311] INFO --------------Round 68--------------
2026-09-24 23:37:45,301 simple_logger.py log_once [line:14] INFO Current_time:70
2026-09-24 23:37:46,808 simple_logger.py log_once [line:28] INFO test_accuracy                 0.3937
2026-09-24 23:37:46,808 simple_logger.py log_once [line:28] INFO test_loss                     1.6395
2026-09-24 23:37:46,808 simple_logger.py log_once [line:28] INFO val_accuracy                  0.3974
2026-09-24 23:37:46,808 simple_logger.py log_once [line:28] INFO mean_val_accuracy             0.3981
2026-09-24 23:37:46,808 simple_logger.py log_once [line:28] INFO std_val_accuracy              0.3346
2026-09-24 23:37:46,808 simple_logger.py log_once [line:28] INFO val_loss                      1.6481
2026-09-24 23:37:46,808 simple_logger.py log_once [line:28] INFO mean_val_loss                 1.6461
2026-09-24 23:37:46,808 simple_logger.py log_once [line:28] INFO std_val_loss                  0.7118
2026-09-24 23:37:46,808 fedbase.py run [line:316] INFO Eval Time Cost:               1.5076s
2026-09-24 23:37:46,818 asyncbase.py iterate [line:68] INFO Select clients [np.int64(3)] at time 71.
2026-09-24 23:37:47,140 asyncbase.py iterate [line:73] INFO Receive new models from clients [6, 3] at time 71
2026-09-24 23:37:47,189 fedbase.py run [line:311] INFO --------------Round 69--------------
2026-09-24 23:37:47,189 simple_logger.py log_once [line:14] INFO Current_time:71
2026-09-24 23:37:48,679 simple_logger.py log_once [line:28] INFO test_accuracy                 0.3939
2026-09-24 23:37:48,679 simple_logger.py log_once [line:28] INFO test_loss                     2.0416
2026-09-24 23:37:48,679 simple_logger.py log_once [line:28] INFO val_accuracy                  0.3973
2026-09-24 23:37:48,679 simple_logger.py log_once [line:28] INFO mean_val_accuracy             0.3973
2026-09-24 23:37:48,679 simple_logger.py log_once [line:28] INFO std_val_accuracy              0.3602
2026-09-24 23:37:48,679 simple_logger.py log_once [line:28] INFO val_loss                      2.0475
2026-09-24 23:37:48,679 simple_logger.py log_once [line:28] INFO mean_val_loss                 2.0482
2026-09-24 23:37:48,679 simple_logger.py log_once [line:28] INFO std_val_loss                  1.6192
2026-09-24 23:37:48,680 fedbase.py run [line:316] INFO Eval Time Cost:               1.4902s
2026-09-24 23:37:48,688 asyncbase.py iterate [line:68] INFO Select clients [np.int64(6), np.int64(1)] at time 72.
2026-09-24 23:37:49,314 asyncbase.py iterate [line:73] INFO Receive new models from clients [9, 1, 12] at time 72
2026-09-24 23:37:49,375 fedbase.py run [line:311] INFO --------------Round 70--------------
2026-09-24 23:37:49,375 simple_logger.py log_once [line:14] INFO Current_time:72
2026-09-24 23:37:50,873 simple_logger.py log_once [line:28] INFO test_accuracy                 0.4135
2026-09-24 23:37:50,873 simple_logger.py log_once [line:28] INFO test_loss                     2.1122
2026-09-24 23:37:50,873 simple_logger.py log_once [line:28] INFO val_accuracy                  0.4190
2026-09-24 23:37:50,873 simple_logger.py log_once [line:28] INFO mean_val_accuracy             0.4192
2026-09-24 23:37:50,873 simple_logger.py log_once [line:28] INFO std_val_accuracy              0.3904
2026-09-24 23:37:50,873 simple_logger.py log_once [line:28] INFO val_loss                      2.1126
2026-09-24 23:37:50,874 simple_logger.py log_once [line:28] INFO mean_val_loss                 2.1130
2026-09-24 23:37:50,874 simple_logger.py log_once [line:28] INFO std_val_loss                  1.7971
2026-09-24 23:37:50,874 fedbase.py run [line:316] INFO Eval Time Cost:               1.4989s
2026-09-24 23:37:50,883 asyncbase.py iterate [line:68] INFO Select clients [np.int64(18), np.int64(8)] at time 73.
2026-09-24 23:37:51,505 asyncbase.py iterate [line:73] INFO Receive new models from clients [14, 10, 8] at time 73
2026-09-24 23:37:51,566 fedbase.py run [line:311] INFO --------------Round 71--------------
2026-09-24 23:37:51,566 simple_logger.py log_once [line:14] INFO Current_time:73
2026-09-24 23:37:53,058 simple_logger.py log_once [line:28] INFO test_accuracy                 0.3509
2026-09-24 23:37:53,059 simple_logger.py log_once [line:28] INFO test_loss                     2.8829
2026-09-24 23:37:53,059 simple_logger.py log_once [line:28] INFO val_accuracy                  0.3645
2026-09-24 23:37:53,059 simple_logger.py log_once [line:28] INFO mean_val_accuracy             0.3647
2026-09-24 23:37:53,059 simple_logger.py log_once [line:28] INFO std_val_accuracy              0.3935
2026-09-24 23:37:53,059 simple_logger.py log_once [line:28] INFO val_loss                      2.8664
2026-09-24 23:37:53,059 simple_logger.py log_once [line:28] INFO mean_val_loss                 2.8653
2026-09-24 23:37:53,059 simple_logger.py log_once [line:28] INFO std_val_loss                  2.3471
2026-09-24 23:37:53,059 fedbase.py run [line:316] INFO Eval Time Cost:               1.4929s
2026-09-24 23:37:53,068 asyncbase.py iterate [line:68] INFO Select clients [np.int64(7), np.int64(16), np.int64(11)] at time 74.
2026-09-24 23:37:54,010 asyncbase.py iterate [line:68] INFO Select clients [np.int64(4)] at time 75.
2026-09-24 23:37:54,319 asyncbase.py iterate [line:73] INFO Receive new models from clients [7, 6] at time 75
2026-09-24 23:37:54,367 fedbase.py run [line:311] INFO --------------Round 72--------------
2026-09-24 23:37:54,368 simple_logger.py log_once [line:14] INFO Current_time:75
2026-09-24 23:37:55,862 simple_logger.py log_once [line:28] INFO test_accuracy                 0.3827
2026-09-24 23:37:55,862 simple_logger.py log_once [line:28] INFO test_loss                     2.1763
2026-09-24 23:37:55,863 simple_logger.py log_once [line:28] INFO val_accuracy                  0.3958
2026-09-24 23:37:55,863 simple_logger.py log_once [line:28] INFO mean_val_accuracy             0.3963
2026-09-24 23:37:55,863 simple_logger.py log_once [line:28] INFO std_val_accuracy              0.3803
2026-09-24 23:37:55,863 simple_logger.py log_once [line:28] INFO val_loss                      2.1769
2026-09-24 23:37:55,863 simple_logger.py log_once [line:28] INFO mean_val_loss                 2.1728
2026-09-24 23:37:55,863 simple_logger.py log_once [line:28] INFO std_val_loss                  1.5656
2026-09-24 23:37:55,863 fedbase.py run [line:316] INFO Eval Time Cost:               1.4952s
2026-09-24 23:37:55,871 asyncbase.py iterate [line:68] INFO Select clients [np.int64(6), np.int64(13)] at time 76.
2026-09-24 23:37:56,489 asyncbase.py iterate [line:73] INFO Receive new models from clients [4, 18, 11] at time 76
2026-09-24 23:37:56,547 fedbase.py run [line:311] INFO --------------Round 73--------------
2026-09-24 23:37:56,547 simple_logger.py log_once [line:14] INFO Current_time:76
2026-09-24 23:37:58,048 simple_logger.py log_once [line:28] INFO test_accuracy                 0.5349
2026-09-24 23:37:58,049 simple_logger.py log_once [line:28] INFO test_loss                     1.7986
2026-09-24 23:37:58,049 simple_logger.py log_once [line:28] INFO val_accuracy                  0.5263
2026-09-24 23:37:58,049 simple_logger.py log_once [line:28] INFO mean_val_accuracy             0.5272
2026-09-24 23:37:58,049 simple_logger.py log_once [line:28] INFO std_val_accuracy              0.3566
2026-09-24 23:37:58,049 simple_logger.py log_once [line:28] INFO val_loss                      1.7848
2026-09-24 23:37:58,049 simple_logger.py log_once [line:28] INFO mean_val_loss                 1.7808
2026-09-24 23:37:58,049 simple_logger.py log_once [line:28] INFO std_val_loss                  1.5837
2026-09-24 23:37:58,049 fedbase.py run [line:316] INFO Eval Time Cost:               1.5015s
2026-09-24 23:37:58,058 asyncbase.py iterate [line:68] INFO Select clients [np.int64(10), np.int64(11), np.int64(15)] at time 77.
2026-09-24 23:37:58,990 asyncbase.py iterate [line:73] INFO Receive new models from clients [6, 16] at time 77
2026-09-24 23:37:59,040 fedbase.py run [line:311] INFO --------------Round 74--------------
2026-09-24 23:37:59,040 simple_logger.py log_once [line:14] INFO Current_time:77
2026-09-24 23:38:00,555 simple_logger.py log_once [line:28] INFO test_accuracy                 0.5806
2026-09-24 23:38:00,555 simple_logger.py log_once [line:28] INFO test_loss                     1.7282
2026-09-24 23:38:00,555 simple_logger.py log_once [line:28] INFO val_accuracy                  0.5735
2026-09-24 23:38:00,555 simple_logger.py log_once [line:28] INFO mean_val_accuracy             0.5743
2026-09-24 23:38:00,555 simple_logger.py log_once [line:28] INFO std_val_accuracy              0.3380
2026-09-24 23:38:00,555 simple_logger.py log_once [line:28] INFO val_loss                      1.7130
2026-09-24 23:38:00,555 simple_logger.py log_once [line:28] INFO mean_val_loss                 1.7093
2026-09-24 23:38:00,555 simple_logger.py log_once [line:28] INFO std_val_loss                  1.6045
2026-09-24 23:38:00,555 fedbase.py run [line:316] INFO Eval Time Cost:               1.5153s
2026-09-24 23:38:00,565 asyncbase.py iterate [line:68] INFO Select clients [np.int64(7), np.int64(19)] at time 78.
2026-09-24 23:38:01,191 asyncbase.py iterate [line:73] INFO Receive new models from clients [10] at time 78
2026-09-24 23:38:01,216 fedbase.py run [line:311] INFO --------------Round 75--------------
2026-09-24 23:38:01,216 simple_logger.py log_once [line:14] INFO Current_time:78
2026-09-24 23:38:02,724 simple_logger.py log_once [line:28] INFO test_accuracy                 0.3469
2026-09-24 23:38:02,725 simple_logger.py log_once [line:28] INFO test_loss                     4.0529
2026-09-24 23:38:02,725 simple_logger.py log_once [line:28] INFO val_accuracy                  0.3489
2026-09-24 23:38:02,725 simple_logger.py log_once [line:28] INFO mean_val_accuracy             0.3489
2026-09-24 23:38:02,725 simple_logger.py log_once [line:28] INFO std_val_accuracy              0.3271
2026-09-24 23:38:02,725 simple_logger.py log_once [line:28] INFO val_loss                      4.1385
2026-09-24 23:38:02,725 simple_logger.py log_once [line:28] INFO mean_val_loss                 4.1319
2026-09-24 23:38:02,725 simple_logger.py log_once [line:28] INFO std_val_loss                  3.1894
2026-09-24 23:38:02,725 fedbase.py run [line:316] INFO Eval Time Cost:               1.5091s
2026-09-24 23:38:02,735 asyncbase.py iterate [line:73] INFO Receive new models from clients [7, 13, 15] at time 79
2026-09-24 23:38:02,793 fedbase.py run [line:311] INFO --------------Round 76--------------
2026-09-24 23:38:02,793 simple_logger.py log_once [line:14] INFO Current_time:79
2026-09-24 23:38:04,295 simple_logger.py log_once [line:28] INFO test_accuracy                 0.2190
2026-09-24 23:38:04,296 simple_logger.py log_once [line:28] INFO test_loss                     4.8206
2026-09-24 23:38:04,296 simple_logger.py log_once [line:28] INFO val_accuracy                  0.2175
2026-09-24 23:38:04,296 simple_logger.py log_once [line:28] INFO mean_val_accuracy             0.2177
2026-09-24 23:38:04,296 simple_logger.py log_once [line:28] INFO std_val_accuracy              0.3007
2026-09-24 23:38:04,296 simple_logger.py log_once [line:28] INFO val_loss                      4.9100
2026-09-24 23:38:04,296 simple_logger.py log_once [line:28] INFO mean_val_loss                 4.9102
2026-09-24 23:38:04,296 simple_logger.py log_once [line:28] INFO std_val_loss                  2.8026
2026-09-24 23:38:04,296 fedbase.py run [line:316] INFO Eval Time Cost:               1.5027s
2026-09-24 23:38:04,306 asyncbase.py iterate [line:68] INFO Select clients [np.int64(10), np.int64(13), np.int64(14)] at time 80.
2026-09-24 23:38:05,255 asyncbase.py iterate [line:73] INFO Receive new models from clients [11, 19, 14] at time 80
2026-09-24 23:38:05,311 fedbase.py run [line:311] INFO --------------Round 77--------------
2026-09-24 23:38:05,311 simple_logger.py log_once [line:14] INFO Current_time:80
2026-09-24 23:38:06,811 simple_logger.py log_once [line:28] INFO test_accuracy                 0.2252
2026-09-24 23:38:06,811 simple_logger.py log_once [line:28] INFO test_loss                     5.0365
2026-09-24 23:38:06,811 simple_logger.py log_once [line:28] INFO val_accuracy                  0.2223
2026-09-24 23:38:06,811 simple_logger.py log_once [line:28] INFO mean_val_accuracy             0.2222
2026-09-24 23:38:06,811 simple_logger.py log_once [line:28] INFO std_val_accuracy              0.2910
2026-09-24 23:38:06,811 simple_logger.py log_once [line:28] INFO val_loss                      5.1036
2026-09-24 23:38:06,811 simple_logger.py log_once [line:28] INFO mean_val_loss                 5.0998
2026-09-24 23:38:06,811 simple_logger.py log_once [line:28] INFO std_val_loss                  3.1182
2026-09-24 23:38:06,811 fedbase.py run [line:316] INFO Eval Time Cost:               1.5008s
2026-09-24 23:38:06,821 asyncbase.py iterate [line:68] INFO Select clients [np.int64(16), np.int64(0), np.int64(11)] at time 81.
2026-09-24 23:38:07,753 asyncbase.py iterate [line:73] INFO Receive new models from clients [10] at time 81
2026-09-24 23:38:07,778 fedbase.py run [line:311] INFO --------------Round 78--------------
2026-09-24 23:38:07,778 simple_logger.py log_once [line:14] INFO Current_time:81
2026-09-24 23:38:09,283 simple_logger.py log_once [line:28] INFO test_accuracy                 0.1650
2026-09-24 23:38:09,283 simple_logger.py log_once [line:28] INFO test_loss                     7.7247
2026-09-24 23:38:09,283 simple_logger.py log_once [line:28] INFO val_accuracy                  0.1649
2026-09-24 23:38:09,284 simple_logger.py log_once [line:28] INFO mean_val_accuracy             0.1649
2026-09-24 23:38:09,284 simple_logger.py log_once [line:28] INFO std_val_accuracy              0.2936
2026-09-24 23:38:09,284 simple_logger.py log_once [line:28] INFO val_loss                      7.8113
2026-09-24 23:38:09,284 simple_logger.py log_once [line:28] INFO mean_val_loss                 7.8045
2026-09-24 23:38:09,284 simple_logger.py log_once [line:28] INFO std_val_loss                  4.2003
2026-09-24 23:38:09,284 fedbase.py run [line:316] INFO Eval Time Cost:               1.5053s
2026-09-24 23:38:09,294 asyncbase.py iterate [line:68] INFO Select clients [np.int64(8)] at time 82.
2026-09-24 23:38:09,604 asyncbase.py iterate [line:73] INFO Receive new models from clients [13, 16, 8] at time 82
2026-09-24 23:38:09,662 fedbase.py run [line:311] INFO --------------Round 79--------------
2026-09-24 23:38:09,662 simple_logger.py log_once [line:14] INFO Current_time:82
2026-09-24 23:38:11,197 simple_logger.py log_once [line:28] INFO test_accuracy                 0.1926
2026-09-24 23:38:11,197 simple_logger.py log_once [line:28] INFO test_loss                     2.5369
2026-09-24 23:38:11,197 simple_logger.py log_once [line:28] INFO val_accuracy                  0.1846
2026-09-24 23:38:11,197 simple_logger.py log_once [line:28] INFO mean_val_accuracy             0.1845
2026-09-24 23:38:11,197 simple_logger.py log_once [line:28] INFO std_val_accuracy              0.2949
2026-09-24 23:38:11,197 simple_logger.py log_once [line:28] INFO val_loss                      2.5565
2026-09-24 23:38:11,197 simple_logger.py log_once [line:28] INFO mean_val_loss                 2.5572
2026-09-24 23:38:11,197 simple_logger.py log_once [line:28] INFO std_val_loss                  1.3510
2026-09-24 23:38:11,197 fedbase.py run [line:316] INFO Eval Time Cost:               1.5351s
2026-09-24 23:38:11,207 asyncbase.py iterate [line:68] INFO Select clients [np.int64(12), np.int64(1), np.int64(7)] at time 83.
2026-09-24 23:38:12,132 asyncbase.py iterate [line:73] INFO Receive new models from clients [12, 7] at time 83
2026-09-24 23:38:12,178 fedbase.py run [line:311] INFO --------------Round 80--------------
2026-09-24 23:38:12,178 simple_logger.py log_once [line:14] INFO Current_time:83
2026-09-24 23:38:13,676 simple_logger.py log_once [line:28] INFO test_accuracy                 0.5372
2026-09-24 23:38:13,676 simple_logger.py log_once [line:28] INFO test_loss                     1.3765
2026-09-24 23:38:13,676 simple_logger.py log_once [line:28] INFO val_accuracy                  0.5276
2026-09-24 23:38:13,676 simple_logger.py log_once [line:28] INFO mean_val_accuracy             0.5290
2026-09-24 23:38:13,676 simple_logger.py log_once [line:28] INFO std_val_accuracy              0.3134
2026-09-24 23:38:13,676 simple_logger.py log_once [line:28] INFO val_loss                      1.3811
2026-09-24 23:38:13,676 simple_logger.py log_once [line:28] INFO mean_val_loss                 1.3783
2026-09-24 23:38:13,676 simple_logger.py log_once [line:28] INFO std_val_loss                  0.7398
2026-09-24 23:38:13,676 fedbase.py run [line:316] INFO Eval Time Cost:               1.4976s
2026-09-24 23:38:13,685 asyncbase.py iterate [line:68] INFO Select clients [np.int64(10), np.int64(2), np.int64(9)] at time 84.
2026-09-24 23:38:14,619 asyncbase.py iterate [line:73] INFO Receive new models from clients [1, 11, 0] at time 84
2026-09-24 23:38:14,678 fedbase.py run [line:311] INFO --------------Round 81--------------
2026-09-24 23:38:14,678 simple_logger.py log_once [line:14] INFO Current_time:84
2026-09-24 23:38:16,166 simple_logger.py log_once [line:28] INFO test_accuracy                 0.4022
2026-09-24 23:38:16,166 simple_logger.py log_once [line:28] INFO test_loss                     1.9694
2026-09-24 23:38:16,166 simple_logger.py log_once [line:28] INFO val_accuracy                  0.4037
2026-09-24 23:38:16,166 simple_logger.py log_once [line:28] INFO mean_val_accuracy             0.4059
2026-09-24 23:38:16,166 simple_logger.py log_once [line:28] INFO std_val_accuracy              0.3760
2026-09-24 23:38:16,166 simple_logger.py log_once [line:28] INFO val_loss                      1.9568
2026-09-24 23:38:16,166 simple_logger.py log_once [line:28] INFO mean_val_loss                 1.9504
2026-09-24 23:38:16,166 simple_logger.py log_once [line:28] INFO std_val_loss                  1.4042
2026-09-24 23:38:16,166 fedbase.py run [line:316] INFO Eval Time Cost:               1.4883s
2026-09-24 23:38:16,175 asyncbase.py iterate [line:68] INFO Select clients [np.int64(18), np.int64(11), np.int64(19)] at time 85.
2026-09-24 23:38:17,168 asyncbase.py iterate [line:73] INFO Receive new models from clients [9] at time 85
2026-09-24 23:38:17,195 fedbase.py run [line:311] INFO --------------Round 82--------------
2026-09-24 23:38:17,195 simple_logger.py log_once [line:14] INFO Current_time:85
2026-09-24 23:38:18,701 simple_logger.py log_once [line:28] INFO test_accuracy                 0.2730
2026-09-24 23:38:18,701 simple_logger.py log_once [line:28] INFO test_loss                     2.3337
2026-09-24 23:38:18,701 simple_logger.py log_once [line:28] INFO val_accuracy                  0.2734
2026-09-24 23:38:18,701 simple_logger.py log_once [line:28] INFO mean_val_accuracy             0.2757
2026-09-24 23:38:18,701 simple_logger.py log_once [line:28] INFO std_val_accuracy              0.3860
2026-09-24 23:38:18,701 simple_logger.py log_once [line:28] INFO val_loss                      2.3278
2026-09-24 23:38:18,701 simple_logger.py log_once [line:28] INFO mean_val_loss                 2.3232
2026-09-24 23:38:18,701 simple_logger.py log_once [line:28] INFO std_val_loss                  1.3781
2026-09-24 23:38:18,701 fedbase.py run [line:316] INFO Eval Time Cost:               1.5067s
2026-09-24 23:38:18,710 asyncbase.py iterate [line:68] INFO Select clients [np.int64(16)] at time 86.
2026-09-24 23:38:19,023 asyncbase.py iterate [line:73] INFO Receive new models from clients [2, 11, 10] at time 86
2026-09-24 23:38:19,082 fedbase.py run [line:311] INFO --------------Round 83--------------
2026-09-24 23:38:19,082 simple_logger.py log_once [line:14] INFO Current_time:86
2026-09-24 23:38:20,594 simple_logger.py log_once [line:28] INFO test_accuracy                 0.3732
2026-09-24 23:38:20,595 simple_logger.py log_once [line:28] INFO test_loss                     2.3011
2026-09-24 23:38:20,595 simple_logger.py log_once [line:28] INFO val_accuracy                  0.3684
2026-09-24 23:38:20,595 simple_logger.py log_once [line:28] INFO mean_val_accuracy             0.3703
2026-09-24 23:38:20,595 simple_logger.py log_once [line:28] INFO std_val_accuracy              0.4012
2026-09-24 23:38:20,595 simple_logger.py log_once [line:28] INFO val_loss                      2.2910
2026-09-24 23:38:20,595 simple_logger.py log_once [line:28] INFO mean_val_loss                 2.2842
2026-09-24 23:38:20,595 simple_logger.py log_once [line:28] INFO std_val_loss                  1.6282
2026-09-24 23:38:20,595 fedbase.py run [line:316] INFO Eval Time Cost:               1.5126s
2026-09-24 23:38:20,603 asyncbase.py iterate [line:68] INFO Select clients [np.int64(9), np.int64(12)] at time 87.
2026-09-24 23:38:21,215 asyncbase.py iterate [line:73] INFO Receive new models from clients [12] at time 87
2026-09-24 23:38:21,242 fedbase.py run [line:311] INFO --------------Round 84--------------
2026-09-24 23:38:21,242 simple_logger.py log_once [line:14] INFO Current_time:87
2026-09-24 23:38:22,767 simple_logger.py log_once [line:28] INFO test_accuracy                 0.4239
2026-09-24 23:38:22,767 simple_logger.py log_once [line:28] INFO test_loss                     2.3425
2026-09-24 23:38:22,767 simple_logger.py log_once [line:28] INFO val_accuracy                  0.4185
2026-09-24 23:38:22,767 simple_logger.py log_once [line:28] INFO mean_val_accuracy             0.4203
2026-09-24 23:38:22,767 simple_logger.py log_once [line:28] INFO std_val_accuracy              0.3671
2026-09-24 23:38:22,767 simple_logger.py log_once [line:28] INFO val_loss                      2.3600
2026-09-24 23:38:22,767 simple_logger.py log_once [line:28] INFO mean_val_loss                 2.3499
2026-09-24 23:38:22,767 simple_logger.py log_once [line:28] INFO std_val_loss                  2.0611
2026-09-24 23:38:22,767 fedbase.py run [line:316] INFO Eval Time Cost:               1.5252s
2026-09-24 23:38:22,776 asyncbase.py iterate [line:68] INFO Select clients [np.int64(11), np.int64(0)] at time 88.
2026-09-24 23:38:23,391 asyncbase.py iterate [line:73] INFO Receive new models from clients [9, 18, 19] at time 88
2026-09-24 23:38:23,450 fedbase.py run [line:311] INFO --------------Round 85--------------
2026-09-24 23:38:23,450 simple_logger.py log_once [line:14] INFO Current_time:88
2026-09-24 23:38:24,966 simple_logger.py log_once [line:28] INFO test_accuracy                 0.5072
2026-09-24 23:38:24,966 simple_logger.py log_once [line:28] INFO test_loss                     1.9809
2026-09-24 23:38:24,966 simple_logger.py log_once [line:28] INFO val_accuracy                  0.5015
2026-09-24 23:38:24,966 simple_logger.py log_once [line:28] INFO mean_val_accuracy             0.5028
2026-09-24 23:38:24,966 simple_logger.py log_once [line:28] INFO std_val_accuracy              0.3952
2026-09-24 23:38:24,966 simple_logger.py log_once [line:28] INFO val_loss                      1.9925
2026-09-24 23:38:24,966 simple_logger.py log_once [line:28] INFO mean_val_loss                 1.9847
2026-09-24 23:38:24,966 simple_logger.py log_once [line:28] INFO std_val_loss                  1.8202
2026-09-24 23:38:24,966 fedbase.py run [line:316] INFO Eval Time Cost:               1.5158s
2026-09-24 23:38:24,975 asyncbase.py iterate [line:68] INFO Select clients [np.int64(7), np.int64(15)] at time 89.
2026-09-24 23:38:25,656 asyncbase.py iterate [line:73] INFO Receive new models from clients [16, 7] at time 89
2026-09-24 23:38:25,713 fedbase.py run [line:311] INFO --------------Round 86--------------
2026-09-24 23:38:25,713 simple_logger.py log_once [line:14] INFO Current_time:89
2026-09-24 23:38:27,223 simple_logger.py log_once [line:28] INFO test_accuracy                 0.7576
2026-09-24 23:38:27,223 simple_logger.py log_once [line:28] INFO test_loss                     0.9142
2026-09-24 23:38:27,224 simple_logger.py log_once [line:28] INFO val_accuracy                  0.7609
2026-09-24 23:38:27,224 simple_logger.py log_once [line:28] INFO mean_val_accuracy             0.7615
2026-09-24 23:38:27,224 simple_logger.py log_once [line:28] INFO std_val_accuracy              0.1520
2026-09-24 23:38:27,224 simple_logger.py log_once [line:28] INFO val_loss                      0.9250
2026-09-24 23:38:27,224 simple_logger.py log_once [line:28] INFO mean_val_loss                 0.9231
2026-09-24 23:38:27,224 simple_logger.py log_once [line:28] INFO std_val_loss                  0.3565
2026-09-24 23:38:27,224 fedbase.py run [line:316] INFO Eval Time Cost:               1.5107s
2026-09-24 23:38:27,234 asyncbase.py iterate [line:68] INFO Select clients [np.int64(18), np.int64(13), np.int64(12)] at time 90.
2026-09-24 23:38:28,171 asyncbase.py iterate [line:73] INFO Receive new models from clients [11, 0, 12, 15] at time 90
2026-09-24 23:38:28,240 fedbase.py run [line:311] INFO --------------Round 87--------------
2026-09-24 23:38:28,240 simple_logger.py log_once [line:14] INFO Current_time:90
2026-09-24 23:38:29,760 simple_logger.py log_once [line:28] INFO test_accuracy                 0.5152
2026-09-24 23:38:29,760 simple_logger.py log_once [line:28] INFO test_loss                     1.2924
2026-09-24 23:38:29,760 simple_logger.py log_once [line:28] INFO val_accuracy                  0.5172
2026-09-24 23:38:29,760 simple_logger.py log_once [line:28] INFO mean_val_accuracy             0.5175
2026-09-24 23:38:29,760 simple_logger.py log_once [line:28] INFO std_val_accuracy              0.3457
2026-09-24 23:38:29,760 simple_logger.py log_once [line:28] INFO val_loss                      1.3038
2026-09-24 23:38:29,760 simple_logger.py log_once [line:28] INFO mean_val_loss                 1.3033
2026-09-24 23:38:29,760 simple_logger.py log_once [line:28] INFO std_val_loss                  0.7890
2026-09-24 23:38:29,760 fedbase.py run [line:316] INFO Eval Time Cost:               1.5206s
2026-09-24 23:38:29,769 asyncbase.py iterate [line:68] INFO Select clients [np.int64(16), np.int64(3), np.int64(11)] at time 91.
2026-09-24 23:38:30,735 asyncbase.py iterate [line:73] INFO Receive new models from clients [18, 3] at time 91
2026-09-24 23:38:30,784 fedbase.py run [line:311] INFO --------------Round 88--------------
2026-09-24 23:38:30,784 simple_logger.py log_once [line:14] INFO Current_time:91
2026-09-24 23:38:32,277 simple_logger.py log_once [line:28] INFO test_accuracy                 0.5577
2026-09-24 23:38:32,277 simple_logger.py log_once [line:28] INFO test_loss                     1.3495
2026-09-24 23:38:32,277 simple_logger.py log_once [line:28] INFO val_accuracy                  0.5471
2026-09-24 23:38:32,277 simple_logger.py log_once [line:28] INFO mean_val_accuracy             0.5460
2026-09-24 23:38:32,278 simple_logger.py log_once [line:28] INFO std_val_accuracy              0.3249
2026-09-24 23:38:32,278 simple_logger.py log_once [line:28] INFO val_loss                      1.3631
2026-09-24 23:38:32,278 simple_logger.py log_once [line:28] INFO mean_val_loss                 1.3661
2026-09-24 23:38:32,278 simple_logger.py log_once [line:28] INFO std_val_loss                  0.8759
2026-09-24 23:38:32,278 fedbase.py run [line:316] INFO Eval Time Cost:               1.4938s
2026-09-24 23:38:32,289 asyncbase.py iterate [line:68] INFO Select clients [np.int64(10), np.int64(14)] at time 92.
2026-09-24 23:38:32,920 asyncbase.py iterate [line:73] INFO Receive new models from clients [16, 14] at time 92
2026-09-24 23:38:32,969 fedbase.py run [line:311] INFO --------------Round 89--------------
2026-09-24 23:38:32,969 simple_logger.py log_once [line:14] INFO Current_time:92
2026-09-24 23:38:34,464 simple_logger.py log_once [line:28] INFO test_accuracy                 0.3828
2026-09-24 23:38:34,464 simple_logger.py log_once [line:28] INFO test_loss                     3.8379
2026-09-24 23:38:34,464 simple_logger.py log_once [line:28] INFO val_accuracy                  0.3677
2026-09-24 23:38:34,464 simple_logger.py log_once [line:28] INFO mean_val_accuracy             0.3659
2026-09-24 23:38:34,464 simple_logger.py log_once [line:28] INFO std_val_accuracy              0.3627
2026-09-24 23:38:34,464 simple_logger.py log_once [line:28] INFO val_loss                      3.8677
2026-09-24 23:38:34,464 simple_logger.py log_once [line:28] INFO mean_val_loss                 3.8784
2026-09-24 23:38:34,464 simple_logger.py log_once [line:28] INFO std_val_loss                  3.2695
2026-09-24 23:38:34,464 fedbase.py run [line:316] INFO Eval Time Cost:               1.4946s
2026-09-24 23:38:34,472 asyncbase.py iterate [line:68] INFO Select clients [np.int64(19)] at time 93.
2026-09-24 23:38:34,788 asyncbase.py iterate [line:73] INFO Receive new models from clients [11, 13] at time 93
2026-09-24 23:38:34,837 fedbase.py run [line:311] INFO --------------Round 90--------------
2026-09-24 23:38:34,837 simple_logger.py log_once [line:14] INFO Current_time:93
2026-09-24 23:38:36,357 simple_logger.py log_once [line:28] INFO test_accuracy                 0.2002
2026-09-24 23:38:36,357 simple_logger.py log_once [line:28] INFO test_loss                     7.3658
2026-09-24 23:38:36,357 simple_logger.py log_once [line:28] INFO val_accuracy                  0.1943
2026-09-24 23:38:36,357 simple_logger.py log_once [line:28] INFO mean_val_accuracy             0.1938
2026-09-24 23:38:36,357 simple_logger.py log_once [line:28] INFO std_val_accuracy              0.3197
2026-09-24 23:38:36,357 simple_logger.py log_once [line:28] INFO val_loss                      7.3738
2026-09-24 23:38:36,357 simple_logger.py log_once [line:28] INFO mean_val_loss                 7.3741
2026-09-24 23:38:36,357 simple_logger.py log_once [line:28] INFO std_val_loss                  4.8896
2026-09-24 23:38:36,357 fedbase.py run [line:316] INFO Eval Time Cost:               1.5204s
2026-09-24 23:38:36,368 asyncbase.py iterate [line:68] INFO Select clients [np.int64(0), np.int64(4), np.int64(16), np.int64(14)] at time 94.
2026-09-24 23:38:37,613 asyncbase.py iterate [line:73] INFO Receive new models from clients [14] at time 94
2026-09-24 23:38:37,639 fedbase.py run [line:311] INFO --------------Round 91--------------
2026-09-24 23:38:37,639 simple_logger.py log_once [line:14] INFO Current_time:94
2026-09-24 23:38:39,128 simple_logger.py log_once [line:28] INFO test_accuracy                 0.1010
2026-09-24 23:38:39,128 simple_logger.py log_once [line:28] INFO test_loss                     374.4802
2026-09-24 23:38:39,128 simple_logger.py log_once [line:28] INFO val_accuracy                  0.1020
2026-09-24 23:38:39,128 simple_logger.py log_once [line:28] INFO mean_val_accuracy             0.1016
2026-09-24 23:38:39,128 simple_logger.py log_once [line:28] INFO std_val_accuracy              0.2730
2026-09-24 23:38:39,128 simple_logger.py log_once [line:28] INFO val_loss                      369.4684
2026-09-24 23:38:39,128 simple_logger.py log_once [line:28] INFO mean_val_loss                 370.0390
2026-09-24 23:38:39,128 simple_logger.py log_once [line:28] INFO std_val_loss                  156.7922
2026-09-24 23:38:39,128 fedbase.py run [line:316] INFO Eval Time Cost:               1.4893s
2026-09-24 23:38:39,138 asyncbase.py iterate [line:73] INFO Receive new models from clients [10] at time 95
2026-09-24 23:38:39,164 fedbase.py run [line:311] INFO --------------Round 92--------------
2026-09-24 23:38:39,164 simple_logger.py log_once [line:14] INFO Current_time:95
2026-09-24 23:38:40,671 simple_logger.py log_once [line:28] INFO test_accuracy                 0.1010
2026-09-24 23:38:40,671 simple_logger.py log_once [line:28] INFO test_loss                     328.2923
2026-09-24 23:38:40,671 simple_logger.py log_once [line:28] INFO val_accuracy                  0.1020
2026-09-24 23:38:40,671 simple_logger.py log_once [line:28] INFO mean_val_accuracy             0.1016
2026-09-24 23:38:40,671 simple_logger.py log_once [line:28] INFO std_val_accuracy              0.2730
2026-09-24 23:38:40,671 simple_logger.py log_once [line:28] INFO val_loss                      323.8861
2026-09-24 23:38:40,671 simple_logger.py log_once [line:28] INFO mean_val_loss                 324.3555
2026-09-24 23:38:40,671 simple_logger.py log_once [line:28] INFO std_val_loss                  142.5198
2026-09-24 23:38:40,671 fedbase.py run [line:316] INFO Eval Time Cost:               1.5066s
2026-09-24 23:38:40,681 asyncbase.py iterate [line:68] INFO Select clients [np.int64(9), np.int64(18)] at time 96.
2026-09-24 23:38:41,299 asyncbase.py iterate [line:73] INFO Receive new models from clients [19] at time 96
2026-09-24 23:38:41,325 fedbase.py run [line:311] INFO --------------Round 93--------------
2026-09-24 23:38:41,325 simple_logger.py log_once [line:14] INFO Current_time:96
2026-09-24 23:38:42,831 simple_logger.py log_once [line:28] INFO test_accuracy                 0.1010
2026-09-24 23:38:42,831 simple_logger.py log_once [line:28] INFO test_loss                     259.2745
2026-09-24 23:38:42,831 simple_logger.py log_once [line:28] INFO val_accuracy                  0.1020
2026-09-24 23:38:42,831 simple_logger.py log_once [line:28] INFO mean_val_accuracy             0.1016
2026-09-24 23:38:42,831 simple_logger.py log_once [line:28] INFO std_val_accuracy              0.2730
2026-09-24 23:38:42,831 simple_logger.py log_once [line:28] INFO val_loss                      255.7031
2026-09-24 23:38:42,831 simple_logger.py log_once [line:28] INFO mean_val_loss                 256.0548
2026-09-24 23:38:42,831 simple_logger.py log_once [line:28] INFO std_val_loss                  112.8104
2026-09-24 23:38:42,831 fedbase.py run [line:316] INFO Eval Time Cost:               1.5059s
2026-09-24 23:38:42,842 asyncbase.py iterate [line:73] INFO Receive new models from clients [0, 16, 9, 4] at time 97
2026-09-24 23:38:42,915 fedbase.py run [line:311] INFO --------------Round 94--------------
2026-09-24 23:38:42,915 simple_logger.py log_once [line:14] INFO Current_time:97
2026-09-24 23:38:44,409 simple_logger.py log_once [line:28] INFO test_accuracy                 0.1010
2026-09-24 23:38:44,410 simple_logger.py log_once [line:28] INFO test_loss                     166.8827
2026-09-24 23:38:44,410 simple_logger.py log_once [line:28] INFO val_accuracy                  0.1020
2026-09-24 23:38:44,410 simple_logger.py log_once [line:28] INFO mean_val_accuracy             0.1016
2026-09-24 23:38:44,410 simple_logger.py log_once [line:28] INFO std_val_accuracy              0.2730
2026-09-24 23:38:44,410 simple_logger.py log_once [line:28] INFO val_loss                      164.7798
2026-09-24 23:38:44,410 simple_logger.py log_once [line:28] INFO mean_val_loss                 164.7284
2026-09-24 23:38:44,410 simple_logger.py log_once [line:28] INFO std_val_loss                  64.7082
2026-09-24 23:38:44,410 fedbase.py run [line:316] INFO Eval Time Cost:               1.4947s
2026-09-24 23:38:44,419 asyncbase.py iterate [line:68] INFO Select clients [np.int64(3), np.int64(4), np.int64(14), np.int64(9), np.int64(5)] at time 98.
2026-09-24 23:38:45,971 asyncbase.py iterate [line:73] INFO Receive new models from clients [18, 5, 3] at time 98
2026-09-24 23:38:46,030 fedbase.py run [line:311] INFO --------------Round 95--------------
2026-09-24 23:38:46,031 simple_logger.py log_once [line:14] INFO Current_time:98
2026-09-24 23:38:47,528 simple_logger.py log_once [line:28] INFO test_accuracy                 0.1135
2026-09-24 23:38:47,528 simple_logger.py log_once [line:28] INFO test_loss                     12476.1403
2026-09-24 23:38:47,528 simple_logger.py log_once [line:28] INFO val_accuracy                  0.1119
2026-09-24 23:38:47,528 simple_logger.py log_once [line:28] INFO mean_val_accuracy             0.1111
2026-09-24 23:38:47,528 simple_logger.py log_once [line:28] INFO std_val_accuracy              0.2974
2026-09-24 23:38:47,528 simple_logger.py log_once [line:28] INFO val_loss                      12306.1466
2026-09-24 23:38:47,528 simple_logger.py log_once [line:28] INFO mean_val_loss                 12315.2744
2026-09-24 23:38:47,528 simple_logger.py log_once [line:28] INFO std_val_loss                  5522.2291
2026-09-24 23:38:47,528 fedbase.py run [line:316] INFO Eval Time Cost:               1.4976s
2026-09-24 23:38:47,537 asyncbase.py iterate [line:68] INFO Select clients [np.int64(15), np.int64(18), np.int64(17)] at time 99.
2026-09-24 23:38:48,488 asyncbase.py iterate [line:73] INFO Receive new models from clients [9, 14] at time 99
2026-09-24 23:38:48,512 asyncbase.py iterate [line:68] INFO Select clients [np.int64(11)] at time 100.
2026-09-24 23:38:48,824 asyncbase.py iterate [line:73] INFO Receive new models from clients [15, 4] at time 100
Traceback (most recent call last):
  File "E:\Federated Machine Learning\FL-Byzantine-Library\run_research.py", line 161, in <module>
    main()
    ~~~~^^
  File "E:\Federated Machine Learning\FL-Byzantine-Library\run_research.py", line 157, in main
    runner.run()
    ~~~~~~~~~~^^
  File "E:\Federated Machine Learning\FL-Byzantine-Library\easyFL\flgo\algorithm\fedbase.py", line 308, in run
    updated = self.iterate()
  File "E:\Federated Machine Learning\FL-Byzantine-Library\flgo_byzantine\research_algorithm.py", line 272, in iterate
    return super().iterate()
           ~~~~~~~~~~~~~~~^^
  File "E:\Federated Machine Learning\FL-Byzantine-Library\easyFL\flgo\algorithm\asyncbase.py", line 74, in iterate
    is_model_updated = self.package_handler(received_packages)
  File "E:\Federated Machine Learning\FL-Byzantine-Library\flgo_byzantine\research_algorithm.py", line 335, in package_handler
    raise RuntimeError("aggregate would diverge: non-finite or weight magnitude exceeds 1000")
RuntimeError: aggregate would diverge: non-finite or weight magnitude exceeds 1000
